run_id,scenario_id,variant,repeat_index,scenario_type,difficulty,memory_dependency,context_dependency,response_type,success_run,returned_count,ndcg_at_5,precision_at_5,mean_graded_relevance,hcsr,mean_violation_count,unknown_hard_rate,expired_rate,trace_completeness,grounding,grounded_claim_count,evidence_resolution_rate,abstention_rate,unsupported_delivered_count,semantic_validator_present,handoff_success,decision_log_completeness,turn_count,total_latency_ms,task_success,partial_task_score,no_match_expected,no_match_returned,clarification_expected,clarification_target,clarification_asked,clarification_asked_slots,clarification_answered,clarification_repeated_slot,clarification_reason_code,response_turns,termination_reason,acceptable_slots,failure_injected,failure_detected,recoverable,recovered,clarification_efficiency
run-5666f4cf16ada7ef,SC-A-01,full,0,complete,easy,none,medium,recommendation,True,5,0.8415580415114009,1.0,2.6,1.0,0.0,0.0,0.0,1.0,0.5,14,1.0,0.0,0,True,1.0,1.0,1,23529.273,1,1.0,False,False,False,,False,,False,False,,1,recommendation,,False,False,False,False,-1.0
run-b092f115d5e62166,SC-A-01,full,1,complete,easy,none,medium,recommendation,True,5,0.8415580415114009,1.0,2.6,1.0,0.0,0.0,0.0,1.0,0.5,14,1.0,0.0,0,True,1.0,1.0,1,52385.152,1,1.0,False,False,False,,False,,False,False,,1,recommendation,,False,False,False,False,-1.0
run-b2e669dbbe4fc670,SC-A-01,full,2,complete,easy,none,medium,recommendation,True,5,0.8415580415114009,1.0,2.6,1.0,0.0,0.0,0.0,1.0,0.5,14,1.0,0.0,0,True,1.0,1.0,1,17288.906,1,1.0,False,False,False,,False,,False,False,,1,recommendation,,False,False,False,False,-1.0
run-0cf7e0daf535a696,SC-A-02,full,0,complete,easy,none,medium,recommendation,True,5,1.0,1.0,3.0,1.0,0.0,0.0,0.0,1.0,0.4782608695652174,11,1.0,0.0,0,True,1.0,1.0,1,18735.956,1,1.0,False,False,False,,False,,False,False,,1,recommendation,,False,False,False,False,-1.0
run-7d86c321e8400460,SC-A-02,full,1,complete,easy,none,medium,recommendation,True,5,1.0,1.0,3.0,1.0,0.0,0.0,0.0,1.0,0.4782608695652174,11,1.0,0.0,0,True,1.0,1.0,1,15656.213,1,1.0,False,False,False,,False,,False,False,,1,recommendation,,False,False,False,False,-1.0
run-8edfe902496d790d,SC-A-02,full,2,complete,easy,none,medium,recommendation,True,5,1.0,1.0,3.0,1.0,0.0,0.0,0.0,1.0,0.4782608695652174,11,1.0,0.0,0,True,1.0,1.0,1,15838.29,1,1.0,False,False,False,,False,,False,False,,1,recommendation,,False,False,False,False,-1.0
run-f1c7a1720441050f,SC-A-03,full,0,complete,easy,none,medium,recommendation,True,5,1.0,1.0,3.0,1.0,0.0,0.0,0.0,1.0,0.2857142857142857,8,1.0,0.0,0,True,1.0,1.0,1,19475.391,1,1.0,False,False,False,,False,,False,False,,1,recommendation,,False,False,False,False,-1.0
run-6ea4b87277a7d89d,SC-A-03,full,1,complete,easy,none,medium,recommendation,True,5,1.0,1.0,3.0,1.0,0.0,0.0,0.0,1.0,0.2857142857142857,8,1.0,0.0,0,True,1.0,1.0,1,16732.974,1,1.0,False,False,False,,False,,False,False,,1,recommendation,,False,False,False,False,-1.0
run-2ca84da882aaf57d,SC-A-03,full,2,complete,easy,none,medium,recommendation,True,5,1.0,1.0,3.0,1.0,0.0,0.0,0.0,1.0,0.2857142857142857,8,1.0,0.0,0,True,1.0,1.0,1,17234.203,1,1.0,False,False,False,,False,,False,False,,1,recommendation,,False,False,False,False,-1.0
run-326bfbb0f8ea7d96,SC-A-04,full,0,complete,medium,none,medium,recommendation,True,5,0.8415580415114009,1.0,2.6,1.0,0.0,0.0,0.0,1.0,0.4583333333333333,11,1.0,0.0,0,True,1.0,1.0,1,25335.778,1,1.0,False,False,False,,False,,False,False,,1,recommendation,,False,False,False,False,-1.0
run-745eb0d732d3c8be,SC-A-04,full,1,complete,medium,none,medium,recommendation,True,5,0.8415580415114009,1.0,2.6,1.0,0.0,0.0,0.0,1.0,0.4583333333333333,11,1.0,0.0,0,True,1.0,1.0,1,16916.828,1,1.0,False,False,False,,False,,False,False,,1,recommendation,,False,False,False,False,-1.0
run-ad7e5cf3555f7cf1,SC-A-04,full,2,complete,medium,none,medium,recommendation,True,5,0.8415580415114009,1.0,2.6,1.0,0.0,0.0,0.0,1.0,0.4583333333333333,11,1.0,0.0,0,True,1.0,1.0,1,23740.656,1,1.0,False,False,False,,False,,False,False,,1,recommendation,,False,False,False,False,-1.0
run-d079e2109bf6da9a,SC-A-05,full,0,complete,easy,none,medium,recommendation,True,5,1.0,1.0,3.0,1.0,0.0,0.0,0.0,1.0,0.30434782608695654,7,1.0,0.0,0,True,1.0,1.0,1,17960.263,1,1.0,False,False,False,,False,,False,False,,1,recommendation,,False,False,False,False,-1.0
run-1827ab6678b4100e,SC-A-05,full,1,complete,easy,none,medium,recommendation,True,5,0.7227265726449517,0.6,1.8,1.0,0.0,0.0,0.0,1.0,0.76,19,1.0,0.0,0,True,1.0,1.0,1,16073.694,1,1.0,False,False,False,,False,,False,False,,1,recommendation,,False,False,False,False,-1.0
run-17af457d3e773d12,SC-A-05,full,2,complete,easy,none,medium,recommendation,True,5,1.0,1.0,3.0,1.0,0.0,0.0,0.0,1.0,0.30434782608695654,7,1.0,0.0,0,True,1.0,1.0,1,16298.862,1,1.0,False,False,False,,False,,False,False,,1,recommendation,,False,False,False,False,-1.0
run-64c414548a26e255,SC-A-06,full,0,complete,medium,none,medium,recommendation,True,5,1.0,1.0,3.0,1.0,0.0,0.0,0.0,1.0,0.3333333333333333,9,1.0,0.0,0,True,1.0,1.0,1,24173.112,1,1.0,False,False,False,,False,,False,False,,1,recommendation,,False,False,False,False,-1.0
run-9a86c7d7c5a2206a,SC-A-06,full,1,complete,medium,none,medium,recommendation,True,5,1.0,1.0,3.0,1.0,0.0,0.0,0.0,1.0,0.3333333333333333,9,1.0,0.0,0,True,1.0,1.0,1,17625.343,1,1.0,False,False,False,,False,,False,False,,1,recommendation,,False,False,False,False,-1.0
run-ff551810526d18de,SC-A-06,full,2,complete,medium,none,medium,recommendation,True,5,1.0,1.0,3.0,1.0,0.0,0.0,0.0,1.0,0.3333333333333333,9,1.0,0.0,0,True,1.0,1.0,1,25433.651,1,1.0,False,False,False,,False,,False,False,,1,recommendation,,False,False,False,False,-1.0
run-fa92f9e908dcd179,SC-B-01,full,0,clarification,medium,none,low,recommendation,True,5,1.0,1.0,2.0,1.0,0.0,0.0,0.0,1.0,0.7096774193548387,22,1.0,0.0,0,True,1.0,1.0,2,8402.333,1,1.0,False,False,True,,True,target_roles,True,False,,2,recommendation,target_roles,False,False,False,False,-2.0
run-7a43182838a92b4d,SC-B-01,full,1,clarification,medium,none,low,recommendation,True,5,1.0,1.0,2.0,1.0,0.0,0.0,0.0,1.0,0.41935483870967744,13,1.0,0.0,0,True,1.0,1.0,2,10535.92,1,1.0,False,False,True,,True,target_roles,True,False,,2,recommendation,target_roles,False,False,False,False,-2.0
run-107e053141aef5a2,SC-B-01,full,2,clarification,medium,none,low,recommendation,True,5,1.0,1.0,2.0,1.0,0.0,0.0,0.0,1.0,0.41935483870967744,13,1.0,0.0,0,True,1.0,1.0,2,13326.875,1,1.0,False,False,True,,True,target_roles,True,False,,2,recommendation,target_roles,False,False,False,False,-2.0
run-9e13e54cda7d586a,SC-B-02,full,0,clarification,medium,none,low,recommendation,True,5,1.0,1.0,3.0,1.0,0.0,0.0,0.0,1.0,0.7142857142857143,15,1.0,0.0,0,True,1.0,1.0,2,8748.228,1,1.0,False,False,True,,True,target_roles,True,False,,2,recommendation,target_roles,False,False,False,False,-2.0
run-bdbb3ee62a506ea8,SC-B-02,full,1,clarification,medium,none,low,recommendation,True,5,1.0,1.0,3.0,1.0,0.0,0.0,0.0,1.0,0.7142857142857143,15,1.0,0.0,0,True,1.0,1.0,2,15069.86,1,1.0,False,False,True,,True,target_roles,True,False,,2,recommendation,target_roles,False,False,False,False,-2.0
run-b6164e0a3c9ee1c7,SC-B-02,full,2,clarification,medium,none,low,recommendation,True,5,1.0,1.0,3.0,1.0,0.0,0.0,0.0,1.0,0.7142857142857143,15,1.0,0.0,0,True,1.0,1.0,2,14767.823,1,1.0,False,False,True,,True,target_roles,True,False,,2,recommendation,target_roles,False,False,False,False,-2.0
run-03911a9fa173759b,SC-B-03,full,0,clarification,hard,none,low,recommendation,True,5,1.0,1.0,3.0,1.0,0.0,0.0,0.0,1.0,0.7142857142857143,15,1.0,0.0,0,True,1.0,1.0,2,8435.273,1,1.0,False,False,True,,True,target_roles,True,False,,2,recommendation,target_roles,False,False,False,False,-2.0
run-cf376438c8a0f3d5,SC-B-03,full,1,clarification,hard,none,low,recommendation,True,5,1.0,1.0,3.0,1.0,0.0,0.0,0.0,1.0,1.0,21,1.0,0.0,0,True,1.0,1.0,2,46945.637,1,1.0,False,False,True,,True,target_roles,True,False,,2,recommendation,target_roles,False,False,False,False,-2.0
run-1ccf8759fdd4aeaf,SC-B-03,full,2,clarification,hard,none,low,recommendation,True,5,1.0,1.0,3.0,1.0,0.0,0.0,0.0,1.0,1.0,21,1.0,0.0,0,True,1.0,1.0,2,14272.087,1,1.0,False,False,True,,True,target_roles,True,False,,2,recommendation,target_roles,False,False,False,False,-2.0
run-36dc5599241ff74c,SC-B-04,full,0,clarification,medium,none,low,recommendation,True,5,0.8573424901769817,0.8,1.8,1.0,0.0,0.0,0.0,1.0,0.43333333333333335,13,1.0,0.0,0,True,1.0,1.0,2,9238.291,1,1.0,False,False,True,,True,target_roles,True,False,,2,recommendation,target_roles,False,False,False,False,-2.0
run-eb3dc172de7476ad,SC-B-04,full,1,clarification,medium,none,low,recommendation,True,5,0.8573424901769817,0.8,1.8,1.0,0.0,0.0,0.0,1.0,0.6333333333333333,19,1.0,0.0,0,True,1.0,1.0,2,8816.38,1,1.0,False,False,True,,True,target_roles,True,False,,2,recommendation,target_roles,False,False,False,False,-2.0
run-54dd198bde19e6cf,SC-B-04,full,2,clarification,medium,none,low,recommendation,True,5,0.8573424901769817,0.8,1.8,1.0,0.0,0.0,0.0,1.0,0.6333333333333333,19,1.0,0.0,0,True,1.0,1.0,2,22425.331,1,1.0,False,False,True,,True,target_roles,True,False,,2,recommendation,target_roles,False,False,False,False,-2.0
run-a1dd10a320d74492,SC-B-05,full,0,clarification,medium,none,low,recommendation,True,5,1.0,1.0,3.0,1.0,0.0,0.0,0.0,1.0,0.8421052631578947,16,1.0,0.0,0,True,1.0,1.0,2,17648.335,1,1.0,False,False,True,,True,target_roles,True,False,,2,recommendation,target_roles,False,False,False,False,-2.0
run-fb3ce97f197123d1,SC-B-05,full,1,clarification,medium,none,low,recommendation,True,5,1.0,1.0,3.0,1.0,0.0,0.0,0.0,1.0,0.5263157894736842,10,1.0,0.0,0,True,1.0,1.0,2,13150.07,1,1.0,False,False,True,,True,target_roles,True,False,,2,recommendation,target_roles,False,False,False,False,-2.0
run-92029ec55433f4ad,SC-B-05,full,2,clarification,medium,none,low,recommendation,True,5,1.0,1.0,3.0,1.0,0.0,0.0,0.0,1.0,0.6842105263157895,13,1.0,0.0,0,True,1.0,1.0,2,51176.303,1,1.0,False,False,True,,True,target_roles,True,False,,2,recommendation,target_roles,False,False,False,False,-2.0
run-2913a8bf3b14dd18,SC-C-01,full,0,profile_dialogue_conflict,medium,medium,high,recommendation,True,5,0.936475914927914,1.0,2.4,1.0,0.0,0.0,0.0,1.0,0.7777777777777778,21,1.0,0.0,0,True,1.0,1.0,1,58938.99,1,1.0,False,False,False,,False,,False,False,,1,recommendation,,False,False,False,False,-1.0
run-421a9e310b9451d9,SC-C-01,full,1,profile_dialogue_conflict,medium,medium,high,recommendation,True,5,0.936475914927914,1.0,2.4,1.0,0.0,0.0,0.0,1.0,0.7777777777777778,21,1.0,0.0,0,True,1.0,1.0,1,13531.999,1,1.0,False,False,False,,False,,False,False,,1,recommendation,,False,False,False,False,-1.0
run-98bc95649ddb8f4c,SC-C-01,full,2,profile_dialogue_conflict,medium,medium,high,recommendation,True,5,0.936475914927914,1.0,2.4,1.0,0.0,0.0,0.0,1.0,0.7777777777777778,21,1.0,0.0,0,True,1.0,1.0,1,108774.247,1,1.0,False,False,False,,False,,False,False,,1,recommendation,,False,False,False,False,-1.0
run-156a83b4e0f32cfa,SC-C-02,full,0,profile_dialogue_conflict,medium,medium,medium,recommendation,True,5,1.0,1.0,2.0,1.0,0.0,0.0,0.0,1.0,0.7857142857142857,22,1.0,0.0,0,True,1.0,1.0,1,15691.162,1,1.0,False,False,False,,False,,False,False,,1,recommendation,,False,False,False,False,-1.0
run-1d989b2933796a16,SC-C-02,full,1,profile_dialogue_conflict,medium,medium,medium,recommendation,True,5,1.0,1.0,2.0,1.0,0.0,0.0,0.0,1.0,0.7857142857142857,22,1.0,0.0,0,True,1.0,1.0,1,24506.654,1,1.0,False,False,False,,False,,False,False,,1,recommendation,,False,False,False,False,-1.0
run-3ee3b3533922c3cd,SC-C-02,full,2,profile_dialogue_conflict,medium,medium,medium,recommendation,True,5,1.0,1.0,2.0,1.0,0.0,0.0,0.0,1.0,0.7857142857142857,22,1.0,0.0,0,True,1.0,1.0,1,57535.33,1,1.0,False,False,False,,False,,False,False,,1,recommendation,,False,False,False,False,-1.0
run-a2a07f1fba72c484,SC-C-03,full,0,profile_dialogue_conflict,hard,medium,high,recommendation,True,5,1.0,1.0,2.4,1.0,0.0,0.0,0.0,1.0,0.7692307692307693,20,1.0,0.0,0,True,1.0,1.0,1,48388.364,1,1.0,False,False,False,,False,,False,False,,1,recommendation,,False,False,False,False,-1.0
run-c70b83220468c5cb,SC-C-03,full,1,profile_dialogue_conflict,hard,medium,high,recommendation,True,5,1.0,1.0,2.4,1.0,0.0,0.0,0.0,1.0,0.7692307692307693,20,1.0,0.0,0,True,1.0,1.0,1,14639.524,1,1.0,False,False,False,,False,,False,False,,1,recommendation,,False,False,False,False,-1.0
run-4bc70e3c7d09ccca,SC-C-03,full,2,profile_dialogue_conflict,hard,medium,high,recommendation,True,5,1.0,1.0,2.4,1.0,0.0,0.0,0.0,1.0,0.7692307692307693,20,1.0,0.0,0,True,1.0,1.0,1,47181.477,1,1.0,False,False,False,,False,,False,False,,1,recommendation,,False,False,False,False,-1.0
run-dcd3f088d2742101,SC-C-04,full,0,profile_dialogue_conflict,medium,medium,high,recommendation,True,3,0.8587958726494572,1.0,3.0,1.0,0.0,0.0,0.0,1.0,1.0,17,1.0,0.0,0,True,1.0,1.0,1,43971.035,1,1.0,False,False,False,,False,,False,False,,1,recommendation,,False,False,False,False,-1.0
run-1bae4fcd56bdaa2f,SC-C-04,full,1,profile_dialogue_conflict,medium,medium,high,recommendation,True,3,0.8587958726494572,1.0,3.0,1.0,0.0,0.0,0.0,1.0,0.7647058823529411,13,1.0,0.0,0,True,1.0,1.0,1,32645.674,1,1.0,False,False,False,,False,,False,False,,1,recommendation,,False,False,False,False,-1.0
run-df736f776a055b72,SC-C-04,full,2,profile_dialogue_conflict,medium,medium,high,recommendation,True,3,0.8587958726494572,1.0,3.0,1.0,0.0,0.0,0.0,1.0,0.7647058823529411,13,1.0,0.0,0,True,1.0,1.0,1,82996.589,1,1.0,False,False,False,,False,,False,False,,1,recommendation,,False,False,False,False,-1.0
run-217b27c32888985d,SC-C-05,full,0,profile_dialogue_conflict,medium,low,medium,recommendation,True,5,1.0,1.0,3.0,1.0,0.0,0.0,0.0,1.0,0.7391304347826086,17,1.0,0.0,0,True,1.0,1.0,1,24362.259,1,1.0,False,False,False,,False,,False,False,,1,recommendation,,False,False,False,False,-1.0
run-85fcaf049510f0ee,SC-C-05,full,1,profile_dialogue_conflict,medium,low,medium,recommendation,True,5,1.0,1.0,3.0,1.0,0.0,0.0,0.0,1.0,0.43478260869565216,10,1.0,0.0,0,True,1.0,1.0,1,45893.382,1,1.0,False,False,False,,False,,False,False,,1,recommendation,,False,False,False,False,-1.0
run-3dcf417f7bfa03b2,SC-C-05,full,2,profile_dialogue_conflict,medium,low,medium,recommendation,True,5,1.0,1.0,3.0,1.0,0.0,0.0,0.0,1.0,0.7391304347826086,17,1.0,0.0,0,True,1.0,1.0,1,14962.961,1,1.0,False,False,False,,False,,False,False,,1,recommendation,,False,False,False,False,-1.0
run-ae9c163f6630a5f8,SC-D-01,full,0,preference_change,medium,high,high,recommendation,True,5,0.9250256699929476,1.0,2.8,1.0,0.0,0.0,0.0,1.0,0.4230769230769231,11,1.0,0.0,0,True,1.0,1.0,2,51237.875,1,1.0,False,False,False,,False,,False,False,,2,recommendation,,False,False,False,False,-2.0
run-ae142c1131d1a913,SC-D-01,full,1,preference_change,medium,high,high,recommendation,True,5,0.9250256699929476,1.0,2.8,1.0,0.0,0.0,0.0,1.0,0.4230769230769231,11,1.0,0.0,0,True,1.0,1.0,2,53564.53,1,1.0,False,False,False,,False,,False,False,,2,recommendation,,False,False,False,False,-2.0
run-080f51e2e1f6de5b,SC-D-01,full,2,preference_change,medium,high,high,recommendation,True,5,0.9250256699929476,1.0,2.8,1.0,0.0,0.0,0.0,1.0,0.4230769230769231,11,1.0,0.0,0,True,1.0,1.0,2,44047.463,1,1.0,False,False,False,,False,,False,False,,2,recommendation,,False,False,False,False,-2.0
run-598aaa80449e6816,SC-D-02,full,0,preference_change,medium,high,medium,recommendation,True,5,1.0,1.0,2.0,1.0,0.0,0.0,0.0,1.0,0.5517241379310345,16,1.0,0.0,0,True,1.0,1.0,2,16462.427,1,1.0,False,False,False,,False,,False,False,,2,recommendation,,False,False,False,False,-2.0
run-eac9a626a1d8c14b,SC-D-02,full,1,preference_change,medium,high,medium,recommendation,True,5,1.0,1.0,2.0,1.0,0.0,0.0,0.0,1.0,0.5517241379310345,16,1.0,0.0,0,True,1.0,1.0,2,26682.536,1,1.0,False,False,False,,False,,False,False,,2,recommendation,,False,False,False,False,-2.0
run-3d2d41ba2235d5fd,SC-D-02,full,2,preference_change,medium,high,medium,recommendation,True,5,1.0,1.0,2.0,1.0,0.0,0.0,0.0,1.0,0.5517241379310345,16,1.0,0.0,0,True,1.0,1.0,2,16012.166,1,1.0,False,False,False,,False,,False,False,,2,recommendation,,False,False,False,False,-2.0
run-da80cb0756bb72c1,SC-D-03,full,0,preference_change,hard,high,high,recommendation,True,5,1.0,1.0,3.0,1.0,0.0,0.0,0.0,1.0,0.76,19,1.0,0.0,0,True,1.0,1.0,2,14886.987,1,1.0,False,False,False,,False,,False,False,,2,recommendation,,False,False,False,False,-2.0
run-024c8ebdc05e33a8,SC-D-03,full,1,preference_change,hard,high,high,recommendation,True,5,1.0,1.0,3.0,1.0,0.0,0.0,0.0,1.0,0.76,19,1.0,0.0,0,True,1.0,1.0,2,12360.201,1,1.0,False,False,False,,False,,False,False,,2,recommendation,,False,False,False,False,-2.0
run-fd7c4293eec328ed,SC-D-03,full,2,preference_change,hard,high,high,recommendation,True,5,1.0,1.0,3.0,1.0,0.0,0.0,0.0,1.0,0.52,13,1.0,0.0,0,True,1.0,1.0,2,62327.262,1,1.0,False,False,False,,False,,False,False,,2,recommendation,,False,False,False,False,-2.0
run-db0288cd0d7d2c01,SC-D-04,full,0,preference_change,medium,high,medium,recommendation,True,5,0.9250256699929476,1.0,2.8,1.0,0.0,0.0,0.0,1.0,0.32142857142857145,9,1.0,0.0,0,True,1.0,1.0,2,51068.007,1,1.0,False,False,False,,False,,False,False,,2,recommendation,,False,False,False,False,-2.0
run-ebcbbda81e609372,SC-D-04,full,1,preference_change,medium,high,medium,recommendation,True,5,0.9250256699929476,1.0,2.8,1.0,0.0,0.0,0.0,1.0,0.7857142857142857,22,1.0,0.0,0,True,1.0,1.0,2,17557.353,1,1.0,False,False,False,,False,,False,False,,2,recommendation,,False,False,False,False,-2.0
run-cc4aa8875144e42e,SC-D-04,full,2,preference_change,medium,high,medium,recommendation,True,5,0.9250256699929476,1.0,2.8,1.0,0.0,0.0,0.0,1.0,0.32142857142857145,9,1.0,0.0,0,True,1.0,1.0,2,79594.623,1,1.0,False,False,False,,False,,False,False,,2,recommendation,,False,False,False,False,-2.0
run-f0f90499d9da1b0c,SC-D-05,full,0,preference_change,medium,high,high,recommendation,True,5,1.0,1.0,3.0,1.0,0.0,0.0,0.0,1.0,0.4,8,1.0,0.0,0,True,1.0,1.0,2,14972.188,1,1.0,False,False,False,,False,,False,False,,2,recommendation,,False,False,False,False,-2.0
run-755195f7318a0011,SC-D-05,full,1,preference_change,medium,high,high,recommendation,True,5,1.0,1.0,3.0,1.0,0.0,0.0,0.0,1.0,0.4,8,1.0,0.0,0,True,1.0,1.0,2,16223.966,1,1.0,False,False,False,,False,,False,False,,2,recommendation,,False,False,False,False,-2.0
run-6fc1c1ab955868bf,SC-D-05,full,2,preference_change,medium,high,high,recommendation,True,5,1.0,1.0,3.0,1.0,0.0,0.0,0.0,1.0,0.7,14,1.0,0.0,0,True,1.0,1.0,2,11249.516,1,1.0,False,False,False,,False,,False,False,,2,recommendation,,False,False,False,False,-2.0
run-2883d20895417f2d,SC-D-06,full,0,preference_change,medium,high,medium,recommendation,True,5,0.8415580415114009,1.0,2.6,1.0,0.0,0.0,0.0,1.0,0.7857142857142857,22,1.0,0.0,0,True,1.0,1.0,2,14938.838,1,1.0,False,False,False,,False,,False,False,,2,recommendation,,False,False,False,False,-2.0
run-48f83c5035a70d6d,SC-D-06,full,1,preference_change,medium,high,medium,recommendation,True,5,0.8415580415114009,1.0,2.6,1.0,0.0,0.0,0.0,1.0,0.7857142857142857,22,1.0,0.0,0,True,1.0,1.0,2,14039.675,1,1.0,False,False,False,,False,,False,False,,2,recommendation,,False,False,False,False,-2.0
run-3a63d8383c08c8ac,SC-D-06,full,2,preference_change,medium,high,medium,recommendation,True,5,0.8415580415114009,1.0,2.6,1.0,0.0,0.0,0.0,1.0,0.7857142857142857,22,1.0,0.0,0,True,1.0,1.0,2,14322.476,1,1.0,False,False,False,,False,,False,False,,2,recommendation,,False,False,False,False,-2.0
run-3f6da378062ee821,SC-D-07,full,0,preference_change,medium,high,medium,recommendation,True,5,1.0,1.0,3.0,1.0,0.0,0.0,0.0,1.0,0.7391304347826086,17,1.0,0.0,0,True,1.0,1.0,2,105485.652,1,1.0,False,False,False,,False,,False,False,,2,recommendation,,False,False,False,False,-2.0
run-303c21611e8d6d35,SC-D-07,full,1,preference_change,medium,high,medium,recommendation,True,2,0.5531464700081437,1.0,3.0,1.0,0.0,0.0,0.0,1.0,0.6666666666666666,6,1.0,0.0,0,True,1.0,1.0,2,59407.359,1,1.0,False,False,False,,False,,False,False,,2,recommendation,,False,False,False,False,-2.0
run-314cd6efe084d5fe,SC-D-07,full,2,preference_change,medium,high,medium,recommendation,True,5,1.0,1.0,3.0,1.0,0.0,0.0,0.0,1.0,0.7391304347826086,17,1.0,0.0,0,True,1.0,1.0,2,111720.731,1,1.0,False,False,False,,False,,False,False,,2,recommendation,,False,False,False,False,-2.0
run-56a885c3be5ad659,SC-D-08,full,0,preference_change,medium,high,medium,recommendation,True,5,1.0,1.0,3.0,1.0,0.0,0.0,0.0,1.0,0.5714285714285714,16,1.0,0.0,0,True,1.0,1.0,2,22309.932,1,1.0,False,False,False,,False,,False,False,,2,recommendation,,False,False,False,False,-2.0
run-622791b4d7dc0c20,SC-D-08,full,1,preference_change,medium,high,medium,recommendation,True,5,1.0,1.0,3.0,1.0,0.0,0.0,0.0,1.0,0.5,14,1.0,0.0,0,True,1.0,1.0,2,44815.815,1,1.0,False,False,False,,False,,False,False,,2,recommendation,,False,False,False,False,-2.0
run-299407f942ccfe44,SC-D-08,full,2,preference_change,medium,high,medium,recommendation,True,5,1.0,1.0,3.0,1.0,0.0,0.0,0.0,1.0,0.7857142857142857,22,1.0,0.0,0,True,1.0,1.0,2,14981.241,1,1.0,False,False,False,,False,,False,False,,2,recommendation,,False,False,False,False,-2.0
run-85eabeb58e5c97e7,SC-D-09,full,0,preference_change,hard,high,medium,recommendation,True,5,0.8415580415114009,1.0,2.6,1.0,0.0,0.0,0.0,1.0,0.75,18,1.0,0.0,0,True,1.0,1.0,2,89503.117,1,1.0,False,False,False,,False,,False,False,,2,recommendation,,False,False,False,False,-2.0
run-8c6292478d058b13,SC-D-09,full,1,preference_change,hard,high,medium,no_match,True,0,,,,,,,,,1.0,6,1.0,0.0,0,True,1.0,1.0,2,83917.938,0,0.25,False,True,False,,False,,False,False,,2,no_match,,False,False,False,False,-2.0
run-6696f865d45b6987,SC-D-09,full,2,preference_change,hard,high,medium,no_match,True,0,,,,,,,,,1.0,6,1.0,0.0,0,True,1.0,1.0,2,54420.648,0,0.25,False,True,False,,False,,False,False,,2,no_match,,False,False,False,False,-2.0
run-5e07d16f1f5b2987,SC-D-10,full,0,preference_change,medium,high,medium,recommendation,True,5,1.0,1.0,3.0,1.0,0.0,0.0,0.0,1.0,0.782608695652174,18,1.0,0.0,0,True,1.0,1.0,2,44582.155,1,1.0,False,False,False,,False,,False,False,,2,recommendation,,False,False,False,False,-2.0
run-760ccd016850aaab,SC-D-10,full,1,preference_change,medium,high,medium,recommendation,True,5,1.0,1.0,3.0,1.0,0.0,0.0,0.0,1.0,0.5217391304347826,12,1.0,0.0,0,True,1.0,1.0,2,89240.786,1,1.0,False,False,False,,False,,False,False,,2,recommendation,,False,False,False,False,-2.0
run-1b7414577607656b,SC-D-10,full,2,preference_change,medium,high,medium,recommendation,True,5,1.0,1.0,3.0,1.0,0.0,0.0,0.0,1.0,0.782608695652174,18,1.0,0.0,0,True,1.0,1.0,2,36220.137,1,1.0,False,False,False,,False,,False,False,,2,recommendation,,False,False,False,False,-2.0
run-5f615659d79c5e37,SC-D-11,full,0,preference_change,medium,high,medium,recommendation,True,5,0.9250256699929476,1.0,2.8,1.0,0.0,0.0,0.0,1.0,0.76,19,1.0,0.0,0,True,1.0,1.0,3,147459.571,1,1.0,False,False,False,,False,,False,False,,3,recommendation,,False,False,False,False,-3.0
run-1b3af856ea0d78ba,SC-D-11,full,1,preference_change,medium,high,medium,recommendation,True,5,0.7446551257189392,1.0,2.4,1.0,0.0,0.0,0.0,1.0,0.7777777777777778,21,1.0,0.0,0,True,1.0,1.0,3,26943.747,1,1.0,False,False,False,,False,,False,False,,3,recommendation,,False,False,False,False,-3.0
run-2e6341eef0f780f9,SC-D-11,full,2,preference_change,medium,high,medium,recommendation,True,5,0.9250256699929476,1.0,2.8,1.0,0.0,0.0,0.0,1.0,0.76,19,1.0,0.0,0,True,1.0,1.0,3,14050.519,1,1.0,False,False,False,,False,,False,False,,3,recommendation,,False,False,False,False,-3.0
run-f8641a2b2b522c65,SC-D-12,full,0,preference_change,hard,high,high,recommendation,True,5,0.9478815954653227,1.0,2.4,1.0,0.0,0.0,0.0,1.0,0.6666666666666666,18,1.0,0.0,0,True,1.0,1.0,3,15850.902,1,1.0,False,False,False,,False,,False,False,,3,recommendation,,False,False,False,False,-3.0
run-8628fb2f21bdfa9a,SC-D-12,full,1,preference_change,hard,high,high,recommendation,True,5,0.9478815954653227,1.0,2.4,1.0,0.0,0.0,0.0,1.0,0.6296296296296297,17,1.0,0.0,0,True,1.0,1.0,3,150363.711,1,1.0,False,False,False,,False,,False,False,,3,recommendation,,False,False,False,False,-3.0
run-5ab8996c310b76bc,SC-D-12,full,2,preference_change,hard,high,high,recommendation,True,5,0.9478815954653227,1.0,2.4,1.0,0.0,0.0,0.0,1.0,0.6666666666666666,18,1.0,0.0,0,True,1.0,1.0,3,26559.376,1,1.0,False,False,False,,False,,False,False,,3,recommendation,,False,False,False,False,-3.0
run-66a8f123be374114,SC-E-01,full,0,multiple_hard,hard,none,high,recommendation,True,1,1.0,1.0,3.0,1.0,0.0,0.0,0.0,1.0,0.75,6,1.0,0.0,0,True,1.0,1.0,1,48606.869,1,1.0,False,False,False,,False,,False,False,,1,recommendation,,False,False,False,False,-1.0
run-47f6297369f81ccd,SC-E-01,full,1,multiple_hard,hard,none,high,recommendation,True,1,1.0,1.0,3.0,1.0,0.0,0.0,0.0,1.0,0.75,6,1.0,0.0,0,True,1.0,1.0,1,17350.807,1,1.0,False,False,False,,False,,False,False,,1,recommendation,,False,False,False,False,-1.0
run-9f21a8e6490902ba,SC-E-01,full,2,multiple_hard,hard,none,high,recommendation,True,1,1.0,1.0,3.0,1.0,0.0,0.0,0.0,1.0,0.75,6,1.0,0.0,0,True,1.0,1.0,1,38860.723,1,1.0,False,False,False,,False,,False,False,,1,recommendation,,False,False,False,False,-1.0
run-941a417fbfa17bc2,SC-E-02,full,0,multiple_hard,hard,none,high,no_match,True,0,,,,,,,,,1.0,6,1.0,0.0,0,True,1.0,1.0,1,52919.818,1,1.0,True,True,False,,False,,False,False,,1,no_match,,False,False,False,False,-1.0
run-12fb92d02cac28d4,SC-E-02,full,1,multiple_hard,hard,none,high,no_match,True,0,,,,,,,,,1.0,6,1.0,0.0,0,True,1.0,1.0,1,48915.157,1,1.0,True,True,False,,False,,False,False,,1,no_match,,False,False,False,False,-1.0
run-687c36eb4319093b,SC-E-02,full,2,multiple_hard,hard,none,high,no_match,True,0,,,,,,,,,1.0,6,1.0,0.0,0,True,1.0,1.0,1,38778.45,1,1.0,True,True,False,,False,,False,False,,1,no_match,,False,False,False,False,-1.0
run-a684c987a3ec5dee,SC-E-03,full,0,multiple_hard,hard,none,high,recommendation,True,2,0.7428223494387413,1.0,3.0,1.0,0.0,0.0,0.0,1.0,0.7692307692307693,10,1.0,0.0,0,True,1.0,1.0,1,40494.509,1,1.0,False,False,False,,False,,False,False,,1,recommendation,,False,False,False,False,-1.0
run-ced95cf1de255212,SC-E-03,full,1,multiple_hard,hard,none,high,recommendation,True,2,0.7428223494387413,1.0,3.0,1.0,0.0,0.0,0.0,1.0,0.5384615384615384,7,1.0,0.0,0,True,1.0,1.0,1,17550.509,1,1.0,False,False,False,,False,,False,False,,1,recommendation,,False,False,False,False,-1.0
run-21bdbb0a764f6a52,SC-E-03,full,2,multiple_hard,hard,none,high,recommendation,True,2,0.7428223494387413,1.0,3.0,1.0,0.0,0.0,0.0,1.0,0.5384615384615384,7,1.0,0.0,0,True,1.0,1.0,1,21704.856,1,1.0,False,False,False,,False,,False,False,,1,recommendation,,False,False,False,False,-1.0
run-f183f5c9ad2b506d,SC-E-04,full,0,multiple_hard,hard,none,high,no_match,True,0,,,,,,,,,1.0,6,1.0,0.0,0,True,1.0,1.0,1,40147.188,1,1.0,True,True,False,,False,,False,False,,1,no_match,,False,False,False,False,-1.0
run-d5391398dafa86db,SC-E-04,full,1,multiple_hard,hard,none,high,no_match,True,0,,,,,,,,,1.0,6,1.0,0.0,0,True,1.0,1.0,1,16202.434,1,1.0,True,True,False,,False,,False,False,,1,no_match,,False,False,False,False,-1.0
run-2b7de8cfa05c2685,SC-E-04,full,2,multiple_hard,hard,none,high,no_match,True,0,,,,,,,,,1.0,6,1.0,0.0,0,True,1.0,1.0,1,18065.985,1,1.0,True,True,False,,False,,False,False,,1,no_match,,False,False,False,False,-1.0
run-dab4f8912ef30e26,SC-E-05,full,0,multiple_hard,hard,none,high,recommendation,True,1,1.0,1.0,2.0,1.0,0.0,0.0,0.0,1.0,0.5714285714285714,4,1.0,0.0,0,True,1.0,1.0,1,32469.77,1,1.0,False,False,False,,False,,False,False,,1,recommendation,,False,False,False,False,-1.0
run-7fbcf6b9cab7e077,SC-E-05,full,1,multiple_hard,hard,none,high,recommendation,True,1,1.0,1.0,2.0,1.0,0.0,0.0,0.0,1.0,0.5714285714285714,4,1.0,0.0,0,True,1.0,1.0,1,21582.461,1,1.0,False,False,False,,False,,False,False,,1,recommendation,,False,False,False,False,-1.0
run-bba43343a3c8f7a7,SC-E-05,full,2,multiple_hard,hard,none,high,recommendation,True,1,1.0,1.0,2.0,1.0,0.0,0.0,0.0,1.0,0.5714285714285714,4,1.0,0.0,0,True,1.0,1.0,1,14426.988,1,1.0,False,False,False,,False,,False,False,,1,recommendation,,False,False,False,False,-1.0
run-c31fdf2665c43f45,SC-F-01,full,0,soft_tradeoff,medium,none,low,recommendation,True,5,1.0,1.0,3.0,1.0,0.0,0.0,0.0,1.0,1.0,23,1.0,0.0,0,True,1.0,1.0,1,47052.613,1,1.0,False,False,False,,False,,False,False,,1,recommendation,,False,False,False,False,-1.0
run-aef2c0f3501e6b9f,SC-F-01,full,1,soft_tradeoff,medium,none,low,recommendation,True,5,1.0,1.0,3.0,1.0,0.0,0.0,0.0,1.0,1.0,23,1.0,0.0,0,True,1.0,1.0,1,15212.137,1,1.0,False,False,False,,False,,False,False,,1,recommendation,,False,False,False,False,-1.0
run-8c29734783624630,SC-F-01,full,2,soft_tradeoff,medium,none,low,recommendation,True,5,1.0,1.0,3.0,1.0,0.0,0.0,0.0,1.0,1.0,23,1.0,0.0,0,True,1.0,1.0,1,15336.648,1,1.0,False,False,False,,False,,False,False,,1,recommendation,,False,False,False,False,-1.0
run-7c7ff2af92c151e9,SC-F-02,full,0,soft_tradeoff,medium,none,low,recommendation,True,5,1.0,1.0,3.0,1.0,0.0,0.0,0.0,1.0,1.0,23,1.0,0.0,0,True,1.0,1.0,1,148320.189,1,1.0,False,False,False,,False,,False,False,,1,recommendation,,False,False,False,False,-1.0
run-3077d26358e3e6c2,SC-F-02,full,1,soft_tradeoff,medium,none,low,recommendation,True,5,1.0,1.0,3.0,1.0,0.0,0.0,0.0,1.0,0.9130434782608695,21,1.0,0.0,0,True,1.0,1.0,1,57977.724,1,1.0,False,False,False,,False,,False,False,,1,recommendation,,False,False,False,False,-1.0
run-2c80b667b1e14131,SC-F-02,full,2,soft_tradeoff,medium,none,low,recommendation,True,5,1.0,1.0,3.0,1.0,0.0,0.0,0.0,1.0,1.0,23,1.0,0.0,0,True,1.0,1.0,1,28665.099,1,1.0,False,False,False,,False,,False,False,,1,recommendation,,False,False,False,False,-1.0
run-9ddf9be03d779768,SC-F-03,full,0,soft_tradeoff,easy,none,low,recommendation,True,5,1.0,1.0,3.0,1.0,0.0,0.0,0.0,1.0,0.6956521739130435,16,1.0,0.0,0,True,1.0,1.0,1,59374.682,1,1.0,False,False,False,,False,,False,False,,1,recommendation,,False,False,False,False,-1.0
run-a34dc91443138554,SC-F-03,full,1,soft_tradeoff,easy,none,low,recommendation,True,5,1.0,1.0,3.0,1.0,0.0,0.0,0.0,1.0,1.0,22,1.0,0.0,0,True,1.0,1.0,1,15024.288,1,1.0,False,False,False,,False,,False,False,,1,recommendation,,False,False,False,False,-1.0
run-cca66c90ef3b41c8,SC-F-03,full,2,soft_tradeoff,easy,none,low,recommendation,True,5,1.0,1.0,3.0,1.0,0.0,0.0,0.0,1.0,0.7272727272727273,16,1.0,0.0,0,True,1.0,1.0,1,44695.946,1,1.0,False,False,False,,False,,False,False,,1,recommendation,,False,False,False,False,-1.0
run-d7f33141b5694988,SC-F-04,full,0,soft_tradeoff,medium,none,low,recommendation,True,5,1.0,1.0,3.0,1.0,0.0,0.0,0.0,1.0,1.0,20,1.0,0.0,0,True,1.0,1.0,1,15304.507,1,1.0,False,False,False,,False,,False,False,,1,recommendation,,False,False,False,False,-1.0
run-1ad5774f2ec38993,SC-F-04,full,1,soft_tradeoff,medium,none,low,recommendation,True,5,1.0,1.0,3.0,1.0,0.0,0.0,0.0,1.0,1.0,20,1.0,0.0,0,True,1.0,1.0,1,14770.248,1,1.0,False,False,False,,False,,False,False,,1,recommendation,,False,False,False,False,-1.0
run-22c72107573a4b60,SC-F-04,full,2,soft_tradeoff,medium,none,low,recommendation,True,5,1.0,1.0,3.0,1.0,0.0,0.0,0.0,1.0,0.7,14,1.0,0.0,0,True,1.0,1.0,1,39628.74,1,1.0,False,False,False,,False,,False,False,,1,recommendation,,False,False,False,False,-1.0
run-49d441481d22eaff,SC-G-01,full,0,ambiguous_role,hard,none,low,recommendation,True,5,0.3316685127789668,0.8,1.8,1.0,0.0,0.0,0.0,1.0,0.5517241379310345,16,1.0,0.0,0,True,1.0,1.0,1,32919.353,0,0.5,False,False,True,,False,,False,False,,1,recommendation,target_roles,False,False,False,False,-1000001.0
run-1584d685946fcbab,SC-G-01,full,1,ambiguous_role,hard,none,low,recommendation,True,5,0.3316685127789668,0.8,1.8,1.0,0.0,0.0,0.0,1.0,0.5517241379310345,16,1.0,0.0,0,True,1.0,1.0,1,44950.252,0,0.5,False,False,True,,False,,False,False,,1,recommendation,target_roles,False,False,False,False,-1000001.0
run-e397ddb5605064f3,SC-G-01,full,2,ambiguous_role,hard,none,low,recommendation,True,5,0.3316685127789668,0.8,1.8,1.0,0.0,0.0,0.0,1.0,0.5517241379310345,16,1.0,0.0,0,True,1.0,1.0,1,38857.78,0,0.5,False,False,True,,False,,False,False,,1,recommendation,target_roles,False,False,False,False,-1000001.0
run-8283757cadda12d5,SC-G-02,full,0,ambiguous_role,hard,none,low,recommendation,True,5,0.6477522099264775,1.0,2.4,1.0,0.0,0.0,0.0,1.0,1.0,16,1.0,0.0,0,True,1.0,1.0,1,36860.417,0,0.5,False,False,True,,False,,False,False,,1,recommendation,target_roles,False,False,False,False,-1000001.0
run-4171e29a7613b1bb,SC-G-02,full,1,ambiguous_role,hard,none,low,recommendation,True,5,0.6477522099264775,1.0,2.4,1.0,0.0,0.0,0.0,1.0,1.0,16,1.0,0.0,0,True,1.0,1.0,1,19332.06,0,0.5,False,False,True,,False,,False,False,,1,recommendation,target_roles,False,False,False,False,-1000001.0
run-4cfc7acc42bc677f,SC-G-02,full,2,ambiguous_role,hard,none,low,recommendation,True,5,0.6477522099264775,1.0,2.4,1.0,0.0,0.0,0.0,1.0,0.5625,9,1.0,0.0,0,True,1.0,1.0,1,24467.603,0,0.5,False,False,True,,False,,False,False,,1,recommendation,target_roles,False,False,False,False,-1000001.0
run-43c4da5d1e40deed,SC-H-01,full,0,no_match,hard,none,high,no_match,True,0,,,,,,,,,1.0,4,1.0,0.0,0,True,1.0,1.0,1,52882.784,1,1.0,True,True,False,,False,,False,False,,1,no_match,,False,False,False,False,-1.0
run-d6bc8b2743ea5575,SC-H-01,full,1,no_match,hard,none,high,no_match,True,0,,,,,,,,,1.0,4,1.0,0.0,0,True,1.0,1.0,1,43891.551,1,1.0,True,True,False,,False,,False,False,,1,no_match,,False,False,False,False,-1.0
run-0b241366a68aba6a,SC-H-01,full,2,no_match,hard,none,high,no_match,True,0,,,,,,,,,1.0,4,1.0,0.0,0,True,1.0,1.0,1,82202.244,1,1.0,True,True,False,,False,,False,False,,1,no_match,,False,False,False,False,-1.0
run-654b90f4ea145d67,SC-H-02,full,0,no_match,hard,none,high,no_match,True,0,,,,,,,,,1.0,4,1.0,0.0,0,True,1.0,1.0,1,13880.837,1,1.0,True,True,False,,False,,False,False,,1,no_match,,False,False,False,False,-1.0
run-a8d5484d741c645d,SC-H-02,full,1,no_match,hard,none,high,no_match,True,0,,,,,,,,,1.0,4,1.0,0.0,0,True,1.0,1.0,1,12836.422,1,1.0,True,True,False,,False,,False,False,,1,no_match,,False,False,False,False,-1.0
run-8eb43eb6eddc29f4,SC-H-02,full,2,no_match,hard,none,high,no_match,True,0,,,,,,,,,1.0,4,1.0,0.0,0,True,1.0,1.0,1,81201.112,1,1.0,True,True,False,,False,,False,False,,1,no_match,,False,False,False,False,-1.0
run-978c7a8b98891c5e,SC-H-03,full,0,no_match,hard,none,high,no_match,True,0,,,,,,,,,1.0,4,1.0,0.0,0,True,1.0,1.0,1,15090.684,1,1.0,True,True,False,,False,,False,False,,1,no_match,,False,False,False,False,-1.0
run-0b43fa2950981ced,SC-H-03,full,1,no_match,hard,none,high,no_match,True,0,,,,,,,,,1.0,4,1.0,0.0,0,True,1.0,1.0,1,15043.899,1,1.0,True,True,False,,False,,False,False,,1,no_match,,False,False,False,False,-1.0
run-ad742266be315739,SC-H-03,full,2,no_match,hard,none,high,no_match,True,0,,,,,,,,,1.0,4,1.0,0.0,0,True,1.0,1.0,1,45621.162,1,1.0,True,True,False,,False,,False,False,,1,no_match,,False,False,False,False,-1.0
run-8f48500d07fefa0d,SC-A-01,no_context,0,complete,easy,none,medium,recommendation,True,5,0.6548086577531306,0.6,1.8,0.6,0.4,0.0,0.0,1.0,0.5,14,1.0,0.0,0,True,1.0,1.0,1,109568.115,0,0.75,False,False,False,,False,,False,False,,1,recommendation,,False,False,False,False,-1.0
run-f463dfc540bd3689,SC-A-01,no_context,1,complete,easy,none,medium,recommendation,True,5,0.6548086577531306,0.6,1.8,0.6,0.4,0.0,0.0,1.0,0.5,14,1.0,0.0,0,True,1.0,1.0,1,83423.63,0,0.75,False,False,False,,False,,False,False,,1,recommendation,,False,False,False,False,-1.0
run-31ef47d02bf73873,SC-A-01,no_context,2,complete,easy,none,medium,recommendation,True,5,0.6548086577531306,0.6,1.8,0.6,0.4,0.0,0.0,1.0,0.5,14,1.0,0.0,0,True,1.0,1.0,1,31962.719,0,0.75,False,False,False,,False,,False,False,,1,recommendation,,False,False,False,False,-1.0
run-e302498980455d8f,SC-A-02,no_context,0,complete,easy,none,medium,recommendation,True,5,0.5087403079104241,0.4,1.2,0.4,0.6,0.0,0.2,1.0,0.42857142857142855,9,1.0,0.0,0,True,1.0,1.0,1,13794.129,0,0.75,False,False,False,,False,,False,False,,1,recommendation,,False,False,False,False,-1.0
run-fea9b296c7fc9671,SC-A-02,no_context,1,complete,easy,none,medium,recommendation,True,5,0.5087403079104241,0.4,1.2,0.4,0.6,0.0,0.2,1.0,0.42857142857142855,9,1.0,0.0,0,True,1.0,1.0,1,17072.664,0,0.75,False,False,False,,False,,False,False,,1,recommendation,,False,False,False,False,-1.0
run-df03869a77162cae,SC-A-02,no_context,2,complete,easy,none,medium,recommendation,True,5,0.5087403079104241,0.4,1.2,0.4,0.6,0.0,0.2,1.0,0.42857142857142855,9,1.0,0.0,0,True,1.0,1.0,1,14907.818,0,0.75,False,False,False,,False,,False,False,,1,recommendation,,False,False,False,False,-1.0
run-9c95744bf1e4fc1c,SC-A-03,no_context,0,complete,easy,none,medium,recommendation,True,5,0.8687949224876581,0.8,2.4,0.8,0.2,0.0,0.2,1.0,0.2857142857142857,8,1.0,0.0,0,True,1.0,1.0,1,81370.776,0,0.75,False,False,False,,False,,False,False,,1,recommendation,,False,False,False,False,-1.0
run-b9c91e3ca797b757,SC-A-03,no_context,1,complete,easy,none,medium,recommendation,True,5,0.8687949224876581,0.8,2.4,0.8,0.2,0.0,0.2,1.0,0.7857142857142857,22,1.0,0.0,0,True,1.0,1.0,1,48771.826,0,0.75,False,False,False,,False,,False,False,,1,recommendation,,False,False,False,False,-1.0
run-5f40de771364165d,SC-A-03,no_context,2,complete,easy,none,medium,recommendation,True,5,0.8687949224876581,0.8,2.4,0.8,0.2,0.0,0.2,1.0,0.2857142857142857,8,1.0,0.0,0,True,1.0,1.0,1,91533.162,0,0.75,False,False,False,,False,,False,False,,1,recommendation,,False,False,False,False,-1.0
run-cbfe7f989bdcbfd8,SC-A-04,no_context,0,complete,medium,none,medium,recommendation,True,5,0.5147714448836774,0.6,1.8,0.6,0.4,0.1,0.2,1.0,0.391304347826087,9,1.0,0.0,0,True,1.0,1.0,1,176169.697,0,0.75,False,False,False,,False,,False,False,,1,recommendation,,False,False,False,False,-1.0
run-8f35f254ebb2acd3,SC-A-04,no_context,1,complete,medium,none,medium,recommendation,True,5,0.5147714448836774,0.6,1.8,0.6,0.4,0.1,0.2,1.0,0.782608695652174,18,1.0,0.0,0,True,1.0,1.0,1,349717.307,0,0.75,False,False,False,,False,,False,False,,1,recommendation,,False,False,False,False,-1.0
run-652d659454d8ad9e,SC-A-04,no_context,2,complete,medium,none,medium,recommendation,True,5,0.5147714448836774,0.6,1.8,0.6,0.4,0.1,0.2,1.0,0.391304347826087,9,1.0,0.0,0,True,1.0,1.0,1,167661.601,0,0.75,False,False,False,,False,,False,False,,1,recommendation,,False,False,False,False,-1.0
run-68434cd370855dde,SC-A-05,no_context,0,complete,easy,none,medium,recommendation,True,5,0.6608397947263838,0.8,2.4,0.8,0.4,0.1,0.2,1.0,0.782608695652174,18,1.0,0.0,0,True,1.0,1.0,1,151897.119,0,0.75,False,False,False,,False,,False,False,,1,recommendation,,False,False,False,False,-1.0
run-f55733a3b9a826e4,SC-A-05,no_context,1,complete,easy,none,medium,recommendation,True,5,0.6608397947263838,0.8,2.4,0.8,0.4,0.1,0.2,1.0,0.34782608695652173,8,1.0,0.0,0,True,1.0,1.0,1,57496.475,0,0.75,False,False,False,,False,,False,False,,1,recommendation,,False,False,False,False,-1.0
run-30a6c9b3eb5dce42,SC-A-05,no_context,2,complete,easy,none,medium,recommendation,True,5,0.6608397947263838,0.8,2.4,0.8,0.4,0.1,0.2,1.0,0.34782608695652173,8,1.0,0.0,0,True,1.0,1.0,1,84094.755,0,0.75,False,False,False,,False,,False,False,,1,recommendation,,False,False,False,False,-1.0
run-baff06b1798fd2ab,SC-A-06,no_context,0,complete,medium,none,medium,recommendation,True,5,0.49125969208957576,0.6,1.8,0.6,0.4,0.1,0.2,1.0,0.37037037037037035,10,1.0,0.0,0,True,1.0,1.0,1,168943.108,0,0.75,False,False,False,,False,,False,False,,1,recommendation,,False,False,False,False,-1.0
run-7292d545a817f7b7,SC-A-06,no_context,1,complete,medium,none,medium,recommendation,True,5,0.49125969208957576,0.6,1.8,0.6,0.4,0.1,0.2,1.0,0.37037037037037035,10,1.0,0.0,0,True,1.0,1.0,1,93528.23,0,0.75,False,False,False,,False,,False,False,,1,recommendation,,False,False,False,False,-1.0
run-2b6895cdd016ae4c,SC-A-06,no_context,2,complete,medium,none,medium,recommendation,True,5,0.49125969208957576,0.6,1.8,0.6,0.4,0.1,0.2,1.0,0.8148148148148148,22,1.0,0.0,0,True,1.0,1.0,1,23948.599,0,0.75,False,False,False,,False,,False,False,,1,recommendation,,False,False,False,False,-1.0
run-60c27be7bfd13181,SC-B-01,no_context,0,clarification,medium,none,low,recommendation,True,5,1.0,1.0,2.0,1.0,0.0,0.0,0.0,1.0,0.8064516129032258,25,1.0,0.0,0,True,1.0,1.0,2,45724.061,1,1.0,False,False,True,,True,target_roles,True,False,,2,recommendation,target_roles,False,False,False,False,-2.0
run-9fd3eacdb49f1187,SC-B-01,no_context,1,clarification,medium,none,low,recommendation,True,5,1.0,1.0,2.0,1.0,0.0,0.0,0.0,1.0,0.8064516129032258,25,1.0,0.0,0,True,1.0,1.0,2,21009.678,1,1.0,False,False,True,,True,target_roles,True,False,,2,recommendation,target_roles,False,False,False,False,-2.0
run-5f72dfbc37ae3836,SC-B-01,no_context,2,clarification,medium,none,low,recommendation,True,5,1.0,1.0,2.0,1.0,0.0,0.0,0.0,1.0,0.7096774193548387,22,1.0,0.0,0,True,1.0,1.0,2,29069.627,1,1.0,False,False,True,,True,target_roles,True,False,,2,recommendation,target_roles,False,False,False,False,-2.0
run-67793a64b66d5a38,SC-B-02,no_context,0,clarification,medium,none,low,recommendation,True,5,0.529634717214042,0.6,1.8,0.6,0.4,0.0,0.4,1.0,0.7272727272727273,16,1.0,0.0,0,True,1.0,1.0,2,53202.144,0,0.75,False,False,True,,True,target_roles,True,False,,2,recommendation,target_roles,False,False,False,False,-2.0
run-fd184a609106633b,SC-B-02,no_context,1,clarification,medium,none,low,recommendation,True,5,0.529634717214042,0.6,1.8,0.6,0.4,0.0,0.4,1.0,0.7272727272727273,16,1.0,0.0,0,True,1.0,1.0,2,19360.492,0,0.75,False,False,True,,True,target_roles,True,False,,2,recommendation,target_roles,False,False,False,False,-2.0
run-08aa8b26c1ded7ed,SC-B-02,no_context,2,clarification,medium,none,low,recommendation,True,5,0.529634717214042,0.6,1.8,0.6,0.4,0.0,0.4,1.0,0.45454545454545453,10,1.0,0.0,0,True,1.0,1.0,2,28002.336,0,0.75,False,False,True,,True,target_roles,True,False,,2,recommendation,target_roles,False,False,False,False,-2.0
run-0fff7d537f846b2d,SC-B-03,no_context,0,clarification,hard,none,low,recommendation,True,5,0.8539316501572934,0.8,2.4,0.8,0.2,0.0,0.2,1.0,0.7,14,1.0,0.0,0,True,1.0,1.0,2,87524.69,0,0.75,False,False,True,,True,target_roles,True,False,,2,recommendation,target_roles,False,False,False,False,-2.0
run-1cfdaa86b78a0a26,SC-B-03,no_context,1,clarification,hard,none,low,recommendation,True,5,0.8539316501572934,0.8,2.4,0.8,0.2,0.0,0.2,1.0,0.7,14,1.0,0.0,0,True,1.0,1.0,2,85831.773,0,0.75,False,False,True,,True,target_roles,True,False,,2,recommendation,target_roles,False,False,False,False,-2.0
run-126bc4b511c1bdab,SC-B-03,no_context,2,clarification,hard,none,low,recommendation,True,5,0.8539316501572934,0.8,2.4,0.8,0.2,0.0,0.2,1.0,0.7,14,1.0,0.0,0,True,1.0,1.0,2,19428.379,0,0.75,False,False,True,,True,target_roles,True,False,,2,recommendation,target_roles,False,False,False,False,-2.0
run-cbf903a67be76d0a,SC-B-04,no_context,0,clarification,medium,none,low,recommendation,True,5,0.5417552559952586,0.4,1.0,0.6,0.4,0.1,0.2,1.0,0.4375,14,1.0,0.0,0,True,1.0,1.0,2,16620.721,0,0.75,False,False,True,,True,target_roles,True,False,,2,recommendation,target_roles,False,False,False,False,-2.0
run-86e0fb3cb34a86b9,SC-B-04,no_context,1,clarification,medium,none,low,recommendation,True,5,0.5417552559952586,0.4,1.0,0.6,0.4,0.1,0.2,1.0,0.4375,14,1.0,0.0,0,True,1.0,1.0,2,22096.551,0,0.75,False,False,True,,True,target_roles,True,False,,2,recommendation,target_roles,False,False,False,False,-2.0
run-c5596c6cf2999ecc,SC-B-04,no_context,2,clarification,medium,none,low,recommendation,True,5,0.5417552559952586,0.4,1.0,0.6,0.4,0.1,0.2,1.0,0.4375,14,1.0,0.0,0,True,1.0,1.0,2,176654.236,0,0.75,False,False,True,,True,target_roles,True,False,,2,recommendation,target_roles,False,False,False,False,-2.0
run-27bf28105ca06fd4,SC-B-05,no_context,0,clarification,medium,none,low,recommendation,True,5,0.8539316501572934,0.8,2.4,0.8,0.2,0.0,0.2,1.0,0.5263157894736842,10,1.0,0.0,0,True,1.0,1.0,2,16920.02,0,0.75,False,False,True,,True,target_roles,True,False,,2,recommendation,target_roles,False,False,False,False,-2.0
run-b0542bb5dad78106,SC-B-05,no_context,1,clarification,medium,none,low,recommendation,True,5,0.8539316501572934,0.8,2.4,0.8,0.2,0.0,0.2,1.0,0.8421052631578947,16,1.0,0.0,0,True,1.0,1.0,2,97040.975,0,0.75,False,False,True,,True,target_roles,True,False,,2,recommendation,target_roles,False,False,False,False,-2.0
run-2db70520b400e899,SC-B-05,no_context,2,clarification,medium,none,low,recommendation,True,5,0.8539316501572934,0.8,2.4,0.8,0.2,0.0,0.2,1.0,0.5263157894736842,10,1.0,0.0,0,True,1.0,1.0,2,31425.176,0,0.75,False,False,True,,True,target_roles,True,False,,2,recommendation,target_roles,False,False,False,False,-2.0
run-2b307fc83ae74fb5,SC-C-01,no_context,0,profile_dialogue_conflict,medium,medium,high,recommendation,True,5,0.5309719078307141,0.4,1.0,0.4,0.6,0.0,0.2,1.0,0.8214285714285714,23,1.0,0.0,0,True,1.0,1.0,1,19663.377,0,0.75,False,False,False,,False,,False,False,,1,recommendation,,False,False,False,False,-1.0
run-26c66a98702e0a01,SC-C-01,no_context,1,profile_dialogue_conflict,medium,medium,high,recommendation,True,5,0.5309719078307141,0.4,1.0,0.4,0.6,0.0,0.2,1.0,0.8214285714285714,23,1.0,0.0,0,True,1.0,1.0,1,12699.871,0,0.75,False,False,False,,False,,False,False,,1,recommendation,,False,False,False,False,-1.0
run-54c829c9332d7705,SC-C-01,no_context,2,profile_dialogue_conflict,medium,medium,high,recommendation,True,5,0.5309719078307141,0.4,1.0,0.4,0.6,0.0,0.2,1.0,0.8214285714285714,23,1.0,0.0,0,True,1.0,1.0,1,37787.848,0,0.75,False,False,False,,False,,False,False,,1,recommendation,,False,False,False,False,-1.0
run-5f9908a782b1c6e3,SC-C-02,no_context,0,profile_dialogue_conflict,medium,medium,medium,recommendation,True,5,0.5087403079104242,0.4,0.8,0.4,0.6,0.1,0.0,1.0,0.896551724137931,26,1.0,0.0,0,True,1.0,1.0,1,54855.224,0,0.75,False,False,False,,False,,False,False,,1,recommendation,,False,False,False,False,-1.0
run-82a20b31b2b8e7ef,SC-C-02,no_context,1,profile_dialogue_conflict,medium,medium,medium,recommendation,True,5,0.5087403079104242,0.4,0.8,0.4,0.6,0.1,0.0,1.0,0.896551724137931,26,1.0,0.0,0,True,1.0,1.0,1,43864.16,0,0.75,False,False,False,,False,,False,False,,1,recommendation,,False,False,False,False,-1.0
run-374dc2e21f594ec4,SC-C-02,no_context,2,profile_dialogue_conflict,medium,medium,medium,recommendation,True,5,0.5087403079104242,0.4,0.8,0.4,0.6,0.1,0.0,1.0,1.0,29,1.0,0.0,0,True,1.0,1.0,1,356649.674,0,0.75,False,False,False,,False,,False,False,,1,recommendation,,False,False,False,False,-1.0
run-2a9c3ec6dd6e9d8f,SC-C-03,no_context,0,profile_dialogue_conflict,hard,medium,high,recommendation,True,5,0.2873629111569347,0.2,0.6,0.2,0.8,0.0,0.2,1.0,0.8076923076923077,21,1.0,0.0,0,True,1.0,1.0,1,15162.702,0,0.75,False,False,False,,False,,False,False,,1,recommendation,,False,False,False,False,-1.0
run-637de2634f99fe17,SC-C-03,no_context,1,profile_dialogue_conflict,hard,medium,high,recommendation,True,5,0.2873629111569347,0.2,0.6,0.2,0.8,0.0,0.2,1.0,0.8076923076923077,21,1.0,0.0,0,True,1.0,1.0,1,159057.728,0,0.75,False,False,False,,False,,False,False,,1,recommendation,,False,False,False,False,-1.0
run-22c666cf37db328f,SC-C-03,no_context,2,profile_dialogue_conflict,hard,medium,high,recommendation,True,5,0.2873629111569347,0.2,0.6,0.2,0.8,0.0,0.2,1.0,0.8076923076923077,21,1.0,0.0,0,True,1.0,1.0,1,88384.761,0,0.75,False,False,False,,False,,False,False,,1,recommendation,,False,False,False,False,-1.0
run-f6d8a6bffd539b01,SC-C-04,no_context,0,profile_dialogue_conflict,medium,medium,high,recommendation,True,5,0.6572885561341879,0.4,1.2,0.4,0.8,0.13333333333333333,0.2,1.0,1.0,25,1.0,0.0,0,True,1.0,1.0,1,89393.263,0,0.75,False,False,False,,False,,False,False,,1,recommendation,,False,False,False,False,-1.0
run-9d7b92b6a9bd860a,SC-C-04,no_context,1,profile_dialogue_conflict,medium,medium,high,recommendation,True,5,0.6572885561341879,0.4,1.2,0.4,0.8,0.13333333333333333,0.2,1.0,0.64,16,1.0,0.0,0,True,1.0,1.0,1,79663.901,0,0.75,False,False,False,,False,,False,False,,1,recommendation,,False,False,False,False,-1.0
run-024dd76a95551a07,SC-C-04,no_context,2,profile_dialogue_conflict,medium,medium,high,recommendation,True,5,0.6572885561341879,0.4,1.2,0.4,0.8,0.13333333333333333,0.2,1.0,0.76,19,1.0,0.0,0,True,1.0,1.0,1,29651.903,0,0.75,False,False,False,,False,,False,False,,1,recommendation,,False,False,False,False,-1.0
run-3ceaa0e4676003ac,SC-C-05,no_context,0,profile_dialogue_conflict,medium,low,medium,recommendation,True,5,1.0,1.0,3.0,1.0,0.0,0.0,0.0,1.0,0.43478260869565216,10,1.0,0.0,0,True,1.0,1.0,1,29508.033,1,1.0,False,False,False,,False,,False,False,,1,recommendation,,False,False,False,False,-1.0
run-188a8d0550ccc9f1,SC-C-05,no_context,1,profile_dialogue_conflict,medium,low,medium,recommendation,True,5,1.0,1.0,3.0,1.0,0.0,0.0,0.0,1.0,0.43478260869565216,10,1.0,0.0,0,True,1.0,1.0,1,14551.395,1,1.0,False,False,False,,False,,False,False,,1,recommendation,,False,False,False,False,-1.0
run-b59197931236a821,SC-C-05,no_context,2,profile_dialogue_conflict,medium,low,medium,recommendation,True,5,1.0,1.0,3.0,1.0,0.0,0.0,0.0,1.0,0.43478260869565216,10,1.0,0.0,0,True,1.0,1.0,1,19991.7,1,1.0,False,False,False,,False,,False,False,,1,recommendation,,False,False,False,False,-1.0
run-62573029114c0f29,SC-D-01,no_context,0,preference_change,medium,high,high,recommendation,True,5,0.49125969208957576,0.6,1.8,0.6,0.4,0.0,0.2,1.0,0.4230769230769231,11,1.0,0.0,0,True,1.0,1.0,2,169149.355,0,0.75,False,False,False,,False,,False,False,,2,recommendation,,False,False,False,False,-2.0
run-f2b06819f6cdf5c3,SC-D-01,no_context,1,preference_change,medium,high,high,recommendation,True,5,0.49125969208957576,0.6,1.8,0.6,0.4,0.0,0.2,1.0,0.4230769230769231,11,1.0,0.0,0,True,1.0,1.0,2,76291.576,0,0.75,False,False,False,,False,,False,False,,2,recommendation,,False,False,False,False,-2.0
run-48010f9c27336ede,SC-D-01,no_context,2,preference_change,medium,high,high,recommendation,True,5,0.49125969208957576,0.6,1.8,0.6,0.4,0.0,0.2,1.0,0.4230769230769231,11,1.0,0.0,0,True,1.0,1.0,2,84140.349,0,0.75,False,False,False,,False,,False,False,,2,recommendation,,False,False,False,False,-2.0
run-07debd3836121a4c,SC-D-02,no_context,0,preference_change,medium,high,medium,recommendation,True,5,0.5531464700081438,0.4,0.8,0.4,0.6,0.2,0.0,1.0,0.5,14,1.0,0.0,0,True,1.0,1.0,2,93877.562,0,0.75,False,False,False,,False,,False,False,,2,recommendation,,False,False,False,False,-2.0
run-e791d1ca36891afd,SC-D-02,no_context,1,preference_change,medium,high,medium,recommendation,True,5,0.5531464700081438,0.4,0.8,0.4,0.6,0.2,0.0,1.0,1.0,28,1.0,0.0,0,True,1.0,1.0,2,356054.502,0,0.75,False,False,False,,False,,False,False,,2,recommendation,,False,False,False,False,-2.0
run-19ef64ede03e3f70,SC-D-02,no_context,2,preference_change,medium,high,medium,recommendation,True,5,0.5531464700081438,0.4,0.8,0.4,0.6,0.2,0.0,1.0,0.8214285714285714,23,1.0,0.0,0,True,1.0,1.0,2,348166.962,0,0.75,False,False,False,,False,,False,False,,2,recommendation,,False,False,False,False,-2.0
run-a5cfa0e1e29cea11,SC-D-03,no_context,0,preference_change,hard,high,high,recommendation,True,5,0.7227265726449517,0.6,1.8,0.6,0.6,0.1,0.4,1.0,0.8,20,1.0,0.0,0,True,1.0,1.0,2,149091.891,0,0.75,False,False,False,,False,,False,False,,2,recommendation,,False,False,False,False,-2.0
run-ecc7ecbcc7f2b4d6,SC-D-03,no_context,1,preference_change,hard,high,high,recommendation,True,5,0.6992148198508501,0.6,1.8,0.6,0.6,0.2,0.2,1.0,0.4,10,1.0,0.0,0,True,1.0,1.0,2,31352.745,0,0.75,False,False,False,,False,,False,False,,2,recommendation,,False,False,False,False,-2.0
run-d1062de1551992e2,SC-D-03,no_context,2,preference_change,hard,high,high,recommendation,True,5,0.7227265726449517,0.6,1.8,0.6,0.6,0.1,0.4,1.0,0.56,14,1.0,0.0,0,True,1.0,1.0,2,27440.124,0,0.75,False,False,False,,False,,False,False,,2,recommendation,,False,False,False,False,-2.0
run-ee78a1a347e718c6,SC-D-04,no_context,0,preference_change,medium,high,medium,recommendation,True,5,0.6608397947263838,0.8,2.4,0.8,0.4,0.1,0.2,1.0,0.35714285714285715,10,1.0,0.0,0,True,1.0,1.0,2,26109.026,0,0.75,False,False,False,,False,,False,False,,2,recommendation,,False,False,False,False,-2.0
run-36f70902baf2605c,SC-D-04,no_context,1,preference_change,medium,high,medium,recommendation,True,5,0.6608397947263838,0.8,2.4,0.8,0.4,0.1,0.2,1.0,0.8214285714285714,23,1.0,0.0,0,True,1.0,1.0,2,173951.331,0,0.75,False,False,False,,False,,False,False,,2,recommendation,,False,False,False,False,-2.0
run-bad7bc9b35ba648e,SC-D-04,no_context,2,preference_change,medium,high,medium,recommendation,True,5,0.6608397947263838,0.8,2.4,0.8,0.4,0.1,0.2,1.0,0.35714285714285715,10,1.0,0.0,0,True,1.0,1.0,2,223108.307,0,0.75,False,False,False,,False,,False,False,,2,recommendation,,False,False,False,False,-2.0
run-3ca09ee4663ee36e,SC-D-05,no_context,0,preference_change,medium,high,high,recommendation,True,5,0.8539316501572934,0.8,2.4,0.8,0.2,0.0,0.2,1.0,0.7142857142857143,15,1.0,0.0,0,True,1.0,1.0,2,24181.033,0,0.75,False,False,False,,False,,False,False,,2,recommendation,,False,False,False,False,-2.0
run-33025bf9675b9c53,SC-D-05,no_context,1,preference_change,medium,high,high,recommendation,True,5,0.8539316501572934,0.8,2.4,0.8,0.2,0.0,0.2,1.0,0.42857142857142855,9,1.0,0.0,0,True,1.0,1.0,2,351785.529,0,0.75,False,False,False,,False,,False,False,,2,recommendation,,False,False,False,False,-2.0
run-50b2b7111a212006,SC-D-05,no_context,2,preference_change,medium,high,high,recommendation,True,5,0.8539316501572934,0.8,2.4,0.8,0.2,0.0,0.2,1.0,0.42857142857142855,9,1.0,0.0,0,True,1.0,1.0,2,57253.875,0,0.75,False,False,False,,False,,False,False,,2,recommendation,,False,False,False,False,-2.0
run-809856b19e987477,SC-D-06,no_context,0,preference_change,medium,high,medium,recommendation,True,5,0.6548086577531306,0.6,1.8,0.6,0.4,0.0,0.0,1.0,0.8571428571428571,24,1.0,0.0,0,True,1.0,1.0,2,36174.446,0,0.75,False,False,False,,False,,False,False,,2,recommendation,,False,False,False,False,-2.0
run-f3f30df9a4b8d9a5,SC-D-06,no_context,1,preference_change,medium,high,medium,recommendation,True,5,0.6548086577531306,0.6,1.8,0.6,0.4,0.0,0.0,1.0,0.8571428571428571,24,1.0,0.0,0,True,1.0,1.0,2,99509.68,0,0.75,False,False,False,,False,,False,False,,2,recommendation,,False,False,False,False,-2.0
run-82121d93599b573f,SC-D-06,no_context,2,preference_change,medium,high,medium,recommendation,True,5,0.6548086577531306,0.6,1.8,0.6,0.4,0.0,0.0,1.0,0.8571428571428571,24,1.0,0.0,0,True,1.0,1.0,2,30698.441,0,0.75,False,False,False,,False,,False,False,,2,recommendation,,False,False,False,False,-2.0
run-d0fd6be062307c7b,SC-D-07,no_context,0,preference_change,medium,high,medium,recommendation,True,5,0.5087403079104241,0.4,1.2,0.4,0.6,0.0,0.2,1.0,0.8095238095238095,17,1.0,0.0,0,True,1.0,1.0,2,38108.305,0,0.75,False,False,False,,False,,False,False,,2,recommendation,,False,False,False,False,-2.0
run-68d48029a60ec89f,SC-D-07,no_context,1,preference_change,medium,high,medium,recommendation,True,5,0.5087403079104241,0.4,1.2,0.4,0.6,0.0,0.2,1.0,0.5238095238095238,11,1.0,0.0,0,True,1.0,1.0,2,50284.938,0,0.75,False,False,False,,False,,False,False,,2,recommendation,,False,False,False,False,-2.0
run-3620dcf5bb5744a2,SC-D-07,no_context,2,preference_change,medium,high,medium,recommendation,True,5,0.5087403079104241,0.4,1.2,0.4,0.6,0.0,0.2,1.0,0.8095238095238095,17,1.0,0.0,0,True,1.0,1.0,2,46095.46,0,0.75,False,False,False,,False,,False,False,,2,recommendation,,False,False,False,False,-2.0
run-cb26f0bc1de44dfe,SC-D-08,no_context,0,preference_change,medium,high,medium,recommendation,True,5,0.8687949224876581,0.8,2.4,0.8,0.2,0.0,0.2,1.0,0.7857142857142857,22,1.0,0.0,0,True,1.0,1.0,2,15269.982,0,0.75,False,False,False,,False,,False,False,,2,recommendation,,False,False,False,False,-2.0
run-13afd1c7ef164da6,SC-D-08,no_context,1,preference_change,medium,high,medium,recommendation,True,5,0.8687949224876581,0.8,2.4,0.8,0.2,0.0,0.2,1.0,0.7857142857142857,22,1.0,0.0,0,True,1.0,1.0,2,14219.671,0,0.75,False,False,False,,False,,False,False,,2,recommendation,,False,False,False,False,-2.0
run-40d744a8e6f22616,SC-D-08,no_context,2,preference_change,medium,high,medium,recommendation,True,5,0.8687949224876581,0.8,2.4,0.8,0.2,0.0,0.2,1.0,0.6071428571428571,17,1.0,0.0,0,True,1.0,1.0,2,14322.047,0,0.75,False,False,False,,False,,False,False,,2,recommendation,,False,False,False,False,-2.0
run-688fc7e2f44ed2f2,SC-D-09,no_context,0,preference_change,hard,high,medium,recommendation,True,5,0.5147714448836774,0.6,1.8,0.6,0.4,0.1,0.2,1.0,0.391304347826087,9,1.0,0.0,0,True,1.0,1.0,2,20379.387,0,0.75,False,False,False,,False,,False,False,,2,recommendation,,False,False,False,False,-2.0
run-87f02234f88d5831,SC-D-09,no_context,1,preference_change,hard,high,medium,recommendation,True,5,0.5147714448836774,0.6,1.8,0.6,0.4,0.1,0.2,1.0,0.5652173913043478,13,1.0,0.0,0,True,1.0,1.0,2,37877.563,0,0.75,False,False,False,,False,,False,False,,2,recommendation,,False,False,False,False,-2.0
run-7ebc93e6754f1bb3,SC-D-09,no_context,2,preference_change,hard,high,medium,recommendation,True,5,0.5147714448836774,0.6,1.8,0.6,0.4,0.1,0.2,1.0,0.5652173913043478,13,1.0,0.0,0,True,1.0,1.0,2,33417.934,0,0.75,False,False,False,,False,,False,False,,2,recommendation,,False,False,False,False,-2.0
run-81291fb5e9520a72,SC-D-10,no_context,0,preference_change,medium,high,medium,recommendation,True,5,0.529634717214042,0.6,1.8,0.6,0.6,0.1,0.4,1.0,0.8260869565217391,19,1.0,0.0,0,True,1.0,1.0,2,22499.781,0,0.75,False,False,False,,False,,False,False,,2,recommendation,,False,False,False,False,-2.0
run-3996e6744fffc569,SC-D-10,no_context,1,preference_change,medium,high,medium,recommendation,True,5,0.529634717214042,0.6,1.8,0.6,0.6,0.1,0.4,1.0,0.8260869565217391,19,1.0,0.0,0,True,1.0,1.0,2,20265.849,0,0.75,False,False,False,,False,,False,False,,2,recommendation,,False,False,False,False,-2.0
run-6c88b2e46218c519,SC-D-10,no_context,2,preference_change,medium,high,medium,recommendation,True,5,0.529634717214042,0.6,1.8,0.6,0.6,0.1,0.4,1.0,0.8260869565217391,19,1.0,0.0,0,True,1.0,1.0,2,166213.033,0,0.75,False,False,False,,False,,False,False,,2,recommendation,,False,False,False,False,-2.0
run-4135fc9f33a52631,SC-D-11,no_context,0,preference_change,medium,high,medium,recommendation,True,5,0.4703652827859579,0.4,1.2,0.4,0.6,0.1,0.0,1.0,0.8846153846153846,23,1.0,0.0,0,True,1.0,1.0,3,14238.59,0,0.75,False,False,False,,False,,False,False,,3,recommendation,,False,False,False,False,-3.0
run-8b6a0be310d169fd,SC-D-11,no_context,1,preference_change,medium,high,medium,recommendation,True,5,0.4703652827859579,0.4,1.2,0.4,0.6,0.1,0.0,1.0,0.8846153846153846,23,1.0,0.0,0,True,1.0,1.0,3,11867.108,0,0.75,False,False,False,,False,,False,False,,3,recommendation,,False,False,False,False,-3.0
run-c6b4be2a2bcc1f45,SC-D-11,no_context,2,preference_change,medium,high,medium,recommendation,True,5,0.4703652827859579,0.4,1.2,0.4,0.6,0.1,0.0,1.0,0.6923076923076923,18,1.0,0.0,0,True,1.0,1.0,3,10359.914,0,0.75,False,False,False,,False,,False,False,,3,recommendation,,False,False,False,False,-3.0
run-7a81aa198df7a360,SC-D-12,no_context,0,preference_change,hard,high,high,recommendation,True,5,0.4554594382818066,0.2,0.6,0.2,0.8,0.0,0.0,1.0,0.6428571428571429,18,1.0,0.0,0,True,1.0,1.0,3,28385.315,0,0.75,False,False,False,,False,,False,False,,3,recommendation,,False,False,False,False,-3.0
run-bfc1fb37d31beee3,SC-D-12,no_context,1,preference_change,hard,high,high,recommendation,True,5,0.4554594382818066,0.2,0.6,0.2,0.8,0.0,0.0,1.0,0.8571428571428571,24,1.0,0.0,0,True,1.0,1.0,3,16920.029,0,0.75,False,False,False,,False,,False,False,,3,recommendation,,False,False,False,False,-3.0
run-169749d452c80c28,SC-D-12,no_context,2,preference_change,hard,high,high,recommendation,True,5,0.4554594382818066,0.2,0.6,0.2,0.8,0.0,0.0,1.0,0.8571428571428571,24,1.0,0.0,0,True,1.0,1.0,3,15167.008,0,0.75,False,False,False,,False,,False,False,,3,recommendation,,False,False,False,False,-3.0
run-a91e83d95f4150ea,SC-E-01,no_context,0,multiple_hard,hard,none,high,recommendation,True,5,1.0,0.2,0.6,0.2,1.0,0.1,0.0,1.0,0.8846153846153846,23,1.0,0.0,0,True,1.0,1.0,1,20866.798,0,0.75,False,False,False,,False,,False,False,,1,recommendation,,False,False,False,False,-1.0
run-121bae4857799859,SC-E-01,no_context,1,multiple_hard,hard,none,high,recommendation,True,5,1.0,0.2,0.6,0.2,1.0,0.1,0.0,1.0,0.8846153846153846,23,1.0,0.0,0,True,1.0,1.0,1,17823.079,0,0.75,False,False,False,,False,,False,False,,1,recommendation,,False,False,False,False,-1.0
run-2cd8b7888af1dfd8,SC-E-01,no_context,2,multiple_hard,hard,none,high,recommendation,True,5,1.0,0.2,0.6,0.2,1.0,0.1,0.0,1.0,0.8846153846153846,23,1.0,0.0,0,True,1.0,1.0,1,41623.829,0,0.75,False,False,False,,False,,False,False,,1,recommendation,,False,False,False,False,-1.0
run-fd0875ba4dfb44d6,SC-E-02,no_context,0,multiple_hard,hard,none,high,recommendation,True,5,0.0,0.0,0.0,0.0,1.2,0.0,0.2,1.0,1.0,25,1.0,0.0,0,True,1.0,1.0,1,356330.84,0,0.5,True,False,False,,False,,False,False,,1,recommendation,,False,False,False,False,-1.0
run-de51ed580b1ab50d,SC-E-02,no_context,1,multiple_hard,hard,none,high,recommendation,True,5,0.0,0.0,0.0,0.0,1.2,0.0,0.2,1.0,0.64,16,1.0,0.0,0,True,1.0,1.0,1,252933.306,0,0.5,True,False,False,,False,,False,False,,1,recommendation,,False,False,False,False,-1.0
run-6ddc9f9b58c14914,SC-E-02,no_context,2,multiple_hard,hard,none,high,recommendation,True,5,0.0,0.0,0.0,0.0,1.2,0.0,0.2,1.0,1.0,25,1.0,0.0,0,True,1.0,1.0,1,356812.662,0,0.5,True,False,False,,False,,False,False,,1,recommendation,,False,False,False,False,-1.0
run-d7b85c1dbc2e2b84,SC-E-03,no_context,0,multiple_hard,hard,none,high,recommendation,True,5,0.651615141503056,0.4,1.2,0.4,1.0,0.15,0.2,1.0,0.5925925925925926,16,1.0,0.0,0,True,1.0,1.0,1,54970.688,0,0.75,False,False,False,,False,,False,False,,1,recommendation,,False,False,False,False,-1.0
run-175d816b8367baac,SC-E-03,no_context,1,multiple_hard,hard,none,high,recommendation,True,5,0.651615141503056,0.4,1.2,0.4,1.0,0.15,0.2,1.0,0.5925925925925926,16,1.0,0.0,0,True,1.0,1.0,1,40071.324,0,0.75,False,False,False,,False,,False,False,,1,recommendation,,False,False,False,False,-1.0
run-dc695ad65d795df3,SC-E-03,no_context,2,multiple_hard,hard,none,high,recommendation,True,5,0.651615141503056,0.4,1.2,0.4,1.0,0.15,0.2,1.0,0.5925925925925926,16,1.0,0.0,0,True,1.0,1.0,1,38958.474,0,0.75,False,False,False,,False,,False,False,,1,recommendation,,False,False,False,False,-1.0
run-6906bd9b7990509a,SC-E-04,no_context,0,multiple_hard,hard,none,high,recommendation,True,5,,,,0.0,1.8,0.15,0.2,1.0,0.782608695652174,18,1.0,0.0,0,True,1.0,1.0,1,16836.966,0,0.5,True,False,False,,False,,False,False,,1,recommendation,,False,False,False,False,-1.0
run-38e71c05cfcffb71,SC-E-04,no_context,1,multiple_hard,hard,none,high,recommendation,True,5,,,,0.0,1.8,0.15,0.2,1.0,0.782608695652174,18,1.0,0.0,0,True,1.0,1.0,1,83224.218,0,0.5,True,False,False,,False,,False,False,,1,recommendation,,False,False,False,False,-1.0
run-0f9dd47be805d0d2,SC-E-04,no_context,2,multiple_hard,hard,none,high,recommendation,True,5,,,,0.0,1.8,0.15,0.2,1.0,0.782608695652174,18,1.0,0.0,0,True,1.0,1.0,1,149660.783,0,0.5,True,False,False,,False,,False,False,,1,recommendation,,False,False,False,False,-1.0
run-e2b8b5101f670dfe,SC-E-05,no_context,0,multiple_hard,hard,none,high,recommendation,True,5,0.0,0.0,0.0,0.0,2.2,0.2,0.4,1.0,0.5769230769230769,15,1.0,0.0,0,True,1.0,1.0,1,105016.871,0,0.75,False,False,False,,False,,False,False,,1,recommendation,,False,False,False,False,-1.0
run-b89fda5b70005cab,SC-E-05,no_context,1,multiple_hard,hard,none,high,recommendation,True,5,0.0,0.0,0.0,0.0,2.2,0.2,0.4,1.0,0.8076923076923077,21,1.0,0.0,0,True,1.0,1.0,1,78794.173,0,0.75,False,False,False,,False,,False,False,,1,recommendation,,False,False,False,False,-1.0
run-d9ecb9bb93d66dae,SC-E-05,no_context,2,multiple_hard,hard,none,high,recommendation,True,5,0.0,0.0,0.0,0.0,2.2,0.2,0.4,1.0,0.8076923076923077,21,1.0,0.0,0,True,1.0,1.0,1,87505.308,0,0.75,False,False,False,,False,,False,False,,1,recommendation,,False,False,False,False,-1.0
run-626495f4dbb14cf3,SC-F-01,no_context,0,soft_tradeoff,medium,none,low,recommendation,True,5,1.0,1.0,3.0,1.0,0.0,0.0,0.0,1.0,1.0,23,1.0,0.0,0,True,1.0,1.0,1,32639.185,1,1.0,False,False,False,,False,,False,False,,1,recommendation,,False,False,False,False,-1.0
run-deef30be3782be8a,SC-F-01,no_context,1,soft_tradeoff,medium,none,low,recommendation,True,5,1.0,1.0,3.0,1.0,0.0,0.0,0.0,1.0,1.0,23,1.0,0.0,0,True,1.0,1.0,1,33950.675,1,1.0,False,False,False,,False,,False,False,,1,recommendation,,False,False,False,False,-1.0
run-82654eb217e99ef6,SC-F-01,no_context,2,soft_tradeoff,medium,none,low,recommendation,True,5,1.0,1.0,3.0,1.0,0.0,0.0,0.0,1.0,1.0,23,1.0,0.0,0,True,1.0,1.0,1,92868.381,1,1.0,False,False,False,,False,,False,False,,1,recommendation,,False,False,False,False,-1.0
run-c898b60149672477,SC-F-02,no_context,0,soft_tradeoff,medium,none,low,recommendation,True,5,1.0,1.0,3.0,1.0,0.0,0.0,0.0,1.0,1.0,23,1.0,0.0,0,True,1.0,1.0,1,50636.763,1,1.0,False,False,False,,False,,False,False,,1,recommendation,,False,False,False,False,-1.0
run-1619336f4c8443db,SC-F-02,no_context,1,soft_tradeoff,medium,none,low,recommendation,True,5,1.0,1.0,3.0,1.0,0.0,0.0,0.0,1.0,1.0,23,1.0,0.0,0,True,1.0,1.0,1,16343.918,1,1.0,False,False,False,,False,,False,False,,1,recommendation,,False,False,False,False,-1.0
run-f5d02c54d049405c,SC-F-02,no_context,2,soft_tradeoff,medium,none,low,recommendation,True,5,1.0,1.0,3.0,1.0,0.0,0.0,0.0,1.0,1.0,23,1.0,0.0,0,True,1.0,1.0,1,45935.739,1,1.0,False,False,False,,False,,False,False,,1,recommendation,,False,False,False,False,-1.0
run-c12d31a0c14e4ea4,SC-F-03,no_context,0,soft_tradeoff,easy,none,low,recommendation,True,5,1.0,1.0,3.0,1.0,0.0,0.0,0.0,1.0,1.0,22,1.0,0.0,0,True,1.0,1.0,1,50393.313,1,1.0,False,False,False,,False,,False,False,,1,recommendation,,False,False,False,False,-1.0
run-ed9ded3530a007da,SC-F-03,no_context,1,soft_tradeoff,easy,none,low,recommendation,True,5,1.0,1.0,3.0,1.0,0.0,0.0,0.0,1.0,0.7272727272727273,16,1.0,0.0,0,True,1.0,1.0,1,32611.065,1,1.0,False,False,False,,False,,False,False,,1,recommendation,,False,False,False,False,-1.0
run-53706f05bed87dad,SC-F-03,no_context,2,soft_tradeoff,easy,none,low,recommendation,True,5,1.0,1.0,3.0,1.0,0.0,0.0,0.0,1.0,1.0,22,1.0,0.0,0,True,1.0,1.0,1,18907.621,1,1.0,False,False,False,,False,,False,False,,1,recommendation,,False,False,False,False,-1.0
run-d03cdd5172e2e4bb,SC-F-04,no_context,0,soft_tradeoff,medium,none,low,recommendation,True,5,0.6608397947263838,0.8,2.4,0.8,0.2,0.0,0.2,1.0,1.0,20,1.0,0.0,0,True,1.0,1.0,1,12026.62,0,0.75,False,False,False,,False,,False,False,,1,recommendation,,False,False,False,False,-1.0
run-ebb905b917de9aa9,SC-F-04,no_context,1,soft_tradeoff,medium,none,low,recommendation,True,5,0.6608397947263838,0.8,2.4,0.8,0.2,0.0,0.2,1.0,1.0,20,1.0,0.0,0,True,1.0,1.0,1,12548.71,0,0.75,False,False,False,,False,,False,False,,1,recommendation,,False,False,False,False,-1.0
run-d7f754d1c6032500,SC-F-04,no_context,2,soft_tradeoff,medium,none,low,recommendation,True,5,0.6608397947263838,0.8,2.4,0.8,0.2,0.0,0.2,1.0,1.0,20,1.0,0.0,0,True,1.0,1.0,1,16045.001,0,0.75,False,False,False,,False,,False,False,,1,recommendation,,False,False,False,False,-1.0
run-8fd820fb0fd3fa83,SC-G-01,no_context,0,ambiguous_role,hard,none,low,recommendation,True,5,0.3316685127789668,0.8,1.8,1.0,0.0,0.0,0.0,1.0,0.7931034482758621,23,1.0,0.0,0,True,1.0,1.0,1,235372.515,0,0.5,False,False,True,,False,,False,False,,1,recommendation,target_roles,False,False,False,False,-1000001.0
run-e69a6fbcad4061ce,SC-G-01,no_context,1,ambiguous_role,hard,none,low,recommendation,True,5,0.3316685127789668,0.8,1.8,1.0,0.0,0.0,0.0,1.0,0.5517241379310345,16,1.0,0.0,0,True,1.0,1.0,1,14069.9,0,0.5,False,False,True,,False,,False,False,,1,recommendation,target_roles,False,False,False,False,-1000001.0
run-16a39058c7f3cf9e,SC-G-01,no_context,2,ambiguous_role,hard,none,low,recommendation,True,5,0.3316685127789668,0.8,1.8,1.0,0.0,0.0,0.0,1.0,0.7931034482758621,23,1.0,0.0,0,True,1.0,1.0,1,183484.639,0,0.5,False,False,True,,False,,False,False,,1,recommendation,target_roles,False,False,False,False,-1000001.0
run-a191e82fe0552ab5,SC-G-02,no_context,0,ambiguous_role,hard,none,low,recommendation,True,5,0.4610028261682071,0.6,1.6,0.6,0.4,0.0,0.4,1.0,0.5882352941176471,10,1.0,0.0,0,True,1.0,1.0,1,178797.203,0,0.25,False,False,True,,False,,False,False,,1,recommendation,target_roles,False,False,False,False,-1000001.0
run-3df61f770d52dd70,SC-G-02,no_context,1,ambiguous_role,hard,none,low,recommendation,True,5,0.4610028261682071,0.6,1.6,0.6,0.4,0.0,0.4,1.0,1.0,17,1.0,0.0,0,True,1.0,1.0,1,183081.197,0,0.25,False,False,True,,False,,False,False,,1,recommendation,target_roles,False,False,False,False,-1000001.0
run-48d6ce857c49a2d2,SC-G-02,no_context,2,ambiguous_role,hard,none,low,recommendation,True,5,0.4610028261682071,0.6,1.6,0.6,0.4,0.0,0.4,1.0,0.5882352941176471,10,1.0,0.0,0,True,1.0,1.0,1,225307.922,0,0.25,False,False,True,,False,,False,False,,1,recommendation,target_roles,False,False,False,False,-1000001.0
run-fe2c6fd3e3730afe,SC-H-01,no_context,0,no_match,hard,none,high,recommendation,True,5,,,,0.0,1.4,0.13333333333333333,0.2,1.0,0.9523809523809523,20,1.0,0.0,0,True,1.0,1.0,1,186798.26,0,0.5,True,False,False,,False,,False,False,,1,recommendation,,False,False,False,False,-1.0
run-d2b9a396554a407b,SC-H-01,no_context,1,no_match,hard,none,high,recommendation,True,5,,,,0.0,1.4,0.13333333333333333,0.2,1.0,0.9523809523809523,20,1.0,0.0,0,True,1.0,1.0,1,182778.438,0,0.5,True,False,False,,False,,False,False,,1,recommendation,,False,False,False,False,-1.0
run-08eb0ce23ff8c058,SC-H-01,no_context,2,no_match,hard,none,high,recommendation,True,5,,,,0.0,1.4,0.13333333333333333,0.2,1.0,0.9523809523809523,20,1.0,0.0,0,True,1.0,1.0,1,195612.036,0,0.5,True,False,False,,False,,False,False,,1,recommendation,,False,False,False,False,-1.0
run-b322099a86af125a,SC-H-02,no_context,0,no_match,hard,none,high,recommendation,True,5,,,,0.0,1.6,0.2,0.4,1.0,0.8181818181818182,18,1.0,0.0,0,True,1.0,1.0,1,35108.257,0,0.5,True,False,False,,False,,False,False,,1,recommendation,,False,False,False,False,-1.0
run-25bb9ab7e7a7365a,SC-H-02,no_context,1,no_match,hard,none,high,recommendation,True,5,,,,0.0,1.6,0.2,0.4,1.0,0.8181818181818182,18,1.0,0.0,0,True,1.0,1.0,1,124644.834,0,0.5,True,False,False,,False,,False,False,,1,recommendation,,False,False,False,False,-1.0
run-64dbfef590df5805,SC-H-02,no_context,2,no_match,hard,none,high,recommendation,True,5,,,,0.0,1.6,0.2,0.4,1.0,0.8181818181818182,18,1.0,0.0,0,True,1.0,1.0,1,60999.131,0,0.5,True,False,False,,False,,False,False,,1,recommendation,,False,False,False,False,-1.0
run-ea2e4f2c800425a8,SC-H-03,no_context,0,no_match,hard,none,high,recommendation,True,5,,,,0.0,1.6,0.2,0.0,1.0,0.9444444444444444,17,1.0,0.0,0,True,1.0,1.0,1,167582.446,0,0.5,True,False,False,,False,,False,False,,1,recommendation,,False,False,False,False,-1.0
run-e09a9c6c7fbe74db,SC-H-03,no_context,1,no_match,hard,none,high,recommendation,True,5,,,,0.0,1.6,0.2,0.0,1.0,0.9444444444444444,17,1.0,0.0,0,True,1.0,1.0,1,188284.6,0,0.5,True,False,False,,False,,False,False,,1,recommendation,,False,False,False,False,-1.0
run-b7f8311340d0f5c0,SC-H-03,no_context,2,no_match,hard,none,high,recommendation,True,5,,,,0.0,1.6,0.2,0.0,1.0,0.9444444444444444,17,1.0,0.0,0,True,1.0,1.0,1,32761.658,0,0.5,True,False,False,,False,,False,False,,1,recommendation,,False,False,False,False,-1.0
run-f2913fb769b7d837,SC-A-01,no_memory,0,complete,easy,none,medium,recommendation,True,5,0.8415580415114009,1.0,2.6,1.0,0.0,0.0,0.0,1.0,0.7857142857142857,22,1.0,0.0,0,True,1.0,1.0,1,19405.226,1,1.0,False,False,False,,False,,False,False,,1,recommendation,,False,False,False,False,-1.0
run-548b9449d2e5ac2b,SC-A-01,no_memory,1,complete,easy,none,medium,recommendation,True,5,0.8415580415114009,1.0,2.6,1.0,0.0,0.0,0.0,1.0,0.7857142857142857,22,1.0,0.0,0,True,1.0,1.0,1,17723.602,1,1.0,False,False,False,,False,,False,False,,1,recommendation,,False,False,False,False,-1.0
run-cfbfb19332bde82e,SC-A-01,no_memory,2,complete,easy,none,medium,recommendation,True,5,0.8415580415114009,1.0,2.6,1.0,0.0,0.0,0.0,1.0,0.7857142857142857,22,1.0,0.0,0,True,1.0,1.0,1,15067.998,1,1.0,False,False,False,,False,,False,False,,1,recommendation,,False,False,False,False,-1.0
run-7b8861c80024d738,SC-A-02,no_memory,0,complete,easy,none,medium,recommendation,True,5,1.0,1.0,3.0,1.0,0.0,0.0,0.0,1.0,0.7391304347826086,17,1.0,0.0,0,True,1.0,1.0,1,14779.315,1,1.0,False,False,False,,False,,False,False,,1,recommendation,,False,False,False,False,-1.0
run-cacf78bafbbad965,SC-A-02,no_memory,1,complete,easy,none,medium,recommendation,True,5,1.0,1.0,3.0,1.0,0.0,0.0,0.0,1.0,0.7391304347826086,17,1.0,0.0,0,True,1.0,1.0,1,29899.415,1,1.0,False,False,False,,False,,False,False,,1,recommendation,,False,False,False,False,-1.0
run-cec16e049668dcae,SC-A-02,no_memory,2,complete,easy,none,medium,recommendation,True,5,1.0,1.0,3.0,1.0,0.0,0.0,0.0,1.0,0.7391304347826086,17,1.0,0.0,0,True,1.0,1.0,1,47945.582,1,1.0,False,False,False,,False,,False,False,,1,recommendation,,False,False,False,False,-1.0
run-427de9f5f80631bb,SC-A-03,no_memory,0,complete,easy,none,medium,recommendation,True,2,0.5531464700081437,1.0,3.0,1.0,0.0,0.0,0.0,1.0,0.7692307692307693,10,1.0,0.0,0,True,1.0,1.0,1,14875.312,1,1.0,False,False,False,,False,,False,False,,1,recommendation,,False,False,False,False,-1.0
run-13a88125b47c3116,SC-A-03,no_memory,1,complete,easy,none,medium,recommendation,True,5,1.0,1.0,3.0,1.0,0.0,0.0,0.0,1.0,0.7857142857142857,22,1.0,0.0,0,True,1.0,1.0,1,47517.953,1,1.0,False,False,False,,False,,False,False,,1,recommendation,,False,False,False,False,-1.0
run-65fb89d7c4ce4fff,SC-A-03,no_memory,2,complete,easy,none,medium,recommendation,True,3,0.7227265726449517,1.0,3.0,1.0,0.0,0.0,0.0,1.0,0.7777777777777778,14,1.0,0.0,0,True,1.0,1.0,1,50158.291,1,1.0,False,False,False,,False,,False,False,,1,recommendation,,False,False,False,False,-1.0
run-eeb7dfd13c9983fc,SC-A-04,no_memory,0,complete,medium,none,medium,no_match,True,0,,,,,,,,,1.0,6,1.0,0.0,0,True,1.0,1.0,1,23834.426,0,0.25,False,True,False,,False,,False,False,,1,no_match,,False,False,False,False,-1.0
run-561879026bd8c4cc,SC-A-04,no_memory,1,complete,medium,none,medium,no_match,True,0,,,,,,,,,1.0,6,1.0,0.0,0,True,1.0,1.0,1,20067.633,0,0.25,False,True,False,,False,,False,False,,1,no_match,,False,False,False,False,-1.0
run-b788fe5ef4d59d69,SC-A-04,no_memory,2,complete,medium,none,medium,no_match,True,0,,,,,,,,,1.0,6,1.0,0.0,0,True,1.0,1.0,1,219920.675,0,0.25,False,True,False,,False,,False,False,,1,no_match,,False,False,False,False,-1.0
run-f1776cca757489d5,SC-A-05,no_memory,0,complete,easy,none,medium,recommendation,True,5,1.0,1.0,3.0,1.0,0.0,0.0,0.0,1.0,0.7391304347826086,17,1.0,0.0,0,True,1.0,1.0,1,34657.249,1,1.0,False,False,False,,False,,False,False,,1,recommendation,,False,False,False,False,-1.0
run-40302b8b799e3bf1,SC-A-05,no_memory,1,complete,easy,none,medium,recommendation,True,5,1.0,1.0,3.0,1.0,0.0,0.0,0.0,1.0,0.7391304347826086,17,1.0,0.0,0,True,1.0,1.0,1,27954.548,1,1.0,False,False,False,,False,,False,False,,1,recommendation,,False,False,False,False,-1.0
run-a43e1603dbdaba0d,SC-A-05,no_memory,2,complete,easy,none,medium,recommendation,True,5,1.0,1.0,3.0,1.0,0.0,0.0,0.0,1.0,0.7391304347826086,17,1.0,0.0,0,True,1.0,1.0,1,18330.664,1,1.0,False,False,False,,False,,False,False,,1,recommendation,,False,False,False,False,-1.0
run-41743e06e2fc2011,SC-A-06,no_memory,0,complete,medium,none,medium,recommendation,True,5,1.0,1.0,3.0,1.0,0.0,0.0,0.0,1.0,0.3333333333333333,9,1.0,0.0,0,True,1.0,1.0,1,29484.545,1,1.0,False,False,False,,False,,False,False,,1,recommendation,,False,False,False,False,-1.0
run-97bca49872a1b9c7,SC-A-06,no_memory,1,complete,medium,none,medium,recommendation,True,5,1.0,1.0,3.0,1.0,0.0,0.0,0.0,1.0,0.7777777777777778,21,1.0,0.0,0,True,1.0,1.0,1,14184.58,1,1.0,False,False,False,,False,,False,False,,1,recommendation,,False,False,False,False,-1.0
run-47b9d87d8c408db1,SC-A-06,no_memory,2,complete,medium,none,medium,recommendation,True,5,1.0,1.0,3.0,1.0,0.0,0.0,0.0,1.0,0.7777777777777778,21,1.0,0.0,0,True,1.0,1.0,1,16041.414,1,1.0,False,False,False,,False,,False,False,,1,recommendation,,False,False,False,False,-1.0
run-54dfa16175253c38,SC-B-01,no_memory,0,clarification,medium,none,low,recommendation,True,5,1.0,1.0,2.0,1.0,0.0,0.0,0.0,1.0,1.0,23,1.0,0.0,0,True,1.0,1.0,2,13438.645,1,1.0,False,False,True,,True,target_roles,True,False,,2,recommendation,target_roles,False,False,False,False,-2.0
run-e08a8eb7877cb862,SC-B-01,no_memory,1,clarification,medium,none,low,recommendation,True,5,1.0,1.0,2.0,1.0,0.0,0.0,0.0,1.0,1.0,23,1.0,0.0,0,True,1.0,1.0,2,108870.953,1,1.0,False,False,True,,True,target_roles,True,False,,2,recommendation,target_roles,False,False,False,False,-2.0
run-6d394564f18187f9,SC-B-01,no_memory,2,clarification,medium,none,low,recommendation,True,5,1.0,1.0,2.0,1.0,0.0,0.0,0.0,1.0,1.0,23,1.0,0.0,0,True,1.0,1.0,2,8092.83,1,1.0,False,False,True,,True,target_roles,True,False,,2,recommendation,target_roles,False,False,False,False,-2.0
run-cf74c3eb23037fe3,SC-B-02,no_memory,0,clarification,medium,none,low,recommendation,True,5,1.0,1.0,3.0,1.0,0.0,0.0,0.0,1.0,1.0,16,1.0,0.0,0,True,1.0,1.0,2,10158.037,1,1.0,False,False,True,,True,target_roles,True,False,,2,recommendation,target_roles,False,False,False,False,-2.0
run-5db7b7d90d3ff8ce,SC-B-02,no_memory,1,clarification,medium,none,low,recommendation,True,5,1.0,1.0,3.0,1.0,0.0,0.0,0.0,1.0,1.0,16,1.0,0.0,0,True,1.0,1.0,2,51558.612,1,1.0,False,False,True,,True,target_roles,True,False,,2,recommendation,target_roles,False,False,False,False,-2.0
run-7f00802c340e2617,SC-B-02,no_memory,2,clarification,medium,none,low,recommendation,True,5,1.0,1.0,3.0,1.0,0.0,0.0,0.0,1.0,1.0,16,1.0,0.0,0,True,1.0,1.0,2,10940.306,1,1.0,False,False,True,,True,target_roles,True,False,,2,recommendation,target_roles,False,False,False,False,-2.0
run-380eeaa24d9d57c1,SC-B-03,no_memory,0,clarification,hard,none,low,recommendation,True,5,1.0,1.0,3.0,1.0,0.0,0.0,0.0,1.0,1.0,21,1.0,0.0,0,True,1.0,1.0,2,9725.077,1,1.0,False,False,True,,True,target_roles,True,False,,2,recommendation,target_roles,False,False,False,False,-2.0
run-a314881a5962c263,SC-B-03,no_memory,1,clarification,hard,none,low,recommendation,True,5,1.0,1.0,3.0,1.0,0.0,0.0,0.0,1.0,1.0,21,1.0,0.0,0,True,1.0,1.0,2,76347.712,1,1.0,False,False,True,,True,target_roles,True,False,,2,recommendation,target_roles,False,False,False,False,-2.0
run-0150d84e23782b10,SC-B-03,no_memory,2,clarification,hard,none,low,recommendation,True,5,1.0,1.0,3.0,1.0,0.0,0.0,0.0,1.0,1.0,21,1.0,0.0,0,True,1.0,1.0,2,39446.447,1,1.0,False,False,True,,True,target_roles,True,False,,2,recommendation,target_roles,False,False,False,False,-2.0
run-fad00c5c2a4305ab,SC-B-04,no_memory,0,clarification,medium,none,low,recommendation,True,5,0.7860137352654726,0.8,1.6,0.8,0.2,0.0,0.0,1.0,1.0,22,1.0,0.0,0,True,1.0,1.0,2,49207.44,0,0.75,False,False,True,,True,target_roles,True,False,,2,recommendation,target_roles,False,False,False,False,-2.0
run-2231a5437da60871,SC-B-04,no_memory,1,clarification,medium,none,low,recommendation,True,5,0.7860137352654726,0.8,1.6,0.8,0.2,0.0,0.0,1.0,0.7272727272727273,16,1.0,0.0,0,True,1.0,1.0,2,80017.776,0,0.75,False,False,True,,True,target_roles,True,False,,2,recommendation,target_roles,False,False,False,False,-2.0
run-802196ca10c28e03,SC-B-04,no_memory,2,clarification,medium,none,low,recommendation,True,5,0.7860137352654726,0.8,1.6,0.8,0.2,0.0,0.0,1.0,1.0,22,1.0,0.0,0,True,1.0,1.0,2,10509.607,0,0.75,False,False,True,,True,target_roles,True,False,,2,recommendation,target_roles,False,False,False,False,-2.0
run-9ad54128801f5701,SC-B-05,no_memory,0,clarification,medium,none,low,recommendation,True,5,1.0,1.0,3.0,1.0,0.0,0.0,0.0,1.0,1.0,11,1.0,0.0,0,True,1.0,1.0,2,9040.672,1,1.0,False,False,True,,True,target_roles,True,False,,2,recommendation,target_roles,False,False,False,False,-2.0
run-6587340871fe07d2,SC-B-05,no_memory,1,clarification,medium,none,low,recommendation,True,5,1.0,1.0,3.0,1.0,0.0,0.0,0.0,1.0,1.0,11,1.0,0.0,0,True,1.0,1.0,2,55177.855,1,1.0,False,False,True,,True,target_roles,True,False,,2,recommendation,target_roles,False,False,False,False,-2.0
run-e975e5cc647b3523,SC-B-05,no_memory,2,clarification,medium,none,low,recommendation,True,5,1.0,1.0,3.0,1.0,0.0,0.0,0.0,1.0,1.0,11,1.0,0.0,0,True,1.0,1.0,2,8970.737,1,1.0,False,False,True,,True,target_roles,True,False,,2,recommendation,target_roles,False,False,False,False,-2.0
run-4be88edbdd58b0b7,SC-C-01,no_memory,0,profile_dialogue_conflict,medium,medium,high,recommendation,True,5,0.936475914927914,1.0,2.4,1.0,0.0,0.0,0.0,1.0,0.7777777777777778,21,1.0,0.0,0,True,1.0,1.0,1,11830.169,1,1.0,False,False,False,,False,,False,False,,1,recommendation,,False,False,False,False,-1.0
run-2c5ed9ccf72ab3ff,SC-C-01,no_memory,1,profile_dialogue_conflict,medium,medium,high,recommendation,True,5,0.936475914927914,1.0,2.4,1.0,0.0,0.0,0.0,1.0,0.7777777777777778,21,1.0,0.0,0,True,1.0,1.0,1,90534.401,1,1.0,False,False,False,,False,,False,False,,1,recommendation,,False,False,False,False,-1.0
run-f31bacd7825a158b,SC-C-01,no_memory,2,profile_dialogue_conflict,medium,medium,high,recommendation,True,5,0.936475914927914,1.0,2.4,1.0,0.0,0.0,0.0,1.0,0.7777777777777778,21,1.0,0.0,0,True,1.0,1.0,1,77438.628,1,1.0,False,False,False,,False,,False,False,,1,recommendation,,False,False,False,False,-1.0
run-382a40867248c3e0,SC-C-02,no_memory,0,profile_dialogue_conflict,medium,medium,medium,recommendation,True,5,1.0,1.0,2.0,1.0,0.0,0.0,0.0,1.0,0.7857142857142857,22,1.0,0.0,0,True,1.0,1.0,1,79595.785,1,1.0,False,False,False,,False,,False,False,,1,recommendation,,False,False,False,False,-1.0
run-bf37e2d5cbe4f3b9,SC-C-02,no_memory,1,profile_dialogue_conflict,medium,medium,medium,recommendation,True,5,1.0,1.0,2.0,1.0,0.0,0.0,0.0,1.0,0.7857142857142857,22,1.0,0.0,0,True,1.0,1.0,1,90630.697,1,1.0,False,False,False,,False,,False,False,,1,recommendation,,False,False,False,False,-1.0
run-efdb047898d3bc26,SC-C-02,no_memory,2,profile_dialogue_conflict,medium,medium,medium,recommendation,True,5,1.0,1.0,2.0,1.0,0.0,0.0,0.0,1.0,0.7857142857142857,22,1.0,0.0,0,True,1.0,1.0,1,36542.127,1,1.0,False,False,False,,False,,False,False,,1,recommendation,,False,False,False,False,-1.0
run-dda79e04e10eeb3f,SC-C-03,no_memory,0,profile_dialogue_conflict,hard,medium,high,recommendation,True,5,1.0,1.0,2.4,1.0,0.0,0.0,0.0,1.0,0.7692307692307693,20,1.0,0.0,0,True,1.0,1.0,1,18726.383,1,1.0,False,False,False,,False,,False,False,,1,recommendation,,False,False,False,False,-1.0
run-4a9abd6b049cfa48,SC-C-03,no_memory,1,profile_dialogue_conflict,hard,medium,high,recommendation,True,5,1.0,1.0,2.4,1.0,0.0,0.0,0.0,1.0,0.7692307692307693,20,1.0,0.0,0,True,1.0,1.0,1,34538.901,1,1.0,False,False,False,,False,,False,False,,1,recommendation,,False,False,False,False,-1.0
run-533b1ebf9907abc5,SC-C-03,no_memory,2,profile_dialogue_conflict,hard,medium,high,recommendation,True,5,1.0,1.0,2.4,1.0,0.0,0.0,0.0,1.0,0.7692307692307693,20,1.0,0.0,0,True,1.0,1.0,1,15970.028,1,1.0,False,False,False,,False,,False,False,,1,recommendation,,False,False,False,False,-1.0
run-5227c4f1697e16f5,SC-C-04,no_memory,0,profile_dialogue_conflict,medium,medium,high,recommendation,True,3,0.8587958726494572,1.0,3.0,1.0,0.0,0.0,0.0,1.0,1.0,17,1.0,0.0,0,True,1.0,1.0,1,14669.167,1,1.0,False,False,False,,False,,False,False,,1,recommendation,,False,False,False,False,-1.0
run-1946c1edcbdbbdda,SC-C-04,no_memory,1,profile_dialogue_conflict,medium,medium,high,recommendation,True,3,0.8587958726494572,1.0,3.0,1.0,0.0,0.0,0.0,1.0,1.0,17,1.0,0.0,0,True,1.0,1.0,1,11369.922,1,1.0,False,False,False,,False,,False,False,,1,recommendation,,False,False,False,False,-1.0
run-9c2aac4f207303c4,SC-C-04,no_memory,2,profile_dialogue_conflict,medium,medium,high,recommendation,True,3,0.8587958726494572,1.0,3.0,1.0,0.0,0.0,0.0,1.0,1.0,17,1.0,0.0,0,True,1.0,1.0,1,13621.843,1,1.0,False,False,False,,False,,False,False,,1,recommendation,,False,False,False,False,-1.0
run-9e50adaa1bc80ca9,SC-C-05,no_memory,0,profile_dialogue_conflict,medium,low,medium,recommendation,True,5,1.0,1.0,3.0,1.0,0.0,0.0,0.0,1.0,0.7391304347826086,17,1.0,0.0,0,True,1.0,1.0,1,63022.237,1,1.0,False,False,False,,False,,False,False,,1,recommendation,,False,False,False,False,-1.0
run-f4b4966e3d0cf978,SC-C-05,no_memory,1,profile_dialogue_conflict,medium,low,medium,recommendation,True,5,1.0,1.0,3.0,1.0,0.0,0.0,0.0,1.0,0.7391304347826086,17,1.0,0.0,0,True,1.0,1.0,1,33290.38,1,1.0,False,False,False,,False,,False,False,,1,recommendation,,False,False,False,False,-1.0
run-95f0926102c7f977,SC-C-05,no_memory,2,profile_dialogue_conflict,medium,low,medium,recommendation,True,5,1.0,1.0,3.0,1.0,0.0,0.0,0.0,1.0,0.7391304347826086,17,1.0,0.0,0,True,1.0,1.0,1,32677.863,1,1.0,False,False,False,,False,,False,False,,1,recommendation,,False,False,False,False,-1.0
run-d96c8c1fd86b590a,SC-D-01,no_memory,0,preference_change,medium,high,high,recommendation,True,5,0.6608397947263838,0.8,2.4,0.8,0.2,0.0,0.0,1.0,0.8076923076923077,21,1.0,0.0,0,True,1.0,1.0,2,171939.581,0,0.75,False,False,False,,False,,False,False,,2,recommendation,,False,False,False,False,-2.0
run-c98546e59cb90ee4,SC-D-01,no_memory,1,preference_change,medium,high,high,recommendation,True,5,0.6608397947263838,0.8,2.4,0.8,0.2,0.0,0.0,1.0,0.8076923076923077,21,1.0,0.0,0,True,1.0,1.0,2,10970.815,0,0.75,False,False,False,,False,,False,False,,2,recommendation,,False,False,False,False,-2.0
run-08239fa79adec9bb,SC-D-01,no_memory,2,preference_change,medium,high,high,recommendation,True,5,0.6608397947263838,0.8,2.4,0.8,0.2,0.0,0.0,1.0,0.8076923076923077,21,1.0,0.0,0,True,1.0,1.0,2,109559.048,0,0.75,False,False,False,,False,,False,False,,2,recommendation,,False,False,False,False,-2.0
run-cb9e6b2ad617099c,SC-D-02,no_memory,0,preference_change,medium,high,medium,recommendation,True,5,0.47036528278595796,0.4,0.8,0.4,0.6,0.13333333333333333,0.0,1.0,0.7692307692307693,20,1.0,0.0,0,True,1.0,1.0,2,88231.614,0,0.75,False,False,False,,False,,False,False,,2,recommendation,,False,False,False,False,-2.0
run-05d091d23664cc1e,SC-D-02,no_memory,1,preference_change,medium,high,medium,recommendation,True,5,0.47036528278595796,0.4,0.8,0.4,0.6,0.13333333333333333,0.0,1.0,0.7692307692307693,20,1.0,0.0,0,True,1.0,1.0,2,81952.134,0,0.75,False,False,False,,False,,False,False,,2,recommendation,,False,False,False,False,-2.0
run-7dfc02679606cd15,SC-D-02,no_memory,2,preference_change,medium,high,medium,recommendation,True,5,0.47036528278595796,0.4,0.8,0.4,0.6,0.13333333333333333,0.0,1.0,0.7692307692307693,20,1.0,0.0,0,True,1.0,1.0,2,106951.425,0,0.75,False,False,False,,False,,False,False,,2,recommendation,,False,False,False,False,-2.0
run-3e6218c854422e8d,SC-D-03,no_memory,0,preference_change,hard,high,high,recommendation,True,5,0.31564845247951445,0.4,1.2,0.4,0.6,0.1,0.0,1.0,1.0,20,1.0,0.0,0,True,1.0,1.0,2,14251.056,0,0.75,False,False,False,,False,,False,False,,2,recommendation,,False,False,False,False,-2.0
run-25eaa2510fbfbaff,SC-D-03,no_memory,1,preference_change,hard,high,high,recommendation,True,5,0.31564845247951445,0.4,1.2,0.4,0.6,0.1,0.0,1.0,1.0,20,1.0,0.0,0,True,1.0,1.0,2,49807.985,0,0.75,False,False,False,,False,,False,False,,2,recommendation,,False,False,False,False,-2.0
run-602d62632c3acac1,SC-D-03,no_memory,2,preference_change,hard,high,high,recommendation,True,5,0.44685352999185624,0.6,1.8,0.6,0.4,0.0,0.0,1.0,1.0,21,1.0,0.0,0,True,1.0,1.0,2,48963.764,0,0.75,False,False,False,,False,,False,False,,2,recommendation,,False,False,False,False,-2.0
run-0d5710fb6ccbec61,SC-D-04,no_memory,0,preference_change,medium,high,medium,recommendation,True,5,0.8777221344374128,1.0,2.8,1.0,0.0,0.0,0.0,1.0,0.7777777777777778,21,1.0,0.0,0,True,1.0,1.0,2,31685.726,1,1.0,False,False,False,,False,,False,False,,2,recommendation,,False,False,False,False,-2.0
run-7ea589e15513aeaf,SC-D-04,no_memory,1,preference_change,medium,high,medium,recommendation,True,5,0.8777221344374128,1.0,2.8,1.0,0.0,0.0,0.0,1.0,0.7777777777777778,21,1.0,0.0,0,True,1.0,1.0,2,19412.357,1,1.0,False,False,False,,False,,False,False,,2,recommendation,,False,False,False,False,-2.0
run-b2e91be99045ef34,SC-D-04,no_memory,2,preference_change,medium,high,medium,recommendation,True,5,0.8777221344374128,1.0,2.8,1.0,0.0,0.0,0.0,1.0,0.7777777777777778,21,1.0,0.0,0,True,1.0,1.0,2,170393.709,1,1.0,False,False,False,,False,,False,False,,2,recommendation,,False,False,False,False,-2.0
run-06c033c5a4b3310b,SC-D-05,no_memory,0,preference_change,medium,high,high,recommendation,True,5,1.0,1.0,3.0,1.0,0.0,0.0,0.0,1.0,0.7,14,1.0,0.0,0,True,1.0,1.0,2,29838.186,1,1.0,False,False,False,,False,,False,False,,2,recommendation,,False,False,False,False,-2.0
run-f4f7ab268273a712,SC-D-05,no_memory,1,preference_change,medium,high,high,recommendation,True,5,1.0,1.0,3.0,1.0,0.0,0.0,0.0,1.0,0.7,14,1.0,0.0,0,True,1.0,1.0,2,33335.863,1,1.0,False,False,False,,False,,False,False,,2,recommendation,,False,False,False,False,-2.0
run-f8a130cde8a86849,SC-D-05,no_memory,2,preference_change,medium,high,high,recommendation,True,5,1.0,1.0,3.0,1.0,0.0,0.0,0.0,1.0,0.7,14,1.0,0.0,0,True,1.0,1.0,2,43096.824,1,1.0,False,False,False,,False,,False,False,,2,recommendation,,False,False,False,False,-2.0
run-216044657eb87ff3,SC-D-06,no_memory,0,preference_change,medium,high,medium,clarification,True,0,,,,,,,,,,0,,,0,False,1.0,1.0,2,53119.095,0,0.0,False,False,False,target_roles,True,target_roles,False,False,missing_role_target,2,,,False,False,False,False,-1003.0
run-57a00392269b71b3,SC-D-06,no_memory,1,preference_change,medium,high,medium,clarification,True,0,,,,,,,,,,0,,,0,False,1.0,1.0,2,204434.819,0,0.0,False,False,False,target_roles,True,target_roles,False,False,missing_role_target,2,,,False,False,False,False,-1003.0
run-9b239ddb59288b0f,SC-D-06,no_memory,2,preference_change,medium,high,medium,clarification,True,0,,,,,,,,,,0,,,0,False,1.0,1.0,2,29347.718,0,0.0,False,False,False,target_roles,True,target_roles,False,False,missing_role_target,2,,,False,False,False,False,-1003.0
run-1a09e19bcff0be07,SC-D-07,no_memory,0,preference_change,medium,high,medium,clarification,True,0,,,,,,,,,,0,,,0,False,1.0,1.0,2,206578.035,0,0.0,False,False,False,target_roles,True,target_roles,False,False,missing_role_target,2,,,False,False,False,False,-1003.0
run-51311ab0573abfa7,SC-D-07,no_memory,1,preference_change,medium,high,medium,clarification,True,0,,,,,,,,,,0,,,0,False,1.0,1.0,2,203814.646,0,0.0,False,False,False,target_roles,True,target_roles,False,False,missing_role_target,2,,,False,False,False,False,-1003.0
run-cbc95ddfadf29d3f,SC-D-07,no_memory,2,preference_change,medium,high,medium,clarification,True,0,,,,,,,,,,0,,,0,False,1.0,1.0,2,104251.055,0,0.0,False,False,False,target_roles,True,target_roles,False,False,missing_role_target,2,,,False,False,False,False,-1003.0
run-ac5ea2e907023cc2,SC-D-08,no_memory,0,preference_change,medium,high,medium,clarification,True,0,,,,,,,,,,0,,,0,False,1.0,1.0,2,256342.083,0,0.0,False,False,False,target_roles,True,target_roles,False,False,missing_role_target,2,,,False,False,False,False,-1003.0
run-4849c0353e3b4045,SC-D-08,no_memory,1,preference_change,medium,high,medium,clarification,True,0,,,,,,,,,,0,,,0,False,1.0,1.0,2,112059.454,0,0.0,False,False,False,target_roles,True,target_roles,False,False,missing_role_target,2,,,False,False,False,False,-1003.0
run-2a9dab44b0309817,SC-D-08,no_memory,2,preference_change,medium,high,medium,clarification,True,0,,,,,,,,,,0,,,0,False,1.0,1.0,2,256414.252,0,0.0,False,False,False,target_roles,True,target_roles,False,False,missing_role_target,2,,,False,False,False,False,-1003.0
run-430913cf0f0349e6,SC-D-09,no_memory,0,preference_change,hard,high,medium,clarification,True,0,,,,,,,,,,0,,,0,False,1.0,1.0,2,123147.947,0,0.0,False,False,False,target_roles,True,target_roles,False,False,missing_role_target,2,,,False,False,False,False,-1003.0
run-8d90546c77a96b87,SC-D-09,no_memory,1,preference_change,hard,high,medium,clarification,True,0,,,,,,,,,,0,,,0,False,1.0,1.0,2,214445.474,0,0.0,False,False,False,target_roles,True,target_roles,False,False,missing_role_target,2,,,False,False,False,False,-1003.0
run-d7683e463153cc99,SC-D-09,no_memory,2,preference_change,hard,high,medium,clarification,True,0,,,,,,,,,,0,,,0,False,1.0,1.0,2,86688.31,0,0.0,False,False,False,target_roles,True,target_roles,False,False,missing_role_target,2,,,False,False,False,False,-1003.0
run-8700058383f86da0,SC-D-10,no_memory,0,preference_change,medium,high,medium,clarification,True,0,,,,,,,,,,0,,,0,False,1.0,1.0,2,55533.208,0,0.0,False,False,False,target_roles,True,target_roles,False,False,missing_role_target,2,,,False,False,False,False,-1003.0
run-37c965a2dafb88e8,SC-D-10,no_memory,1,preference_change,medium,high,medium,clarification,True,0,,,,,,,,,,0,,,0,False,1.0,1.0,2,63533.073,0,0.0,False,False,False,target_roles,True,target_roles,False,False,missing_role_target,2,,,False,False,False,False,-1003.0
run-3ebe8618afb52d4e,SC-D-10,no_memory,2,preference_change,medium,high,medium,clarification,True,0,,,,,,,,,,0,,,0,False,1.0,1.0,2,70060.729,0,0.0,False,False,False,target_roles,True,target_roles,False,False,missing_role_target,2,,,False,False,False,False,-1003.0
run-846aed52cbc808ce,SC-D-11,no_memory,0,preference_change,medium,high,medium,clarification,True,0,,,,,,,,,,0,,,0,False,1.0,1.0,3,169149.721,0,0.0,False,False,False,target_roles,True,target_roles,True,False,missing_role_target,3,,,False,False,False,False,-1004.0
run-8aca743bd03d8122,SC-D-11,no_memory,1,preference_change,medium,high,medium,clarification,True,0,,,,,,,,,,0,,,0,False,1.0,1.0,3,350872.384,0,0.0,False,False,False,target_roles,True,target_roles,True,False,missing_role_target,3,,,False,False,False,False,-1004.0
run-6eed83f1da34e0b6,SC-D-11,no_memory,2,preference_change,medium,high,medium,clarification,True,0,,,,,,,,,,0,,,0,False,1.0,1.0,3,127218.352,0,0.0,False,False,False,target_roles,True,target_roles,True,False,missing_role_target,3,,,False,False,False,False,-1004.0
run-214eacebcb97aaf4,SC-D-12,no_memory,0,preference_change,hard,high,high,clarification,True,0,,,,,,,,,,0,,,0,False,1.0,1.0,3,84298.7,0,0.0,False,False,False,target_roles,True,target_roles,True,False,missing_role_target,3,,,False,False,False,False,-1004.0
run-52c7be08bce20f55,SC-D-12,no_memory,1,preference_change,hard,high,high,clarification,True,0,,,,,,,,,,0,,,0,False,1.0,1.0,3,76616.905,0,0.0,False,False,False,target_roles,True,target_roles,True,False,missing_role_target,3,,,False,False,False,False,-1004.0
run-281480c459e405aa,SC-D-12,no_memory,2,preference_change,hard,high,high,clarification,True,0,,,,,,,,,,0,,,0,False,1.0,1.0,3,28888.305,0,0.0,False,False,False,target_roles,True,target_roles,True,False,missing_role_target,3,,,False,False,False,False,-1004.0
run-05bc48ddb286d994,SC-E-01,no_memory,0,multiple_hard,hard,none,high,recommendation,True,1,1.0,1.0,3.0,1.0,0.0,0.0,0.0,1.0,0.75,6,1.0,0.0,0,True,1.0,1.0,1,109468.927,1,1.0,False,False,False,,False,,False,False,,1,recommendation,,False,False,False,False,-1.0
run-2e5d894151df8e29,SC-E-01,no_memory,1,multiple_hard,hard,none,high,recommendation,True,1,1.0,1.0,3.0,1.0,0.0,0.0,0.0,1.0,0.75,6,1.0,0.0,0,True,1.0,1.0,1,51573.782,1,1.0,False,False,False,,False,,False,False,,1,recommendation,,False,False,False,False,-1.0
run-0218897335c9fc07,SC-E-01,no_memory,2,multiple_hard,hard,none,high,recommendation,True,1,1.0,1.0,3.0,1.0,0.0,0.0,0.0,1.0,0.75,6,1.0,0.0,0,True,1.0,1.0,1,53461.342,1,1.0,False,False,False,,False,,False,False,,1,recommendation,,False,False,False,False,-1.0
run-842fb0083a059689,SC-E-02,no_memory,0,multiple_hard,hard,none,high,no_match,True,0,,,,,,,,,1.0,6,1.0,0.0,0,True,1.0,1.0,1,49396.723,1,1.0,True,True,False,,False,,False,False,,1,no_match,,False,False,False,False,-1.0
run-3c31f70eb83b2a7b,SC-E-02,no_memory,1,multiple_hard,hard,none,high,no_match,True,0,,,,,,,,,1.0,6,1.0,0.0,0,True,1.0,1.0,1,17186.058,1,1.0,True,True,False,,False,,False,False,,1,no_match,,False,False,False,False,-1.0
run-151b3dd024910f90,SC-E-02,no_memory,2,multiple_hard,hard,none,high,no_match,True,0,,,,,,,,,1.0,6,1.0,0.0,0,True,1.0,1.0,1,14425.117,1,1.0,True,True,False,,False,,False,False,,1,no_match,,False,False,False,False,-1.0
run-5d1d938973316806,SC-E-03,no_memory,0,multiple_hard,hard,none,high,recommendation,True,2,0.7428223494387413,1.0,3.0,1.0,0.0,0.0,0.0,1.0,0.7692307692307693,10,1.0,0.0,0,True,1.0,1.0,1,15601.612,1,1.0,False,False,False,,False,,False,False,,1,recommendation,,False,False,False,False,-1.0
run-30e0ad5088f869ef,SC-E-03,no_memory,1,multiple_hard,hard,none,high,recommendation,True,2,0.7428223494387413,1.0,3.0,1.0,0.0,0.0,0.0,1.0,0.7692307692307693,10,1.0,0.0,0,True,1.0,1.0,1,18456.399,1,1.0,False,False,False,,False,,False,False,,1,recommendation,,False,False,False,False,-1.0
run-bc9a7105af8438b3,SC-E-03,no_memory,2,multiple_hard,hard,none,high,recommendation,True,2,0.7428223494387413,1.0,3.0,1.0,0.0,0.0,0.0,1.0,0.7692307692307693,10,1.0,0.0,0,True,1.0,1.0,1,29897.576,1,1.0,False,False,False,,False,,False,False,,1,recommendation,,False,False,False,False,-1.0
run-6a5ea73285e50401,SC-E-04,no_memory,0,multiple_hard,hard,none,high,no_match,True,0,,,,,,,,,1.0,6,1.0,0.0,0,True,1.0,1.0,1,26000.58,1,1.0,True,True,False,,False,,False,False,,1,no_match,,False,False,False,False,-1.0
run-a42244e03c1b1264,SC-E-04,no_memory,1,multiple_hard,hard,none,high,no_match,True,0,,,,,,,,,1.0,6,1.0,0.0,0,True,1.0,1.0,1,19300.621,1,1.0,True,True,False,,False,,False,False,,1,no_match,,False,False,False,False,-1.0
run-4c1ebcfbe4f53149,SC-E-04,no_memory,2,multiple_hard,hard,none,high,no_match,True,0,,,,,,,,,1.0,6,1.0,0.0,0,True,1.0,1.0,1,14873.171,1,1.0,True,True,False,,False,,False,False,,1,no_match,,False,False,False,False,-1.0
run-301d12a0643a19b5,SC-E-05,no_memory,0,multiple_hard,hard,none,high,recommendation,True,1,1.0,1.0,2.0,1.0,0.0,0.0,0.0,1.0,0.7142857142857143,5,1.0,0.0,0,True,1.0,1.0,1,15458.518,1,1.0,False,False,False,,False,,False,False,,1,recommendation,,False,False,False,False,-1.0
run-8d7056559f3f4415,SC-E-05,no_memory,1,multiple_hard,hard,none,high,recommendation,True,1,1.0,1.0,2.0,1.0,0.0,0.0,0.0,1.0,0.7142857142857143,5,1.0,0.0,0,True,1.0,1.0,1,16392.946,1,1.0,False,False,False,,False,,False,False,,1,recommendation,,False,False,False,False,-1.0
run-a214e052b5c1b167,SC-E-05,no_memory,2,multiple_hard,hard,none,high,recommendation,True,1,1.0,1.0,2.0,1.0,0.0,0.0,0.0,1.0,0.5714285714285714,4,1.0,0.0,0,True,1.0,1.0,1,16780.73,1,1.0,False,False,False,,False,,False,False,,1,recommendation,,False,False,False,False,-1.0
run-cc57ad8a8d2714d7,SC-F-01,no_memory,0,soft_tradeoff,medium,none,low,recommendation,True,5,1.0,1.0,3.0,1.0,0.0,0.0,0.0,1.0,1.0,23,1.0,0.0,0,True,1.0,1.0,1,28075.693,1,1.0,False,False,False,,False,,False,False,,1,recommendation,,False,False,False,False,-1.0
run-0ed59ea471f8c823,SC-F-01,no_memory,1,soft_tradeoff,medium,none,low,recommendation,True,5,1.0,1.0,3.0,1.0,0.0,0.0,0.0,1.0,1.0,23,1.0,0.0,0,True,1.0,1.0,1,29717.403,1,1.0,False,False,False,,False,,False,False,,1,recommendation,,False,False,False,False,-1.0
run-5f8c41dc5117d3f7,SC-F-01,no_memory,2,soft_tradeoff,medium,none,low,recommendation,True,5,1.0,1.0,3.0,1.0,0.0,0.0,0.0,1.0,1.0,23,1.0,0.0,0,True,1.0,1.0,1,27763.203,1,1.0,False,False,False,,False,,False,False,,1,recommendation,,False,False,False,False,-1.0
run-a6aad9d55897ddf3,SC-F-02,no_memory,0,soft_tradeoff,medium,none,low,recommendation,True,5,1.0,1.0,3.0,1.0,0.0,0.0,0.0,1.0,1.0,23,1.0,0.0,0,True,1.0,1.0,1,40192.145,1,1.0,False,False,False,,False,,False,False,,1,recommendation,,False,False,False,False,-1.0
run-d60faf210ac29cea,SC-F-02,no_memory,1,soft_tradeoff,medium,none,low,recommendation,True,5,1.0,1.0,3.0,1.0,0.0,0.0,0.0,1.0,0.782608695652174,18,1.0,0.0,0,True,1.0,1.0,1,107907.077,1,1.0,False,False,False,,False,,False,False,,1,recommendation,,False,False,False,False,-1.0
run-fde91c8a36f73bc9,SC-F-02,no_memory,2,soft_tradeoff,medium,none,low,recommendation,True,5,1.0,1.0,3.0,1.0,0.0,0.0,0.0,1.0,1.0,23,1.0,0.0,0,True,1.0,1.0,1,19544.82,1,1.0,False,False,False,,False,,False,False,,1,recommendation,,False,False,False,False,-1.0
run-f1da5d7783f85774,SC-F-03,no_memory,0,soft_tradeoff,easy,none,low,recommendation,True,5,1.0,1.0,3.0,1.0,0.0,0.0,0.0,1.0,1.0,22,1.0,0.0,0,True,1.0,1.0,1,112624.29,1,1.0,False,False,False,,False,,False,False,,1,recommendation,,False,False,False,False,-1.0
run-581e601a136ff413,SC-F-03,no_memory,1,soft_tradeoff,easy,none,low,recommendation,True,5,1.0,1.0,3.0,1.0,0.0,0.0,0.0,1.0,1.0,22,1.0,0.0,0,True,1.0,1.0,1,112671.84,1,1.0,False,False,False,,False,,False,False,,1,recommendation,,False,False,False,False,-1.0
run-581d182fa373e4a8,SC-F-03,no_memory,2,soft_tradeoff,easy,none,low,recommendation,True,5,1.0,1.0,3.0,1.0,0.0,0.0,0.0,1.0,1.0,23,1.0,0.0,0,True,1.0,1.0,1,105474.329,1,1.0,False,False,False,,False,,False,False,,1,recommendation,,False,False,False,False,-1.0
run-89afe7e7549c985c,SC-F-04,no_memory,0,soft_tradeoff,medium,none,low,recommendation,True,5,1.0,1.0,3.0,1.0,0.0,0.0,0.0,1.0,1.0,20,1.0,0.0,0,True,1.0,1.0,1,46117.887,1,1.0,False,False,False,,False,,False,False,,1,recommendation,,False,False,False,False,-1.0
run-9119299991896d57,SC-F-04,no_memory,1,soft_tradeoff,medium,none,low,recommendation,True,5,1.0,1.0,3.0,1.0,0.0,0.0,0.0,1.0,1.0,20,1.0,0.0,0,True,1.0,1.0,1,36022.898,1,1.0,False,False,False,,False,,False,False,,1,recommendation,,False,False,False,False,-1.0
run-803b3c372bc924c5,SC-F-04,no_memory,2,soft_tradeoff,medium,none,low,recommendation,True,5,1.0,1.0,3.0,1.0,0.0,0.0,0.0,1.0,1.0,20,1.0,0.0,0,True,1.0,1.0,1,107964.138,1,1.0,False,False,False,,False,,False,False,,1,recommendation,,False,False,False,False,-1.0
run-82e3fe2420e8e987,SC-G-01,no_memory,0,ambiguous_role,hard,none,low,recommendation,True,5,0.3316685127789668,0.8,1.8,1.0,0.0,0.0,0.0,1.0,0.7931034482758621,23,1.0,0.0,0,True,1.0,1.0,1,36886.881,0,0.5,False,False,True,,False,,False,False,,1,recommendation,target_roles,False,False,False,False,-1000001.0
run-b4f674eb9d401efd,SC-G-01,no_memory,1,ambiguous_role,hard,none,low,recommendation,True,5,0.3316685127789668,0.8,1.8,1.0,0.0,0.0,0.0,1.0,0.7931034482758621,23,1.0,0.0,0,True,1.0,1.0,1,41828.332,0,0.5,False,False,True,,False,,False,False,,1,recommendation,target_roles,False,False,False,False,-1000001.0
run-f1ea2e8a09c56c99,SC-G-01,no_memory,2,ambiguous_role,hard,none,low,recommendation,True,5,0.3316685127789668,0.8,1.8,1.0,0.0,0.0,0.0,1.0,0.7931034482758621,23,1.0,0.0,0,True,1.0,1.0,1,125827.196,0,0.5,False,False,True,,False,,False,False,,1,recommendation,target_roles,False,False,False,False,-1000001.0
run-1654ed83a69b048a,SC-G-02,no_memory,0,ambiguous_role,hard,none,low,recommendation,True,5,0.6477522099264775,1.0,2.4,1.0,0.0,0.0,0.0,1.0,1.0,16,1.0,0.0,0,True,1.0,1.0,1,12115.671,0,0.5,False,False,True,,False,,False,False,,1,recommendation,target_roles,False,False,False,False,-1000001.0
run-fe5d76e33ccd3a62,SC-G-02,no_memory,1,ambiguous_role,hard,none,low,recommendation,True,5,0.6477522099264775,1.0,2.4,1.0,0.0,0.0,0.0,1.0,0.625,10,1.0,0.0,0,True,1.0,1.0,1,124179.647,0,0.5,False,False,True,,False,,False,False,,1,recommendation,target_roles,False,False,False,False,-1000001.0
run-b13893f95aaaa626,SC-G-02,no_memory,2,ambiguous_role,hard,none,low,recommendation,True,5,0.6477522099264775,1.0,2.4,1.0,0.0,0.0,0.0,1.0,1.0,16,1.0,0.0,0,True,1.0,1.0,1,125009.354,0,0.5,False,False,True,,False,,False,False,,1,recommendation,target_roles,False,False,False,False,-1000001.0
run-8afa7a95f562dcea,SC-H-01,no_memory,0,no_match,hard,none,high,no_match,True,0,,,,,,,,,1.0,4,1.0,0.0,0,True,1.0,1.0,1,116947.889,1,1.0,True,True,False,,False,,False,False,,1,no_match,,False,False,False,False,-1.0
run-2813894979f3f4f6,SC-H-01,no_memory,1,no_match,hard,none,high,no_match,True,0,,,,,,,,,1.0,4,1.0,0.0,0,True,1.0,1.0,1,90404.383,1,1.0,True,True,False,,False,,False,False,,1,no_match,,False,False,False,False,-1.0
run-c256df132aaf443e,SC-H-01,no_memory,2,no_match,hard,none,high,no_match,True,0,,,,,,,,,1.0,4,1.0,0.0,0,True,1.0,1.0,1,80872.061,1,1.0,True,True,False,,False,,False,False,,1,no_match,,False,False,False,False,-1.0
run-37a26e9a7aa1bb5e,SC-H-02,no_memory,0,no_match,hard,none,high,no_match,True,0,,,,,,,,,1.0,4,1.0,0.0,0,True,1.0,1.0,1,78623.1,1,1.0,True,True,False,,False,,False,False,,1,no_match,,False,False,False,False,-1.0
run-44cfbdfc60cdf7a8,SC-H-02,no_memory,1,no_match,hard,none,high,no_match,True,0,,,,,,,,,1.0,4,1.0,0.0,0,True,1.0,1.0,1,81095.993,1,1.0,True,True,False,,False,,False,False,,1,no_match,,False,False,False,False,-1.0
run-6c62556cc962947a,SC-H-02,no_memory,2,no_match,hard,none,high,no_match,True,0,,,,,,,,,1.0,4,1.0,0.0,0,True,1.0,1.0,1,99363.681,1,1.0,True,True,False,,False,,False,False,,1,no_match,,False,False,False,False,-1.0
run-232de825d4745424,SC-H-03,no_memory,0,no_match,hard,none,high,no_match,True,0,,,,,,,,,1.0,4,1.0,0.0,0,True,1.0,1.0,1,12891.913,1,1.0,True,True,False,,False,,False,False,,1,no_match,,False,False,False,False,-1.0
run-00852482d4b4c234,SC-H-03,no_memory,1,no_match,hard,none,high,no_match,True,0,,,,,,,,,1.0,4,1.0,0.0,0,True,1.0,1.0,1,92237.262,1,1.0,True,True,False,,False,,False,False,,1,no_match,,False,False,False,False,-1.0
run-4e1f40a2ad2c8126,SC-H-03,no_memory,2,no_match,hard,none,high,no_match,True,0,,,,,,,,,1.0,4,1.0,0.0,0,True,1.0,1.0,1,12286.333,1,1.0,True,True,False,,False,,False,False,,1,no_match,,False,False,False,False,-1.0
