experiment_id,run_id,claim_id,annotation_signature,delivery_status,rater_1,rater_2,validator,adjudicated,notes
exp-40a9cd647575,run-57f8c4665d98f5e0,claim-3b8747d9c1add7a7,sig-000b4d61bfc78b76,delivered,1,1,1,,
exp-40a9cd647575,run-897ec7b867f5ca68,claim-3b8747d9c1add7a7,sig-000b4d61bfc78b76,delivered,1,1,1,,
exp-40a9cd647575,run-0bdbd7e3ae24c145,claim-d918f08bb5b898c7,sig-00c4d943ba823765,delivered,1,1,1,,
exp-40a9cd647575,run-170a86bce589f400,claim-d918f08bb5b898c7,sig-00c4d943ba823765,delivered,1,1,1,,
exp-40a9cd647575,run-201cd0cf98eaa593,claim-d918f08bb5b898c7,sig-00c4d943ba823765,delivered,1,1,1,,
exp-40a9cd647575,run-25b1a4c18ff8cdfe,claim-d918f08bb5b898c7,sig-00c4d943ba823765,delivered,1,1,1,,
exp-40a9cd647575,run-293806b558ff1d6a,claim-d918f08bb5b898c7,sig-00c4d943ba823765,delivered,1,1,1,,
exp-40a9cd647575,run-44edd4d662236ae1,claim-d918f08bb5b898c7,sig-00c4d943ba823765,delivered,1,1,1,,
exp-40a9cd647575,run-62b9c429b0e1fee1,claim-d918f08bb5b898c7,sig-00c4d943ba823765,delivered,1,1,1,,
exp-40a9cd647575,run-85dad60b90e1def2,claim-d918f08bb5b898c7,sig-00c4d943ba823765,delivered,1,1,1,,
exp-40a9cd647575,run-8fe7e2a70540fa13,claim-d918f08bb5b898c7,sig-00c4d943ba823765,delivered,1,1,1,,
exp-40a9cd647575,run-a7583e178eec4bac,claim-d918f08bb5b898c7,sig-00c4d943ba823765,delivered,1,1,1,,
exp-40a9cd647575,run-b0c15ff5128e34a7,claim-d918f08bb5b898c7,sig-00c4d943ba823765,delivered,1,1,1,,
exp-40a9cd647575,run-b2960756b22de028,claim-d918f08bb5b898c7,sig-00c4d943ba823765,delivered,1,1,1,,
exp-40a9cd647575,run-d24745de20353c1c,claim-d918f08bb5b898c7,sig-00c4d943ba823765,delivered,1,1,1,,
exp-40a9cd647575,run-dab5d4df9ae936a4,claim-d918f08bb5b898c7,sig-00c4d943ba823765,delivered,1,1,1,,
exp-40a9cd647575,run-0ce9678e58d522e5,claim-6dc7893b25ac7ec3,sig-0146f26dba3e028d,delivered,1,1,1,,
exp-40a9cd647575,run-1e0ba3c3954c7ccf,claim-6dc7893b25ac7ec3,sig-0146f26dba3e028d,delivered,1,1,1,,
exp-40a9cd647575,run-5093d78945736d5b,claim-6dc7893b25ac7ec3,sig-0146f26dba3e028d,delivered,1,1,1,,
exp-40a9cd647575,run-5544965755d02fca,claim-6dc7893b25ac7ec3,sig-0146f26dba3e028d,delivered,1,1,1,,
exp-40a9cd647575,run-5c7b2955097358b7,claim-6dc7893b25ac7ec3,sig-0146f26dba3e028d,delivered,1,1,1,,
exp-40a9cd647575,run-a29dca6067031521,claim-6dc7893b25ac7ec3,sig-0146f26dba3e028d,delivered,1,1,1,,
exp-40a9cd647575,run-a9336051d5ce5f85,claim-6dc7893b25ac7ec3,sig-0146f26dba3e028d,delivered,1,1,1,,
exp-40a9cd647575,run-b2960756b22de028,claim-0d87211ddc476c1a,sig-020966bcd9e869e9,delivered,1,1,1,,
exp-40a9cd647575,run-a7ad56f261f14f47,claim-d3e33ec8bdd0c6c6,sig-021734bda8fd958a,delivered,1,1,1,,
exp-40a9cd647575,run-539160a33de1339f,claim-1f5aa82c73817981,sig-02649514e92a208f,delivered,1,1,1,,
exp-40a9cd647575,run-611904a79457240a,claim-1f5aa82c73817981,sig-02649514e92a208f,delivered,1,1,1,,
exp-40a9cd647575,run-89dda70ea9ef85f4,claim-1f5aa82c73817981,sig-02649514e92a208f,delivered,1,1,1,,
exp-40a9cd647575,run-9743848c2e583907,claim-1f5aa82c73817981,sig-02649514e92a208f,delivered,1,1,1,,
exp-40a9cd647575,run-b0b6aff3256f63f3,claim-1f5aa82c73817981,sig-02649514e92a208f,delivered,1,1,1,,
exp-40a9cd647575,run-b1d9241e2abafa16,claim-1f5aa82c73817981,sig-02649514e92a208f,delivered,1,1,1,,
exp-40a9cd647575,run-befb1059eb8a4f2b,claim-1f5aa82c73817981,sig-02649514e92a208f,delivered,1,1,1,,
exp-40a9cd647575,run-edddb80b074c7c76,claim-1f5aa82c73817981,sig-02649514e92a208f,delivered,1,1,1,,
exp-40a9cd647575,run-1e0ba3c3954c7ccf,claim-e3d2bd5371350475,sig-02dbb72e721819e0,delivered,1,1,1,,
exp-40a9cd647575,run-d0fa4ba0dd287bb4,claim-e3d2bd5371350475,sig-02dbb72e721819e0,delivered,1,1,1,,
exp-40a9cd647575,run-243c9483fa7e0adf,claim-5d17018819f1502f,sig-02e0badcba66a682,delivered,1,1,1,,
exp-40a9cd647575,run-4292659382907599,claim-5d17018819f1502f,sig-02e0badcba66a682,delivered,1,1,1,,
exp-40a9cd647575,run-5d2e6e2b79282ca0,claim-5d17018819f1502f,sig-02e0badcba66a682,delivered,1,1,1,,
exp-40a9cd647575,run-8b3f8acda4a32c84,claim-5d17018819f1502f,sig-02e0badcba66a682,delivered,1,1,1,,
exp-40a9cd647575,run-9332cdf03b96bf12,claim-5d17018819f1502f,sig-02e0badcba66a682,delivered,1,1,1,,
exp-40a9cd647575,run-ace8bf7a52ee7605,claim-5d17018819f1502f,sig-02e0badcba66a682,delivered,1,1,1,,
exp-40a9cd647575,run-afceedbf298a91a6,claim-5d17018819f1502f,sig-02e0badcba66a682,delivered,1,1,1,,
exp-40a9cd647575,run-0157f532598e4b4f,claim-f823f2e2786f5df2,sig-03215158ab316e90,delivered,1,1,1,,
exp-40a9cd647575,run-4893f98223124ec7,claim-f823f2e2786f5df2,sig-03215158ab316e90,delivered,1,1,1,,
exp-40a9cd647575,run-5e0f13ec0da33c69,claim-f823f2e2786f5df2,sig-03215158ab316e90,delivered,1,1,1,,
exp-40a9cd647575,run-5e2cbaadd2aed0b1,claim-f823f2e2786f5df2,sig-03215158ab316e90,delivered,1,1,1,,
exp-40a9cd647575,run-622746ed303f2c0d,claim-f823f2e2786f5df2,sig-03215158ab316e90,delivered,1,1,1,,
exp-40a9cd647575,run-87b80a2f839f80f8,claim-f823f2e2786f5df2,sig-03215158ab316e90,delivered,1,1,1,,
exp-40a9cd647575,run-a54490d340d095c6,claim-f823f2e2786f5df2,sig-03215158ab316e90,delivered,1,1,1,,
exp-40a9cd647575,run-afb024d797a37c69,claim-f823f2e2786f5df2,sig-03215158ab316e90,delivered,1,1,1,,
exp-40a9cd647575,run-dcec6376163df8fc,claim-f823f2e2786f5df2,sig-03215158ab316e90,delivered,1,1,1,,
exp-40a9cd647575,run-e7a6944b52a20ca5,claim-f823f2e2786f5df2,sig-03215158ab316e90,delivered,1,1,1,,
exp-40a9cd647575,run-4606fbd807ba4650,claim-701e6c6d74d382e8,sig-0388f46ee216f787,delivered,1,1,1,,
exp-40a9cd647575,run-5426d17ea77a5e18,claim-701e6c6d74d382e8,sig-0388f46ee216f787,delivered,1,1,1,,
exp-40a9cd647575,run-be1afd4e17c162e6,claim-701e6c6d74d382e8,sig-0388f46ee216f787,delivered,1,1,1,,
exp-40a9cd647575,run-0bdbd7e3ae24c145,claim-f684c5612713dab6,sig-04727ae6d88e7c39,delivered,1,1,1,,
exp-40a9cd647575,run-293806b558ff1d6a,claim-f684c5612713dab6,sig-04727ae6d88e7c39,delivered,1,1,1,,
exp-40a9cd647575,run-8fe7e2a70540fa13,claim-f684c5612713dab6,sig-04727ae6d88e7c39,delivered,1,1,1,,
exp-40a9cd647575,run-b0c15ff5128e34a7,claim-f684c5612713dab6,sig-04727ae6d88e7c39,delivered,1,1,1,,
exp-40a9cd647575,run-5544965755d02fca,claim-0bac7e0b982e6eec,sig-04ea054f9e962c3d,delivered,1,1,1,,
exp-40a9cd647575,run-5c7b2955097358b7,claim-0bac7e0b982e6eec,sig-04ea054f9e962c3d,delivered,1,1,1,,
exp-40a9cd647575,run-85cbabcaed591d3e,claim-0bac7e0b982e6eec,sig-04ea054f9e962c3d,delivered,1,1,1,,
exp-40a9cd647575,run-a29dca6067031521,claim-0bac7e0b982e6eec,sig-04ea054f9e962c3d,delivered,1,1,1,,
exp-40a9cd647575,run-a9336051d5ce5f85,claim-0bac7e0b982e6eec,sig-04ea054f9e962c3d,delivered,1,1,1,,
exp-40a9cd647575,run-b9e398623f533076,claim-0bac7e0b982e6eec,sig-04ea054f9e962c3d,delivered,1,1,1,,
exp-40a9cd647575,run-c046dfb52bd9e84d,claim-0bac7e0b982e6eec,sig-04ea054f9e962c3d,delivered,1,1,1,,
exp-40a9cd647575,run-e0d708a90a8e4911,claim-0bac7e0b982e6eec,sig-04ea054f9e962c3d,delivered,1,1,1,,
exp-40a9cd647575,run-25b1a4c18ff8cdfe,claim-d1a4e171eadadfd6,sig-04f9c8689de189d4,delivered,1,1,1,,
exp-40a9cd647575,run-62b9c429b0e1fee1,claim-d1a4e171eadadfd6,sig-04f9c8689de189d4,delivered,1,1,1,,
exp-40a9cd647575,run-b2960756b22de028,claim-d1a4e171eadadfd6,sig-04f9c8689de189d4,delivered,1,1,1,,
exp-40a9cd647575,run-59a9fcc2972db0b9,claim-f91ddb1d021b5b39,sig-04fa0a933b8d4802,delivered,1,1,1,,
exp-40a9cd647575,run-243c9483fa7e0adf,claim-1c9e45d4f7d5d3e9,sig-053cda707a694785,delivered,1,1,1,,
exp-40a9cd647575,run-5d2e6e2b79282ca0,claim-1c9e45d4f7d5d3e9,sig-053cda707a694785,delivered,1,1,1,,
exp-40a9cd647575,run-9332cdf03b96bf12,claim-1c9e45d4f7d5d3e9,sig-053cda707a694785,delivered,1,1,1,,
exp-40a9cd647575,run-afceedbf298a91a6,claim-1c9e45d4f7d5d3e9,sig-053cda707a694785,delivered,1,1,1,,
exp-40a9cd647575,run-243c9483fa7e0adf,claim-9afeb44b4732d9a4,sig-057138bdae9f5f06,delivered,1,1,1,,
exp-40a9cd647575,run-4292659382907599,claim-9afeb44b4732d9a4,sig-057138bdae9f5f06,delivered,1,1,1,,
exp-40a9cd647575,run-5d2e6e2b79282ca0,claim-9afeb44b4732d9a4,sig-057138bdae9f5f06,delivered,1,1,1,,
exp-40a9cd647575,run-5dff6533050fc9bf,claim-9afeb44b4732d9a4,sig-057138bdae9f5f06,delivered,1,1,1,,
exp-40a9cd647575,run-8b3f8acda4a32c84,claim-9afeb44b4732d9a4,sig-057138bdae9f5f06,delivered,1,1,1,,
exp-40a9cd647575,run-9332cdf03b96bf12,claim-9afeb44b4732d9a4,sig-057138bdae9f5f06,delivered,1,1,1,,
exp-40a9cd647575,run-ace8bf7a52ee7605,claim-9afeb44b4732d9a4,sig-057138bdae9f5f06,delivered,1,1,1,,
exp-40a9cd647575,run-afceedbf298a91a6,claim-9afeb44b4732d9a4,sig-057138bdae9f5f06,delivered,1,1,1,,
exp-40a9cd647575,run-affd2b9b1ab246dd,claim-9afeb44b4732d9a4,sig-057138bdae9f5f06,delivered,1,1,1,,
exp-40a9cd647575,run-0bdbd7e3ae24c145,claim-ea64ecbca01fc278,sig-0630fdba8fbaf108,delivered,1,1,1,,
exp-40a9cd647575,run-25b1a4c18ff8cdfe,claim-ea64ecbca01fc278,sig-0630fdba8fbaf108,delivered,1,1,1,,
exp-40a9cd647575,run-293806b558ff1d6a,claim-ea64ecbca01fc278,sig-0630fdba8fbaf108,delivered,1,1,1,,
exp-40a9cd647575,run-62b9c429b0e1fee1,claim-ea64ecbca01fc278,sig-0630fdba8fbaf108,delivered,1,1,1,,
exp-40a9cd647575,run-8fe7e2a70540fa13,claim-ea64ecbca01fc278,sig-0630fdba8fbaf108,delivered,1,1,1,,
exp-40a9cd647575,run-b0c15ff5128e34a7,claim-ea64ecbca01fc278,sig-0630fdba8fbaf108,delivered,1,1,1,,
exp-40a9cd647575,run-b2960756b22de028,claim-ea64ecbca01fc278,sig-0630fdba8fbaf108,delivered,1,1,1,,
exp-40a9cd647575,run-44edd4d662236ae1,claim-cc93a9317a2f39a1,sig-065870dfe1f4193f,delivered,1,1,1,,
exp-40a9cd647575,run-dab5d4df9ae936a4,claim-cc93a9317a2f39a1,sig-065870dfe1f4193f,delivered,1,1,1,,
exp-40a9cd647575,run-2e4189c28ef33830,claim-ffea572f1dec63c9,sig-06eb815b3742cb49,delivered,0,0,1,,
exp-40a9cd647575,run-81e796b5314caa57,claim-ffea572f1dec63c9,sig-06eb815b3742cb49,delivered,0,0,1,,
exp-40a9cd647575,run-8ae17181d03fbff5,claim-ffea572f1dec63c9,sig-06eb815b3742cb49,delivered,0,0,1,,
exp-40a9cd647575,run-d90c8a92fe059b99,claim-7a07bebb6dce7fca,sig-0748080af30cdb05,delivered,1,1,1,,
exp-40a9cd647575,run-f0318a443bd4e1ea,claim-7a07bebb6dce7fca,sig-0748080af30cdb05,delivered,1,1,1,,
exp-40a9cd647575,run-fec06fd051e965bd,claim-7a07bebb6dce7fca,sig-0748080af30cdb05,delivered,1,1,1,,
exp-40a9cd647575,run-4337e1188bc3cbdd,claim-d354c4dd8ccfeeba,sig-074b65441ea38225,delivered,1,1,1,,
exp-40a9cd647575,run-4606fbd807ba4650,claim-d354c4dd8ccfeeba,sig-074b65441ea38225,delivered,1,1,1,,
exp-40a9cd647575,run-4b6183de42fffe52,claim-d354c4dd8ccfeeba,sig-074b65441ea38225,delivered,1,1,1,,
exp-40a9cd647575,run-5426d17ea77a5e18,claim-d354c4dd8ccfeeba,sig-074b65441ea38225,delivered,1,1,1,,
exp-40a9cd647575,run-57707206b4378d12,claim-d354c4dd8ccfeeba,sig-074b65441ea38225,delivered,1,1,1,,
exp-40a9cd647575,run-937dfd5cfbd8926d,claim-d354c4dd8ccfeeba,sig-074b65441ea38225,delivered,1,1,1,,
exp-40a9cd647575,run-a1496348f76e4af2,claim-d354c4dd8ccfeeba,sig-074b65441ea38225,delivered,1,1,1,,
exp-40a9cd647575,run-5e0f13ec0da33c69,claim-d101143515cd53aa,sig-07777f44f94bbdb9,delivered,1,1,1,,
exp-40a9cd647575,run-611904a79457240a,claim-d101143515cd53aa,sig-07777f44f94bbdb9,delivered,1,1,1,,
exp-40a9cd647575,run-654c7c2b618f3aed,claim-d101143515cd53aa,sig-07777f44f94bbdb9,delivered,1,1,1,,
exp-40a9cd647575,run-89dda70ea9ef85f4,claim-d101143515cd53aa,sig-07777f44f94bbdb9,delivered,1,1,1,,
exp-40a9cd647575,run-9743848c2e583907,claim-d101143515cd53aa,sig-07777f44f94bbdb9,delivered,1,1,1,,
exp-40a9cd647575,run-b0b6aff3256f63f3,claim-d101143515cd53aa,sig-07777f44f94bbdb9,delivered,1,1,1,,
exp-40a9cd647575,run-b1d9241e2abafa16,claim-d101143515cd53aa,sig-07777f44f94bbdb9,delivered,1,1,1,,
exp-40a9cd647575,run-befb1059eb8a4f2b,claim-d101143515cd53aa,sig-07777f44f94bbdb9,delivered,1,1,1,,
exp-40a9cd647575,run-d41da11c672e910a,claim-d101143515cd53aa,sig-07777f44f94bbdb9,delivered,1,1,1,,
exp-40a9cd647575,run-ebc9aaf788547725,claim-d101143515cd53aa,sig-07777f44f94bbdb9,delivered,1,1,1,,
exp-40a9cd647575,run-edddb80b074c7c76,claim-d101143515cd53aa,sig-07777f44f94bbdb9,delivered,1,1,1,,
exp-40a9cd647575,run-04199a1317aaf4d6,claim-6dc7893b25ac7ec3,sig-077fe75f4576586f,delivered,1,1,1,,
exp-40a9cd647575,run-04ef79de6332407d,claim-6dc7893b25ac7ec3,sig-077fe75f4576586f,delivered,1,1,1,,
exp-40a9cd647575,run-10552c1cef134ebe,claim-6dc7893b25ac7ec3,sig-077fe75f4576586f,delivered,1,1,1,,
exp-40a9cd647575,run-793cb59b50eec427,claim-6dc7893b25ac7ec3,sig-077fe75f4576586f,delivered,1,1,1,,
exp-40a9cd647575,run-7e985e6525696145,claim-6dc7893b25ac7ec3,sig-077fe75f4576586f,delivered,1,1,1,,
exp-40a9cd647575,run-d7f178f578257fb9,claim-6dc7893b25ac7ec3,sig-077fe75f4576586f,delivered,1,1,1,,
exp-40a9cd647575,run-e7c9956e48cc45c9,claim-6dc7893b25ac7ec3,sig-077fe75f4576586f,delivered,1,1,1,,
exp-40a9cd647575,run-4606fbd807ba4650,claim-dc6c121148771259,sig-07aca7d2b75b4163,delivered,1,1,1,,
exp-40a9cd647575,run-5426d17ea77a5e18,claim-dc6c121148771259,sig-07aca7d2b75b4163,delivered,1,1,1,,
exp-40a9cd647575,run-be1afd4e17c162e6,claim-dc6c121148771259,sig-07aca7d2b75b4163,delivered,1,1,1,,
exp-40a9cd647575,run-bc6941a815dfc8ff,claim-c87ab8dfd8c33485,sig-0804c7a1bf37f8be,delivered,1,1,1,,
exp-40a9cd647575,run-57f8c4665d98f5e0,claim-5ffa4e481923b015,sig-08d15dd89614bf7b,delivered,1,1,1,,
exp-40a9cd647575,run-897ec7b867f5ca68,claim-5ffa4e481923b015,sig-08d15dd89614bf7b,delivered,1,1,1,,
exp-40a9cd647575,run-1938ed72bf14b97b,claim-39473ea2ca61fe49,sig-08f0f11af6d408bd,delivered,1,1,1,,
exp-40a9cd647575,run-4337e1188bc3cbdd,claim-5421314432351528,sig-0912e42a2f7edc7b,delivered,1,1,1,,
exp-40a9cd647575,run-4606fbd807ba4650,claim-5421314432351528,sig-0912e42a2f7edc7b,delivered,1,1,1,,
exp-40a9cd647575,run-4b6183de42fffe52,claim-5421314432351528,sig-0912e42a2f7edc7b,delivered,1,1,1,,
exp-40a9cd647575,run-5426d17ea77a5e18,claim-5421314432351528,sig-0912e42a2f7edc7b,delivered,1,1,1,,
exp-40a9cd647575,run-937dfd5cfbd8926d,claim-5421314432351528,sig-0912e42a2f7edc7b,delivered,1,1,1,,
exp-40a9cd647575,run-a1496348f76e4af2,claim-5421314432351528,sig-0912e42a2f7edc7b,delivered,1,1,1,,
exp-40a9cd647575,run-16c8c4cbda3a67ff,claim-99e5a5c226defbba,sig-09f92524efbf2ca4,delivered,1,1,1,,
exp-40a9cd647575,run-3dcb25053d94d332,claim-99e5a5c226defbba,sig-09f92524efbf2ca4,delivered,1,1,1,,
exp-40a9cd647575,run-bcaf26c16062a877,claim-99e5a5c226defbba,sig-09f92524efbf2ca4,delivered,1,1,1,,
exp-40a9cd647575,run-5ba7ce50f4958746,claim-888dd8e65ebd1e0c,sig-0b1f80683e0b50f8,delivered,1,1,1,,
exp-40a9cd647575,run-6474c7fea2bc101b,claim-888dd8e65ebd1e0c,sig-0b1f80683e0b50f8,delivered,1,1,1,,
exp-40a9cd647575,run-c6c4e2e7bfa89ee6,claim-888dd8e65ebd1e0c,sig-0b1f80683e0b50f8,delivered,1,1,1,,
exp-40a9cd647575,run-cbadac524b3b1865,claim-888dd8e65ebd1e0c,sig-0b1f80683e0b50f8,delivered,1,1,1,,
exp-40a9cd647575,run-d533db1177852d34,claim-888dd8e65ebd1e0c,sig-0b1f80683e0b50f8,delivered,1,1,1,,
exp-40a9cd647575,run-327029f826592b5a,claim-58912513953f80e7,sig-0b4b06ef21c6bb18,delivered,1,1,1,,
exp-40a9cd647575,run-3ee72ebf1fb7c6ba,claim-58912513953f80e7,sig-0b4b06ef21c6bb18,delivered,1,1,1,,
exp-40a9cd647575,run-94dc0505d98b1125,claim-58912513953f80e7,sig-0b4b06ef21c6bb18,delivered,1,1,1,,
exp-40a9cd647575,run-95bc32511c3aed48,claim-58912513953f80e7,sig-0b4b06ef21c6bb18,delivered,1,1,1,,
exp-40a9cd647575,run-a98623393b9f4912,claim-58912513953f80e7,sig-0b4b06ef21c6bb18,delivered,1,1,1,,
exp-40a9cd647575,run-f2047b965149efbc,claim-58912513953f80e7,sig-0b4b06ef21c6bb18,delivered,1,1,1,,
exp-40a9cd647575,run-16c8c4cbda3a67ff,claim-9a7163ddc5bb6f34,sig-0b6bc5b201ecfa1d,delivered,1,1,1,,
exp-40a9cd647575,run-4292659382907599,claim-9a7163ddc5bb6f34,sig-0b6bc5b201ecfa1d,delivered,1,1,1,,
exp-40a9cd647575,run-6f9234be022646e9,claim-9a7163ddc5bb6f34,sig-0b6bc5b201ecfa1d,delivered,1,1,1,,
exp-40a9cd647575,run-8b3f8acda4a32c84,claim-9a7163ddc5bb6f34,sig-0b6bc5b201ecfa1d,delivered,1,1,1,,
exp-40a9cd647575,run-a5eaf6305b9044fe,claim-9a7163ddc5bb6f34,sig-0b6bc5b201ecfa1d,delivered,1,1,1,,
exp-40a9cd647575,run-ace8bf7a52ee7605,claim-9a7163ddc5bb6f34,sig-0b6bc5b201ecfa1d,delivered,1,1,1,,
exp-40a9cd647575,run-affd2b9b1ab246dd,claim-9a7163ddc5bb6f34,sig-0b6bc5b201ecfa1d,delivered,1,1,1,,
exp-40a9cd647575,run-974c2e173586b95d,claim-566e658378ba2889,sig-0bcd22b796066f58,delivered,1,1,1,,
exp-40a9cd647575,run-3dcb25053d94d332,claim-0753382c525bdd94,sig-0c1a2bc58f2f84ff,delivered,1,1,1,,
exp-40a9cd647575,run-57707206b4378d12,claim-0753382c525bdd94,sig-0c1a2bc58f2f84ff,delivered,1,1,1,,
exp-40a9cd647575,run-823f79ffe02484d0,claim-0753382c525bdd94,sig-0c1a2bc58f2f84ff,delivered,1,1,1,,
exp-40a9cd647575,run-bcaf26c16062a877,claim-0753382c525bdd94,sig-0c1a2bc58f2f84ff,delivered,1,1,1,,
exp-40a9cd647575,run-5146b6b94268cb8e,claim-3a297735a9ea1908,sig-0c4a7c5167631ec9,delivered,1,1,1,,
exp-40a9cd647575,run-13636c78ccc51a0e,claim-d57628ed886b9397,sig-0cae4c575a5e840b,delivered,1,1,1,,
exp-40a9cd647575,run-39d61cb1eca880d8,claim-d57628ed886b9397,sig-0cae4c575a5e840b,delivered,1,1,1,,
exp-40a9cd647575,run-b45d4176e65e5906,claim-d57628ed886b9397,sig-0cae4c575a5e840b,delivered,1,1,1,,
exp-40a9cd647575,run-299870db7b1a02f9,claim-3ae82f5b59a482b8,sig-0d5c96221c10e716,delivered,1,1,1,,
exp-40a9cd647575,run-90dcc86b93a5ce44,claim-3ae82f5b59a482b8,sig-0d5c96221c10e716,delivered,1,1,1,,
exp-40a9cd647575,run-b04f876cb742eaf7,claim-3ae82f5b59a482b8,sig-0d5c96221c10e716,delivered,1,1,1,,
exp-40a9cd647575,run-377799dabee681b2,claim-888dd8e65ebd1e0c,sig-0dca7303b026d4af,delivered,1,1,1,,
exp-40a9cd647575,run-5e0f13ec0da33c69,claim-888dd8e65ebd1e0c,sig-0dca7303b026d4af,delivered,1,1,1,,
exp-40a9cd647575,run-654c7c2b618f3aed,claim-888dd8e65ebd1e0c,sig-0dca7303b026d4af,delivered,1,1,1,,
exp-40a9cd647575,run-95b1d24ba8f7a546,claim-888dd8e65ebd1e0c,sig-0dca7303b026d4af,delivered,1,1,1,,
exp-40a9cd647575,run-b0b6aff3256f63f3,claim-888dd8e65ebd1e0c,sig-0dca7303b026d4af,delivered,1,1,1,,
exp-40a9cd647575,run-d4c741a10716a606,claim-888dd8e65ebd1e0c,sig-0dca7303b026d4af,delivered,1,1,1,,
exp-40a9cd647575,run-ebc9aaf788547725,claim-888dd8e65ebd1e0c,sig-0dca7303b026d4af,delivered,1,1,1,,
exp-40a9cd647575,run-edddb80b074c7c76,claim-888dd8e65ebd1e0c,sig-0dca7303b026d4af,delivered,1,1,1,,
exp-40a9cd647575,run-fe7a26d58064e8dc,claim-888dd8e65ebd1e0c,sig-0dca7303b026d4af,delivered,1,1,1,,
exp-40a9cd647575,run-1395b56d6fc8e924,claim-30f2b75b70add393,sig-0e65536aae153282,delivered,1,1,1,,
exp-40a9cd647575,run-59a9fcc2972db0b9,claim-30f2b75b70add393,sig-0e65536aae153282,delivered,1,1,1,,
exp-40a9cd647575,run-84afe91bc77f7d66,claim-30f2b75b70add393,sig-0e65536aae153282,delivered,1,1,1,,
exp-40a9cd647575,run-8d5ad95c4cc0ea7e,claim-30f2b75b70add393,sig-0e65536aae153282,delivered,1,1,1,,
exp-40a9cd647575,run-be1afd4e17c162e6,claim-30f2b75b70add393,sig-0e65536aae153282,delivered,1,1,1,,
exp-40a9cd647575,run-04ef79de6332407d,claim-5477197e1d63902c,sig-0edbe20a2e4e52ed,delivered,1,1,1,,
exp-40a9cd647575,run-10552c1cef134ebe,claim-5477197e1d63902c,sig-0edbe20a2e4e52ed,delivered,1,1,1,,
exp-40a9cd647575,run-299870db7b1a02f9,claim-5477197e1d63902c,sig-0edbe20a2e4e52ed,delivered,1,1,1,,
exp-40a9cd647575,run-419b34c10574e0d7,claim-5477197e1d63902c,sig-0edbe20a2e4e52ed,delivered,1,1,1,,
exp-40a9cd647575,run-5544965755d02fca,claim-5477197e1d63902c,sig-0edbe20a2e4e52ed,delivered,1,1,1,,
exp-40a9cd647575,run-90dcc86b93a5ce44,claim-5477197e1d63902c,sig-0edbe20a2e4e52ed,delivered,1,1,1,,
exp-40a9cd647575,run-b04f876cb742eaf7,claim-5477197e1d63902c,sig-0edbe20a2e4e52ed,delivered,1,1,1,,
exp-40a9cd647575,run-b4594bd0d15cc5e0,claim-5477197e1d63902c,sig-0edbe20a2e4e52ed,delivered,1,1,1,,
exp-40a9cd647575,run-bc800b63a2891e00,claim-5477197e1d63902c,sig-0edbe20a2e4e52ed,delivered,1,1,1,,
exp-40a9cd647575,run-dd7de3867f884932,claim-5477197e1d63902c,sig-0edbe20a2e4e52ed,delivered,1,1,1,,
exp-40a9cd647575,run-0bdbd7e3ae24c145,claim-d341ca3dfb686eb3,sig-0f019d81d6ea9d0b,delivered,1,1,1,,
exp-40a9cd647575,run-293806b558ff1d6a,claim-d341ca3dfb686eb3,sig-0f019d81d6ea9d0b,delivered,1,1,1,,
exp-40a9cd647575,run-8fe7e2a70540fa13,claim-d341ca3dfb686eb3,sig-0f019d81d6ea9d0b,delivered,1,1,1,,
exp-40a9cd647575,run-b0c15ff5128e34a7,claim-d341ca3dfb686eb3,sig-0f019d81d6ea9d0b,delivered,1,1,1,,
exp-40a9cd647575,run-4337e1188bc3cbdd,claim-128ba76c0395a1c3,sig-0f83413df513472e,delivered,1,1,1,,
exp-40a9cd647575,run-4606fbd807ba4650,claim-128ba76c0395a1c3,sig-0f83413df513472e,delivered,1,1,1,,
exp-40a9cd647575,run-4b6183de42fffe52,claim-128ba76c0395a1c3,sig-0f83413df513472e,delivered,1,1,1,,
exp-40a9cd647575,run-5426d17ea77a5e18,claim-128ba76c0395a1c3,sig-0f83413df513472e,delivered,1,1,1,,
exp-40a9cd647575,run-57707206b4378d12,claim-128ba76c0395a1c3,sig-0f83413df513472e,delivered,1,1,1,,
exp-40a9cd647575,run-937dfd5cfbd8926d,claim-128ba76c0395a1c3,sig-0f83413df513472e,delivered,1,1,1,,
exp-40a9cd647575,run-a1496348f76e4af2,claim-128ba76c0395a1c3,sig-0f83413df513472e,delivered,1,1,1,,
exp-40a9cd647575,run-2f4597ed820c1503,claim-910890350acb2de9,sig-0fa22582ad0c9cb9,delivered,1,1,1,,
exp-40a9cd647575,run-35c863ad4c3e6f28,claim-910890350acb2de9,sig-0fa22582ad0c9cb9,delivered,1,1,1,,
exp-40a9cd647575,run-612f2088b21cda70,claim-910890350acb2de9,sig-0fa22582ad0c9cb9,delivered,1,1,1,,
exp-40a9cd647575,run-d03fb77500c9cd94,claim-910890350acb2de9,sig-0fa22582ad0c9cb9,delivered,1,1,1,,
exp-40a9cd647575,run-f96aa93357eb541c,claim-023e9944c7cadd4a,sig-0ff63dc8cf64509c,delivered,1,1,1,,
exp-40a9cd647575,run-1e0ba3c3954c7ccf,claim-729318bf1714782a,sig-106ca77bd6dea433,delivered,1,1,1,,
exp-40a9cd647575,run-d0fa4ba0dd287bb4,claim-729318bf1714782a,sig-106ca77bd6dea433,delivered,1,1,1,,
exp-40a9cd647575,run-f96aa93357eb541c,claim-729318bf1714782a,sig-106ca77bd6dea433,delivered,1,1,1,,
exp-40a9cd647575,run-4292659382907599,claim-4ef0c0bf88936421,sig-1094026e83be95d4,delivered,1,1,1,,
exp-40a9cd647575,run-8b3f8acda4a32c84,claim-4ef0c0bf88936421,sig-1094026e83be95d4,delivered,1,1,1,,
exp-40a9cd647575,run-ace8bf7a52ee7605,claim-4ef0c0bf88936421,sig-1094026e83be95d4,delivered,1,1,1,,
exp-40a9cd647575,run-affd2b9b1ab246dd,claim-4ef0c0bf88936421,sig-1094026e83be95d4,delivered,1,1,1,,
exp-40a9cd647575,run-2a6bdf80f5ea7b6d,claim-a9e66fd4a51f274a,sig-10ab458e3bf7d10c,delivered,1,1,1,,
exp-40a9cd647575,run-59a9fcc2972db0b9,claim-a9e66fd4a51f274a,sig-10ab458e3bf7d10c,delivered,1,1,1,,
exp-40a9cd647575,run-7e985e6525696145,claim-a9e66fd4a51f274a,sig-10ab458e3bf7d10c,delivered,1,1,1,,
exp-40a9cd647575,run-04ef79de6332407d,claim-38e7030cefad4279,sig-10edd453822031fe,delivered,1,1,1,,
exp-40a9cd647575,run-10552c1cef134ebe,claim-38e7030cefad4279,sig-10edd453822031fe,delivered,1,1,1,,
exp-40a9cd647575,run-419b34c10574e0d7,claim-38e7030cefad4279,sig-10edd453822031fe,delivered,1,1,1,,
exp-40a9cd647575,run-7e985e6525696145,claim-38e7030cefad4279,sig-10edd453822031fe,delivered,1,1,1,,
exp-40a9cd647575,run-2014c584d6b7abe3,claim-27f710b8f1a9eb72,sig-111edfa43ef24d8e,delivered,1,1,1,,
exp-40a9cd647575,run-243c9483fa7e0adf,claim-27f710b8f1a9eb72,sig-111edfa43ef24d8e,delivered,1,1,1,,
exp-40a9cd647575,run-5d2e6e2b79282ca0,claim-27f710b8f1a9eb72,sig-111edfa43ef24d8e,delivered,1,1,1,,
exp-40a9cd647575,run-6f9234be022646e9,claim-27f710b8f1a9eb72,sig-111edfa43ef24d8e,delivered,1,1,1,,
exp-40a9cd647575,run-9332cdf03b96bf12,claim-27f710b8f1a9eb72,sig-111edfa43ef24d8e,delivered,1,1,1,,
exp-40a9cd647575,run-afceedbf298a91a6,claim-27f710b8f1a9eb72,sig-111edfa43ef24d8e,delivered,1,1,1,,
exp-40a9cd647575,run-f96aa93357eb541c,claim-4538fb379b4649d1,sig-1122726f496a52f4,delivered,1,1,1,,
exp-40a9cd647575,run-1395b56d6fc8e924,claim-714e03bb3cec9b87,sig-1141cdcc75148076,delivered,1,1,1,,
exp-40a9cd647575,run-4337e1188bc3cbdd,claim-714e03bb3cec9b87,sig-1141cdcc75148076,delivered,1,1,1,,
exp-40a9cd647575,run-4b6183de42fffe52,claim-714e03bb3cec9b87,sig-1141cdcc75148076,delivered,1,1,1,,
exp-40a9cd647575,run-57707206b4378d12,claim-714e03bb3cec9b87,sig-1141cdcc75148076,delivered,1,1,1,,
exp-40a9cd647575,run-84afe91bc77f7d66,claim-714e03bb3cec9b87,sig-1141cdcc75148076,delivered,1,1,1,,
exp-40a9cd647575,run-937dfd5cfbd8926d,claim-714e03bb3cec9b87,sig-1141cdcc75148076,delivered,1,1,1,,
exp-40a9cd647575,run-a1496348f76e4af2,claim-714e03bb3cec9b87,sig-1141cdcc75148076,delivered,1,1,1,,
exp-40a9cd647575,run-0c7f7d168f1509e0,claim-93ce851f9cc5a84e,sig-1149aea62f6ff838,delivered,1,1,1,,
exp-40a9cd647575,run-0ce9678e58d522e5,claim-93ce851f9cc5a84e,sig-1149aea62f6ff838,delivered,1,1,1,,
exp-40a9cd647575,run-5093d78945736d5b,claim-93ce851f9cc5a84e,sig-1149aea62f6ff838,delivered,1,1,1,,
exp-40a9cd647575,run-6603f070d7a74f3c,claim-79d53530f4caf69c,sig-11d5e3b1684e9305,delivered,1,1,1,,
exp-40a9cd647575,run-4292659382907599,claim-3487684756fa6e71,sig-12ee3757832c19e5,delivered,1,1,1,,
exp-40a9cd647575,run-8b3f8acda4a32c84,claim-3487684756fa6e71,sig-12ee3757832c19e5,delivered,1,1,1,,
exp-40a9cd647575,run-ace8bf7a52ee7605,claim-3487684756fa6e71,sig-12ee3757832c19e5,delivered,1,1,1,,
exp-40a9cd647575,run-affd2b9b1ab246dd,claim-3487684756fa6e71,sig-12ee3757832c19e5,delivered,1,1,1,,
exp-40a9cd647575,run-57f8c4665d98f5e0,claim-fbe60487ea8a3f2d,sig-1316f2ae97a041bc,delivered,1,1,1,,
exp-40a9cd647575,run-897ec7b867f5ca68,claim-fbe60487ea8a3f2d,sig-1316f2ae97a041bc,delivered,1,1,1,,
exp-40a9cd647575,run-1395b56d6fc8e924,claim-c101a018bf9cecfc,sig-1370f6711cb00666,delivered,1,1,1,,
exp-40a9cd647575,run-e3abc9bf556d7a45,claim-c101a018bf9cecfc,sig-1370f6711cb00666,delivered,1,1,1,,
exp-40a9cd647575,run-327029f826592b5a,claim-dc6d3c983f8f710c,sig-138ac74e2319bf18,delivered,0,0,1,,
exp-40a9cd647575,run-3ee72ebf1fb7c6ba,claim-dc6d3c983f8f710c,sig-138ac74e2319bf18,delivered,0,0,1,,
exp-40a9cd647575,run-95bc32511c3aed48,claim-dc6d3c983f8f710c,sig-138ac74e2319bf18,delivered,0,0,1,,
exp-40a9cd647575,run-299870db7b1a02f9,claim-b0a49b1647321153,sig-160baaadd42f6798,delivered,1,1,1,,
exp-40a9cd647575,run-90dcc86b93a5ce44,claim-b0a49b1647321153,sig-160baaadd42f6798,delivered,1,1,1,,
exp-40a9cd647575,run-b04f876cb742eaf7,claim-b0a49b1647321153,sig-160baaadd42f6798,delivered,1,1,1,,
exp-40a9cd647575,run-bc800b63a2891e00,claim-b0a49b1647321153,sig-160baaadd42f6798,delivered,1,1,1,,
exp-40a9cd647575,run-0157f532598e4b4f,claim-12ae8647c8a9f22b,sig-16d8a030f1c84c2e,delivered,1,1,1,,
exp-40a9cd647575,run-4893f98223124ec7,claim-12ae8647c8a9f22b,sig-16d8a030f1c84c2e,delivered,1,1,1,,
exp-40a9cd647575,run-5e2cbaadd2aed0b1,claim-12ae8647c8a9f22b,sig-16d8a030f1c84c2e,delivered,1,1,1,,
exp-40a9cd647575,run-622746ed303f2c0d,claim-12ae8647c8a9f22b,sig-16d8a030f1c84c2e,delivered,1,1,1,,
exp-40a9cd647575,run-87b80a2f839f80f8,claim-12ae8647c8a9f22b,sig-16d8a030f1c84c2e,delivered,1,1,1,,
exp-40a9cd647575,run-a54490d340d095c6,claim-12ae8647c8a9f22b,sig-16d8a030f1c84c2e,delivered,1,1,1,,
exp-40a9cd647575,run-afb024d797a37c69,claim-12ae8647c8a9f22b,sig-16d8a030f1c84c2e,delivered,1,1,1,,
exp-40a9cd647575,run-d62426bd09776395,claim-12ae8647c8a9f22b,sig-16d8a030f1c84c2e,delivered,1,1,1,,
exp-40a9cd647575,run-e7a6944b52a20ca5,claim-12ae8647c8a9f22b,sig-16d8a030f1c84c2e,delivered,1,1,1,,
exp-40a9cd647575,run-1a5f2b96746a5fa3,claim-9515f274401a51ce,sig-1764887e198dfa33,delivered,1,1,1,,
exp-40a9cd647575,run-793cb59b50eec427,claim-9515f274401a51ce,sig-1764887e198dfa33,delivered,1,1,1,,
exp-40a9cd647575,run-e7c9956e48cc45c9,claim-9515f274401a51ce,sig-1764887e198dfa33,delivered,1,1,1,,
exp-40a9cd647575,run-f624b0f51a068b4e,claim-9515f274401a51ce,sig-1764887e198dfa33,delivered,1,1,1,,
exp-40a9cd647575,run-4606fbd807ba4650,claim-4252293b9c5df619,sig-17ee58bd875226dc,delivered,1,1,1,,
exp-40a9cd647575,run-5426d17ea77a5e18,claim-4252293b9c5df619,sig-17ee58bd875226dc,delivered,1,1,1,,
exp-40a9cd647575,run-59a9fcc2972db0b9,claim-4252293b9c5df619,sig-17ee58bd875226dc,delivered,1,1,1,,
exp-40a9cd647575,run-0ce9678e58d522e5,claim-90c0a7e7cb048695,sig-18394c355152fa19,delivered,1,1,1,,
exp-40a9cd647575,run-1e0ba3c3954c7ccf,claim-90c0a7e7cb048695,sig-18394c355152fa19,delivered,1,1,1,,
exp-40a9cd647575,run-2a6bdf80f5ea7b6d,claim-90c0a7e7cb048695,sig-18394c355152fa19,delivered,1,1,1,,
exp-40a9cd647575,run-2f4597ed820c1503,claim-90c0a7e7cb048695,sig-18394c355152fa19,delivered,1,1,1,,
exp-40a9cd647575,run-35c863ad4c3e6f28,claim-90c0a7e7cb048695,sig-18394c355152fa19,delivered,1,1,1,,
exp-40a9cd647575,run-5093d78945736d5b,claim-90c0a7e7cb048695,sig-18394c355152fa19,delivered,1,1,1,,
exp-40a9cd647575,run-5544965755d02fca,claim-90c0a7e7cb048695,sig-18394c355152fa19,delivered,1,1,1,,
exp-40a9cd647575,run-5c7b2955097358b7,claim-90c0a7e7cb048695,sig-18394c355152fa19,delivered,1,1,1,,
exp-40a9cd647575,run-612f2088b21cda70,claim-90c0a7e7cb048695,sig-18394c355152fa19,delivered,1,1,1,,
exp-40a9cd647575,run-a29dca6067031521,claim-90c0a7e7cb048695,sig-18394c355152fa19,delivered,1,1,1,,
exp-40a9cd647575,run-a9336051d5ce5f85,claim-90c0a7e7cb048695,sig-18394c355152fa19,delivered,1,1,1,,
exp-40a9cd647575,run-d03fb77500c9cd94,claim-90c0a7e7cb048695,sig-18394c355152fa19,delivered,1,1,1,,
exp-40a9cd647575,run-d0fa4ba0dd287bb4,claim-90c0a7e7cb048695,sig-18394c355152fa19,delivered,1,1,1,,
exp-40a9cd647575,run-04ef79de6332407d,claim-d9a2b20862e4eaf1,sig-1886b631f49205a5,delivered,1,1,1,,
exp-40a9cd647575,run-10552c1cef134ebe,claim-d9a2b20862e4eaf1,sig-1886b631f49205a5,delivered,1,1,1,,
exp-40a9cd647575,run-13636c78ccc51a0e,claim-d9a2b20862e4eaf1,sig-1886b631f49205a5,delivered,1,1,1,,
exp-40a9cd647575,run-39d61cb1eca880d8,claim-d9a2b20862e4eaf1,sig-1886b631f49205a5,delivered,1,1,1,,
exp-40a9cd647575,run-419b34c10574e0d7,claim-d9a2b20862e4eaf1,sig-1886b631f49205a5,delivered,1,1,1,,
exp-40a9cd647575,run-5146b6b94268cb8e,claim-d9a2b20862e4eaf1,sig-1886b631f49205a5,delivered,1,1,1,,
exp-40a9cd647575,run-b45d4176e65e5906,claim-d9a2b20862e4eaf1,sig-1886b631f49205a5,delivered,1,1,1,,
exp-40a9cd647575,run-170a86bce589f400,claim-352f09ca3851dc27,sig-189da3f85529d8a6,delivered,1,1,1,,
exp-40a9cd647575,run-201cd0cf98eaa593,claim-352f09ca3851dc27,sig-189da3f85529d8a6,delivered,1,1,1,,
exp-40a9cd647575,run-85dad60b90e1def2,claim-352f09ca3851dc27,sig-189da3f85529d8a6,delivered,1,1,1,,
exp-40a9cd647575,run-a7583e178eec4bac,claim-352f09ca3851dc27,sig-189da3f85529d8a6,delivered,1,1,1,,
exp-40a9cd647575,run-4337e1188bc3cbdd,claim-701e6c6d74d382e8,sig-18b534220be9dc5b,delivered,1,1,1,,
exp-40a9cd647575,run-4b6183de42fffe52,claim-701e6c6d74d382e8,sig-18b534220be9dc5b,delivered,1,1,1,,
exp-40a9cd647575,run-a1496348f76e4af2,claim-701e6c6d74d382e8,sig-18b534220be9dc5b,delivered,1,1,1,,
exp-40a9cd647575,run-2a6bdf80f5ea7b6d,claim-ec1e9957d88aea7e,sig-18c6b60be9c39b2b,delivered,1,1,1,,
exp-40a9cd647575,run-be1afd4e17c162e6,claim-ec1e9957d88aea7e,sig-18c6b60be9c39b2b,delivered,1,1,1,,
exp-40a9cd647575,run-e3abc9bf556d7a45,claim-ec1e9957d88aea7e,sig-18c6b60be9c39b2b,delivered,1,1,1,,
exp-40a9cd647575,run-2014c584d6b7abe3,claim-5d17018819f1502f,sig-18c833f93b101489,delivered,1,1,1,,
exp-40a9cd647575,run-3dcb25053d94d332,claim-5d17018819f1502f,sig-18c833f93b101489,delivered,1,1,1,,
exp-40a9cd647575,run-55c8e29cfa8c9641,claim-5d17018819f1502f,sig-18c833f93b101489,delivered,1,1,1,,
exp-40a9cd647575,run-bcaf26c16062a877,claim-5d17018819f1502f,sig-18c833f93b101489,delivered,1,1,1,,
exp-40a9cd647575,run-546a7e3ed4b2749b,claim-f8bae1eff92ebd13,sig-18cd8d63b7861b12,delivered,1,1,1,,
exp-40a9cd647575,run-823f79ffe02484d0,claim-f8bae1eff92ebd13,sig-18cd8d63b7861b12,delivered,1,1,1,,
exp-40a9cd647575,run-57707206b4378d12,claim-4bf325b69a844fc6,sig-193ed7fd0f118a3b,delivered,1,1,1,,
exp-40a9cd647575,run-6603f070d7a74f3c,claim-a22882d941be5305,sig-193f86d7860aa47a,delivered,1,1,1,,
exp-40a9cd647575,run-b4594bd0d15cc5e0,claim-afe921d2dea545a4,sig-1980226c40a92ba8,delivered,1,1,1,,
exp-40a9cd647575,run-bc6941a815dfc8ff,claim-5647dbbe67851d17,sig-199d8b71bb22921d,delivered,1,1,1,,
exp-40a9cd647575,run-9d1a12cb2591f457,claim-2de7b6a0b589d837,sig-1afb9fb563962ee4,delivered,1,1,1,,
exp-40a9cd647575,run-bc6941a815dfc8ff,claim-2de7b6a0b589d837,sig-1afb9fb563962ee4,delivered,1,1,1,,
exp-40a9cd647575,run-d833fa81f508835a,claim-2de7b6a0b589d837,sig-1afb9fb563962ee4,delivered,1,1,1,,
exp-40a9cd647575,run-da01527933e27f3c,claim-2de7b6a0b589d837,sig-1afb9fb563962ee4,delivered,1,1,1,,
exp-40a9cd647575,run-546a7e3ed4b2749b,claim-6c62ecbdcfc6fa63,sig-1b672fcfeca8fb88,delivered,1,1,1,,
exp-40a9cd647575,run-823f79ffe02484d0,claim-6c62ecbdcfc6fa63,sig-1b672fcfeca8fb88,delivered,1,1,1,,
exp-40a9cd647575,run-b0b6aff3256f63f3,claim-6c62ecbdcfc6fa63,sig-1b672fcfeca8fb88,delivered,1,1,1,,
exp-40a9cd647575,run-edddb80b074c7c76,claim-6c62ecbdcfc6fa63,sig-1b672fcfeca8fb88,delivered,1,1,1,,
exp-40a9cd647575,run-a7ad56f261f14f47,claim-2679f04ae5845c2b,sig-1bdbcfa5804af915,delivered,1,1,1,,
exp-40a9cd647575,run-0bdbd7e3ae24c145,claim-ab2e8ae389f52dcf,sig-1bf21ada484d582a,delivered,1,1,1,,
exp-40a9cd647575,run-293806b558ff1d6a,claim-ab2e8ae389f52dcf,sig-1bf21ada484d582a,delivered,1,1,1,,
exp-40a9cd647575,run-8fe7e2a70540fa13,claim-ab2e8ae389f52dcf,sig-1bf21ada484d582a,delivered,1,1,1,,
exp-40a9cd647575,run-b0c15ff5128e34a7,claim-ab2e8ae389f52dcf,sig-1bf21ada484d582a,delivered,1,1,1,,
exp-40a9cd647575,run-44edd4d662236ae1,claim-2202ae5da5008f54,sig-1c1aa93624ab84f0,delivered,1,1,1,,
exp-40a9cd647575,run-dab5d4df9ae936a4,claim-2202ae5da5008f54,sig-1c1aa93624ab84f0,delivered,1,1,1,,
exp-40a9cd647575,run-1da582a91e501197,claim-6748738c87afc308,sig-1c76c3f9b62f616b,delivered,1,1,1,,
exp-40a9cd647575,run-85375656a504b3d2,claim-6748738c87afc308,sig-1c76c3f9b62f616b,delivered,1,1,1,,
exp-40a9cd647575,run-8eacfbda7a4da0c6,claim-6748738c87afc308,sig-1c76c3f9b62f616b,delivered,1,1,1,,
exp-40a9cd647575,run-04ef79de6332407d,claim-b9d94b94e9e97f3b,sig-1cd7beddd2e61c33,delivered,1,1,1,,
exp-40a9cd647575,run-10552c1cef134ebe,claim-b9d94b94e9e97f3b,sig-1cd7beddd2e61c33,delivered,1,1,1,,
exp-40a9cd647575,run-13636c78ccc51a0e,claim-b9d94b94e9e97f3b,sig-1cd7beddd2e61c33,delivered,1,1,1,,
exp-40a9cd647575,run-3704234e0044445c,claim-b9d94b94e9e97f3b,sig-1cd7beddd2e61c33,delivered,1,1,1,,
exp-40a9cd647575,run-39d61cb1eca880d8,claim-b9d94b94e9e97f3b,sig-1cd7beddd2e61c33,delivered,1,1,1,,
exp-40a9cd647575,run-5146b6b94268cb8e,claim-b9d94b94e9e97f3b,sig-1cd7beddd2e61c33,delivered,1,1,1,,
exp-40a9cd647575,run-5e0f13ec0da33c69,claim-b9d94b94e9e97f3b,sig-1cd7beddd2e61c33,delivered,1,1,1,,
exp-40a9cd647575,run-654c7c2b618f3aed,claim-b9d94b94e9e97f3b,sig-1cd7beddd2e61c33,delivered,1,1,1,,
exp-40a9cd647575,run-897ec7b867f5ca68,claim-b9d94b94e9e97f3b,sig-1cd7beddd2e61c33,delivered,1,1,1,,
exp-40a9cd647575,run-930b76d107e5cff8,claim-b9d94b94e9e97f3b,sig-1cd7beddd2e61c33,delivered,1,1,1,,
exp-40a9cd647575,run-b1d9241e2abafa16,claim-b9d94b94e9e97f3b,sig-1cd7beddd2e61c33,delivered,1,1,1,,
exp-40a9cd647575,run-b45d4176e65e5906,claim-b9d94b94e9e97f3b,sig-1cd7beddd2e61c33,delivered,1,1,1,,
exp-40a9cd647575,run-ca316ef87f1e1d94,claim-b9d94b94e9e97f3b,sig-1cd7beddd2e61c33,delivered,1,1,1,,
exp-40a9cd647575,run-d41da11c672e910a,claim-b9d94b94e9e97f3b,sig-1cd7beddd2e61c33,delivered,1,1,1,,
exp-40a9cd647575,run-dd41e26e383b6e47,claim-b9d94b94e9e97f3b,sig-1cd7beddd2e61c33,delivered,1,1,1,,
exp-40a9cd647575,run-e4a4806cd80056a6,claim-b9d94b94e9e97f3b,sig-1cd7beddd2e61c33,delivered,1,1,1,,
exp-40a9cd647575,run-ebc9aaf788547725,claim-b9d94b94e9e97f3b,sig-1cd7beddd2e61c33,delivered,1,1,1,,
exp-40a9cd647575,run-59a9fcc2972db0b9,claim-0f2f4cf27000b8b9,sig-1d7a1542c4b4df2d,delivered,1,1,1,,
exp-40a9cd647575,run-8d5ad95c4cc0ea7e,claim-0f2f4cf27000b8b9,sig-1d7a1542c4b4df2d,delivered,1,1,1,,
exp-40a9cd647575,run-2f4597ed820c1503,claim-b268263e9f318924,sig-1d92d50869470e4e,delivered,1,1,1,,
exp-40a9cd647575,run-35c863ad4c3e6f28,claim-b268263e9f318924,sig-1d92d50869470e4e,delivered,1,1,1,,
exp-40a9cd647575,run-612f2088b21cda70,claim-b268263e9f318924,sig-1d92d50869470e4e,delivered,1,1,1,,
exp-40a9cd647575,run-d03fb77500c9cd94,claim-b268263e9f318924,sig-1d92d50869470e4e,delivered,1,1,1,,
exp-40a9cd647575,run-5146b6b94268cb8e,claim-d2d73c1e6b916eb2,sig-1d95dec49cef4508,delivered,1,1,1,,
exp-40a9cd647575,run-04199a1317aaf4d6,claim-637e6173022e54dd,sig-1d99df7caa10757a,delivered,1,1,1,,
exp-40a9cd647575,run-3fac34c2107fdb3d,claim-637e6173022e54dd,sig-1d99df7caa10757a,delivered,1,1,1,,
exp-40a9cd647575,run-4d6657cbd89092bb,claim-637e6173022e54dd,sig-1d99df7caa10757a,delivered,1,1,1,,
exp-40a9cd647575,run-5ba7ce50f4958746,claim-637e6173022e54dd,sig-1d99df7caa10757a,delivered,1,1,1,,
exp-40a9cd647575,run-6603f070d7a74f3c,claim-637e6173022e54dd,sig-1d99df7caa10757a,delivered,1,1,1,,
exp-40a9cd647575,run-99e816661430c66e,claim-637e6173022e54dd,sig-1d99df7caa10757a,delivered,1,1,1,,
exp-40a9cd647575,run-cbadac524b3b1865,claim-637e6173022e54dd,sig-1d99df7caa10757a,delivered,1,1,1,,
exp-40a9cd647575,run-d7f178f578257fb9,claim-637e6173022e54dd,sig-1d99df7caa10757a,delivered,1,1,1,,
exp-40a9cd647575,run-dcec6376163df8fc,claim-637e6173022e54dd,sig-1d99df7caa10757a,delivered,1,1,1,,
exp-40a9cd647575,run-1938ed72bf14b97b,claim-4f167df656bb6337,sig-1ddfcda80fb10a40,delivered,1,1,1,,
exp-40a9cd647575,run-3704234e0044445c,claim-4f167df656bb6337,sig-1ddfcda80fb10a40,delivered,1,1,1,,
exp-40a9cd647575,run-3fac34c2107fdb3d,claim-4f167df656bb6337,sig-1ddfcda80fb10a40,delivered,1,1,1,,
exp-40a9cd647575,run-4d6657cbd89092bb,claim-4f167df656bb6337,sig-1ddfcda80fb10a40,delivered,1,1,1,,
exp-40a9cd647575,run-5ba7ce50f4958746,claim-4f167df656bb6337,sig-1ddfcda80fb10a40,delivered,1,1,1,,
exp-40a9cd647575,run-5e0f13ec0da33c69,claim-4f167df656bb6337,sig-1ddfcda80fb10a40,delivered,1,1,1,,
exp-40a9cd647575,run-930b76d107e5cff8,claim-4f167df656bb6337,sig-1ddfcda80fb10a40,delivered,1,1,1,,
exp-40a9cd647575,run-99e816661430c66e,claim-4f167df656bb6337,sig-1ddfcda80fb10a40,delivered,1,1,1,,
exp-40a9cd647575,run-9b89791550e9ef70,claim-4f167df656bb6337,sig-1ddfcda80fb10a40,delivered,1,1,1,,
exp-40a9cd647575,run-9d1a12cb2591f457,claim-4f167df656bb6337,sig-1ddfcda80fb10a40,delivered,1,1,1,,
exp-40a9cd647575,run-a07b4c8d8ca12c5a,claim-4f167df656bb6337,sig-1ddfcda80fb10a40,delivered,1,1,1,,
exp-40a9cd647575,run-a422a5b8b642038d,claim-4f167df656bb6337,sig-1ddfcda80fb10a40,delivered,1,1,1,,
exp-40a9cd647575,run-bc6941a815dfc8ff,claim-4f167df656bb6337,sig-1ddfcda80fb10a40,delivered,1,1,1,,
exp-40a9cd647575,run-ca316ef87f1e1d94,claim-4f167df656bb6337,sig-1ddfcda80fb10a40,delivered,1,1,1,,
exp-40a9cd647575,run-cbadac524b3b1865,claim-4f167df656bb6337,sig-1ddfcda80fb10a40,delivered,1,1,1,,
exp-40a9cd647575,run-d41da11c672e910a,claim-4f167df656bb6337,sig-1ddfcda80fb10a40,delivered,1,1,1,,
exp-40a9cd647575,run-d62426bd09776395,claim-4f167df656bb6337,sig-1ddfcda80fb10a40,delivered,1,1,1,,
exp-40a9cd647575,run-d833fa81f508835a,claim-4f167df656bb6337,sig-1ddfcda80fb10a40,delivered,1,1,1,,
exp-40a9cd647575,run-da01527933e27f3c,claim-4f167df656bb6337,sig-1ddfcda80fb10a40,delivered,1,1,1,,
exp-40a9cd647575,run-dcec6376163df8fc,claim-4f167df656bb6337,sig-1ddfcda80fb10a40,delivered,1,1,1,,
exp-40a9cd647575,run-dd41e26e383b6e47,claim-4f167df656bb6337,sig-1ddfcda80fb10a40,delivered,1,1,1,,
exp-40a9cd647575,run-e4a4806cd80056a6,claim-4f167df656bb6337,sig-1ddfcda80fb10a40,delivered,1,1,1,,
exp-40a9cd647575,run-ebc9aaf788547725,claim-4f167df656bb6337,sig-1ddfcda80fb10a40,delivered,1,1,1,,
exp-40a9cd647575,run-f6dab0a15f9b5781,claim-4f167df656bb6337,sig-1ddfcda80fb10a40,delivered,1,1,1,,
exp-40a9cd647575,run-c5f8e170be1576f7,claim-b30eaf2c053d1df8,sig-1dec4b6f540800e9,delivered,1,1,1,,
exp-40a9cd647575,run-e3a76e2898f5c2fc,claim-b30eaf2c053d1df8,sig-1dec4b6f540800e9,delivered,1,1,1,,
exp-40a9cd647575,run-7e985e6525696145,claim-4b4f3b4ec8cf606e,sig-1f7b17d342888873,delivered,1,1,1,,
exp-40a9cd647575,run-84afe91bc77f7d66,claim-fcce8c2df25b909b,sig-1ff77f41aa89f66c,delivered,1,1,1,,
exp-40a9cd647575,run-937dfd5cfbd8926d,claim-fcce8c2df25b909b,sig-1ff77f41aa89f66c,delivered,1,1,1,,
exp-40a9cd647575,run-170a86bce589f400,claim-e2c90a3e9537b547,sig-20c8187393b59866,delivered,1,1,1,,
exp-40a9cd647575,run-d24745de20353c1c,claim-e2c90a3e9537b547,sig-20c8187393b59866,delivered,1,1,1,,
exp-40a9cd647575,run-dd41e26e383b6e47,claim-b565ae7698567787,sig-21531e719b480a40,delivered,1,1,1,,
exp-40a9cd647575,run-4d6657cbd89092bb,claim-ff28f512c98322f8,sig-2168e856520db685,delivered,1,1,1,,
exp-40a9cd647575,run-1e0ba3c3954c7ccf,claim-2a836de363d15d3c,sig-218e78d4fe608db6,delivered,1,1,1,,
exp-40a9cd647575,run-2f4597ed820c1503,claim-2a836de363d15d3c,sig-218e78d4fe608db6,delivered,1,1,1,,
exp-40a9cd647575,run-35c863ad4c3e6f28,claim-2a836de363d15d3c,sig-218e78d4fe608db6,delivered,1,1,1,,
exp-40a9cd647575,run-612f2088b21cda70,claim-2a836de363d15d3c,sig-218e78d4fe608db6,delivered,1,1,1,,
exp-40a9cd647575,run-d03fb77500c9cd94,claim-2a836de363d15d3c,sig-218e78d4fe608db6,delivered,1,1,1,,
exp-40a9cd647575,run-d0fa4ba0dd287bb4,claim-2a836de363d15d3c,sig-218e78d4fe608db6,delivered,1,1,1,,
exp-40a9cd647575,run-0bdbd7e3ae24c145,claim-e8e85822f64c907d,sig-23321e191af04d4d,delivered,1,1,1,,
exp-40a9cd647575,run-293806b558ff1d6a,claim-e8e85822f64c907d,sig-23321e191af04d4d,delivered,1,1,1,,
exp-40a9cd647575,run-8fe7e2a70540fa13,claim-e8e85822f64c907d,sig-23321e191af04d4d,delivered,1,1,1,,
exp-40a9cd647575,run-b0c15ff5128e34a7,claim-e8e85822f64c907d,sig-23321e191af04d4d,delivered,1,1,1,,
exp-40a9cd647575,run-3dcb25053d94d332,claim-314bd342d059bfa2,sig-243dd8ccb6572931,delivered,1,1,1,,
exp-40a9cd647575,run-bcaf26c16062a877,claim-314bd342d059bfa2,sig-243dd8ccb6572931,delivered,1,1,1,,
exp-40a9cd647575,run-c5f8e170be1576f7,claim-314bd342d059bfa2,sig-243dd8ccb6572931,delivered,1,1,1,,
exp-40a9cd647575,run-e3a76e2898f5c2fc,claim-314bd342d059bfa2,sig-243dd8ccb6572931,delivered,1,1,1,,
exp-40a9cd647575,run-3dcb25053d94d332,claim-857366b3ca51750e,sig-24416fe07d191c10,delivered,1,1,1,,
exp-40a9cd647575,run-bcaf26c16062a877,claim-857366b3ca51750e,sig-24416fe07d191c10,delivered,1,1,1,,
exp-40a9cd647575,run-974c2e173586b95d,claim-18c656cd236460f3,sig-2448cd7665a6e207,delivered,1,1,1,,
exp-40a9cd647575,run-6603f070d7a74f3c,claim-2e8336b5b6adc4b3,sig-24ea10995512538f,delivered,1,1,1,,
exp-40a9cd647575,run-85cbabcaed591d3e,claim-2e8336b5b6adc4b3,sig-24ea10995512538f,delivered,1,1,1,,
exp-40a9cd647575,run-9d1a12cb2591f457,claim-2e8336b5b6adc4b3,sig-24ea10995512538f,delivered,1,1,1,,
exp-40a9cd647575,run-b9e398623f533076,claim-2e8336b5b6adc4b3,sig-24ea10995512538f,delivered,1,1,1,,
exp-40a9cd647575,run-c046dfb52bd9e84d,claim-2e8336b5b6adc4b3,sig-24ea10995512538f,delivered,1,1,1,,
exp-40a9cd647575,run-d833fa81f508835a,claim-2e8336b5b6adc4b3,sig-24ea10995512538f,delivered,1,1,1,,
exp-40a9cd647575,run-da01527933e27f3c,claim-2e8336b5b6adc4b3,sig-24ea10995512538f,delivered,1,1,1,,
exp-40a9cd647575,run-e0d708a90a8e4911,claim-2e8336b5b6adc4b3,sig-24ea10995512538f,delivered,1,1,1,,
exp-40a9cd647575,run-0157f532598e4b4f,claim-f4959899806f2e6c,sig-25136d9229a766dd,delivered,1,1,1,,
exp-40a9cd647575,run-3704234e0044445c,claim-f4959899806f2e6c,sig-25136d9229a766dd,delivered,1,1,1,,
exp-40a9cd647575,run-4893f98223124ec7,claim-f4959899806f2e6c,sig-25136d9229a766dd,delivered,1,1,1,,
exp-40a9cd647575,run-5e2cbaadd2aed0b1,claim-f4959899806f2e6c,sig-25136d9229a766dd,delivered,1,1,1,,
exp-40a9cd647575,run-622746ed303f2c0d,claim-f4959899806f2e6c,sig-25136d9229a766dd,delivered,1,1,1,,
exp-40a9cd647575,run-930b76d107e5cff8,claim-f4959899806f2e6c,sig-25136d9229a766dd,delivered,1,1,1,,
exp-40a9cd647575,run-a54490d340d095c6,claim-f4959899806f2e6c,sig-25136d9229a766dd,delivered,1,1,1,,
exp-40a9cd647575,run-afb024d797a37c69,claim-f4959899806f2e6c,sig-25136d9229a766dd,delivered,1,1,1,,
exp-40a9cd647575,run-ca316ef87f1e1d94,claim-f4959899806f2e6c,sig-25136d9229a766dd,delivered,1,1,1,,
exp-40a9cd647575,run-dd41e26e383b6e47,claim-f4959899806f2e6c,sig-25136d9229a766dd,delivered,1,1,1,,
exp-40a9cd647575,run-e4a4806cd80056a6,claim-f4959899806f2e6c,sig-25136d9229a766dd,delivered,1,1,1,,
exp-40a9cd647575,run-e7a6944b52a20ca5,claim-f4959899806f2e6c,sig-25136d9229a766dd,delivered,1,1,1,,
exp-40a9cd647575,run-9d1a12cb2591f457,claim-76c4713aaab465ec,sig-255bed6b1ba437ae,delivered,1,1,1,,
exp-40a9cd647575,run-bc6941a815dfc8ff,claim-76c4713aaab465ec,sig-255bed6b1ba437ae,delivered,1,1,1,,
exp-40a9cd647575,run-d833fa81f508835a,claim-76c4713aaab465ec,sig-255bed6b1ba437ae,delivered,1,1,1,,
exp-40a9cd647575,run-da01527933e27f3c,claim-76c4713aaab465ec,sig-255bed6b1ba437ae,delivered,1,1,1,,
exp-40a9cd647575,run-04ef79de6332407d,claim-4536b758ce2b1e2b,sig-25b3447f69638432,delivered,1,1,1,,
exp-40a9cd647575,run-10552c1cef134ebe,claim-4536b758ce2b1e2b,sig-25b3447f69638432,delivered,1,1,1,,
exp-40a9cd647575,run-13636c78ccc51a0e,claim-4536b758ce2b1e2b,sig-25b3447f69638432,delivered,1,1,1,,
exp-40a9cd647575,run-3704234e0044445c,claim-4536b758ce2b1e2b,sig-25b3447f69638432,delivered,1,1,1,,
exp-40a9cd647575,run-39d61cb1eca880d8,claim-4536b758ce2b1e2b,sig-25b3447f69638432,delivered,1,1,1,,
exp-40a9cd647575,run-4d6657cbd89092bb,claim-4536b758ce2b1e2b,sig-25b3447f69638432,delivered,1,1,1,,
exp-40a9cd647575,run-5146b6b94268cb8e,claim-4536b758ce2b1e2b,sig-25b3447f69638432,delivered,1,1,1,,
exp-40a9cd647575,run-5e0f13ec0da33c69,claim-4536b758ce2b1e2b,sig-25b3447f69638432,delivered,1,1,1,,
exp-40a9cd647575,run-611904a79457240a,claim-4536b758ce2b1e2b,sig-25b3447f69638432,delivered,1,1,1,,
exp-40a9cd647575,run-654c7c2b618f3aed,claim-4536b758ce2b1e2b,sig-25b3447f69638432,delivered,1,1,1,,
exp-40a9cd647575,run-89dda70ea9ef85f4,claim-4536b758ce2b1e2b,sig-25b3447f69638432,delivered,1,1,1,,
exp-40a9cd647575,run-930b76d107e5cff8,claim-4536b758ce2b1e2b,sig-25b3447f69638432,delivered,1,1,1,,
exp-40a9cd647575,run-9743848c2e583907,claim-4536b758ce2b1e2b,sig-25b3447f69638432,delivered,1,1,1,,
exp-40a9cd647575,run-9d1a12cb2591f457,claim-4536b758ce2b1e2b,sig-25b3447f69638432,delivered,1,1,1,,
exp-40a9cd647575,run-b1d9241e2abafa16,claim-4536b758ce2b1e2b,sig-25b3447f69638432,delivered,1,1,1,,
exp-40a9cd647575,run-b45d4176e65e5906,claim-4536b758ce2b1e2b,sig-25b3447f69638432,delivered,1,1,1,,
exp-40a9cd647575,run-bc6941a815dfc8ff,claim-4536b758ce2b1e2b,sig-25b3447f69638432,delivered,1,1,1,,
exp-40a9cd647575,run-befb1059eb8a4f2b,claim-4536b758ce2b1e2b,sig-25b3447f69638432,delivered,1,1,1,,
exp-40a9cd647575,run-ca316ef87f1e1d94,claim-4536b758ce2b1e2b,sig-25b3447f69638432,delivered,1,1,1,,
exp-40a9cd647575,run-d41da11c672e910a,claim-4536b758ce2b1e2b,sig-25b3447f69638432,delivered,1,1,1,,
exp-40a9cd647575,run-d833fa81f508835a,claim-4536b758ce2b1e2b,sig-25b3447f69638432,delivered,1,1,1,,
exp-40a9cd647575,run-da01527933e27f3c,claim-4536b758ce2b1e2b,sig-25b3447f69638432,delivered,1,1,1,,
exp-40a9cd647575,run-dd41e26e383b6e47,claim-4536b758ce2b1e2b,sig-25b3447f69638432,delivered,1,1,1,,
exp-40a9cd647575,run-e4a4806cd80056a6,claim-4536b758ce2b1e2b,sig-25b3447f69638432,delivered,1,1,1,,
exp-40a9cd647575,run-ebc9aaf788547725,claim-4536b758ce2b1e2b,sig-25b3447f69638432,delivered,1,1,1,,
exp-40a9cd647575,run-16c8c4cbda3a67ff,claim-e8d06e965adc444c,sig-261214b9086e4fe1,delivered,1,1,1,,
exp-40a9cd647575,run-377799dabee681b2,claim-b232a55ad5fce408,sig-26807b33fcf10055,delivered,1,1,1,,
exp-40a9cd647575,run-539160a33de1339f,claim-b232a55ad5fce408,sig-26807b33fcf10055,delivered,1,1,1,,
exp-40a9cd647575,run-5ba7ce50f4958746,claim-b232a55ad5fce408,sig-26807b33fcf10055,delivered,1,1,1,,
exp-40a9cd647575,run-5e0f13ec0da33c69,claim-b232a55ad5fce408,sig-26807b33fcf10055,delivered,1,1,1,,
exp-40a9cd647575,run-611904a79457240a,claim-b232a55ad5fce408,sig-26807b33fcf10055,delivered,1,1,1,,
exp-40a9cd647575,run-6474c7fea2bc101b,claim-b232a55ad5fce408,sig-26807b33fcf10055,delivered,1,1,1,,
exp-40a9cd647575,run-654c7c2b618f3aed,claim-b232a55ad5fce408,sig-26807b33fcf10055,delivered,1,1,1,,
exp-40a9cd647575,run-89dda70ea9ef85f4,claim-b232a55ad5fce408,sig-26807b33fcf10055,delivered,1,1,1,,
exp-40a9cd647575,run-95b1d24ba8f7a546,claim-b232a55ad5fce408,sig-26807b33fcf10055,delivered,1,1,1,,
exp-40a9cd647575,run-9743848c2e583907,claim-b232a55ad5fce408,sig-26807b33fcf10055,delivered,1,1,1,,
exp-40a9cd647575,run-b1d9241e2abafa16,claim-b232a55ad5fce408,sig-26807b33fcf10055,delivered,1,1,1,,
exp-40a9cd647575,run-befb1059eb8a4f2b,claim-b232a55ad5fce408,sig-26807b33fcf10055,delivered,1,1,1,,
exp-40a9cd647575,run-c6c4e2e7bfa89ee6,claim-b232a55ad5fce408,sig-26807b33fcf10055,delivered,1,1,1,,
exp-40a9cd647575,run-cbadac524b3b1865,claim-b232a55ad5fce408,sig-26807b33fcf10055,delivered,1,1,1,,
exp-40a9cd647575,run-d41da11c672e910a,claim-b232a55ad5fce408,sig-26807b33fcf10055,delivered,1,1,1,,
exp-40a9cd647575,run-d4c741a10716a606,claim-b232a55ad5fce408,sig-26807b33fcf10055,delivered,1,1,1,,
exp-40a9cd647575,run-d533db1177852d34,claim-b232a55ad5fce408,sig-26807b33fcf10055,delivered,1,1,1,,
exp-40a9cd647575,run-ebc9aaf788547725,claim-b232a55ad5fce408,sig-26807b33fcf10055,delivered,1,1,1,,
exp-40a9cd647575,run-fe7a26d58064e8dc,claim-b232a55ad5fce408,sig-26807b33fcf10055,delivered,1,1,1,,
exp-40a9cd647575,run-a7ad56f261f14f47,claim-643f9817aa0dd6a1,sig-26f9ae1da164dac3,delivered,1,1,1,,
exp-40a9cd647575,run-299870db7b1a02f9,claim-6dc7893b25ac7ec3,sig-270362639e2fad0f,delivered,1,1,1,,
exp-40a9cd647575,run-90dcc86b93a5ce44,claim-6dc7893b25ac7ec3,sig-270362639e2fad0f,delivered,1,1,1,,
exp-40a9cd647575,run-b04f876cb742eaf7,claim-6dc7893b25ac7ec3,sig-270362639e2fad0f,delivered,1,1,1,,
exp-40a9cd647575,run-bc800b63a2891e00,claim-6dc7893b25ac7ec3,sig-270362639e2fad0f,delivered,1,1,1,,
exp-40a9cd647575,run-0ce9678e58d522e5,claim-89ca04d25f0f019e,sig-273a4faf0933b890,delivered,1,1,1,,
exp-40a9cd647575,run-22bedfbb4ba39ae8,claim-89ca04d25f0f019e,sig-273a4faf0933b890,delivered,1,1,1,,
exp-40a9cd647575,run-37a65f6f11d43275,claim-89ca04d25f0f019e,sig-273a4faf0933b890,delivered,1,1,1,,
exp-40a9cd647575,run-1e668964b4c24319,claim-f8723311bce98a94,sig-27544a838d26ba81,delivered,1,1,1,,
exp-40a9cd647575,run-324dbfbe7cd8573b,claim-f8723311bce98a94,sig-27544a838d26ba81,delivered,1,1,1,,
exp-40a9cd647575,run-44edd4d662236ae1,claim-f8723311bce98a94,sig-27544a838d26ba81,delivered,1,1,1,,
exp-40a9cd647575,run-4bf63d232e1e4028,claim-f8723311bce98a94,sig-27544a838d26ba81,delivered,1,1,1,,
exp-40a9cd647575,run-ee5ebbe1776e3593,claim-f8723311bce98a94,sig-27544a838d26ba81,delivered,1,1,1,,
exp-40a9cd647575,run-16c8c4cbda3a67ff,claim-06d41dc29e36d675,sig-27ace5ffcedce814,delivered,1,1,1,,
exp-40a9cd647575,run-4292659382907599,claim-06d41dc29e36d675,sig-27ace5ffcedce814,delivered,1,1,1,,
exp-40a9cd647575,run-6f9234be022646e9,claim-06d41dc29e36d675,sig-27ace5ffcedce814,delivered,1,1,1,,
exp-40a9cd647575,run-8b3f8acda4a32c84,claim-06d41dc29e36d675,sig-27ace5ffcedce814,delivered,1,1,1,,
exp-40a9cd647575,run-a5eaf6305b9044fe,claim-06d41dc29e36d675,sig-27ace5ffcedce814,delivered,1,1,1,,
exp-40a9cd647575,run-ace8bf7a52ee7605,claim-06d41dc29e36d675,sig-27ace5ffcedce814,delivered,1,1,1,,
exp-40a9cd647575,run-affd2b9b1ab246dd,claim-06d41dc29e36d675,sig-27ace5ffcedce814,delivered,1,1,1,,
exp-40a9cd647575,run-6f9234be022646e9,claim-e87e81c553fe24ea,sig-28324b2c5eb35b58,delivered,1,1,1,,
exp-40a9cd647575,run-897ec7b867f5ca68,claim-a826ab797848332e,sig-28e6ab2dc001efae,delivered,1,1,1,,
exp-40a9cd647575,run-377799dabee681b2,claim-df8d48ae841bd6c9,sig-2961370403509d9b,delivered,1,1,1,,
exp-40a9cd647575,run-37a65f6f11d43275,claim-df8d48ae841bd6c9,sig-2961370403509d9b,delivered,1,1,1,,
exp-40a9cd647575,run-57f8c4665d98f5e0,claim-df8d48ae841bd6c9,sig-2961370403509d9b,delivered,1,1,1,,
exp-40a9cd647575,run-823f79ffe02484d0,claim-df8d48ae841bd6c9,sig-2961370403509d9b,delivered,1,1,1,,
exp-40a9cd647575,run-897ec7b867f5ca68,claim-df8d48ae841bd6c9,sig-2961370403509d9b,delivered,1,1,1,,
exp-40a9cd647575,run-8b25b1d989f4d599,claim-df8d48ae841bd6c9,sig-2961370403509d9b,delivered,1,1,1,,
exp-40a9cd647575,run-95b1d24ba8f7a546,claim-df8d48ae841bd6c9,sig-2961370403509d9b,delivered,1,1,1,,
exp-40a9cd647575,run-b0b6aff3256f63f3,claim-df8d48ae841bd6c9,sig-2961370403509d9b,delivered,1,1,1,,
exp-40a9cd647575,run-d4c741a10716a606,claim-df8d48ae841bd6c9,sig-2961370403509d9b,delivered,1,1,1,,
exp-40a9cd647575,run-d62426bd09776395,claim-df8d48ae841bd6c9,sig-2961370403509d9b,delivered,1,1,1,,
exp-40a9cd647575,run-dd41e26e383b6e47,claim-df8d48ae841bd6c9,sig-2961370403509d9b,delivered,1,1,1,,
exp-40a9cd647575,run-e7a6944b52a20ca5,claim-df8d48ae841bd6c9,sig-2961370403509d9b,delivered,1,1,1,,
exp-40a9cd647575,run-edddb80b074c7c76,claim-df8d48ae841bd6c9,sig-2961370403509d9b,delivered,1,1,1,,
exp-40a9cd647575,run-fe7a26d58064e8dc,claim-df8d48ae841bd6c9,sig-2961370403509d9b,delivered,1,1,1,,
exp-40a9cd647575,run-0bdbd7e3ae24c145,claim-9b4756d315422571,sig-2a4e9e6427353c54,delivered,1,1,1,,
exp-40a9cd647575,run-1e668964b4c24319,claim-9b4756d315422571,sig-2a4e9e6427353c54,delivered,1,1,1,,
exp-40a9cd647575,run-324dbfbe7cd8573b,claim-9b4756d315422571,sig-2a4e9e6427353c54,delivered,1,1,1,,
exp-40a9cd647575,run-44edd4d662236ae1,claim-9b4756d315422571,sig-2a4e9e6427353c54,delivered,1,1,1,,
exp-40a9cd647575,run-4bf63d232e1e4028,claim-9b4756d315422571,sig-2a4e9e6427353c54,delivered,1,1,1,,
exp-40a9cd647575,run-62b9c429b0e1fee1,claim-9b4756d315422571,sig-2a4e9e6427353c54,delivered,1,1,1,,
exp-40a9cd647575,run-8fe7e2a70540fa13,claim-9b4756d315422571,sig-2a4e9e6427353c54,delivered,1,1,1,,
exp-40a9cd647575,run-b0c15ff5128e34a7,claim-9b4756d315422571,sig-2a4e9e6427353c54,delivered,1,1,1,,
exp-40a9cd647575,run-b2960756b22de028,claim-9b4756d315422571,sig-2a4e9e6427353c54,delivered,1,1,1,,
exp-40a9cd647575,run-d24745de20353c1c,claim-9b4756d315422571,sig-2a4e9e6427353c54,delivered,1,1,1,,
exp-40a9cd647575,run-dab5d4df9ae936a4,claim-9b4756d315422571,sig-2a4e9e6427353c54,delivered,1,1,1,,
exp-40a9cd647575,run-ee5ebbe1776e3593,claim-9b4756d315422571,sig-2a4e9e6427353c54,delivered,1,1,1,,
exp-40a9cd647575,run-1bf11ade46e0d5c8,claim-e81fc28c65fc7486,sig-2a55f9fde44a42b2,delivered,1,1,1,,
exp-40a9cd647575,run-22bedfbb4ba39ae8,claim-e81fc28c65fc7486,sig-2a55f9fde44a42b2,delivered,1,1,1,,
exp-40a9cd647575,run-299870db7b1a02f9,claim-e81fc28c65fc7486,sig-2a55f9fde44a42b2,delivered,1,1,1,,
exp-40a9cd647575,run-37a65f6f11d43275,claim-e81fc28c65fc7486,sig-2a55f9fde44a42b2,delivered,1,1,1,,
exp-40a9cd647575,run-5544965755d02fca,claim-e81fc28c65fc7486,sig-2a55f9fde44a42b2,delivered,1,1,1,,
exp-40a9cd647575,run-5c7b2955097358b7,claim-e81fc28c65fc7486,sig-2a55f9fde44a42b2,delivered,1,1,1,,
exp-40a9cd647575,run-81319bcbcd98673c,claim-e81fc28c65fc7486,sig-2a55f9fde44a42b2,delivered,1,1,1,,
exp-40a9cd647575,run-90dcc86b93a5ce44,claim-e81fc28c65fc7486,sig-2a55f9fde44a42b2,delivered,1,1,1,,
exp-40a9cd647575,run-94f7d1e13d63a2ae,claim-e81fc28c65fc7486,sig-2a55f9fde44a42b2,delivered,1,1,1,,
exp-40a9cd647575,run-a29dca6067031521,claim-e81fc28c65fc7486,sig-2a55f9fde44a42b2,delivered,1,1,1,,
exp-40a9cd647575,run-a9336051d5ce5f85,claim-e81fc28c65fc7486,sig-2a55f9fde44a42b2,delivered,1,1,1,,
exp-40a9cd647575,run-b04f876cb742eaf7,claim-e81fc28c65fc7486,sig-2a55f9fde44a42b2,delivered,1,1,1,,
exp-40a9cd647575,run-c72a51f33480a443,claim-e81fc28c65fc7486,sig-2a55f9fde44a42b2,delivered,1,1,1,,
exp-40a9cd647575,run-d7f178f578257fb9,claim-e81fc28c65fc7486,sig-2a55f9fde44a42b2,delivered,1,1,1,,
exp-40a9cd647575,run-3704234e0044445c,claim-63769fa40bf6f326,sig-2a7024a2aa4a1fe7,delivered,1,1,1,,
exp-40a9cd647575,run-5e0f13ec0da33c69,claim-63769fa40bf6f326,sig-2a7024a2aa4a1fe7,delivered,1,1,1,,
exp-40a9cd647575,run-897ec7b867f5ca68,claim-63769fa40bf6f326,sig-2a7024a2aa4a1fe7,delivered,1,1,1,,
exp-40a9cd647575,run-930b76d107e5cff8,claim-63769fa40bf6f326,sig-2a7024a2aa4a1fe7,delivered,1,1,1,,
exp-40a9cd647575,run-ca316ef87f1e1d94,claim-63769fa40bf6f326,sig-2a7024a2aa4a1fe7,delivered,1,1,1,,
exp-40a9cd647575,run-d41da11c672e910a,claim-63769fa40bf6f326,sig-2a7024a2aa4a1fe7,delivered,1,1,1,,
exp-40a9cd647575,run-d62426bd09776395,claim-63769fa40bf6f326,sig-2a7024a2aa4a1fe7,delivered,1,1,1,,
exp-40a9cd647575,run-dcec6376163df8fc,claim-63769fa40bf6f326,sig-2a7024a2aa4a1fe7,delivered,1,1,1,,
exp-40a9cd647575,run-dd41e26e383b6e47,claim-63769fa40bf6f326,sig-2a7024a2aa4a1fe7,delivered,1,1,1,,
exp-40a9cd647575,run-e4a4806cd80056a6,claim-63769fa40bf6f326,sig-2a7024a2aa4a1fe7,delivered,1,1,1,,
exp-40a9cd647575,run-ebc9aaf788547725,claim-63769fa40bf6f326,sig-2a7024a2aa4a1fe7,delivered,1,1,1,,
exp-40a9cd647575,run-5dff6533050fc9bf,claim-b6d4a2ac88c6cb7e,sig-2baea143af4f2750,delivered,1,1,1,,
exp-40a9cd647575,run-5dff6533050fc9bf,claim-958192b4b4b78683,sig-2bcc0ca478b980a2,delivered,1,1,1,,
exp-40a9cd647575,run-e3a76e2898f5c2fc,claim-958192b4b4b78683,sig-2bcc0ca478b980a2,delivered,1,1,1,,
exp-40a9cd647575,run-57707206b4378d12,claim-1f7e656a190b080f,sig-2be78dcef5549721,delivered,1,1,1,,
exp-40a9cd647575,run-377799dabee681b2,claim-105f843f29d4e4ae,sig-2d0a3c9ca33f32eb,delivered,1,1,1,,
exp-40a9cd647575,run-57f8c4665d98f5e0,claim-105f843f29d4e4ae,sig-2d0a3c9ca33f32eb,delivered,1,1,1,,
exp-40a9cd647575,run-8b25b1d989f4d599,claim-105f843f29d4e4ae,sig-2d0a3c9ca33f32eb,delivered,1,1,1,,
exp-40a9cd647575,run-201cd0cf98eaa593,claim-70ce3ac5e9d1310f,sig-2d4231bc35ed1cc5,delivered,1,1,1,,
exp-40a9cd647575,run-85dad60b90e1def2,claim-70ce3ac5e9d1310f,sig-2d4231bc35ed1cc5,delivered,1,1,1,,
exp-40a9cd647575,run-a7583e178eec4bac,claim-70ce3ac5e9d1310f,sig-2d4231bc35ed1cc5,delivered,1,1,1,,
exp-40a9cd647575,run-0157f532598e4b4f,claim-0b193ea95e805559,sig-2dd8bbedd52fc817,delivered,1,1,1,,
exp-40a9cd647575,run-4893f98223124ec7,claim-0b193ea95e805559,sig-2dd8bbedd52fc817,delivered,1,1,1,,
exp-40a9cd647575,run-5e2cbaadd2aed0b1,claim-0b193ea95e805559,sig-2dd8bbedd52fc817,delivered,1,1,1,,
exp-40a9cd647575,run-622746ed303f2c0d,claim-0b193ea95e805559,sig-2dd8bbedd52fc817,delivered,1,1,1,,
exp-40a9cd647575,run-87b80a2f839f80f8,claim-0b193ea95e805559,sig-2dd8bbedd52fc817,delivered,1,1,1,,
exp-40a9cd647575,run-99e816661430c66e,claim-0b193ea95e805559,sig-2dd8bbedd52fc817,delivered,1,1,1,,
exp-40a9cd647575,run-a54490d340d095c6,claim-0b193ea95e805559,sig-2dd8bbedd52fc817,delivered,1,1,1,,
exp-40a9cd647575,run-a7ad56f261f14f47,claim-0b193ea95e805559,sig-2dd8bbedd52fc817,delivered,1,1,1,,
exp-40a9cd647575,run-afb024d797a37c69,claim-0b193ea95e805559,sig-2dd8bbedd52fc817,delivered,1,1,1,,
exp-40a9cd647575,run-d62426bd09776395,claim-0b193ea95e805559,sig-2dd8bbedd52fc817,delivered,1,1,1,,
exp-40a9cd647575,run-e7a6944b52a20ca5,claim-0b193ea95e805559,sig-2dd8bbedd52fc817,delivered,1,1,1,,
exp-40a9cd647575,run-57707206b4378d12,claim-2e2299045fa7ddb3,sig-2dedeeb77059fea1,delivered,1,1,1,,
exp-40a9cd647575,run-c5f8e170be1576f7,claim-2e2299045fa7ddb3,sig-2dedeeb77059fea1,delivered,1,1,1,,
exp-40a9cd647575,run-59a9fcc2972db0b9,claim-e3f683974e309dbb,sig-2e105741f86f5ec2,delivered,1,1,1,,
exp-40a9cd647575,run-be1afd4e17c162e6,claim-e3f683974e309dbb,sig-2e105741f86f5ec2,delivered,1,1,1,,
exp-40a9cd647575,run-e3abc9bf556d7a45,claim-e3f683974e309dbb,sig-2e105741f86f5ec2,delivered,1,1,1,,
exp-40a9cd647575,run-419b34c10574e0d7,claim-d00da94479912437,sig-2e1139efa6117c7f,delivered,1,1,1,,
exp-40a9cd647575,run-5146b6b94268cb8e,claim-d00da94479912437,sig-2e1139efa6117c7f,delivered,1,1,1,,
exp-40a9cd647575,run-5146b6b94268cb8e,claim-e39b57d695e8b5e2,sig-2ec188bd8ef70e3a,delivered,1,1,1,,
exp-40a9cd647575,run-0bdbd7e3ae24c145,claim-3c207a2247238ecd,sig-2f3685508b240722,delivered,1,1,1,,
exp-40a9cd647575,run-293806b558ff1d6a,claim-3c207a2247238ecd,sig-2f3685508b240722,delivered,1,1,1,,
exp-40a9cd647575,run-8fe7e2a70540fa13,claim-3c207a2247238ecd,sig-2f3685508b240722,delivered,1,1,1,,
exp-40a9cd647575,run-b0c15ff5128e34a7,claim-3c207a2247238ecd,sig-2f3685508b240722,delivered,1,1,1,,
exp-40a9cd647575,run-0157f532598e4b4f,claim-072c6029e4756074,sig-2f438cf828dd5f59,delivered,1,1,1,,
exp-40a9cd647575,run-4893f98223124ec7,claim-072c6029e4756074,sig-2f438cf828dd5f59,delivered,1,1,1,,
exp-40a9cd647575,run-5e2cbaadd2aed0b1,claim-072c6029e4756074,sig-2f438cf828dd5f59,delivered,1,1,1,,
exp-40a9cd647575,run-622746ed303f2c0d,claim-072c6029e4756074,sig-2f438cf828dd5f59,delivered,1,1,1,,
exp-40a9cd647575,run-87b80a2f839f80f8,claim-072c6029e4756074,sig-2f438cf828dd5f59,delivered,1,1,1,,
exp-40a9cd647575,run-a54490d340d095c6,claim-072c6029e4756074,sig-2f438cf828dd5f59,delivered,1,1,1,,
exp-40a9cd647575,run-afb024d797a37c69,claim-072c6029e4756074,sig-2f438cf828dd5f59,delivered,1,1,1,,
exp-40a9cd647575,run-e7a6944b52a20ca5,claim-072c6029e4756074,sig-2f438cf828dd5f59,delivered,1,1,1,,
exp-40a9cd647575,run-0bdbd7e3ae24c145,claim-f82b2e18ab2cb75a,sig-2f68889b75e74f51,delivered,1,1,1,,
exp-40a9cd647575,run-1e668964b4c24319,claim-f82b2e18ab2cb75a,sig-2f68889b75e74f51,delivered,1,1,1,,
exp-40a9cd647575,run-25b1a4c18ff8cdfe,claim-f82b2e18ab2cb75a,sig-2f68889b75e74f51,delivered,1,1,1,,
exp-40a9cd647575,run-293806b558ff1d6a,claim-f82b2e18ab2cb75a,sig-2f68889b75e74f51,delivered,1,1,1,,
exp-40a9cd647575,run-324dbfbe7cd8573b,claim-f82b2e18ab2cb75a,sig-2f68889b75e74f51,delivered,1,1,1,,
exp-40a9cd647575,run-4bf63d232e1e4028,claim-f82b2e18ab2cb75a,sig-2f68889b75e74f51,delivered,1,1,1,,
exp-40a9cd647575,run-62b9c429b0e1fee1,claim-f82b2e18ab2cb75a,sig-2f68889b75e74f51,delivered,1,1,1,,
exp-40a9cd647575,run-8fe7e2a70540fa13,claim-f82b2e18ab2cb75a,sig-2f68889b75e74f51,delivered,1,1,1,,
exp-40a9cd647575,run-b0b6aff3256f63f3,claim-f82b2e18ab2cb75a,sig-2f68889b75e74f51,delivered,1,1,1,,
exp-40a9cd647575,run-b0c15ff5128e34a7,claim-f82b2e18ab2cb75a,sig-2f68889b75e74f51,delivered,1,1,1,,
exp-40a9cd647575,run-edddb80b074c7c76,claim-f82b2e18ab2cb75a,sig-2f68889b75e74f51,delivered,1,1,1,,
exp-40a9cd647575,run-ee5ebbe1776e3593,claim-f82b2e18ab2cb75a,sig-2f68889b75e74f51,delivered,1,1,1,,
exp-40a9cd647575,run-57f8c4665d98f5e0,claim-c93e4da51e0cf5df,sig-2f75d6018f3112e6,delivered,1,1,1,,
exp-40a9cd647575,run-897ec7b867f5ca68,claim-c93e4da51e0cf5df,sig-2f75d6018f3112e6,delivered,1,1,1,,
exp-40a9cd647575,run-7e985e6525696145,claim-f72c10602744d5e8,sig-2fa6a3c79b2595ec,delivered,1,1,1,,
exp-40a9cd647575,run-85cbabcaed591d3e,claim-66ad6b2faf9acd8a,sig-2fe8d69123e2ea33,delivered,1,1,1,,
exp-40a9cd647575,run-b9e398623f533076,claim-66ad6b2faf9acd8a,sig-2fe8d69123e2ea33,delivered,1,1,1,,
exp-40a9cd647575,run-c046dfb52bd9e84d,claim-66ad6b2faf9acd8a,sig-2fe8d69123e2ea33,delivered,1,1,1,,
exp-40a9cd647575,run-e0d708a90a8e4911,claim-66ad6b2faf9acd8a,sig-2fe8d69123e2ea33,delivered,1,1,1,,
exp-40a9cd647575,run-04ef79de6332407d,claim-ea3500ce5fcd6e09,sig-2fffc97b2b1954e5,delivered,1,1,1,,
exp-40a9cd647575,run-10552c1cef134ebe,claim-ea3500ce5fcd6e09,sig-2fffc97b2b1954e5,delivered,1,1,1,,
exp-40a9cd647575,run-419b34c10574e0d7,claim-ea3500ce5fcd6e09,sig-2fffc97b2b1954e5,delivered,1,1,1,,
exp-40a9cd647575,run-7e985e6525696145,claim-ea3500ce5fcd6e09,sig-2fffc97b2b1954e5,delivered,1,1,1,,
exp-40a9cd647575,run-f96aa93357eb541c,claim-958b9c876728ec7c,sig-3046e7bcbc04c935,delivered,1,1,1,,
exp-40a9cd647575,run-0bdbd7e3ae24c145,claim-cf3d503aff23024d,sig-30537b06ae5a9cc5,delivered,1,1,1,,
exp-40a9cd647575,run-1e668964b4c24319,claim-cf3d503aff23024d,sig-30537b06ae5a9cc5,delivered,1,1,1,,
exp-40a9cd647575,run-324dbfbe7cd8573b,claim-cf3d503aff23024d,sig-30537b06ae5a9cc5,delivered,1,1,1,,
exp-40a9cd647575,run-44edd4d662236ae1,claim-cf3d503aff23024d,sig-30537b06ae5a9cc5,delivered,1,1,1,,
exp-40a9cd647575,run-4bf63d232e1e4028,claim-cf3d503aff23024d,sig-30537b06ae5a9cc5,delivered,1,1,1,,
exp-40a9cd647575,run-62b9c429b0e1fee1,claim-cf3d503aff23024d,sig-30537b06ae5a9cc5,delivered,1,1,1,,
exp-40a9cd647575,run-8fe7e2a70540fa13,claim-cf3d503aff23024d,sig-30537b06ae5a9cc5,delivered,1,1,1,,
exp-40a9cd647575,run-b0c15ff5128e34a7,claim-cf3d503aff23024d,sig-30537b06ae5a9cc5,delivered,1,1,1,,
exp-40a9cd647575,run-b2960756b22de028,claim-cf3d503aff23024d,sig-30537b06ae5a9cc5,delivered,1,1,1,,
exp-40a9cd647575,run-d24745de20353c1c,claim-cf3d503aff23024d,sig-30537b06ae5a9cc5,delivered,1,1,1,,
exp-40a9cd647575,run-dab5d4df9ae936a4,claim-cf3d503aff23024d,sig-30537b06ae5a9cc5,delivered,1,1,1,,
exp-40a9cd647575,run-ee5ebbe1776e3593,claim-cf3d503aff23024d,sig-30537b06ae5a9cc5,delivered,1,1,1,,
exp-40a9cd647575,run-3fac34c2107fdb3d,claim-bee3b25a4888ad75,sig-30a0268caec5a993,delivered,1,1,1,,
exp-40a9cd647575,run-4d6657cbd89092bb,claim-bee3b25a4888ad75,sig-30a0268caec5a993,delivered,1,1,1,,
exp-40a9cd647575,run-539160a33de1339f,claim-bee3b25a4888ad75,sig-30a0268caec5a993,delivered,1,1,1,,
exp-40a9cd647575,run-5ba7ce50f4958746,claim-bee3b25a4888ad75,sig-30a0268caec5a993,delivered,1,1,1,,
exp-40a9cd647575,run-5e0f13ec0da33c69,claim-bee3b25a4888ad75,sig-30a0268caec5a993,delivered,1,1,1,,
exp-40a9cd647575,run-6603f070d7a74f3c,claim-bee3b25a4888ad75,sig-30a0268caec5a993,delivered,1,1,1,,
exp-40a9cd647575,run-87b80a2f839f80f8,claim-bee3b25a4888ad75,sig-30a0268caec5a993,delivered,1,1,1,,
exp-40a9cd647575,run-cbadac524b3b1865,claim-bee3b25a4888ad75,sig-30a0268caec5a993,delivered,1,1,1,,
exp-40a9cd647575,run-d41da11c672e910a,claim-bee3b25a4888ad75,sig-30a0268caec5a993,delivered,1,1,1,,
exp-40a9cd647575,run-dcec6376163df8fc,claim-bee3b25a4888ad75,sig-30a0268caec5a993,delivered,1,1,1,,
exp-40a9cd647575,run-ebc9aaf788547725,claim-bee3b25a4888ad75,sig-30a0268caec5a993,delivered,1,1,1,,
exp-40a9cd647575,run-1a5f2b96746a5fa3,claim-3d93dc37b0ee3a3f,sig-30bfd3d189a848f9,delivered,1,1,1,,
exp-40a9cd647575,run-5093d78945736d5b,claim-3d93dc37b0ee3a3f,sig-30bfd3d189a848f9,delivered,1,1,1,,
exp-40a9cd647575,run-d0fa4ba0dd287bb4,claim-3d93dc37b0ee3a3f,sig-30bfd3d189a848f9,delivered,1,1,1,,
exp-40a9cd647575,run-539160a33de1339f,claim-6536571af47d329f,sig-31bb74f2cf195687,delivered,1,1,1,,
exp-40a9cd647575,run-57707206b4378d12,claim-6536571af47d329f,sig-31bb74f2cf195687,delivered,1,1,1,,
exp-40a9cd647575,run-57f8c4665d98f5e0,claim-6536571af47d329f,sig-31bb74f2cf195687,delivered,1,1,1,,
exp-40a9cd647575,run-897ec7b867f5ca68,claim-6536571af47d329f,sig-31bb74f2cf195687,delivered,1,1,1,,
exp-40a9cd647575,run-b0b6aff3256f63f3,claim-6536571af47d329f,sig-31bb74f2cf195687,delivered,1,1,1,,
exp-40a9cd647575,run-edddb80b074c7c76,claim-6536571af47d329f,sig-31bb74f2cf195687,delivered,1,1,1,,
exp-40a9cd647575,run-170a86bce589f400,claim-df7462dd98d13973,sig-31ee8da11d81de88,delivered,1,1,1,,
exp-40a9cd647575,run-201cd0cf98eaa593,claim-df7462dd98d13973,sig-31ee8da11d81de88,delivered,1,1,1,,
exp-40a9cd647575,run-85dad60b90e1def2,claim-df7462dd98d13973,sig-31ee8da11d81de88,delivered,1,1,1,,
exp-40a9cd647575,run-a7583e178eec4bac,claim-df7462dd98d13973,sig-31ee8da11d81de88,delivered,1,1,1,,
exp-40a9cd647575,run-a7ad56f261f14f47,claim-df7462dd98d13973,sig-31ee8da11d81de88,delivered,1,1,1,,
exp-40a9cd647575,run-87b80a2f839f80f8,claim-bd8e4d225989b926,sig-32fa5c0f816fac6a,delivered,1,1,1,,
exp-40a9cd647575,run-dcec6376163df8fc,claim-bd8e4d225989b926,sig-32fa5c0f816fac6a,delivered,1,1,1,,
exp-40a9cd647575,run-a7ad56f261f14f47,claim-1f3757e6b296ff17,sig-34520a25a5579dd3,delivered,1,1,1,,
exp-40a9cd647575,run-dab5d4df9ae936a4,claim-a9a4381f92980dd5,sig-34b0744b5cb3bc21,delivered,1,1,1,,
exp-40a9cd647575,run-327029f826592b5a,claim-62549d5a13a5ea26,sig-34fa769c090e1294,delivered,1,1,1,,
exp-40a9cd647575,run-3ee72ebf1fb7c6ba,claim-62549d5a13a5ea26,sig-34fa769c090e1294,delivered,1,1,1,,
exp-40a9cd647575,run-95bc32511c3aed48,claim-62549d5a13a5ea26,sig-34fa769c090e1294,delivered,1,1,1,,
exp-40a9cd647575,run-937dfd5cfbd8926d,claim-4252293b9c5df619,sig-35768f0139c30ba6,delivered,1,1,1,,
exp-40a9cd647575,run-0157f532598e4b4f,claim-b565ae7698567787,sig-35b4559747ffcd8f,delivered,1,1,1,,
exp-40a9cd647575,run-3704234e0044445c,claim-b565ae7698567787,sig-35b4559747ffcd8f,delivered,1,1,1,,
exp-40a9cd647575,run-4893f98223124ec7,claim-b565ae7698567787,sig-35b4559747ffcd8f,delivered,1,1,1,,
exp-40a9cd647575,run-5e2cbaadd2aed0b1,claim-b565ae7698567787,sig-35b4559747ffcd8f,delivered,1,1,1,,
exp-40a9cd647575,run-622746ed303f2c0d,claim-b565ae7698567787,sig-35b4559747ffcd8f,delivered,1,1,1,,
exp-40a9cd647575,run-930b76d107e5cff8,claim-b565ae7698567787,sig-35b4559747ffcd8f,delivered,1,1,1,,
exp-40a9cd647575,run-a54490d340d095c6,claim-b565ae7698567787,sig-35b4559747ffcd8f,delivered,1,1,1,,
exp-40a9cd647575,run-afb024d797a37c69,claim-b565ae7698567787,sig-35b4559747ffcd8f,delivered,1,1,1,,
exp-40a9cd647575,run-ca316ef87f1e1d94,claim-b565ae7698567787,sig-35b4559747ffcd8f,delivered,1,1,1,,
exp-40a9cd647575,run-e4a4806cd80056a6,claim-b565ae7698567787,sig-35b4559747ffcd8f,delivered,1,1,1,,
exp-40a9cd647575,run-e7a6944b52a20ca5,claim-b565ae7698567787,sig-35b4559747ffcd8f,delivered,1,1,1,,
exp-40a9cd647575,run-5146b6b94268cb8e,claim-3bccb349fffc1ba1,sig-360c1dc24deab855,delivered,1,1,1,,
exp-40a9cd647575,run-4292659382907599,claim-ea7734829299366b,sig-36358ee322562652,delivered,1,1,1,,
exp-40a9cd647575,run-5dff6533050fc9bf,claim-ea7734829299366b,sig-36358ee322562652,delivered,1,1,1,,
exp-40a9cd647575,run-6f9234be022646e9,claim-ea7734829299366b,sig-36358ee322562652,delivered,1,1,1,,
exp-40a9cd647575,run-8b3f8acda4a32c84,claim-ea7734829299366b,sig-36358ee322562652,delivered,1,1,1,,
exp-40a9cd647575,run-a5eaf6305b9044fe,claim-ea7734829299366b,sig-36358ee322562652,delivered,1,1,1,,
exp-40a9cd647575,run-ace8bf7a52ee7605,claim-ea7734829299366b,sig-36358ee322562652,delivered,1,1,1,,
exp-40a9cd647575,run-affd2b9b1ab246dd,claim-ea7734829299366b,sig-36358ee322562652,delivered,1,1,1,,
exp-40a9cd647575,run-a7ad56f261f14f47,claim-9b7aaba5d1d0dc52,sig-372f4df4c3ac3113,delivered,1,1,1,,
exp-40a9cd647575,run-13636c78ccc51a0e,claim-fcce8c2df25b909b,sig-3805b97bc7849776,delivered,1,1,1,,
exp-40a9cd647575,run-1395b56d6fc8e924,claim-fcce8c2df25b909b,sig-3805b97bc7849776,delivered,1,1,1,,
exp-40a9cd647575,run-2a6bdf80f5ea7b6d,claim-fcce8c2df25b909b,sig-3805b97bc7849776,delivered,1,1,1,,
exp-40a9cd647575,run-2f4597ed820c1503,claim-fcce8c2df25b909b,sig-3805b97bc7849776,delivered,1,1,1,,
exp-40a9cd647575,run-35c863ad4c3e6f28,claim-fcce8c2df25b909b,sig-3805b97bc7849776,delivered,1,1,1,,
exp-40a9cd647575,run-39d61cb1eca880d8,claim-fcce8c2df25b909b,sig-3805b97bc7849776,delivered,1,1,1,,
exp-40a9cd647575,run-419b34c10574e0d7,claim-fcce8c2df25b909b,sig-3805b97bc7849776,delivered,1,1,1,,
exp-40a9cd647575,run-4337e1188bc3cbdd,claim-fcce8c2df25b909b,sig-3805b97bc7849776,delivered,1,1,1,,
exp-40a9cd647575,run-4b6183de42fffe52,claim-fcce8c2df25b909b,sig-3805b97bc7849776,delivered,1,1,1,,
exp-40a9cd647575,run-5146b6b94268cb8e,claim-fcce8c2df25b909b,sig-3805b97bc7849776,delivered,1,1,1,,
exp-40a9cd647575,run-57707206b4378d12,claim-fcce8c2df25b909b,sig-3805b97bc7849776,delivered,1,1,1,,
exp-40a9cd647575,run-612f2088b21cda70,claim-fcce8c2df25b909b,sig-3805b97bc7849776,delivered,1,1,1,,
exp-40a9cd647575,run-a1496348f76e4af2,claim-fcce8c2df25b909b,sig-3805b97bc7849776,delivered,1,1,1,,
exp-40a9cd647575,run-b45d4176e65e5906,claim-fcce8c2df25b909b,sig-3805b97bc7849776,delivered,1,1,1,,
exp-40a9cd647575,run-d03fb77500c9cd94,claim-fcce8c2df25b909b,sig-3805b97bc7849776,delivered,1,1,1,,
exp-40a9cd647575,run-e3abc9bf556d7a45,claim-fcce8c2df25b909b,sig-3805b97bc7849776,delivered,1,1,1,,
exp-40a9cd647575,run-13636c78ccc51a0e,claim-729318bf1714782a,sig-3867552d7d6cef31,delivered,1,1,1,,
exp-40a9cd647575,run-39d61cb1eca880d8,claim-729318bf1714782a,sig-3867552d7d6cef31,delivered,1,1,1,,
exp-40a9cd647575,run-7e985e6525696145,claim-729318bf1714782a,sig-3867552d7d6cef31,delivered,1,1,1,,
exp-40a9cd647575,run-b45d4176e65e5906,claim-729318bf1714782a,sig-3867552d7d6cef31,delivered,1,1,1,,
exp-40a9cd647575,run-0c7f7d168f1509e0,claim-24b72d22077bd973,sig-38824398bc11de9d,delivered,1,1,1,,
exp-40a9cd647575,run-0ce9678e58d522e5,claim-24b72d22077bd973,sig-38824398bc11de9d,delivered,1,1,1,,
exp-40a9cd647575,run-1a5f2b96746a5fa3,claim-24b72d22077bd973,sig-38824398bc11de9d,delivered,1,1,1,,
exp-40a9cd647575,run-22bedfbb4ba39ae8,claim-24b72d22077bd973,sig-38824398bc11de9d,delivered,1,1,1,,
exp-40a9cd647575,run-37a65f6f11d43275,claim-24b72d22077bd973,sig-38824398bc11de9d,delivered,1,1,1,,
exp-40a9cd647575,run-5093d78945736d5b,claim-24b72d22077bd973,sig-38824398bc11de9d,delivered,1,1,1,,
exp-40a9cd647575,run-e7c9956e48cc45c9,claim-24b72d22077bd973,sig-38824398bc11de9d,delivered,1,1,1,,
exp-40a9cd647575,run-f624b0f51a068b4e,claim-24b72d22077bd973,sig-38824398bc11de9d,delivered,1,1,1,,
exp-40a9cd647575,run-f96aa93357eb541c,claim-30f2b75b70add393,sig-38ee84f1365d5270,delivered,1,1,1,,
exp-40a9cd647575,run-13636c78ccc51a0e,claim-afe921d2dea545a4,sig-3905fa8521c7a6e4,delivered,1,1,1,,
exp-40a9cd647575,run-1395b56d6fc8e924,claim-afe921d2dea545a4,sig-3905fa8521c7a6e4,delivered,1,1,1,,
exp-40a9cd647575,run-3704234e0044445c,claim-afe921d2dea545a4,sig-3905fa8521c7a6e4,delivered,1,1,1,,
exp-40a9cd647575,run-39d61cb1eca880d8,claim-afe921d2dea545a4,sig-3905fa8521c7a6e4,delivered,1,1,1,,
exp-40a9cd647575,run-4337e1188bc3cbdd,claim-afe921d2dea545a4,sig-3905fa8521c7a6e4,delivered,1,1,1,,
exp-40a9cd647575,run-4b6183de42fffe52,claim-afe921d2dea545a4,sig-3905fa8521c7a6e4,delivered,1,1,1,,
exp-40a9cd647575,run-6474c7fea2bc101b,claim-afe921d2dea545a4,sig-3905fa8521c7a6e4,delivered,1,1,1,,
exp-40a9cd647575,run-654c7c2b618f3aed,claim-afe921d2dea545a4,sig-3905fa8521c7a6e4,delivered,1,1,1,,
exp-40a9cd647575,run-84afe91bc77f7d66,claim-afe921d2dea545a4,sig-3905fa8521c7a6e4,delivered,1,1,1,,
exp-40a9cd647575,run-8b25b1d989f4d599,claim-afe921d2dea545a4,sig-3905fa8521c7a6e4,delivered,1,1,1,,
exp-40a9cd647575,run-930b76d107e5cff8,claim-afe921d2dea545a4,sig-3905fa8521c7a6e4,delivered,1,1,1,,
exp-40a9cd647575,run-937dfd5cfbd8926d,claim-afe921d2dea545a4,sig-3905fa8521c7a6e4,delivered,1,1,1,,
exp-40a9cd647575,run-99e816661430c66e,claim-afe921d2dea545a4,sig-3905fa8521c7a6e4,delivered,1,1,1,,
exp-40a9cd647575,run-a1496348f76e4af2,claim-afe921d2dea545a4,sig-3905fa8521c7a6e4,delivered,1,1,1,,
exp-40a9cd647575,run-b45d4176e65e5906,claim-afe921d2dea545a4,sig-3905fa8521c7a6e4,delivered,1,1,1,,
exp-40a9cd647575,run-c6c4e2e7bfa89ee6,claim-afe921d2dea545a4,sig-3905fa8521c7a6e4,delivered,1,1,1,,
exp-40a9cd647575,run-d41da11c672e910a,claim-afe921d2dea545a4,sig-3905fa8521c7a6e4,delivered,1,1,1,,
exp-40a9cd647575,run-d62426bd09776395,claim-afe921d2dea545a4,sig-3905fa8521c7a6e4,delivered,1,1,1,,
exp-40a9cd647575,run-dd41e26e383b6e47,claim-afe921d2dea545a4,sig-3905fa8521c7a6e4,delivered,1,1,1,,
exp-40a9cd647575,run-e3abc9bf556d7a45,claim-afe921d2dea545a4,sig-3905fa8521c7a6e4,delivered,1,1,1,,
exp-40a9cd647575,run-e4a4806cd80056a6,claim-afe921d2dea545a4,sig-3905fa8521c7a6e4,delivered,1,1,1,,
exp-40a9cd647575,run-f96aa93357eb541c,claim-482dcce093571f79,sig-39a6795c788263d4,delivered,1,1,1,,
exp-40a9cd647575,run-37a65f6f11d43275,claim-6ed3d5af534656c4,sig-39a9b36c8b6d0565,delivered,1,1,1,,
exp-40a9cd647575,run-81319bcbcd98673c,claim-6ed3d5af534656c4,sig-39a9b36c8b6d0565,delivered,1,1,1,,
exp-40a9cd647575,run-94f7d1e13d63a2ae,claim-6ed3d5af534656c4,sig-39a9b36c8b6d0565,delivered,1,1,1,,
exp-40a9cd647575,run-c5f8e170be1576f7,claim-6ed3d5af534656c4,sig-39a9b36c8b6d0565,delivered,1,1,1,,
exp-40a9cd647575,run-c72a51f33480a443,claim-6ed3d5af534656c4,sig-39a9b36c8b6d0565,delivered,1,1,1,,
exp-40a9cd647575,run-25b1a4c18ff8cdfe,claim-9b4756d315422571,sig-39f8ab4e2013c5da,delivered,1,1,1,,
exp-40a9cd647575,run-293806b558ff1d6a,claim-9b4756d315422571,sig-39f8ab4e2013c5da,delivered,1,1,1,,
exp-40a9cd647575,run-b2960756b22de028,claim-1d4c9a2afa4280d2,sig-3a4522ed2a22c370,delivered,1,1,1,,
exp-40a9cd647575,run-04199a1317aaf4d6,claim-b576bdaa57856f92,sig-3a63859218c752c6,delivered,1,1,1,,
exp-40a9cd647575,run-1938ed72bf14b97b,claim-b576bdaa57856f92,sig-3a63859218c752c6,delivered,1,1,1,,
exp-40a9cd647575,run-1bf11ade46e0d5c8,claim-b576bdaa57856f92,sig-3a63859218c752c6,delivered,1,1,1,,
exp-40a9cd647575,run-22bedfbb4ba39ae8,claim-b576bdaa57856f92,sig-3a63859218c752c6,delivered,1,1,1,,
exp-40a9cd647575,run-37a65f6f11d43275,claim-b576bdaa57856f92,sig-3a63859218c752c6,delivered,1,1,1,,
exp-40a9cd647575,run-3fac34c2107fdb3d,claim-b576bdaa57856f92,sig-3a63859218c752c6,delivered,1,1,1,,
exp-40a9cd647575,run-4d6657cbd89092bb,claim-b576bdaa57856f92,sig-3a63859218c752c6,delivered,1,1,1,,
exp-40a9cd647575,run-5544965755d02fca,claim-b576bdaa57856f92,sig-3a63859218c752c6,delivered,1,1,1,,
exp-40a9cd647575,run-5ba7ce50f4958746,claim-b576bdaa57856f92,sig-3a63859218c752c6,delivered,1,1,1,,
exp-40a9cd647575,run-6474c7fea2bc101b,claim-b576bdaa57856f92,sig-3a63859218c752c6,delivered,1,1,1,,
exp-40a9cd647575,run-6603f070d7a74f3c,claim-b576bdaa57856f92,sig-3a63859218c752c6,delivered,1,1,1,,
exp-40a9cd647575,run-793cb59b50eec427,claim-b576bdaa57856f92,sig-3a63859218c752c6,delivered,1,1,1,,
exp-40a9cd647575,run-81319bcbcd98673c,claim-b576bdaa57856f92,sig-3a63859218c752c6,delivered,1,1,1,,
exp-40a9cd647575,run-85cbabcaed591d3e,claim-b576bdaa57856f92,sig-3a63859218c752c6,delivered,1,1,1,,
exp-40a9cd647575,run-87b80a2f839f80f8,claim-b576bdaa57856f92,sig-3a63859218c752c6,delivered,1,1,1,,
exp-40a9cd647575,run-8b25b1d989f4d599,claim-b576bdaa57856f92,sig-3a63859218c752c6,delivered,1,1,1,,
exp-40a9cd647575,run-94f7d1e13d63a2ae,claim-b576bdaa57856f92,sig-3a63859218c752c6,delivered,1,1,1,,
exp-40a9cd647575,run-95b1d24ba8f7a546,claim-b576bdaa57856f92,sig-3a63859218c752c6,delivered,1,1,1,,
exp-40a9cd647575,run-99e816661430c66e,claim-b576bdaa57856f92,sig-3a63859218c752c6,delivered,1,1,1,,
exp-40a9cd647575,run-9b89791550e9ef70,claim-b576bdaa57856f92,sig-3a63859218c752c6,delivered,1,1,1,,
exp-40a9cd647575,run-a07b4c8d8ca12c5a,claim-b576bdaa57856f92,sig-3a63859218c752c6,delivered,1,1,1,,
exp-40a9cd647575,run-a422a5b8b642038d,claim-b576bdaa57856f92,sig-3a63859218c752c6,delivered,1,1,1,,
exp-40a9cd647575,run-b4594bd0d15cc5e0,claim-b576bdaa57856f92,sig-3a63859218c752c6,delivered,1,1,1,,
exp-40a9cd647575,run-b9e398623f533076,claim-b576bdaa57856f92,sig-3a63859218c752c6,delivered,1,1,1,,
exp-40a9cd647575,run-bc800b63a2891e00,claim-b576bdaa57856f92,sig-3a63859218c752c6,delivered,1,1,1,,
exp-40a9cd647575,run-be1afd4e17c162e6,claim-b576bdaa57856f92,sig-3a63859218c752c6,delivered,1,1,1,,
exp-40a9cd647575,run-c046dfb52bd9e84d,claim-b576bdaa57856f92,sig-3a63859218c752c6,delivered,1,1,1,,
exp-40a9cd647575,run-c6c4e2e7bfa89ee6,claim-b576bdaa57856f92,sig-3a63859218c752c6,delivered,1,1,1,,
exp-40a9cd647575,run-c72a51f33480a443,claim-b576bdaa57856f92,sig-3a63859218c752c6,delivered,1,1,1,,
exp-40a9cd647575,run-cbadac524b3b1865,claim-b576bdaa57856f92,sig-3a63859218c752c6,delivered,1,1,1,,
exp-40a9cd647575,run-d4c741a10716a606,claim-b576bdaa57856f92,sig-3a63859218c752c6,delivered,1,1,1,,
exp-40a9cd647575,run-d533db1177852d34,claim-b576bdaa57856f92,sig-3a63859218c752c6,delivered,1,1,1,,
exp-40a9cd647575,run-d62426bd09776395,claim-b576bdaa57856f92,sig-3a63859218c752c6,delivered,1,1,1,,
exp-40a9cd647575,run-d7f178f578257fb9,claim-b576bdaa57856f92,sig-3a63859218c752c6,delivered,1,1,1,,
exp-40a9cd647575,run-dcec6376163df8fc,claim-b576bdaa57856f92,sig-3a63859218c752c6,delivered,1,1,1,,
exp-40a9cd647575,run-e0d708a90a8e4911,claim-b576bdaa57856f92,sig-3a63859218c752c6,delivered,1,1,1,,
exp-40a9cd647575,run-e7c9956e48cc45c9,claim-b576bdaa57856f92,sig-3a63859218c752c6,delivered,1,1,1,,
exp-40a9cd647575,run-f624b0f51a068b4e,claim-b576bdaa57856f92,sig-3a63859218c752c6,delivered,1,1,1,,
exp-40a9cd647575,run-f6dab0a15f9b5781,claim-b576bdaa57856f92,sig-3a63859218c752c6,delivered,1,1,1,,
exp-40a9cd647575,run-fe7a26d58064e8dc,claim-b576bdaa57856f92,sig-3a63859218c752c6,delivered,1,1,1,,
exp-40a9cd647575,run-0ce9678e58d522e5,claim-77ce0eb2c4c03821,sig-3a6884f010c7c4ad,delivered,1,1,1,,
exp-40a9cd647575,run-b0b6aff3256f63f3,claim-b232a55ad5fce408,sig-3a6e155c4a1b8ba6,delivered,1,1,1,,
exp-40a9cd647575,run-edddb80b074c7c76,claim-b232a55ad5fce408,sig-3a6e155c4a1b8ba6,delivered,1,1,1,,
exp-40a9cd647575,run-b2960756b22de028,claim-3118d11dcd34bba4,sig-3a9a2df0e9ba8c02,delivered,1,1,1,,
exp-40a9cd647575,run-d24745de20353c1c,claim-3118d11dcd34bba4,sig-3a9a2df0e9ba8c02,delivered,1,1,1,,
exp-40a9cd647575,run-0157f532598e4b4f,claim-b8dbd5d925176bc1,sig-3ac1f867135b4c52,delivered,1,1,1,,
exp-40a9cd647575,run-4893f98223124ec7,claim-b8dbd5d925176bc1,sig-3ac1f867135b4c52,delivered,1,1,1,,
exp-40a9cd647575,run-5e2cbaadd2aed0b1,claim-b8dbd5d925176bc1,sig-3ac1f867135b4c52,delivered,1,1,1,,
exp-40a9cd647575,run-622746ed303f2c0d,claim-b8dbd5d925176bc1,sig-3ac1f867135b4c52,delivered,1,1,1,,
exp-40a9cd647575,run-a54490d340d095c6,claim-b8dbd5d925176bc1,sig-3ac1f867135b4c52,delivered,1,1,1,,
exp-40a9cd647575,run-afb024d797a37c69,claim-b8dbd5d925176bc1,sig-3ac1f867135b4c52,delivered,1,1,1,,
exp-40a9cd647575,run-e7a6944b52a20ca5,claim-b8dbd5d925176bc1,sig-3ac1f867135b4c52,delivered,1,1,1,,
exp-40a9cd647575,run-1bf11ade46e0d5c8,claim-0bac7e0b982e6eec,sig-3ae55b8dcf1a3704,delivered,1,1,1,,
exp-40a9cd647575,run-22bedfbb4ba39ae8,claim-0bac7e0b982e6eec,sig-3ae55b8dcf1a3704,delivered,1,1,1,,
exp-40a9cd647575,run-37a65f6f11d43275,claim-0bac7e0b982e6eec,sig-3ae55b8dcf1a3704,delivered,1,1,1,,
exp-40a9cd647575,run-81319bcbcd98673c,claim-0bac7e0b982e6eec,sig-3ae55b8dcf1a3704,delivered,1,1,1,,
exp-40a9cd647575,run-94f7d1e13d63a2ae,claim-0bac7e0b982e6eec,sig-3ae55b8dcf1a3704,delivered,1,1,1,,
exp-40a9cd647575,run-c72a51f33480a443,claim-0bac7e0b982e6eec,sig-3ae55b8dcf1a3704,delivered,1,1,1,,
exp-40a9cd647575,run-546a7e3ed4b2749b,claim-f1ca7113675429dd,sig-3aec0dc371f7a76d,delivered,1,1,1,,
exp-40a9cd647575,run-823f79ffe02484d0,claim-f1ca7113675429dd,sig-3aec0dc371f7a76d,delivered,1,1,1,,
exp-40a9cd647575,run-5dff6533050fc9bf,claim-314bd342d059bfa2,sig-3c26d23c8aaeacfa,delivered,1,1,1,,
exp-40a9cd647575,run-6f9234be022646e9,claim-314bd342d059bfa2,sig-3c26d23c8aaeacfa,delivered,1,1,1,,
exp-40a9cd647575,run-a5eaf6305b9044fe,claim-314bd342d059bfa2,sig-3c26d23c8aaeacfa,delivered,1,1,1,,
exp-40a9cd647575,run-419b34c10574e0d7,claim-5b774c7a5fd0f54e,sig-3e43cb9a759a756c,delivered,1,1,1,,
exp-40a9cd647575,run-6603f070d7a74f3c,claim-b80226f5b9362337,sig-3edfd6a0f99047f9,delivered,1,1,1,,
exp-40a9cd647575,run-25b1a4c18ff8cdfe,claim-e725a7259ae6330f,sig-3f362ca96d44b606,delivered,1,1,1,,
exp-40a9cd647575,run-62b9c429b0e1fee1,claim-e725a7259ae6330f,sig-3f362ca96d44b606,delivered,1,1,1,,
exp-40a9cd647575,run-b2960756b22de028,claim-e725a7259ae6330f,sig-3f362ca96d44b606,delivered,1,1,1,,
exp-40a9cd647575,run-59a9fcc2972db0b9,claim-c101a018bf9cecfc,sig-3f58615d256e784e,delivered,1,1,1,,
exp-40a9cd647575,run-8d5ad95c4cc0ea7e,claim-c101a018bf9cecfc,sig-3f58615d256e784e,delivered,1,1,1,,
exp-40a9cd647575,run-be1afd4e17c162e6,claim-c101a018bf9cecfc,sig-3f58615d256e784e,delivered,1,1,1,,
exp-40a9cd647575,run-2f4597ed820c1503,claim-729318bf1714782a,sig-3f9920b096559a74,delivered,1,1,1,,
exp-40a9cd647575,run-35c863ad4c3e6f28,claim-729318bf1714782a,sig-3f9920b096559a74,delivered,1,1,1,,
exp-40a9cd647575,run-612f2088b21cda70,claim-729318bf1714782a,sig-3f9920b096559a74,delivered,1,1,1,,
exp-40a9cd647575,run-d03fb77500c9cd94,claim-729318bf1714782a,sig-3f9920b096559a74,delivered,1,1,1,,
exp-40a9cd647575,run-243c9483fa7e0adf,claim-c4e0ceaa138b295e,sig-40050432cbf24c95,delivered,1,1,1,,
exp-40a9cd647575,run-5d2e6e2b79282ca0,claim-c4e0ceaa138b295e,sig-40050432cbf24c95,delivered,1,1,1,,
exp-40a9cd647575,run-9332cdf03b96bf12,claim-c4e0ceaa138b295e,sig-40050432cbf24c95,delivered,1,1,1,,
exp-40a9cd647575,run-afceedbf298a91a6,claim-c4e0ceaa138b295e,sig-40050432cbf24c95,delivered,1,1,1,,
exp-40a9cd647575,run-3704234e0044445c,claim-c4877a5cc7a9f05f,sig-400afe017c2c3c0d,delivered,1,1,1,,
exp-40a9cd647575,run-611904a79457240a,claim-c4877a5cc7a9f05f,sig-400afe017c2c3c0d,delivered,1,1,1,,
exp-40a9cd647575,run-676f804262ab62f9,claim-c4877a5cc7a9f05f,sig-400afe017c2c3c0d,delivered,1,1,1,,
exp-40a9cd647575,run-6f82a936d36520aa,claim-c4877a5cc7a9f05f,sig-400afe017c2c3c0d,delivered,1,1,1,,
exp-40a9cd647575,run-89dda70ea9ef85f4,claim-c4877a5cc7a9f05f,sig-400afe017c2c3c0d,delivered,1,1,1,,
exp-40a9cd647575,run-930b76d107e5cff8,claim-c4877a5cc7a9f05f,sig-400afe017c2c3c0d,delivered,1,1,1,,
exp-40a9cd647575,run-9743848c2e583907,claim-c4877a5cc7a9f05f,sig-400afe017c2c3c0d,delivered,1,1,1,,
exp-40a9cd647575,run-99e816661430c66e,claim-c4877a5cc7a9f05f,sig-400afe017c2c3c0d,delivered,1,1,1,,
exp-40a9cd647575,run-b1d9241e2abafa16,claim-c4877a5cc7a9f05f,sig-400afe017c2c3c0d,delivered,1,1,1,,
exp-40a9cd647575,run-b4594bd0d15cc5e0,claim-c4877a5cc7a9f05f,sig-400afe017c2c3c0d,delivered,1,1,1,,
exp-40a9cd647575,run-befb1059eb8a4f2b,claim-c4877a5cc7a9f05f,sig-400afe017c2c3c0d,delivered,1,1,1,,
exp-40a9cd647575,run-d41da11c672e910a,claim-c4877a5cc7a9f05f,sig-400afe017c2c3c0d,delivered,1,1,1,,
exp-40a9cd647575,run-e4a4806cd80056a6,claim-c4877a5cc7a9f05f,sig-400afe017c2c3c0d,delivered,1,1,1,,
exp-40a9cd647575,run-eacdc6601fd269f4,claim-c4877a5cc7a9f05f,sig-400afe017c2c3c0d,delivered,1,1,1,,
exp-40a9cd647575,run-0bdbd7e3ae24c145,claim-ec1e7e20318582e0,sig-4068a74464abe599,delivered,1,1,1,,
exp-40a9cd647575,run-1e668964b4c24319,claim-ec1e7e20318582e0,sig-4068a74464abe599,delivered,1,1,1,,
exp-40a9cd647575,run-25b1a4c18ff8cdfe,claim-ec1e7e20318582e0,sig-4068a74464abe599,delivered,1,1,1,,
exp-40a9cd647575,run-293806b558ff1d6a,claim-ec1e7e20318582e0,sig-4068a74464abe599,delivered,1,1,1,,
exp-40a9cd647575,run-324dbfbe7cd8573b,claim-ec1e7e20318582e0,sig-4068a74464abe599,delivered,1,1,1,,
exp-40a9cd647575,run-4bf63d232e1e4028,claim-ec1e7e20318582e0,sig-4068a74464abe599,delivered,1,1,1,,
exp-40a9cd647575,run-62b9c429b0e1fee1,claim-ec1e7e20318582e0,sig-4068a74464abe599,delivered,1,1,1,,
exp-40a9cd647575,run-8fe7e2a70540fa13,claim-ec1e7e20318582e0,sig-4068a74464abe599,delivered,1,1,1,,
exp-40a9cd647575,run-b0c15ff5128e34a7,claim-ec1e7e20318582e0,sig-4068a74464abe599,delivered,1,1,1,,
exp-40a9cd647575,run-ee5ebbe1776e3593,claim-ec1e7e20318582e0,sig-4068a74464abe599,delivered,1,1,1,,
exp-40a9cd647575,run-59a9fcc2972db0b9,claim-d315da5a2d7a8400,sig-40930feafd0cd679,delivered,1,1,1,,
exp-40a9cd647575,run-8d5ad95c4cc0ea7e,claim-d315da5a2d7a8400,sig-40930feafd0cd679,delivered,1,1,1,,
exp-40a9cd647575,run-0157f532598e4b4f,claim-db58e68a276f73f2,sig-40b44bf62818b285,delivered,1,1,1,,
exp-40a9cd647575,run-04199a1317aaf4d6,claim-db58e68a276f73f2,sig-40b44bf62818b285,delivered,1,1,1,,
exp-40a9cd647575,run-1938ed72bf14b97b,claim-db58e68a276f73f2,sig-40b44bf62818b285,delivered,1,1,1,,
exp-40a9cd647575,run-4893f98223124ec7,claim-db58e68a276f73f2,sig-40b44bf62818b285,delivered,1,1,1,,
exp-40a9cd647575,run-4d6657cbd89092bb,claim-db58e68a276f73f2,sig-40b44bf62818b285,delivered,1,1,1,,
exp-40a9cd647575,run-5ba7ce50f4958746,claim-db58e68a276f73f2,sig-40b44bf62818b285,delivered,1,1,1,,
exp-40a9cd647575,run-5e2cbaadd2aed0b1,claim-db58e68a276f73f2,sig-40b44bf62818b285,delivered,1,1,1,,
exp-40a9cd647575,run-622746ed303f2c0d,claim-db58e68a276f73f2,sig-40b44bf62818b285,delivered,1,1,1,,
exp-40a9cd647575,run-6474c7fea2bc101b,claim-db58e68a276f73f2,sig-40b44bf62818b285,delivered,1,1,1,,
exp-40a9cd647575,run-6603f070d7a74f3c,claim-db58e68a276f73f2,sig-40b44bf62818b285,delivered,1,1,1,,
exp-40a9cd647575,run-793cb59b50eec427,claim-db58e68a276f73f2,sig-40b44bf62818b285,delivered,1,1,1,,
exp-40a9cd647575,run-87b80a2f839f80f8,claim-db58e68a276f73f2,sig-40b44bf62818b285,delivered,1,1,1,,
exp-40a9cd647575,run-9b89791550e9ef70,claim-db58e68a276f73f2,sig-40b44bf62818b285,delivered,1,1,1,,
exp-40a9cd647575,run-a07b4c8d8ca12c5a,claim-db58e68a276f73f2,sig-40b44bf62818b285,delivered,1,1,1,,
exp-40a9cd647575,run-a422a5b8b642038d,claim-db58e68a276f73f2,sig-40b44bf62818b285,delivered,1,1,1,,
exp-40a9cd647575,run-a54490d340d095c6,claim-db58e68a276f73f2,sig-40b44bf62818b285,delivered,1,1,1,,
exp-40a9cd647575,run-afb024d797a37c69,claim-db58e68a276f73f2,sig-40b44bf62818b285,delivered,1,1,1,,
exp-40a9cd647575,run-c6c4e2e7bfa89ee6,claim-db58e68a276f73f2,sig-40b44bf62818b285,delivered,1,1,1,,
exp-40a9cd647575,run-cbadac524b3b1865,claim-db58e68a276f73f2,sig-40b44bf62818b285,delivered,1,1,1,,
exp-40a9cd647575,run-d533db1177852d34,claim-db58e68a276f73f2,sig-40b44bf62818b285,delivered,1,1,1,,
exp-40a9cd647575,run-d7f178f578257fb9,claim-db58e68a276f73f2,sig-40b44bf62818b285,delivered,1,1,1,,
exp-40a9cd647575,run-dcec6376163df8fc,claim-db58e68a276f73f2,sig-40b44bf62818b285,delivered,1,1,1,,
exp-40a9cd647575,run-f6dab0a15f9b5781,claim-db58e68a276f73f2,sig-40b44bf62818b285,delivered,1,1,1,,
exp-40a9cd647575,run-d7f178f578257fb9,claim-89ca04d25f0f019e,sig-411630431992e559,delivered,1,1,1,,
exp-40a9cd647575,run-e3abc9bf556d7a45,claim-a20f82f809611ae5,sig-4126a337fa89df29,delivered,1,1,1,,
exp-40a9cd647575,run-a7ad56f261f14f47,claim-072c6029e4756074,sig-416c5920e2a3b067,delivered,1,1,1,,
exp-40a9cd647575,run-bc800b63a2891e00,claim-6a4c36f5c005d430,sig-4265d83d8e32e578,delivered,1,1,1,,
exp-40a9cd647575,run-5093d78945736d5b,claim-9e3e3b1f0965fab2,sig-42ed39a572c65bfd,delivered,1,1,1,,
exp-40a9cd647575,run-0157f532598e4b4f,claim-e83ef9caaef8cc7e,sig-43086708d407b709,delivered,1,1,1,,
exp-40a9cd647575,run-3704234e0044445c,claim-e83ef9caaef8cc7e,sig-43086708d407b709,delivered,1,1,1,,
exp-40a9cd647575,run-4893f98223124ec7,claim-e83ef9caaef8cc7e,sig-43086708d407b709,delivered,1,1,1,,
exp-40a9cd647575,run-5e2cbaadd2aed0b1,claim-e83ef9caaef8cc7e,sig-43086708d407b709,delivered,1,1,1,,
exp-40a9cd647575,run-622746ed303f2c0d,claim-e83ef9caaef8cc7e,sig-43086708d407b709,delivered,1,1,1,,
exp-40a9cd647575,run-930b76d107e5cff8,claim-e83ef9caaef8cc7e,sig-43086708d407b709,delivered,1,1,1,,
exp-40a9cd647575,run-a54490d340d095c6,claim-e83ef9caaef8cc7e,sig-43086708d407b709,delivered,1,1,1,,
exp-40a9cd647575,run-afb024d797a37c69,claim-e83ef9caaef8cc7e,sig-43086708d407b709,delivered,1,1,1,,
exp-40a9cd647575,run-ca316ef87f1e1d94,claim-e83ef9caaef8cc7e,sig-43086708d407b709,delivered,1,1,1,,
exp-40a9cd647575,run-e4a4806cd80056a6,claim-e83ef9caaef8cc7e,sig-43086708d407b709,delivered,1,1,1,,
exp-40a9cd647575,run-e7a6944b52a20ca5,claim-e83ef9caaef8cc7e,sig-43086708d407b709,delivered,1,1,1,,
exp-40a9cd647575,run-a7ad56f261f14f47,claim-fd4463b88873b75d,sig-435541423d3cfdf7,delivered,1,1,1,,
exp-40a9cd647575,run-04ef79de6332407d,claim-d00da94479912437,sig-437909bf4f790e02,delivered,1,1,1,,
exp-40a9cd647575,run-10552c1cef134ebe,claim-d00da94479912437,sig-437909bf4f790e02,delivered,1,1,1,,
exp-40a9cd647575,run-2f4597ed820c1503,claim-d00da94479912437,sig-437909bf4f790e02,delivered,1,1,1,,
exp-40a9cd647575,run-35c863ad4c3e6f28,claim-d00da94479912437,sig-437909bf4f790e02,delivered,1,1,1,,
exp-40a9cd647575,run-612f2088b21cda70,claim-d00da94479912437,sig-437909bf4f790e02,delivered,1,1,1,,
exp-40a9cd647575,run-d03fb77500c9cd94,claim-d00da94479912437,sig-437909bf4f790e02,delivered,1,1,1,,
exp-40a9cd647575,run-9b89791550e9ef70,claim-503288cd1b04ceeb,sig-4389899137f83fe6,delivered,1,1,1,,
exp-40a9cd647575,run-a07b4c8d8ca12c5a,claim-503288cd1b04ceeb,sig-4389899137f83fe6,delivered,1,1,1,,
exp-40a9cd647575,run-a422a5b8b642038d,claim-503288cd1b04ceeb,sig-4389899137f83fe6,delivered,1,1,1,,
exp-40a9cd647575,run-f6dab0a15f9b5781,claim-503288cd1b04ceeb,sig-4389899137f83fe6,delivered,1,1,1,,
exp-40a9cd647575,run-0bdbd7e3ae24c145,claim-1f8bfe40cefce135,sig-4467b5b1c35b9710,delivered,1,1,1,,
exp-40a9cd647575,run-170a86bce589f400,claim-1f8bfe40cefce135,sig-4467b5b1c35b9710,delivered,1,1,1,,
exp-40a9cd647575,run-201cd0cf98eaa593,claim-1f8bfe40cefce135,sig-4467b5b1c35b9710,delivered,1,1,1,,
exp-40a9cd647575,run-25b1a4c18ff8cdfe,claim-1f8bfe40cefce135,sig-4467b5b1c35b9710,delivered,1,1,1,,
exp-40a9cd647575,run-293806b558ff1d6a,claim-1f8bfe40cefce135,sig-4467b5b1c35b9710,delivered,1,1,1,,
exp-40a9cd647575,run-44edd4d662236ae1,claim-1f8bfe40cefce135,sig-4467b5b1c35b9710,delivered,1,1,1,,
exp-40a9cd647575,run-62b9c429b0e1fee1,claim-1f8bfe40cefce135,sig-4467b5b1c35b9710,delivered,1,1,1,,
exp-40a9cd647575,run-85dad60b90e1def2,claim-1f8bfe40cefce135,sig-4467b5b1c35b9710,delivered,1,1,1,,
exp-40a9cd647575,run-8fe7e2a70540fa13,claim-1f8bfe40cefce135,sig-4467b5b1c35b9710,delivered,1,1,1,,
exp-40a9cd647575,run-a7583e178eec4bac,claim-1f8bfe40cefce135,sig-4467b5b1c35b9710,delivered,1,1,1,,
exp-40a9cd647575,run-b0c15ff5128e34a7,claim-1f8bfe40cefce135,sig-4467b5b1c35b9710,delivered,1,1,1,,
exp-40a9cd647575,run-b2960756b22de028,claim-1f8bfe40cefce135,sig-4467b5b1c35b9710,delivered,1,1,1,,
exp-40a9cd647575,run-d24745de20353c1c,claim-1f8bfe40cefce135,sig-4467b5b1c35b9710,delivered,1,1,1,,
exp-40a9cd647575,run-dab5d4df9ae936a4,claim-1f8bfe40cefce135,sig-4467b5b1c35b9710,delivered,1,1,1,,
exp-40a9cd647575,run-0157f532598e4b4f,claim-149cb719cd6d25dd,sig-447fae72ac402f91,delivered,1,1,1,,
exp-40a9cd647575,run-3704234e0044445c,claim-149cb719cd6d25dd,sig-447fae72ac402f91,delivered,1,1,1,,
exp-40a9cd647575,run-4893f98223124ec7,claim-149cb719cd6d25dd,sig-447fae72ac402f91,delivered,1,1,1,,
exp-40a9cd647575,run-5e2cbaadd2aed0b1,claim-149cb719cd6d25dd,sig-447fae72ac402f91,delivered,1,1,1,,
exp-40a9cd647575,run-622746ed303f2c0d,claim-149cb719cd6d25dd,sig-447fae72ac402f91,delivered,1,1,1,,
exp-40a9cd647575,run-930b76d107e5cff8,claim-149cb719cd6d25dd,sig-447fae72ac402f91,delivered,1,1,1,,
exp-40a9cd647575,run-a54490d340d095c6,claim-149cb719cd6d25dd,sig-447fae72ac402f91,delivered,1,1,1,,
exp-40a9cd647575,run-afb024d797a37c69,claim-149cb719cd6d25dd,sig-447fae72ac402f91,delivered,1,1,1,,
exp-40a9cd647575,run-ca316ef87f1e1d94,claim-149cb719cd6d25dd,sig-447fae72ac402f91,delivered,1,1,1,,
exp-40a9cd647575,run-e4a4806cd80056a6,claim-149cb719cd6d25dd,sig-447fae72ac402f91,delivered,1,1,1,,
exp-40a9cd647575,run-e7a6944b52a20ca5,claim-149cb719cd6d25dd,sig-447fae72ac402f91,delivered,1,1,1,,
exp-40a9cd647575,run-bc6941a815dfc8ff,claim-857b2ec84fe748b5,sig-44915f48fb5be14b,delivered,1,1,1,,
exp-40a9cd647575,run-3dcb25053d94d332,claim-39473ea2ca61fe49,sig-4501452aa1eb0116,delivered,1,1,1,,
exp-40a9cd647575,run-57707206b4378d12,claim-39473ea2ca61fe49,sig-4501452aa1eb0116,delivered,1,1,1,,
exp-40a9cd647575,run-bcaf26c16062a877,claim-39473ea2ca61fe49,sig-4501452aa1eb0116,delivered,1,1,1,,
exp-40a9cd647575,run-04199a1317aaf4d6,claim-5ccba8b1d9927834,sig-456775fcf111adb6,delivered,1,1,1,,
exp-40a9cd647575,run-0ce9678e58d522e5,claim-5ccba8b1d9927834,sig-456775fcf111adb6,delivered,1,1,1,,
exp-40a9cd647575,run-d7f178f578257fb9,claim-5ccba8b1d9927834,sig-456775fcf111adb6,delivered,1,1,1,,
exp-40a9cd647575,run-3704234e0044445c,claim-26b121ce1a076eb9,sig-45726667cae61668,delivered,1,1,1,,
exp-40a9cd647575,run-3fac34c2107fdb3d,claim-26b121ce1a076eb9,sig-45726667cae61668,delivered,1,1,1,,
exp-40a9cd647575,run-4d6657cbd89092bb,claim-26b121ce1a076eb9,sig-45726667cae61668,delivered,1,1,1,,
exp-40a9cd647575,run-5ba7ce50f4958746,claim-26b121ce1a076eb9,sig-45726667cae61668,delivered,1,1,1,,
exp-40a9cd647575,run-5e0f13ec0da33c69,claim-26b121ce1a076eb9,sig-45726667cae61668,delivered,1,1,1,,
exp-40a9cd647575,run-930b76d107e5cff8,claim-26b121ce1a076eb9,sig-45726667cae61668,delivered,1,1,1,,
exp-40a9cd647575,run-99e816661430c66e,claim-26b121ce1a076eb9,sig-45726667cae61668,delivered,1,1,1,,
exp-40a9cd647575,run-9d1a12cb2591f457,claim-26b121ce1a076eb9,sig-45726667cae61668,delivered,1,1,1,,
exp-40a9cd647575,run-bc6941a815dfc8ff,claim-26b121ce1a076eb9,sig-45726667cae61668,delivered,1,1,1,,
exp-40a9cd647575,run-ca316ef87f1e1d94,claim-26b121ce1a076eb9,sig-45726667cae61668,delivered,1,1,1,,
exp-40a9cd647575,run-cbadac524b3b1865,claim-26b121ce1a076eb9,sig-45726667cae61668,delivered,1,1,1,,
exp-40a9cd647575,run-d41da11c672e910a,claim-26b121ce1a076eb9,sig-45726667cae61668,delivered,1,1,1,,
exp-40a9cd647575,run-d833fa81f508835a,claim-26b121ce1a076eb9,sig-45726667cae61668,delivered,1,1,1,,
exp-40a9cd647575,run-da01527933e27f3c,claim-26b121ce1a076eb9,sig-45726667cae61668,delivered,1,1,1,,
exp-40a9cd647575,run-dcec6376163df8fc,claim-26b121ce1a076eb9,sig-45726667cae61668,delivered,1,1,1,,
exp-40a9cd647575,run-e4a4806cd80056a6,claim-26b121ce1a076eb9,sig-45726667cae61668,delivered,1,1,1,,
exp-40a9cd647575,run-ebc9aaf788547725,claim-26b121ce1a076eb9,sig-45726667cae61668,delivered,1,1,1,,
exp-40a9cd647575,run-243c9483fa7e0adf,claim-4732f515de98d643,sig-46019f88da3a4120,delivered,1,1,1,,
exp-40a9cd647575,run-5d2e6e2b79282ca0,claim-4732f515de98d643,sig-46019f88da3a4120,delivered,1,1,1,,
exp-40a9cd647575,run-6f9234be022646e9,claim-4732f515de98d643,sig-46019f88da3a4120,delivered,1,1,1,,
exp-40a9cd647575,run-9332cdf03b96bf12,claim-4732f515de98d643,sig-46019f88da3a4120,delivered,1,1,1,,
exp-40a9cd647575,run-afceedbf298a91a6,claim-4732f515de98d643,sig-46019f88da3a4120,delivered,1,1,1,,
exp-40a9cd647575,run-85cbabcaed591d3e,claim-f1aae5b30c1dbde6,sig-470fa0c12a9788b9,delivered,1,1,1,,
exp-40a9cd647575,run-b9e398623f533076,claim-f1aae5b30c1dbde6,sig-470fa0c12a9788b9,delivered,1,1,1,,
exp-40a9cd647575,run-c046dfb52bd9e84d,claim-f1aae5b30c1dbde6,sig-470fa0c12a9788b9,delivered,1,1,1,,
exp-40a9cd647575,run-e0d708a90a8e4911,claim-f1aae5b30c1dbde6,sig-470fa0c12a9788b9,delivered,1,1,1,,
exp-40a9cd647575,run-1e668964b4c24319,claim-cc93a9317a2f39a1,sig-47d3bf0a723d2d51,delivered,1,1,1,,
exp-40a9cd647575,run-324dbfbe7cd8573b,claim-cc93a9317a2f39a1,sig-47d3bf0a723d2d51,delivered,1,1,1,,
exp-40a9cd647575,run-4bf63d232e1e4028,claim-cc93a9317a2f39a1,sig-47d3bf0a723d2d51,delivered,1,1,1,,
exp-40a9cd647575,run-ee5ebbe1776e3593,claim-cc93a9317a2f39a1,sig-47d3bf0a723d2d51,delivered,1,1,1,,
exp-40a9cd647575,run-3dcb25053d94d332,claim-c4e0ceaa138b295e,sig-481b072b09b2209c,delivered,1,1,1,,
exp-40a9cd647575,run-bcaf26c16062a877,claim-c4e0ceaa138b295e,sig-481b072b09b2209c,delivered,1,1,1,,
exp-40a9cd647575,run-57f8c4665d98f5e0,claim-ddbc882c539048f6,sig-48422967d88ef989,delivered,1,1,1,,
exp-40a9cd647575,run-87b80a2f839f80f8,claim-42f55741044b7f70,sig-4898e4e2bf17474b,delivered,1,1,1,,
exp-40a9cd647575,run-5e0f13ec0da33c69,claim-7803ebeefceccf40,sig-499d86b83551e08f,delivered,1,1,1,,
exp-40a9cd647575,run-87b80a2f839f80f8,claim-7803ebeefceccf40,sig-499d86b83551e08f,delivered,1,1,1,,
exp-40a9cd647575,run-dcec6376163df8fc,claim-7803ebeefceccf40,sig-499d86b83551e08f,delivered,1,1,1,,
exp-40a9cd647575,run-546a7e3ed4b2749b,claim-a2629b870c884acf,sig-49a0cd546cc39d46,delivered,1,1,1,,
exp-40a9cd647575,run-823f79ffe02484d0,claim-a2629b870c884acf,sig-49a0cd546cc39d46,delivered,1,1,1,,
exp-40a9cd647575,run-897ec7b867f5ca68,claim-a2629b870c884acf,sig-49a0cd546cc39d46,delivered,1,1,1,,
exp-40a9cd647575,run-57f8c4665d98f5e0,claim-540dd5d29774ec7f,sig-4a497d1bf8d08d45,delivered,1,1,1,,
exp-40a9cd647575,run-897ec7b867f5ca68,claim-540dd5d29774ec7f,sig-4a497d1bf8d08d45,delivered,1,1,1,,
exp-40a9cd647575,run-5093d78945736d5b,claim-643a06fc655572af,sig-4aa34001b4e1aebf,delivered,1,1,1,,
exp-40a9cd647575,run-d0fa4ba0dd287bb4,claim-643a06fc655572af,sig-4aa34001b4e1aebf,delivered,1,1,1,,
exp-40a9cd647575,run-1e0ba3c3954c7ccf,claim-4323dc911130f886,sig-4ad30c2921a6cc01,delivered,1,1,1,,
exp-40a9cd647575,run-d0fa4ba0dd287bb4,claim-4323dc911130f886,sig-4ad30c2921a6cc01,delivered,1,1,1,,
exp-40a9cd647575,run-2f4597ed820c1503,claim-66a1f4a4d9c69bee,sig-4b971db425b38dbb,delivered,1,1,1,,
exp-40a9cd647575,run-35c863ad4c3e6f28,claim-66a1f4a4d9c69bee,sig-4b971db425b38dbb,delivered,1,1,1,,
exp-40a9cd647575,run-612f2088b21cda70,claim-66a1f4a4d9c69bee,sig-4b971db425b38dbb,delivered,1,1,1,,
exp-40a9cd647575,run-d03fb77500c9cd94,claim-66a1f4a4d9c69bee,sig-4b971db425b38dbb,delivered,1,1,1,,
exp-40a9cd647575,run-6603f070d7a74f3c,claim-65aa9ef6d2be4d63,sig-4ba0fa34ac513c0d,delivered,1,1,1,,
exp-40a9cd647575,run-2014c584d6b7abe3,claim-b165955aa314a2ce,sig-4bf13139f313a3ae,delivered,1,1,1,,
exp-40a9cd647575,run-243c9483fa7e0adf,claim-b165955aa314a2ce,sig-4bf13139f313a3ae,delivered,1,1,1,,
exp-40a9cd647575,run-4292659382907599,claim-b165955aa314a2ce,sig-4bf13139f313a3ae,delivered,1,1,1,,
exp-40a9cd647575,run-5d2e6e2b79282ca0,claim-b165955aa314a2ce,sig-4bf13139f313a3ae,delivered,1,1,1,,
exp-40a9cd647575,run-8b3f8acda4a32c84,claim-b165955aa314a2ce,sig-4bf13139f313a3ae,delivered,1,1,1,,
exp-40a9cd647575,run-9332cdf03b96bf12,claim-b165955aa314a2ce,sig-4bf13139f313a3ae,delivered,1,1,1,,
exp-40a9cd647575,run-ace8bf7a52ee7605,claim-b165955aa314a2ce,sig-4bf13139f313a3ae,delivered,1,1,1,,
exp-40a9cd647575,run-afceedbf298a91a6,claim-b165955aa314a2ce,sig-4bf13139f313a3ae,delivered,1,1,1,,
exp-40a9cd647575,run-c5f8e170be1576f7,claim-20bbd58d198ea03f,sig-4c1427099590ac76,delivered,1,1,1,,
exp-40a9cd647575,run-e3a76e2898f5c2fc,claim-20bbd58d198ea03f,sig-4c1427099590ac76,delivered,1,1,1,,
exp-40a9cd647575,run-1e668964b4c24319,claim-8333436a0541309d,sig-4cba19ddc1d68386,delivered,1,1,1,,
exp-40a9cd647575,run-324dbfbe7cd8573b,claim-8333436a0541309d,sig-4cba19ddc1d68386,delivered,1,1,1,,
exp-40a9cd647575,run-4bf63d232e1e4028,claim-8333436a0541309d,sig-4cba19ddc1d68386,delivered,1,1,1,,
exp-40a9cd647575,run-ee5ebbe1776e3593,claim-8333436a0541309d,sig-4cba19ddc1d68386,delivered,1,1,1,,
exp-40a9cd647575,run-2014c584d6b7abe3,claim-f041c752479de234,sig-4d023f3841c170a5,delivered,1,1,1,,
exp-40a9cd647575,run-25b1a4c18ff8cdfe,claim-3118d11dcd34bba4,sig-4d336b4bd21985f0,delivered,1,1,1,,
exp-40a9cd647575,run-62b9c429b0e1fee1,claim-3118d11dcd34bba4,sig-4d336b4bd21985f0,delivered,1,1,1,,
exp-40a9cd647575,run-44edd4d662236ae1,claim-ce289ebe61609f06,sig-4d536561c45670bf,delivered,1,1,1,,
exp-40a9cd647575,run-1e0ba3c3954c7ccf,claim-f72c10602744d5e8,sig-4d970a176c2ca1d1,delivered,1,1,1,,
exp-40a9cd647575,run-2a6bdf80f5ea7b6d,claim-f72c10602744d5e8,sig-4d970a176c2ca1d1,delivered,1,1,1,,
exp-40a9cd647575,run-2f4597ed820c1503,claim-f72c10602744d5e8,sig-4d970a176c2ca1d1,delivered,1,1,1,,
exp-40a9cd647575,run-35c863ad4c3e6f28,claim-f72c10602744d5e8,sig-4d970a176c2ca1d1,delivered,1,1,1,,
exp-40a9cd647575,run-612f2088b21cda70,claim-f72c10602744d5e8,sig-4d970a176c2ca1d1,delivered,1,1,1,,
exp-40a9cd647575,run-d03fb77500c9cd94,claim-f72c10602744d5e8,sig-4d970a176c2ca1d1,delivered,1,1,1,,
exp-40a9cd647575,run-d0fa4ba0dd287bb4,claim-f72c10602744d5e8,sig-4d970a176c2ca1d1,delivered,1,1,1,,
exp-40a9cd647575,run-ca316ef87f1e1d94,claim-b8dbd5d925176bc1,sig-4de7d2140bc7d4bf,delivered,1,1,1,,
exp-40a9cd647575,run-55c8e29cfa8c9641,claim-edebf6dc22d49062,sig-4decd130f33ccf0d,delivered,1,1,1,,
exp-40a9cd647575,run-5dff6533050fc9bf,claim-edebf6dc22d49062,sig-4decd130f33ccf0d,delivered,1,1,1,,
exp-40a9cd647575,run-974c2e173586b95d,claim-edebf6dc22d49062,sig-4decd130f33ccf0d,delivered,1,1,1,,
exp-40a9cd647575,run-13636c78ccc51a0e,claim-4bf325b69a844fc6,sig-4dfce16e0fb7746a,delivered,1,1,1,,
exp-40a9cd647575,run-39d61cb1eca880d8,claim-4bf325b69a844fc6,sig-4dfce16e0fb7746a,delivered,1,1,1,,
exp-40a9cd647575,run-5146b6b94268cb8e,claim-4bf325b69a844fc6,sig-4dfce16e0fb7746a,delivered,1,1,1,,
exp-40a9cd647575,run-b45d4176e65e5906,claim-4bf325b69a844fc6,sig-4dfce16e0fb7746a,delivered,1,1,1,,
exp-40a9cd647575,run-201cd0cf98eaa593,claim-0e3d6353fd27059d,sig-4e1887906cf9183f,delivered,1,1,1,,
exp-40a9cd647575,run-85dad60b90e1def2,claim-0e3d6353fd27059d,sig-4e1887906cf9183f,delivered,1,1,1,,
exp-40a9cd647575,run-a7583e178eec4bac,claim-0e3d6353fd27059d,sig-4e1887906cf9183f,delivered,1,1,1,,
exp-40a9cd647575,run-b2960756b22de028,claim-ec1e7e20318582e0,sig-507c6fe141afb924,delivered,1,1,1,,
exp-40a9cd647575,run-3fac34c2107fdb3d,claim-6a4c36f5c005d430,sig-50cea2f4731821e1,delivered,1,1,1,,
exp-40a9cd647575,run-99e816661430c66e,claim-6a4c36f5c005d430,sig-50cea2f4731821e1,delivered,1,1,1,,
exp-40a9cd647575,run-170a86bce589f400,claim-9b4756d315422571,sig-513b366036772af1,delivered,1,1,1,,
exp-40a9cd647575,run-201cd0cf98eaa593,claim-9b4756d315422571,sig-513b366036772af1,delivered,1,1,1,,
exp-40a9cd647575,run-85dad60b90e1def2,claim-9b4756d315422571,sig-513b366036772af1,delivered,1,1,1,,
exp-40a9cd647575,run-a7583e178eec4bac,claim-9b4756d315422571,sig-513b366036772af1,delivered,1,1,1,,
exp-40a9cd647575,run-a7ad56f261f14f47,claim-9b4756d315422571,sig-513b366036772af1,delivered,1,1,1,,
exp-40a9cd647575,run-d24745de20353c1c,claim-825f669bb3ce737e,sig-519b704ce53cf5a7,delivered,1,1,1,,
exp-40a9cd647575,run-13636c78ccc51a0e,claim-128ba76c0395a1c3,sig-51deb5ab739c7317,delivered,1,1,1,,
exp-40a9cd647575,run-39d61cb1eca880d8,claim-128ba76c0395a1c3,sig-51deb5ab739c7317,delivered,1,1,1,,
exp-40a9cd647575,run-419b34c10574e0d7,claim-128ba76c0395a1c3,sig-51deb5ab739c7317,delivered,1,1,1,,
exp-40a9cd647575,run-5146b6b94268cb8e,claim-128ba76c0395a1c3,sig-51deb5ab739c7317,delivered,1,1,1,,
exp-40a9cd647575,run-59a9fcc2972db0b9,claim-128ba76c0395a1c3,sig-51deb5ab739c7317,delivered,1,1,1,,
exp-40a9cd647575,run-b45d4176e65e5906,claim-128ba76c0395a1c3,sig-51deb5ab739c7317,delivered,1,1,1,,
exp-40a9cd647575,run-e3abc9bf556d7a45,claim-128ba76c0395a1c3,sig-51deb5ab739c7317,delivered,1,1,1,,
exp-40a9cd647575,run-a5eaf6305b9044fe,claim-50e2d97fcc833929,sig-51e477a7a484f8cb,delivered,1,1,1,,
exp-40a9cd647575,run-afceedbf298a91a6,claim-50e2d97fcc833929,sig-51e477a7a484f8cb,delivered,1,1,1,,
exp-40a9cd647575,run-affd2b9b1ab246dd,claim-50e2d97fcc833929,sig-51e477a7a484f8cb,delivered,1,1,1,,
exp-40a9cd647575,run-1e0ba3c3954c7ccf,claim-66a1f4a4d9c69bee,sig-5222dce3eab81e7a,delivered,1,1,1,,
exp-40a9cd647575,run-d0fa4ba0dd287bb4,claim-66a1f4a4d9c69bee,sig-5222dce3eab81e7a,delivered,1,1,1,,
exp-40a9cd647575,run-99e816661430c66e,claim-072c6029e4756074,sig-528d7eeb57e1f8f2,delivered,1,1,1,,
exp-40a9cd647575,run-d62426bd09776395,claim-072c6029e4756074,sig-528d7eeb57e1f8f2,delivered,1,1,1,,
exp-40a9cd647575,run-539160a33de1339f,claim-7803ebeefceccf40,sig-528dfbd382112fd8,delivered,1,1,1,,
exp-40a9cd647575,run-611904a79457240a,claim-7803ebeefceccf40,sig-528dfbd382112fd8,delivered,1,1,1,,
exp-40a9cd647575,run-89dda70ea9ef85f4,claim-7803ebeefceccf40,sig-528dfbd382112fd8,delivered,1,1,1,,
exp-40a9cd647575,run-9743848c2e583907,claim-7803ebeefceccf40,sig-528dfbd382112fd8,delivered,1,1,1,,
exp-40a9cd647575,run-b0b6aff3256f63f3,claim-7803ebeefceccf40,sig-528dfbd382112fd8,delivered,1,1,1,,
exp-40a9cd647575,run-b1d9241e2abafa16,claim-7803ebeefceccf40,sig-528dfbd382112fd8,delivered,1,1,1,,
exp-40a9cd647575,run-befb1059eb8a4f2b,claim-7803ebeefceccf40,sig-528dfbd382112fd8,delivered,1,1,1,,
exp-40a9cd647575,run-edddb80b074c7c76,claim-7803ebeefceccf40,sig-528dfbd382112fd8,delivered,1,1,1,,
exp-40a9cd647575,run-0c7f7d168f1509e0,claim-5dbe99e7e8d1ce70,sig-5307ba92b2510fc0,delivered,1,1,1,,
exp-40a9cd647575,run-13636c78ccc51a0e,claim-d2d73c1e6b916eb2,sig-5340f3259e668266,delivered,1,1,1,,
exp-40a9cd647575,run-39d61cb1eca880d8,claim-d2d73c1e6b916eb2,sig-5340f3259e668266,delivered,1,1,1,,
exp-40a9cd647575,run-b45d4176e65e5906,claim-d2d73c1e6b916eb2,sig-5340f3259e668266,delivered,1,1,1,,
exp-40a9cd647575,run-6474c7fea2bc101b,claim-1f5aa82c73817981,sig-53fedfee0389b0cc,delivered,1,1,1,,
exp-40a9cd647575,run-654c7c2b618f3aed,claim-1f5aa82c73817981,sig-53fedfee0389b0cc,delivered,1,1,1,,
exp-40a9cd647575,run-c6c4e2e7bfa89ee6,claim-1f5aa82c73817981,sig-53fedfee0389b0cc,delivered,1,1,1,,
exp-40a9cd647575,run-d41da11c672e910a,claim-1f5aa82c73817981,sig-53fedfee0389b0cc,delivered,1,1,1,,
exp-40a9cd647575,run-0ce9678e58d522e5,claim-6687c00b39adbe2c,sig-54022860db28ae0b,delivered,1,1,1,,
exp-40a9cd647575,run-3dcb25053d94d332,claim-a2ffb69434167d83,sig-543112c23bd5a012,delivered,1,1,1,,
exp-40a9cd647575,run-55c8e29cfa8c9641,claim-a2ffb69434167d83,sig-543112c23bd5a012,delivered,1,1,1,,
exp-40a9cd647575,run-bcaf26c16062a877,claim-a2ffb69434167d83,sig-543112c23bd5a012,delivered,1,1,1,,
exp-40a9cd647575,run-bc6941a815dfc8ff,claim-e579c3e9d0581abd,sig-5463d89005503862,delivered,1,1,1,,
exp-40a9cd647575,run-1bf11ade46e0d5c8,claim-6a4c36f5c005d430,sig-550bc3108c7dc3c0,delivered,1,1,1,,
exp-40a9cd647575,run-22bedfbb4ba39ae8,claim-6a4c36f5c005d430,sig-550bc3108c7dc3c0,delivered,1,1,1,,
exp-40a9cd647575,run-37a65f6f11d43275,claim-6a4c36f5c005d430,sig-550bc3108c7dc3c0,delivered,1,1,1,,
exp-40a9cd647575,run-4337e1188bc3cbdd,claim-6a4c36f5c005d430,sig-550bc3108c7dc3c0,delivered,1,1,1,,
exp-40a9cd647575,run-4b6183de42fffe52,claim-6a4c36f5c005d430,sig-550bc3108c7dc3c0,delivered,1,1,1,,
exp-40a9cd647575,run-5544965755d02fca,claim-6a4c36f5c005d430,sig-550bc3108c7dc3c0,delivered,1,1,1,,
exp-40a9cd647575,run-81319bcbcd98673c,claim-6a4c36f5c005d430,sig-550bc3108c7dc3c0,delivered,1,1,1,,
exp-40a9cd647575,run-87b80a2f839f80f8,claim-6a4c36f5c005d430,sig-550bc3108c7dc3c0,delivered,1,1,1,,
exp-40a9cd647575,run-8b25b1d989f4d599,claim-6a4c36f5c005d430,sig-550bc3108c7dc3c0,delivered,1,1,1,,
exp-40a9cd647575,run-937dfd5cfbd8926d,claim-6a4c36f5c005d430,sig-550bc3108c7dc3c0,delivered,1,1,1,,
exp-40a9cd647575,run-94f7d1e13d63a2ae,claim-6a4c36f5c005d430,sig-550bc3108c7dc3c0,delivered,1,1,1,,
exp-40a9cd647575,run-a1496348f76e4af2,claim-6a4c36f5c005d430,sig-550bc3108c7dc3c0,delivered,1,1,1,,
exp-40a9cd647575,run-b4594bd0d15cc5e0,claim-6a4c36f5c005d430,sig-550bc3108c7dc3c0,delivered,1,1,1,,
exp-40a9cd647575,run-c72a51f33480a443,claim-6a4c36f5c005d430,sig-550bc3108c7dc3c0,delivered,1,1,1,,
exp-40a9cd647575,run-d62426bd09776395,claim-6a4c36f5c005d430,sig-550bc3108c7dc3c0,delivered,1,1,1,,
exp-40a9cd647575,run-dcec6376163df8fc,claim-6a4c36f5c005d430,sig-550bc3108c7dc3c0,delivered,1,1,1,,
exp-40a9cd647575,run-4292659382907599,claim-dba0771827d80c33,sig-5530ce66388f8e82,delivered,1,1,1,,
exp-40a9cd647575,run-5dff6533050fc9bf,claim-dba0771827d80c33,sig-5530ce66388f8e82,delivered,1,1,1,,
exp-40a9cd647575,run-8b3f8acda4a32c84,claim-dba0771827d80c33,sig-5530ce66388f8e82,delivered,1,1,1,,
exp-40a9cd647575,run-ace8bf7a52ee7605,claim-dba0771827d80c33,sig-5530ce66388f8e82,delivered,1,1,1,,
exp-40a9cd647575,run-affd2b9b1ab246dd,claim-dba0771827d80c33,sig-5530ce66388f8e82,delivered,1,1,1,,
exp-40a9cd647575,run-c5f8e170be1576f7,claim-dba0771827d80c33,sig-5530ce66388f8e82,delivered,1,1,1,,
exp-40a9cd647575,run-e3a76e2898f5c2fc,claim-dba0771827d80c33,sig-5530ce66388f8e82,delivered,1,1,1,,
exp-40a9cd647575,run-44edd4d662236ae1,claim-1ed6dfe8ffd844ea,sig-554f71d5e528e3f3,delivered,1,1,1,,
exp-40a9cd647575,run-dab5d4df9ae936a4,claim-1ed6dfe8ffd844ea,sig-554f71d5e528e3f3,delivered,1,1,1,,
exp-40a9cd647575,run-377799dabee681b2,claim-bd8e4d225989b926,sig-5588e733d82b5cb4,delivered,1,1,1,,
exp-40a9cd647575,run-5093d78945736d5b,claim-3350a6ad66d231d3,sig-5591c392decc67fe,delivered,1,1,1,,
exp-40a9cd647575,run-b2960756b22de028,claim-7b9d1a2c1dada104,sig-55faf2f0250c562a,delivered,1,1,1,,
exp-40a9cd647575,run-57f8c4665d98f5e0,claim-cca55cd3ccff5029,sig-57800b98a8a2e237,delivered,1,1,1,,
exp-40a9cd647575,run-b0b6aff3256f63f3,claim-cca55cd3ccff5029,sig-57800b98a8a2e237,delivered,1,1,1,,
exp-40a9cd647575,run-edddb80b074c7c76,claim-cca55cd3ccff5029,sig-57800b98a8a2e237,delivered,1,1,1,,
exp-40a9cd647575,run-57f8c4665d98f5e0,claim-4e93d27b3d96cfe5,sig-583c21ff22b60f26,delivered,1,1,1,,
exp-40a9cd647575,run-b0b6aff3256f63f3,claim-4e93d27b3d96cfe5,sig-583c21ff22b60f26,delivered,1,1,1,,
exp-40a9cd647575,run-edddb80b074c7c76,claim-4e93d27b3d96cfe5,sig-583c21ff22b60f26,delivered,1,1,1,,
exp-40a9cd647575,run-1bf11ade46e0d5c8,claim-24230f09745cbe59,sig-5858da65e5adcfdc,delivered,1,1,1,,
exp-40a9cd647575,run-22bedfbb4ba39ae8,claim-24230f09745cbe59,sig-5858da65e5adcfdc,delivered,1,1,1,,
exp-40a9cd647575,run-59a9fcc2972db0b9,claim-d2f05a7f92b3c300,sig-585dac4d59cd25ea,delivered,1,1,1,,
exp-40a9cd647575,run-8d5ad95c4cc0ea7e,claim-d2f05a7f92b3c300,sig-585dac4d59cd25ea,delivered,1,1,1,,
exp-40a9cd647575,run-04ef79de6332407d,claim-850c241402dc0b60,sig-5899dce17f84a84d,delivered,1,1,1,,
exp-40a9cd647575,run-10552c1cef134ebe,claim-850c241402dc0b60,sig-5899dce17f84a84d,delivered,1,1,1,,
exp-40a9cd647575,run-13636c78ccc51a0e,claim-850c241402dc0b60,sig-5899dce17f84a84d,delivered,1,1,1,,
exp-40a9cd647575,run-39d61cb1eca880d8,claim-850c241402dc0b60,sig-5899dce17f84a84d,delivered,1,1,1,,
exp-40a9cd647575,run-419b34c10574e0d7,claim-850c241402dc0b60,sig-5899dce17f84a84d,delivered,1,1,1,,
exp-40a9cd647575,run-5146b6b94268cb8e,claim-850c241402dc0b60,sig-5899dce17f84a84d,delivered,1,1,1,,
exp-40a9cd647575,run-7e985e6525696145,claim-850c241402dc0b60,sig-5899dce17f84a84d,delivered,1,1,1,,
exp-40a9cd647575,run-b45d4176e65e5906,claim-850c241402dc0b60,sig-5899dce17f84a84d,delivered,1,1,1,,
exp-40a9cd647575,run-1395b56d6fc8e924,claim-c1bec18aa27f79ba,sig-58aa681de3f71a90,delivered,1,1,1,,
exp-40a9cd647575,run-4606fbd807ba4650,claim-c1bec18aa27f79ba,sig-58aa681de3f71a90,delivered,1,1,1,,
exp-40a9cd647575,run-5426d17ea77a5e18,claim-c1bec18aa27f79ba,sig-58aa681de3f71a90,delivered,1,1,1,,
exp-40a9cd647575,run-84afe91bc77f7d66,claim-c1bec18aa27f79ba,sig-58aa681de3f71a90,delivered,1,1,1,,
exp-40a9cd647575,run-8d5ad95c4cc0ea7e,claim-c1bec18aa27f79ba,sig-58aa681de3f71a90,delivered,1,1,1,,
exp-40a9cd647575,run-16c8c4cbda3a67ff,claim-9afeb44b4732d9a4,sig-5935fd11d8290714,delivered,1,1,1,,
exp-40a9cd647575,run-2014c584d6b7abe3,claim-9afeb44b4732d9a4,sig-5935fd11d8290714,delivered,1,1,1,,
exp-40a9cd647575,run-55c8e29cfa8c9641,claim-9afeb44b4732d9a4,sig-5935fd11d8290714,delivered,1,1,1,,
exp-40a9cd647575,run-974c2e173586b95d,claim-9afeb44b4732d9a4,sig-5935fd11d8290714,delivered,1,1,1,,
exp-40a9cd647575,run-4292659382907599,claim-1c9e45d4f7d5d3e9,sig-593da4e0eb7d4e54,delivered,1,1,1,,
exp-40a9cd647575,run-8b3f8acda4a32c84,claim-1c9e45d4f7d5d3e9,sig-593da4e0eb7d4e54,delivered,1,1,1,,
exp-40a9cd647575,run-ace8bf7a52ee7605,claim-1c9e45d4f7d5d3e9,sig-593da4e0eb7d4e54,delivered,1,1,1,,
exp-40a9cd647575,run-539160a33de1339f,claim-e485ef6ec3f47495,sig-59ecb294fc97f805,delivered,1,1,1,,
exp-40a9cd647575,run-1395b56d6fc8e924,claim-6835dd660940a973,sig-5b20cd8a3a40e7a7,delivered,1,1,1,,
exp-40a9cd647575,run-4606fbd807ba4650,claim-6835dd660940a973,sig-5b20cd8a3a40e7a7,delivered,1,1,1,,
exp-40a9cd647575,run-5426d17ea77a5e18,claim-6835dd660940a973,sig-5b20cd8a3a40e7a7,delivered,1,1,1,,
exp-40a9cd647575,run-84afe91bc77f7d66,claim-6835dd660940a973,sig-5b20cd8a3a40e7a7,delivered,1,1,1,,
exp-40a9cd647575,run-8d5ad95c4cc0ea7e,claim-6835dd660940a973,sig-5b20cd8a3a40e7a7,delivered,1,1,1,,
exp-40a9cd647575,run-0c7f7d168f1509e0,claim-97f57d5ee00954eb,sig-5bf685c93b398cd5,delivered,1,1,1,,
exp-40a9cd647575,run-4d6657cbd89092bb,claim-97f57d5ee00954eb,sig-5bf685c93b398cd5,delivered,1,1,1,,
exp-40a9cd647575,run-0157f532598e4b4f,claim-f2aee143644456b5,sig-5c9a99929913e6b1,delivered,1,1,1,,
exp-40a9cd647575,run-1938ed72bf14b97b,claim-f2aee143644456b5,sig-5c9a99929913e6b1,delivered,1,1,1,,
exp-40a9cd647575,run-377799dabee681b2,claim-f2aee143644456b5,sig-5c9a99929913e6b1,delivered,1,1,1,,
exp-40a9cd647575,run-37a65f6f11d43275,claim-f2aee143644456b5,sig-5c9a99929913e6b1,delivered,1,1,1,,
exp-40a9cd647575,run-3fac34c2107fdb3d,claim-f2aee143644456b5,sig-5c9a99929913e6b1,delivered,1,1,1,,
exp-40a9cd647575,run-4893f98223124ec7,claim-f2aee143644456b5,sig-5c9a99929913e6b1,delivered,1,1,1,,
exp-40a9cd647575,run-539160a33de1339f,claim-f2aee143644456b5,sig-5c9a99929913e6b1,delivered,1,1,1,,
exp-40a9cd647575,run-5ba7ce50f4958746,claim-f2aee143644456b5,sig-5c9a99929913e6b1,delivered,1,1,1,,
exp-40a9cd647575,run-5e2cbaadd2aed0b1,claim-f2aee143644456b5,sig-5c9a99929913e6b1,delivered,1,1,1,,
exp-40a9cd647575,run-622746ed303f2c0d,claim-f2aee143644456b5,sig-5c9a99929913e6b1,delivered,1,1,1,,
exp-40a9cd647575,run-6474c7fea2bc101b,claim-f2aee143644456b5,sig-5c9a99929913e6b1,delivered,1,1,1,,
exp-40a9cd647575,run-81319bcbcd98673c,claim-f2aee143644456b5,sig-5c9a99929913e6b1,delivered,1,1,1,,
exp-40a9cd647575,run-87b80a2f839f80f8,claim-f2aee143644456b5,sig-5c9a99929913e6b1,delivered,1,1,1,,
exp-40a9cd647575,run-8b25b1d989f4d599,claim-f2aee143644456b5,sig-5c9a99929913e6b1,delivered,1,1,1,,
exp-40a9cd647575,run-94f7d1e13d63a2ae,claim-f2aee143644456b5,sig-5c9a99929913e6b1,delivered,1,1,1,,
exp-40a9cd647575,run-95b1d24ba8f7a546,claim-f2aee143644456b5,sig-5c9a99929913e6b1,delivered,1,1,1,,
exp-40a9cd647575,run-99e816661430c66e,claim-f2aee143644456b5,sig-5c9a99929913e6b1,delivered,1,1,1,,
exp-40a9cd647575,run-a54490d340d095c6,claim-f2aee143644456b5,sig-5c9a99929913e6b1,delivered,1,1,1,,
exp-40a9cd647575,run-afb024d797a37c69,claim-f2aee143644456b5,sig-5c9a99929913e6b1,delivered,1,1,1,,
exp-40a9cd647575,run-b4594bd0d15cc5e0,claim-f2aee143644456b5,sig-5c9a99929913e6b1,delivered,1,1,1,,
exp-40a9cd647575,run-c5f8e170be1576f7,claim-f2aee143644456b5,sig-5c9a99929913e6b1,delivered,1,1,1,,
exp-40a9cd647575,run-c6c4e2e7bfa89ee6,claim-f2aee143644456b5,sig-5c9a99929913e6b1,delivered,1,1,1,,
exp-40a9cd647575,run-c72a51f33480a443,claim-f2aee143644456b5,sig-5c9a99929913e6b1,delivered,1,1,1,,
exp-40a9cd647575,run-cbadac524b3b1865,claim-f2aee143644456b5,sig-5c9a99929913e6b1,delivered,1,1,1,,
exp-40a9cd647575,run-d4c741a10716a606,claim-f2aee143644456b5,sig-5c9a99929913e6b1,delivered,1,1,1,,
exp-40a9cd647575,run-d533db1177852d34,claim-f2aee143644456b5,sig-5c9a99929913e6b1,delivered,1,1,1,,
exp-40a9cd647575,run-d62426bd09776395,claim-f2aee143644456b5,sig-5c9a99929913e6b1,delivered,1,1,1,,
exp-40a9cd647575,run-dcec6376163df8fc,claim-f2aee143644456b5,sig-5c9a99929913e6b1,delivered,1,1,1,,
exp-40a9cd647575,run-dd41e26e383b6e47,claim-f2aee143644456b5,sig-5c9a99929913e6b1,delivered,1,1,1,,
exp-40a9cd647575,run-dd7de3867f884932,claim-f2aee143644456b5,sig-5c9a99929913e6b1,delivered,1,1,1,,
exp-40a9cd647575,run-e7a6944b52a20ca5,claim-f2aee143644456b5,sig-5c9a99929913e6b1,delivered,1,1,1,,
exp-40a9cd647575,run-fe7a26d58064e8dc,claim-f2aee143644456b5,sig-5c9a99929913e6b1,delivered,1,1,1,,
exp-40a9cd647575,run-25b1a4c18ff8cdfe,claim-e48c2b603db210b2,sig-5d5d2f95afb337ff,delivered,1,1,1,,
exp-40a9cd647575,run-62b9c429b0e1fee1,claim-e48c2b603db210b2,sig-5d5d2f95afb337ff,delivered,1,1,1,,
exp-40a9cd647575,run-b2960756b22de028,claim-e48c2b603db210b2,sig-5d5d2f95afb337ff,delivered,1,1,1,,
exp-40a9cd647575,run-d24745de20353c1c,claim-e48c2b603db210b2,sig-5d5d2f95afb337ff,delivered,1,1,1,,
exp-40a9cd647575,run-be1afd4e17c162e6,claim-5421314432351528,sig-5dd65b7fa2e5727c,delivered,1,1,1,,
exp-40a9cd647575,run-170a86bce589f400,claim-a3871b4ffae43db5,sig-5df5dc0429e85a6a,delivered,1,1,1,,
exp-40a9cd647575,run-b2960756b22de028,claim-a3871b4ffae43db5,sig-5df5dc0429e85a6a,delivered,1,1,1,,
exp-40a9cd647575,run-6f9234be022646e9,claim-73b487e488ad5e50,sig-5e17dccc77322af6,delivered,1,1,1,,
exp-40a9cd647575,run-16c8c4cbda3a67ff,claim-615e8947206a3c3f,sig-5e1e1fc4f9372868,delivered,1,1,1,,
exp-40a9cd647575,run-2014c584d6b7abe3,claim-615e8947206a3c3f,sig-5e1e1fc4f9372868,delivered,1,1,1,,
exp-40a9cd647575,run-974c2e173586b95d,claim-615e8947206a3c3f,sig-5e1e1fc4f9372868,delivered,1,1,1,,
exp-40a9cd647575,run-44edd4d662236ae1,claim-ec1e7e20318582e0,sig-5e5b58f1ea4f5876,delivered,1,1,1,,
exp-40a9cd647575,run-dab5d4df9ae936a4,claim-ec1e7e20318582e0,sig-5e5b58f1ea4f5876,delivered,1,1,1,,
exp-40a9cd647575,run-170a86bce589f400,claim-4a3c9ebe00b06be9,sig-5e9745d0cbb493d8,delivered,1,1,1,,
exp-40a9cd647575,run-201cd0cf98eaa593,claim-4a3c9ebe00b06be9,sig-5e9745d0cbb493d8,delivered,1,1,1,,
exp-40a9cd647575,run-85dad60b90e1def2,claim-4a3c9ebe00b06be9,sig-5e9745d0cbb493d8,delivered,1,1,1,,
exp-40a9cd647575,run-a7583e178eec4bac,claim-4a3c9ebe00b06be9,sig-5e9745d0cbb493d8,delivered,1,1,1,,
exp-40a9cd647575,run-0bdbd7e3ae24c145,claim-8612f16ff97876a6,sig-5e9ebbe758bbd657,delivered,1,1,1,,
exp-40a9cd647575,run-293806b558ff1d6a,claim-8612f16ff97876a6,sig-5e9ebbe758bbd657,delivered,1,1,1,,
exp-40a9cd647575,run-8fe7e2a70540fa13,claim-8612f16ff97876a6,sig-5e9ebbe758bbd657,delivered,1,1,1,,
exp-40a9cd647575,run-b0c15ff5128e34a7,claim-8612f16ff97876a6,sig-5e9ebbe758bbd657,delivered,1,1,1,,
exp-40a9cd647575,run-1938ed72bf14b97b,claim-637e6173022e54dd,sig-5eb51f9900372d43,delivered,1,1,1,,
exp-40a9cd647575,run-4337e1188bc3cbdd,claim-637e6173022e54dd,sig-5eb51f9900372d43,delivered,1,1,1,,
exp-40a9cd647575,run-4b6183de42fffe52,claim-637e6173022e54dd,sig-5eb51f9900372d43,delivered,1,1,1,,
exp-40a9cd647575,run-546a7e3ed4b2749b,claim-637e6173022e54dd,sig-5eb51f9900372d43,delivered,1,1,1,,
exp-40a9cd647575,run-6474c7fea2bc101b,claim-637e6173022e54dd,sig-5eb51f9900372d43,delivered,1,1,1,,
exp-40a9cd647575,run-85cbabcaed591d3e,claim-637e6173022e54dd,sig-5eb51f9900372d43,delivered,1,1,1,,
exp-40a9cd647575,run-8b25b1d989f4d599,claim-637e6173022e54dd,sig-5eb51f9900372d43,delivered,1,1,1,,
exp-40a9cd647575,run-937dfd5cfbd8926d,claim-637e6173022e54dd,sig-5eb51f9900372d43,delivered,1,1,1,,
exp-40a9cd647575,run-95b1d24ba8f7a546,claim-637e6173022e54dd,sig-5eb51f9900372d43,delivered,1,1,1,,
exp-40a9cd647575,run-9b89791550e9ef70,claim-637e6173022e54dd,sig-5eb51f9900372d43,delivered,1,1,1,,
exp-40a9cd647575,run-a07b4c8d8ca12c5a,claim-637e6173022e54dd,sig-5eb51f9900372d43,delivered,1,1,1,,
exp-40a9cd647575,run-a1496348f76e4af2,claim-637e6173022e54dd,sig-5eb51f9900372d43,delivered,1,1,1,,
exp-40a9cd647575,run-a422a5b8b642038d,claim-637e6173022e54dd,sig-5eb51f9900372d43,delivered,1,1,1,,
exp-40a9cd647575,run-b4594bd0d15cc5e0,claim-637e6173022e54dd,sig-5eb51f9900372d43,delivered,1,1,1,,
exp-40a9cd647575,run-b9e398623f533076,claim-637e6173022e54dd,sig-5eb51f9900372d43,delivered,1,1,1,,
exp-40a9cd647575,run-bc800b63a2891e00,claim-637e6173022e54dd,sig-5eb51f9900372d43,delivered,1,1,1,,
exp-40a9cd647575,run-be1afd4e17c162e6,claim-637e6173022e54dd,sig-5eb51f9900372d43,delivered,1,1,1,,
exp-40a9cd647575,run-c046dfb52bd9e84d,claim-637e6173022e54dd,sig-5eb51f9900372d43,delivered,1,1,1,,
exp-40a9cd647575,run-c6c4e2e7bfa89ee6,claim-637e6173022e54dd,sig-5eb51f9900372d43,delivered,1,1,1,,
exp-40a9cd647575,run-d4c741a10716a606,claim-637e6173022e54dd,sig-5eb51f9900372d43,delivered,1,1,1,,
exp-40a9cd647575,run-d533db1177852d34,claim-637e6173022e54dd,sig-5eb51f9900372d43,delivered,1,1,1,,
exp-40a9cd647575,run-d62426bd09776395,claim-637e6173022e54dd,sig-5eb51f9900372d43,delivered,1,1,1,,
exp-40a9cd647575,run-e0d708a90a8e4911,claim-637e6173022e54dd,sig-5eb51f9900372d43,delivered,1,1,1,,
exp-40a9cd647575,run-f6dab0a15f9b5781,claim-637e6173022e54dd,sig-5eb51f9900372d43,delivered,1,1,1,,
exp-40a9cd647575,run-fe7a26d58064e8dc,claim-637e6173022e54dd,sig-5eb51f9900372d43,delivered,1,1,1,,
exp-40a9cd647575,run-4337e1188bc3cbdd,claim-b576bdaa57856f92,sig-5eb813a9bbd3c071,delivered,1,1,1,,
exp-40a9cd647575,run-4606fbd807ba4650,claim-b576bdaa57856f92,sig-5eb813a9bbd3c071,delivered,1,1,1,,
exp-40a9cd647575,run-4b6183de42fffe52,claim-b576bdaa57856f92,sig-5eb813a9bbd3c071,delivered,1,1,1,,
exp-40a9cd647575,run-5426d17ea77a5e18,claim-b576bdaa57856f92,sig-5eb813a9bbd3c071,delivered,1,1,1,,
exp-40a9cd647575,run-937dfd5cfbd8926d,claim-b576bdaa57856f92,sig-5eb813a9bbd3c071,delivered,1,1,1,,
exp-40a9cd647575,run-a1496348f76e4af2,claim-b576bdaa57856f92,sig-5eb813a9bbd3c071,delivered,1,1,1,,
exp-40a9cd647575,run-87b80a2f839f80f8,claim-c58bb2d8f4035612,sig-5f0cc56f1b5d4eed,delivered,1,1,1,,
exp-40a9cd647575,run-d7f178f578257fb9,claim-c58bb2d8f4035612,sig-5f0cc56f1b5d4eed,delivered,1,1,1,,
exp-40a9cd647575,run-1e668964b4c24319,claim-ce289ebe61609f06,sig-5f4833470bb342f1,delivered,1,1,1,,
exp-40a9cd647575,run-324dbfbe7cd8573b,claim-ce289ebe61609f06,sig-5f4833470bb342f1,delivered,1,1,1,,
exp-40a9cd647575,run-4bf63d232e1e4028,claim-ce289ebe61609f06,sig-5f4833470bb342f1,delivered,1,1,1,,
exp-40a9cd647575,run-ee5ebbe1776e3593,claim-ce289ebe61609f06,sig-5f4833470bb342f1,delivered,1,1,1,,
exp-40a9cd647575,run-25b1a4c18ff8cdfe,claim-d7b16baa7dab6ded,sig-5fd10214fb8fb89e,delivered,1,1,1,,
exp-40a9cd647575,run-293806b558ff1d6a,claim-d7b16baa7dab6ded,sig-5fd10214fb8fb89e,delivered,1,1,1,,
exp-40a9cd647575,run-1a5f2b96746a5fa3,claim-b821f04fe480c71f,sig-60a277c1e1006975,delivered,1,1,1,,
exp-40a9cd647575,run-1bf11ade46e0d5c8,claim-b821f04fe480c71f,sig-60a277c1e1006975,delivered,1,1,1,,
exp-40a9cd647575,run-22bedfbb4ba39ae8,claim-b821f04fe480c71f,sig-60a277c1e1006975,delivered,1,1,1,,
exp-40a9cd647575,run-37a65f6f11d43275,claim-b821f04fe480c71f,sig-60a277c1e1006975,delivered,1,1,1,,
exp-40a9cd647575,run-419b34c10574e0d7,claim-b821f04fe480c71f,sig-60a277c1e1006975,delivered,1,1,1,,
exp-40a9cd647575,run-81319bcbcd98673c,claim-b821f04fe480c71f,sig-60a277c1e1006975,delivered,1,1,1,,
exp-40a9cd647575,run-94f7d1e13d63a2ae,claim-b821f04fe480c71f,sig-60a277c1e1006975,delivered,1,1,1,,
exp-40a9cd647575,run-c72a51f33480a443,claim-b821f04fe480c71f,sig-60a277c1e1006975,delivered,1,1,1,,
exp-40a9cd647575,run-f624b0f51a068b4e,claim-b821f04fe480c71f,sig-60a277c1e1006975,delivered,1,1,1,,
exp-40a9cd647575,run-1bf11ade46e0d5c8,claim-a8f0ce486ded8b21,sig-6177d9ee3c375791,delivered,1,1,1,,
exp-40a9cd647575,run-22bedfbb4ba39ae8,claim-a8f0ce486ded8b21,sig-6177d9ee3c375791,delivered,1,1,1,,
exp-40a9cd647575,run-5dff6533050fc9bf,claim-bd62c1815b27bc73,sig-623000be23897012,delivered,1,1,1,,
exp-40a9cd647575,run-a5eaf6305b9044fe,claim-bd62c1815b27bc73,sig-623000be23897012,delivered,1,1,1,,
exp-40a9cd647575,run-b4594bd0d15cc5e0,claim-034b2911e137d6fe,sig-62846f9004f7c890,delivered,0,1,1,0,
exp-40a9cd647575,run-dd7de3867f884932,claim-034b2911e137d6fe,sig-62846f9004f7c890,delivered,0,1,1,0,
exp-40a9cd647575,run-16c8c4cbda3a67ff,claim-dba0771827d80c33,sig-62c47f8cfca675d7,delivered,1,1,1,,
exp-40a9cd647575,run-3dcb25053d94d332,claim-dba0771827d80c33,sig-62c47f8cfca675d7,delivered,1,1,1,,
exp-40a9cd647575,run-55c8e29cfa8c9641,claim-dba0771827d80c33,sig-62c47f8cfca675d7,delivered,1,1,1,,
exp-40a9cd647575,run-974c2e173586b95d,claim-dba0771827d80c33,sig-62c47f8cfca675d7,delivered,1,1,1,,
exp-40a9cd647575,run-bcaf26c16062a877,claim-dba0771827d80c33,sig-62c47f8cfca675d7,delivered,1,1,1,,
exp-40a9cd647575,run-0157f532598e4b4f,claim-3730b2f618388640,sig-62db9394259c1d6f,delivered,1,1,1,,
exp-40a9cd647575,run-3704234e0044445c,claim-3730b2f618388640,sig-62db9394259c1d6f,delivered,1,1,1,,
exp-40a9cd647575,run-4893f98223124ec7,claim-3730b2f618388640,sig-62db9394259c1d6f,delivered,1,1,1,,
exp-40a9cd647575,run-5e2cbaadd2aed0b1,claim-3730b2f618388640,sig-62db9394259c1d6f,delivered,1,1,1,,
exp-40a9cd647575,run-622746ed303f2c0d,claim-3730b2f618388640,sig-62db9394259c1d6f,delivered,1,1,1,,
exp-40a9cd647575,run-930b76d107e5cff8,claim-3730b2f618388640,sig-62db9394259c1d6f,delivered,1,1,1,,
exp-40a9cd647575,run-a54490d340d095c6,claim-3730b2f618388640,sig-62db9394259c1d6f,delivered,1,1,1,,
exp-40a9cd647575,run-afb024d797a37c69,claim-3730b2f618388640,sig-62db9394259c1d6f,delivered,1,1,1,,
exp-40a9cd647575,run-ca316ef87f1e1d94,claim-3730b2f618388640,sig-62db9394259c1d6f,delivered,1,1,1,,
exp-40a9cd647575,run-dd41e26e383b6e47,claim-3730b2f618388640,sig-62db9394259c1d6f,delivered,1,1,1,,
exp-40a9cd647575,run-e4a4806cd80056a6,claim-3730b2f618388640,sig-62db9394259c1d6f,delivered,1,1,1,,
exp-40a9cd647575,run-e7a6944b52a20ca5,claim-3730b2f618388640,sig-62db9394259c1d6f,delivered,1,1,1,,
exp-40a9cd647575,run-2e4189c28ef33830,claim-da3b336ba5cab91c,sig-62e9bed56a8c8b5d,delivered,1,1,1,,
exp-40a9cd647575,run-81e796b5314caa57,claim-da3b336ba5cab91c,sig-62e9bed56a8c8b5d,delivered,1,1,1,,
exp-40a9cd647575,run-8ae17181d03fbff5,claim-da3b336ba5cab91c,sig-62e9bed56a8c8b5d,delivered,1,1,1,,
exp-40a9cd647575,run-0c7f7d168f1509e0,claim-7a56539c7cf2614c,sig-637d67b7a9a03b35,delivered,1,1,1,,
exp-40a9cd647575,run-0ce9678e58d522e5,claim-7a56539c7cf2614c,sig-637d67b7a9a03b35,delivered,1,1,1,,
exp-40a9cd647575,run-5093d78945736d5b,claim-7a56539c7cf2614c,sig-637d67b7a9a03b35,delivered,1,1,1,,
exp-40a9cd647575,run-e3abc9bf556d7a45,claim-433a0b1af11b4126,sig-63a29574c337378c,delivered,1,1,1,,
exp-40a9cd647575,run-419b34c10574e0d7,claim-8d19bb31d9e13ca6,sig-63abe88482aa7288,delivered,1,1,1,,
exp-40a9cd647575,run-546a7e3ed4b2749b,claim-6835dd660940a973,sig-63c1ce736229d9c9,delivered,1,1,1,,
exp-40a9cd647575,run-823f79ffe02484d0,claim-6835dd660940a973,sig-63c1ce736229d9c9,delivered,1,1,1,,
exp-40a9cd647575,run-b0b6aff3256f63f3,claim-6835dd660940a973,sig-63c1ce736229d9c9,delivered,1,1,1,,
exp-40a9cd647575,run-edddb80b074c7c76,claim-6835dd660940a973,sig-63c1ce736229d9c9,delivered,1,1,1,,
exp-40a9cd647575,run-13636c78ccc51a0e,claim-15a9a459a2f0ffa0,sig-63c37af8703a9cd0,delivered,1,1,1,,
exp-40a9cd647575,run-2f4597ed820c1503,claim-15a9a459a2f0ffa0,sig-63c37af8703a9cd0,delivered,1,1,1,,
exp-40a9cd647575,run-35c863ad4c3e6f28,claim-15a9a459a2f0ffa0,sig-63c37af8703a9cd0,delivered,1,1,1,,
exp-40a9cd647575,run-39d61cb1eca880d8,claim-15a9a459a2f0ffa0,sig-63c37af8703a9cd0,delivered,1,1,1,,
exp-40a9cd647575,run-419b34c10574e0d7,claim-15a9a459a2f0ffa0,sig-63c37af8703a9cd0,delivered,1,1,1,,
exp-40a9cd647575,run-5146b6b94268cb8e,claim-15a9a459a2f0ffa0,sig-63c37af8703a9cd0,delivered,1,1,1,,
exp-40a9cd647575,run-612f2088b21cda70,claim-15a9a459a2f0ffa0,sig-63c37af8703a9cd0,delivered,1,1,1,,
exp-40a9cd647575,run-b45d4176e65e5906,claim-15a9a459a2f0ffa0,sig-63c37af8703a9cd0,delivered,1,1,1,,
exp-40a9cd647575,run-d03fb77500c9cd94,claim-15a9a459a2f0ffa0,sig-63c37af8703a9cd0,delivered,1,1,1,,
exp-40a9cd647575,run-1da582a91e501197,claim-b8d2b58f931ef984,sig-646a4e58c9de43ce,delivered,1,1,1,,
exp-40a9cd647575,run-85375656a504b3d2,claim-b8d2b58f931ef984,sig-646a4e58c9de43ce,delivered,1,1,1,,
exp-40a9cd647575,run-8eacfbda7a4da0c6,claim-b8d2b58f931ef984,sig-646a4e58c9de43ce,delivered,1,1,1,,
exp-40a9cd647575,run-2a6bdf80f5ea7b6d,claim-dc6c121148771259,sig-64c44c6f1aaab606,delivered,1,1,1,,
exp-40a9cd647575,run-2f4597ed820c1503,claim-dc6c121148771259,sig-64c44c6f1aaab606,delivered,1,1,1,,
exp-40a9cd647575,run-35c863ad4c3e6f28,claim-dc6c121148771259,sig-64c44c6f1aaab606,delivered,1,1,1,,
exp-40a9cd647575,run-612f2088b21cda70,claim-dc6c121148771259,sig-64c44c6f1aaab606,delivered,1,1,1,,
exp-40a9cd647575,run-d03fb77500c9cd94,claim-dc6c121148771259,sig-64c44c6f1aaab606,delivered,1,1,1,,
exp-40a9cd647575,run-e3abc9bf556d7a45,claim-dc6c121148771259,sig-64c44c6f1aaab606,delivered,1,1,1,,
exp-40a9cd647575,run-4292659382907599,claim-6ebd9bdf13e1bca4,sig-65aae94bdb8b1ff0,delivered,1,1,1,,
exp-40a9cd647575,run-8b3f8acda4a32c84,claim-6ebd9bdf13e1bca4,sig-65aae94bdb8b1ff0,delivered,1,1,1,,
exp-40a9cd647575,run-ace8bf7a52ee7605,claim-6ebd9bdf13e1bca4,sig-65aae94bdb8b1ff0,delivered,1,1,1,,
exp-40a9cd647575,run-affd2b9b1ab246dd,claim-6ebd9bdf13e1bca4,sig-65aae94bdb8b1ff0,delivered,1,1,1,,
exp-40a9cd647575,run-16c8c4cbda3a67ff,claim-6b00b8e80c57ec06,sig-66911d511f348c25,delivered,1,1,1,,
exp-40a9cd647575,run-2014c584d6b7abe3,claim-6b00b8e80c57ec06,sig-66911d511f348c25,delivered,1,1,1,,
exp-40a9cd647575,run-3dcb25053d94d332,claim-6b00b8e80c57ec06,sig-66911d511f348c25,delivered,1,1,1,,
exp-40a9cd647575,run-55c8e29cfa8c9641,claim-6b00b8e80c57ec06,sig-66911d511f348c25,delivered,1,1,1,,
exp-40a9cd647575,run-974c2e173586b95d,claim-6b00b8e80c57ec06,sig-66911d511f348c25,delivered,1,1,1,,
exp-40a9cd647575,run-bcaf26c16062a877,claim-6b00b8e80c57ec06,sig-66911d511f348c25,delivered,1,1,1,,
exp-40a9cd647575,run-4337e1188bc3cbdd,claim-6437bc63c173aa81,sig-66bb1d8db5d14be3,delivered,1,1,1,,
exp-40a9cd647575,run-4606fbd807ba4650,claim-6437bc63c173aa81,sig-66bb1d8db5d14be3,delivered,1,1,1,,
exp-40a9cd647575,run-4b6183de42fffe52,claim-6437bc63c173aa81,sig-66bb1d8db5d14be3,delivered,1,1,1,,
exp-40a9cd647575,run-5426d17ea77a5e18,claim-6437bc63c173aa81,sig-66bb1d8db5d14be3,delivered,1,1,1,,
exp-40a9cd647575,run-937dfd5cfbd8926d,claim-6437bc63c173aa81,sig-66bb1d8db5d14be3,delivered,1,1,1,,
exp-40a9cd647575,run-a1496348f76e4af2,claim-6437bc63c173aa81,sig-66bb1d8db5d14be3,delivered,1,1,1,,
exp-40a9cd647575,run-243c9483fa7e0adf,claim-f041c752479de234,sig-67f457832a1a8512,delivered,1,1,1,,
exp-40a9cd647575,run-5d2e6e2b79282ca0,claim-f041c752479de234,sig-67f457832a1a8512,delivered,1,1,1,,
exp-40a9cd647575,run-9332cdf03b96bf12,claim-f041c752479de234,sig-67f457832a1a8512,delivered,1,1,1,,
exp-40a9cd647575,run-afceedbf298a91a6,claim-f041c752479de234,sig-67f457832a1a8512,delivered,1,1,1,,
exp-40a9cd647575,run-c5f8e170be1576f7,claim-f041c752479de234,sig-67f457832a1a8512,delivered,1,1,1,,
exp-40a9cd647575,run-e3a76e2898f5c2fc,claim-f041c752479de234,sig-67f457832a1a8512,delivered,1,1,1,,
exp-40a9cd647575,run-5146b6b94268cb8e,claim-7ceac37f815295d9,sig-681110c0ac6ea3f2,delivered,1,1,1,,
exp-40a9cd647575,run-25b1a4c18ff8cdfe,claim-7b9d1a2c1dada104,sig-686c055a40da41ad,delivered,1,1,1,,
exp-40a9cd647575,run-62b9c429b0e1fee1,claim-7b9d1a2c1dada104,sig-686c055a40da41ad,delivered,1,1,1,,
exp-40a9cd647575,run-d24745de20353c1c,claim-7b9d1a2c1dada104,sig-686c055a40da41ad,delivered,1,1,1,,
exp-40a9cd647575,run-2a6bdf80f5ea7b6d,claim-5fdd8aee937cf537,sig-68e91db5dd5df221,delivered,1,1,1,,
exp-40a9cd647575,run-be1afd4e17c162e6,claim-5fdd8aee937cf537,sig-68e91db5dd5df221,delivered,1,1,1,,
exp-40a9cd647575,run-e3abc9bf556d7a45,claim-5fdd8aee937cf537,sig-68e91db5dd5df221,delivered,1,1,1,,
exp-40a9cd647575,run-0157f532598e4b4f,claim-afe921d2dea545a4,sig-68ea3f25a8f567ab,delivered,1,1,1,,
exp-40a9cd647575,run-4893f98223124ec7,claim-afe921d2dea545a4,sig-68ea3f25a8f567ab,delivered,1,1,1,,
exp-40a9cd647575,run-5e0f13ec0da33c69,claim-afe921d2dea545a4,sig-68ea3f25a8f567ab,delivered,1,1,1,,
exp-40a9cd647575,run-5e2cbaadd2aed0b1,claim-afe921d2dea545a4,sig-68ea3f25a8f567ab,delivered,1,1,1,,
exp-40a9cd647575,run-622746ed303f2c0d,claim-afe921d2dea545a4,sig-68ea3f25a8f567ab,delivered,1,1,1,,
exp-40a9cd647575,run-a54490d340d095c6,claim-afe921d2dea545a4,sig-68ea3f25a8f567ab,delivered,1,1,1,,
exp-40a9cd647575,run-afb024d797a37c69,claim-afe921d2dea545a4,sig-68ea3f25a8f567ab,delivered,1,1,1,,
exp-40a9cd647575,run-e7a6944b52a20ca5,claim-afe921d2dea545a4,sig-68ea3f25a8f567ab,delivered,1,1,1,,
exp-40a9cd647575,run-1e668964b4c24319,claim-41daa3b05913e5ec,sig-69166ff8c7c44c99,delivered,1,1,1,,
exp-40a9cd647575,run-324dbfbe7cd8573b,claim-41daa3b05913e5ec,sig-69166ff8c7c44c99,delivered,1,1,1,,
exp-40a9cd647575,run-44edd4d662236ae1,claim-41daa3b05913e5ec,sig-69166ff8c7c44c99,delivered,1,1,1,,
exp-40a9cd647575,run-4bf63d232e1e4028,claim-41daa3b05913e5ec,sig-69166ff8c7c44c99,delivered,1,1,1,,
exp-40a9cd647575,run-dab5d4df9ae936a4,claim-41daa3b05913e5ec,sig-69166ff8c7c44c99,delivered,1,1,1,,
exp-40a9cd647575,run-ee5ebbe1776e3593,claim-41daa3b05913e5ec,sig-69166ff8c7c44c99,delivered,1,1,1,,
exp-40a9cd647575,run-59a9fcc2972db0b9,claim-48516f1714d94b73,sig-691c6fedcc66a041,delivered,1,1,1,,
exp-40a9cd647575,run-13636c78ccc51a0e,claim-d354c4dd8ccfeeba,sig-69a0e764530c3ff6,delivered,1,1,1,,
exp-40a9cd647575,run-39d61cb1eca880d8,claim-d354c4dd8ccfeeba,sig-69a0e764530c3ff6,delivered,1,1,1,,
exp-40a9cd647575,run-419b34c10574e0d7,claim-d354c4dd8ccfeeba,sig-69a0e764530c3ff6,delivered,1,1,1,,
exp-40a9cd647575,run-5146b6b94268cb8e,claim-d354c4dd8ccfeeba,sig-69a0e764530c3ff6,delivered,1,1,1,,
exp-40a9cd647575,run-59a9fcc2972db0b9,claim-d354c4dd8ccfeeba,sig-69a0e764530c3ff6,delivered,1,1,1,,
exp-40a9cd647575,run-b45d4176e65e5906,claim-d354c4dd8ccfeeba,sig-69a0e764530c3ff6,delivered,1,1,1,,
exp-40a9cd647575,run-e3abc9bf556d7a45,claim-d354c4dd8ccfeeba,sig-69a0e764530c3ff6,delivered,1,1,1,,
exp-40a9cd647575,run-16c8c4cbda3a67ff,claim-709ffc5339fb2781,sig-69ce3c3ad474f626,delivered,1,1,1,,
exp-40a9cd647575,run-2014c584d6b7abe3,claim-709ffc5339fb2781,sig-69ce3c3ad474f626,delivered,1,1,1,,
exp-40a9cd647575,run-243c9483fa7e0adf,claim-709ffc5339fb2781,sig-69ce3c3ad474f626,delivered,1,1,1,,
exp-40a9cd647575,run-4292659382907599,claim-709ffc5339fb2781,sig-69ce3c3ad474f626,delivered,1,1,1,,
exp-40a9cd647575,run-5d2e6e2b79282ca0,claim-709ffc5339fb2781,sig-69ce3c3ad474f626,delivered,1,1,1,,
exp-40a9cd647575,run-6f9234be022646e9,claim-709ffc5339fb2781,sig-69ce3c3ad474f626,delivered,1,1,1,,
exp-40a9cd647575,run-8b3f8acda4a32c84,claim-709ffc5339fb2781,sig-69ce3c3ad474f626,delivered,1,1,1,,
exp-40a9cd647575,run-9332cdf03b96bf12,claim-709ffc5339fb2781,sig-69ce3c3ad474f626,delivered,1,1,1,,
exp-40a9cd647575,run-a5eaf6305b9044fe,claim-709ffc5339fb2781,sig-69ce3c3ad474f626,delivered,1,1,1,,
exp-40a9cd647575,run-ace8bf7a52ee7605,claim-709ffc5339fb2781,sig-69ce3c3ad474f626,delivered,1,1,1,,
exp-40a9cd647575,run-afceedbf298a91a6,claim-709ffc5339fb2781,sig-69ce3c3ad474f626,delivered,1,1,1,,
exp-40a9cd647575,run-affd2b9b1ab246dd,claim-709ffc5339fb2781,sig-69ce3c3ad474f626,delivered,1,1,1,,
exp-40a9cd647575,run-3dcb25053d94d332,claim-fad2c735b27ee1f8,sig-6a16651a4f768364,delivered,1,1,1,,
exp-40a9cd647575,run-55c8e29cfa8c9641,claim-fad2c735b27ee1f8,sig-6a16651a4f768364,delivered,1,1,1,,
exp-40a9cd647575,run-bcaf26c16062a877,claim-fad2c735b27ee1f8,sig-6a16651a4f768364,delivered,1,1,1,,
exp-40a9cd647575,run-1bf11ade46e0d5c8,claim-89ca04d25f0f019e,sig-6a234c808605e4f4,delivered,1,1,1,,
exp-40a9cd647575,run-299870db7b1a02f9,claim-89ca04d25f0f019e,sig-6a234c808605e4f4,delivered,1,1,1,,
exp-40a9cd647575,run-5544965755d02fca,claim-89ca04d25f0f019e,sig-6a234c808605e4f4,delivered,1,1,1,,
exp-40a9cd647575,run-5c7b2955097358b7,claim-89ca04d25f0f019e,sig-6a234c808605e4f4,delivered,1,1,1,,
exp-40a9cd647575,run-81319bcbcd98673c,claim-89ca04d25f0f019e,sig-6a234c808605e4f4,delivered,1,1,1,,
exp-40a9cd647575,run-90dcc86b93a5ce44,claim-89ca04d25f0f019e,sig-6a234c808605e4f4,delivered,1,1,1,,
exp-40a9cd647575,run-94f7d1e13d63a2ae,claim-89ca04d25f0f019e,sig-6a234c808605e4f4,delivered,1,1,1,,
exp-40a9cd647575,run-a29dca6067031521,claim-89ca04d25f0f019e,sig-6a234c808605e4f4,delivered,1,1,1,,
exp-40a9cd647575,run-a9336051d5ce5f85,claim-89ca04d25f0f019e,sig-6a234c808605e4f4,delivered,1,1,1,,
exp-40a9cd647575,run-b04f876cb742eaf7,claim-89ca04d25f0f019e,sig-6a234c808605e4f4,delivered,1,1,1,,
exp-40a9cd647575,run-c72a51f33480a443,claim-89ca04d25f0f019e,sig-6a234c808605e4f4,delivered,1,1,1,,
exp-40a9cd647575,run-243c9483fa7e0adf,claim-658dded4525fffbc,sig-6a39169d68421f64,delivered,1,1,1,,
exp-40a9cd647575,run-5d2e6e2b79282ca0,claim-658dded4525fffbc,sig-6a39169d68421f64,delivered,1,1,1,,
exp-40a9cd647575,run-5dff6533050fc9bf,claim-658dded4525fffbc,sig-6a39169d68421f64,delivered,1,1,1,,
exp-40a9cd647575,run-6f9234be022646e9,claim-658dded4525fffbc,sig-6a39169d68421f64,delivered,1,1,1,,
exp-40a9cd647575,run-9332cdf03b96bf12,claim-658dded4525fffbc,sig-6a39169d68421f64,delivered,1,1,1,,
exp-40a9cd647575,run-a5eaf6305b9044fe,claim-658dded4525fffbc,sig-6a39169d68421f64,delivered,1,1,1,,
exp-40a9cd647575,run-afceedbf298a91a6,claim-658dded4525fffbc,sig-6a39169d68421f64,delivered,1,1,1,,
exp-40a9cd647575,run-2e4189c28ef33830,claim-e2f4cbaaf343e64f,sig-6a5c9d8687be2c7e,delivered,1,1,1,,
exp-40a9cd647575,run-81e796b5314caa57,claim-e2f4cbaaf343e64f,sig-6a5c9d8687be2c7e,delivered,1,1,1,,
exp-40a9cd647575,run-8ae17181d03fbff5,claim-e2f4cbaaf343e64f,sig-6a5c9d8687be2c7e,delivered,1,1,1,,
exp-40a9cd647575,run-4d6657cbd89092bb,claim-2c8b41a54a0fe323,sig-6aceca4b4adf45f0,delivered,1,1,1,,
exp-40a9cd647575,run-f96aa93357eb541c,claim-3f4f2dd4fb7529b6,sig-6b24d5d04bcbd4e3,delivered,1,1,1,,
exp-40a9cd647575,run-57f8c4665d98f5e0,claim-f2aee143644456b5,sig-6b765cf6ebebdf80,delivered,1,1,1,,
exp-40a9cd647575,run-823f79ffe02484d0,claim-f2aee143644456b5,sig-6b765cf6ebebdf80,delivered,1,1,1,,
exp-40a9cd647575,run-897ec7b867f5ca68,claim-f2aee143644456b5,sig-6b765cf6ebebdf80,delivered,1,1,1,,
exp-40a9cd647575,run-b0b6aff3256f63f3,claim-f2aee143644456b5,sig-6b765cf6ebebdf80,delivered,1,1,1,,
exp-40a9cd647575,run-edddb80b074c7c76,claim-f2aee143644456b5,sig-6b765cf6ebebdf80,delivered,1,1,1,,
exp-40a9cd647575,run-299870db7b1a02f9,claim-920d098eeee29465,sig-6b9ff7d6b2f8d6b5,delivered,1,1,1,,
exp-40a9cd647575,run-90dcc86b93a5ce44,claim-920d098eeee29465,sig-6b9ff7d6b2f8d6b5,delivered,1,1,1,,
exp-40a9cd647575,run-b04f876cb742eaf7,claim-920d098eeee29465,sig-6b9ff7d6b2f8d6b5,delivered,1,1,1,,
exp-40a9cd647575,run-bc800b63a2891e00,claim-920d098eeee29465,sig-6b9ff7d6b2f8d6b5,delivered,1,1,1,,
exp-40a9cd647575,run-1bf11ade46e0d5c8,claim-c76beccb5096c454,sig-6bce600c243db1fd,delivered,1,1,1,,
exp-40a9cd647575,run-22bedfbb4ba39ae8,claim-c76beccb5096c454,sig-6bce600c243db1fd,delivered,1,1,1,,
exp-40a9cd647575,run-57707206b4378d12,claim-7d01f98ac4ababb2,sig-6c6cb613ac7206f9,delivered,1,1,1,,
exp-40a9cd647575,run-1e668964b4c24319,claim-1f8bfe40cefce135,sig-6c80a31e9147d392,delivered,1,1,1,,
exp-40a9cd647575,run-324dbfbe7cd8573b,claim-1f8bfe40cefce135,sig-6c80a31e9147d392,delivered,1,1,1,,
exp-40a9cd647575,run-4bf63d232e1e4028,claim-1f8bfe40cefce135,sig-6c80a31e9147d392,delivered,1,1,1,,
exp-40a9cd647575,run-a7ad56f261f14f47,claim-1f8bfe40cefce135,sig-6c80a31e9147d392,delivered,1,1,1,,
exp-40a9cd647575,run-ee5ebbe1776e3593,claim-1f8bfe40cefce135,sig-6c80a31e9147d392,delivered,1,1,1,,
exp-40a9cd647575,run-04199a1317aaf4d6,claim-0269140bc22c9d24,sig-6c874dfd5b890de5,delivered,1,1,1,,
exp-40a9cd647575,run-0c7f7d168f1509e0,claim-0269140bc22c9d24,sig-6c874dfd5b890de5,delivered,1,1,1,,
exp-40a9cd647575,run-0ce9678e58d522e5,claim-0269140bc22c9d24,sig-6c874dfd5b890de5,delivered,1,1,1,,
exp-40a9cd647575,run-1e0ba3c3954c7ccf,claim-0269140bc22c9d24,sig-6c874dfd5b890de5,delivered,1,1,1,,
exp-40a9cd647575,run-5093d78945736d5b,claim-0269140bc22c9d24,sig-6c874dfd5b890de5,delivered,1,1,1,,
exp-40a9cd647575,run-d0fa4ba0dd287bb4,claim-0269140bc22c9d24,sig-6c874dfd5b890de5,delivered,1,1,1,,
exp-40a9cd647575,run-539160a33de1339f,claim-bdd71b4be152e236,sig-6cf94f90fb194cf6,delivered,1,1,1,,
exp-40a9cd647575,run-57f8c4665d98f5e0,claim-bdd71b4be152e236,sig-6cf94f90fb194cf6,delivered,1,1,1,,
exp-40a9cd647575,run-611904a79457240a,claim-bdd71b4be152e236,sig-6cf94f90fb194cf6,delivered,1,1,1,,
exp-40a9cd647575,run-89dda70ea9ef85f4,claim-bdd71b4be152e236,sig-6cf94f90fb194cf6,delivered,1,1,1,,
exp-40a9cd647575,run-9743848c2e583907,claim-bdd71b4be152e236,sig-6cf94f90fb194cf6,delivered,1,1,1,,
exp-40a9cd647575,run-b0b6aff3256f63f3,claim-bdd71b4be152e236,sig-6cf94f90fb194cf6,delivered,1,1,1,,
exp-40a9cd647575,run-b1d9241e2abafa16,claim-bdd71b4be152e236,sig-6cf94f90fb194cf6,delivered,1,1,1,,
exp-40a9cd647575,run-befb1059eb8a4f2b,claim-bdd71b4be152e236,sig-6cf94f90fb194cf6,delivered,1,1,1,,
exp-40a9cd647575,run-edddb80b074c7c76,claim-bdd71b4be152e236,sig-6cf94f90fb194cf6,delivered,1,1,1,,
exp-40a9cd647575,run-87b80a2f839f80f8,claim-105f843f29d4e4ae,sig-6d6f168254ee558c,delivered,1,1,1,,
exp-40a9cd647575,run-dcec6376163df8fc,claim-105f843f29d4e4ae,sig-6d6f168254ee558c,delivered,1,1,1,,
exp-40a9cd647575,run-1a5f2b96746a5fa3,claim-34f97883c9398f71,sig-6d99dbefd392250b,delivered,1,1,1,,
exp-40a9cd647575,run-2a6bdf80f5ea7b6d,claim-34f97883c9398f71,sig-6d99dbefd392250b,delivered,1,1,1,,
exp-40a9cd647575,run-539160a33de1339f,claim-34f97883c9398f71,sig-6d99dbefd392250b,delivered,1,1,1,,
exp-40a9cd647575,run-5544965755d02fca,claim-34f97883c9398f71,sig-6d99dbefd392250b,delivered,1,1,1,,
exp-40a9cd647575,run-bc800b63a2891e00,claim-34f97883c9398f71,sig-6d99dbefd392250b,delivered,1,1,1,,
exp-40a9cd647575,run-dd7de3867f884932,claim-34f97883c9398f71,sig-6d99dbefd392250b,delivered,1,1,1,,
exp-40a9cd647575,run-0ce9678e58d522e5,claim-b821f04fe480c71f,sig-6dc5fd795629028c,delivered,1,1,1,,
exp-40a9cd647575,run-2f4597ed820c1503,claim-b821f04fe480c71f,sig-6dc5fd795629028c,delivered,1,1,1,,
exp-40a9cd647575,run-35c863ad4c3e6f28,claim-b821f04fe480c71f,sig-6dc5fd795629028c,delivered,1,1,1,,
exp-40a9cd647575,run-5093d78945736d5b,claim-b821f04fe480c71f,sig-6dc5fd795629028c,delivered,1,1,1,,
exp-40a9cd647575,run-5544965755d02fca,claim-b821f04fe480c71f,sig-6dc5fd795629028c,delivered,1,1,1,,
exp-40a9cd647575,run-612f2088b21cda70,claim-b821f04fe480c71f,sig-6dc5fd795629028c,delivered,1,1,1,,
exp-40a9cd647575,run-d03fb77500c9cd94,claim-b821f04fe480c71f,sig-6dc5fd795629028c,delivered,1,1,1,,
exp-40a9cd647575,run-9d1a12cb2591f457,claim-a22882d941be5305,sig-6eacf5850f6fed99,delivered,1,1,1,,
exp-40a9cd647575,run-d833fa81f508835a,claim-a22882d941be5305,sig-6eacf5850f6fed99,delivered,1,1,1,,
exp-40a9cd647575,run-da01527933e27f3c,claim-a22882d941be5305,sig-6eacf5850f6fed99,delivered,1,1,1,,
exp-40a9cd647575,run-d24745de20353c1c,claim-e75c09a10e0128fc,sig-6ed6c5a0122dc490,delivered,1,1,1,,
exp-40a9cd647575,run-2a6bdf80f5ea7b6d,claim-22747222b690869c,sig-6ee7519a747b70c9,delivered,1,1,1,,
exp-40a9cd647575,run-546a7e3ed4b2749b,claim-c3fcf95d414e030a,sig-7062c0a02ed50a19,delivered,1,1,1,,
exp-40a9cd647575,run-377799dabee681b2,claim-31e4d80cf6e7167a,sig-7062d2ed5a759aab,delivered,1,1,1,,
exp-40a9cd647575,run-3fac34c2107fdb3d,claim-31e4d80cf6e7167a,sig-7062d2ed5a759aab,delivered,1,1,1,,
exp-40a9cd647575,run-87b80a2f839f80f8,claim-31e4d80cf6e7167a,sig-7062d2ed5a759aab,delivered,1,1,1,,
exp-40a9cd647575,run-8b25b1d989f4d599,claim-31e4d80cf6e7167a,sig-7062d2ed5a759aab,delivered,1,1,1,,
exp-40a9cd647575,run-dcec6376163df8fc,claim-31e4d80cf6e7167a,sig-7062d2ed5a759aab,delivered,1,1,1,,
exp-40a9cd647575,run-dd7de3867f884932,claim-31e4d80cf6e7167a,sig-7062d2ed5a759aab,delivered,1,1,1,,
exp-40a9cd647575,run-2a6bdf80f5ea7b6d,claim-48cb6d4e13cd7964,sig-7238eef26724e819,delivered,1,1,1,,
exp-40a9cd647575,run-5093d78945736d5b,claim-48cb6d4e13cd7964,sig-7238eef26724e819,delivered,1,1,1,,
exp-40a9cd647575,run-5544965755d02fca,claim-48cb6d4e13cd7964,sig-7238eef26724e819,delivered,1,1,1,,
exp-40a9cd647575,run-04199a1317aaf4d6,claim-962c38d852948fb7,sig-72e433a756096b83,delivered,1,1,1,,
exp-40a9cd647575,run-793cb59b50eec427,claim-962c38d852948fb7,sig-72e433a756096b83,delivered,1,1,1,,
exp-40a9cd647575,run-d7f178f578257fb9,claim-962c38d852948fb7,sig-72e433a756096b83,delivered,1,1,1,,
exp-40a9cd647575,run-e7c9956e48cc45c9,claim-962c38d852948fb7,sig-72e433a756096b83,delivered,1,1,1,,
exp-40a9cd647575,run-f624b0f51a068b4e,claim-962c38d852948fb7,sig-72e433a756096b83,delivered,1,1,1,,
exp-40a9cd647575,run-25b1a4c18ff8cdfe,claim-a9a4381f92980dd5,sig-72f4f34af1aaa1b1,delivered,1,1,1,,
exp-40a9cd647575,run-62b9c429b0e1fee1,claim-a9a4381f92980dd5,sig-72f4f34af1aaa1b1,delivered,1,1,1,,
exp-40a9cd647575,run-b4594bd0d15cc5e0,claim-6536571af47d329f,sig-72f6586a416b893d,delivered,1,1,1,,
exp-40a9cd647575,run-dd7de3867f884932,claim-6536571af47d329f,sig-72f6586a416b893d,delivered,1,1,1,,
exp-40a9cd647575,run-0bdbd7e3ae24c145,claim-df7462dd98d13973,sig-7334d5f136cdbdc0,delivered,1,1,1,,
exp-40a9cd647575,run-1e668964b4c24319,claim-df7462dd98d13973,sig-7334d5f136cdbdc0,delivered,1,1,1,,
exp-40a9cd647575,run-324dbfbe7cd8573b,claim-df7462dd98d13973,sig-7334d5f136cdbdc0,delivered,1,1,1,,
exp-40a9cd647575,run-44edd4d662236ae1,claim-df7462dd98d13973,sig-7334d5f136cdbdc0,delivered,1,1,1,,
exp-40a9cd647575,run-4bf63d232e1e4028,claim-df7462dd98d13973,sig-7334d5f136cdbdc0,delivered,1,1,1,,
exp-40a9cd647575,run-62b9c429b0e1fee1,claim-df7462dd98d13973,sig-7334d5f136cdbdc0,delivered,1,1,1,,
exp-40a9cd647575,run-8fe7e2a70540fa13,claim-df7462dd98d13973,sig-7334d5f136cdbdc0,delivered,1,1,1,,
exp-40a9cd647575,run-b0c15ff5128e34a7,claim-df7462dd98d13973,sig-7334d5f136cdbdc0,delivered,1,1,1,,
exp-40a9cd647575,run-b2960756b22de028,claim-df7462dd98d13973,sig-7334d5f136cdbdc0,delivered,1,1,1,,
exp-40a9cd647575,run-d24745de20353c1c,claim-df7462dd98d13973,sig-7334d5f136cdbdc0,delivered,1,1,1,,
exp-40a9cd647575,run-dab5d4df9ae936a4,claim-df7462dd98d13973,sig-7334d5f136cdbdc0,delivered,1,1,1,,
exp-40a9cd647575,run-ee5ebbe1776e3593,claim-df7462dd98d13973,sig-7334d5f136cdbdc0,delivered,1,1,1,,
exp-40a9cd647575,run-d24745de20353c1c,claim-6d1154397868b646,sig-7380f7c5fa543205,delivered,1,1,1,,
exp-40a9cd647575,run-5544965755d02fca,claim-7fe31ebb30384314,sig-73b4d65162eaab6b,delivered,1,1,1,,
exp-40a9cd647575,run-5c7b2955097358b7,claim-7fe31ebb30384314,sig-73b4d65162eaab6b,delivered,1,1,1,,
exp-40a9cd647575,run-a29dca6067031521,claim-7fe31ebb30384314,sig-73b4d65162eaab6b,delivered,1,1,1,,
exp-40a9cd647575,run-a9336051d5ce5f85,claim-7fe31ebb30384314,sig-73b4d65162eaab6b,delivered,1,1,1,,
exp-40a9cd647575,run-1938ed72bf14b97b,claim-2e2299045fa7ddb3,sig-73d5a26bf0cec471,delivered,1,1,1,,
exp-40a9cd647575,run-dab5d4df9ae936a4,claim-da6bb2286d6d9380,sig-744077dcea0ee386,delivered,1,1,1,,
exp-40a9cd647575,run-974c2e173586b95d,claim-9c4074946a3c75f6,sig-7485c95dc8120fba,delivered,1,1,1,,
exp-40a9cd647575,run-1e0ba3c3954c7ccf,claim-8e133ff5512f4b4c,sig-74af862930eacd74,delivered,1,1,1,,
exp-40a9cd647575,run-d0fa4ba0dd287bb4,claim-8e133ff5512f4b4c,sig-74af862930eacd74,delivered,1,1,1,,
exp-40a9cd647575,run-1a5f2b96746a5fa3,claim-c861994bb2dc12c0,sig-762590be031e44d5,delivered,1,1,1,,
exp-40a9cd647575,run-2a6bdf80f5ea7b6d,claim-c861994bb2dc12c0,sig-762590be031e44d5,delivered,1,1,1,,
exp-40a9cd647575,run-5dff6533050fc9bf,claim-de28166ea2aaaa9a,sig-76bc1db1df5c5e7e,delivered,1,1,1,,
exp-40a9cd647575,run-afceedbf298a91a6,claim-de28166ea2aaaa9a,sig-76bc1db1df5c5e7e,delivered,1,1,1,,
exp-40a9cd647575,run-affd2b9b1ab246dd,claim-de28166ea2aaaa9a,sig-76bc1db1df5c5e7e,delivered,1,1,1,,
exp-40a9cd647575,run-e3a76e2898f5c2fc,claim-de28166ea2aaaa9a,sig-76bc1db1df5c5e7e,delivered,1,1,1,,
exp-40a9cd647575,run-04ef79de6332407d,claim-920d098eeee29465,sig-76cf58bbe76cfff6,delivered,1,1,1,,
exp-40a9cd647575,run-10552c1cef134ebe,claim-920d098eeee29465,sig-76cf58bbe76cfff6,delivered,1,1,1,,
exp-40a9cd647575,run-1bf11ade46e0d5c8,claim-920d098eeee29465,sig-76cf58bbe76cfff6,delivered,1,1,1,,
exp-40a9cd647575,run-22bedfbb4ba39ae8,claim-920d098eeee29465,sig-76cf58bbe76cfff6,delivered,1,1,1,,
exp-40a9cd647575,run-37a65f6f11d43275,claim-920d098eeee29465,sig-76cf58bbe76cfff6,delivered,1,1,1,,
exp-40a9cd647575,run-5544965755d02fca,claim-920d098eeee29465,sig-76cf58bbe76cfff6,delivered,1,1,1,,
exp-40a9cd647575,run-5c7b2955097358b7,claim-920d098eeee29465,sig-76cf58bbe76cfff6,delivered,1,1,1,,
exp-40a9cd647575,run-81319bcbcd98673c,claim-920d098eeee29465,sig-76cf58bbe76cfff6,delivered,1,1,1,,
exp-40a9cd647575,run-94f7d1e13d63a2ae,claim-920d098eeee29465,sig-76cf58bbe76cfff6,delivered,1,1,1,,
exp-40a9cd647575,run-a29dca6067031521,claim-920d098eeee29465,sig-76cf58bbe76cfff6,delivered,1,1,1,,
exp-40a9cd647575,run-a9336051d5ce5f85,claim-920d098eeee29465,sig-76cf58bbe76cfff6,delivered,1,1,1,,
exp-40a9cd647575,run-b4594bd0d15cc5e0,claim-920d098eeee29465,sig-76cf58bbe76cfff6,delivered,1,1,1,,
exp-40a9cd647575,run-c72a51f33480a443,claim-920d098eeee29465,sig-76cf58bbe76cfff6,delivered,1,1,1,,
exp-40a9cd647575,run-dd7de3867f884932,claim-920d098eeee29465,sig-76cf58bbe76cfff6,delivered,1,1,1,,
exp-40a9cd647575,run-2014c584d6b7abe3,claim-f13def8817a51a6a,sig-77495981cf282646,delivered,1,1,1,,
exp-40a9cd647575,run-4292659382907599,claim-f13def8817a51a6a,sig-77495981cf282646,delivered,1,1,1,,
exp-40a9cd647575,run-8b3f8acda4a32c84,claim-f13def8817a51a6a,sig-77495981cf282646,delivered,1,1,1,,
exp-40a9cd647575,run-ace8bf7a52ee7605,claim-f13def8817a51a6a,sig-77495981cf282646,delivered,1,1,1,,
exp-40a9cd647575,run-affd2b9b1ab246dd,claim-f13def8817a51a6a,sig-77495981cf282646,delivered,1,1,1,,
exp-40a9cd647575,run-3704234e0044445c,claim-b8b94ef16903cd53,sig-77e819f8e34654a4,delivered,1,1,1,,
exp-40a9cd647575,run-4d6657cbd89092bb,claim-b8b94ef16903cd53,sig-77e819f8e34654a4,delivered,1,1,1,,
exp-40a9cd647575,run-5e0f13ec0da33c69,claim-b8b94ef16903cd53,sig-77e819f8e34654a4,delivered,1,1,1,,
exp-40a9cd647575,run-930b76d107e5cff8,claim-b8b94ef16903cd53,sig-77e819f8e34654a4,delivered,1,1,1,,
exp-40a9cd647575,run-9d1a12cb2591f457,claim-b8b94ef16903cd53,sig-77e819f8e34654a4,delivered,1,1,1,,
exp-40a9cd647575,run-bc6941a815dfc8ff,claim-b8b94ef16903cd53,sig-77e819f8e34654a4,delivered,1,1,1,,
exp-40a9cd647575,run-ca316ef87f1e1d94,claim-b8b94ef16903cd53,sig-77e819f8e34654a4,delivered,1,1,1,,
exp-40a9cd647575,run-d41da11c672e910a,claim-b8b94ef16903cd53,sig-77e819f8e34654a4,delivered,1,1,1,,
exp-40a9cd647575,run-d833fa81f508835a,claim-b8b94ef16903cd53,sig-77e819f8e34654a4,delivered,1,1,1,,
exp-40a9cd647575,run-da01527933e27f3c,claim-b8b94ef16903cd53,sig-77e819f8e34654a4,delivered,1,1,1,,
exp-40a9cd647575,run-e4a4806cd80056a6,claim-b8b94ef16903cd53,sig-77e819f8e34654a4,delivered,1,1,1,,
exp-40a9cd647575,run-ebc9aaf788547725,claim-b8b94ef16903cd53,sig-77e819f8e34654a4,delivered,1,1,1,,
exp-40a9cd647575,run-201cd0cf98eaa593,claim-76a0c448cbe3202d,sig-7839d493b73dae44,delivered,1,1,1,,
exp-40a9cd647575,run-85dad60b90e1def2,claim-76a0c448cbe3202d,sig-7839d493b73dae44,delivered,1,1,1,,
exp-40a9cd647575,run-a7583e178eec4bac,claim-76a0c448cbe3202d,sig-7839d493b73dae44,delivered,1,1,1,,
exp-40a9cd647575,run-2a6bdf80f5ea7b6d,claim-94b43b1c9edee443,sig-7856a447d728b121,delivered,1,1,1,,
exp-40a9cd647575,run-5093d78945736d5b,claim-94b43b1c9edee443,sig-7856a447d728b121,delivered,1,1,1,,
exp-40a9cd647575,run-d0fa4ba0dd287bb4,claim-94b43b1c9edee443,sig-7856a447d728b121,delivered,1,1,1,,
exp-40a9cd647575,run-377799dabee681b2,claim-1f5aa82c73817981,sig-78ecd2a543160678,delivered,1,1,1,,
exp-40a9cd647575,run-5ba7ce50f4958746,claim-1f5aa82c73817981,sig-78ecd2a543160678,delivered,1,1,1,,
exp-40a9cd647575,run-8d5ad95c4cc0ea7e,claim-1f5aa82c73817981,sig-78ecd2a543160678,delivered,1,1,1,,
exp-40a9cd647575,run-95b1d24ba8f7a546,claim-1f5aa82c73817981,sig-78ecd2a543160678,delivered,1,1,1,,
exp-40a9cd647575,run-cbadac524b3b1865,claim-1f5aa82c73817981,sig-78ecd2a543160678,delivered,1,1,1,,
exp-40a9cd647575,run-d4c741a10716a606,claim-1f5aa82c73817981,sig-78ecd2a543160678,delivered,1,1,1,,
exp-40a9cd647575,run-d533db1177852d34,claim-1f5aa82c73817981,sig-78ecd2a543160678,delivered,1,1,1,,
exp-40a9cd647575,run-ebc9aaf788547725,claim-1f5aa82c73817981,sig-78ecd2a543160678,delivered,1,1,1,,
exp-40a9cd647575,run-fe7a26d58064e8dc,claim-1f5aa82c73817981,sig-78ecd2a543160678,delivered,1,1,1,,
exp-40a9cd647575,run-3fac34c2107fdb3d,claim-b7ff2fb4dcd929f3,sig-7904b48a5f55de6d,delivered,1,1,1,,
exp-40a9cd647575,run-539160a33de1339f,claim-b7ff2fb4dcd929f3,sig-7904b48a5f55de6d,delivered,1,1,1,,
exp-40a9cd647575,run-611904a79457240a,claim-b7ff2fb4dcd929f3,sig-7904b48a5f55de6d,delivered,1,1,1,,
exp-40a9cd647575,run-85cbabcaed591d3e,claim-b7ff2fb4dcd929f3,sig-7904b48a5f55de6d,delivered,1,1,1,,
exp-40a9cd647575,run-89dda70ea9ef85f4,claim-b7ff2fb4dcd929f3,sig-7904b48a5f55de6d,delivered,1,1,1,,
exp-40a9cd647575,run-9743848c2e583907,claim-b7ff2fb4dcd929f3,sig-7904b48a5f55de6d,delivered,1,1,1,,
exp-40a9cd647575,run-b1d9241e2abafa16,claim-b7ff2fb4dcd929f3,sig-7904b48a5f55de6d,delivered,1,1,1,,
exp-40a9cd647575,run-b9e398623f533076,claim-b7ff2fb4dcd929f3,sig-7904b48a5f55de6d,delivered,1,1,1,,
exp-40a9cd647575,run-befb1059eb8a4f2b,claim-b7ff2fb4dcd929f3,sig-7904b48a5f55de6d,delivered,1,1,1,,
exp-40a9cd647575,run-c046dfb52bd9e84d,claim-b7ff2fb4dcd929f3,sig-7904b48a5f55de6d,delivered,1,1,1,,
exp-40a9cd647575,run-d41da11c672e910a,claim-b7ff2fb4dcd929f3,sig-7904b48a5f55de6d,delivered,1,1,1,,
exp-40a9cd647575,run-e0d708a90a8e4911,claim-b7ff2fb4dcd929f3,sig-7904b48a5f55de6d,delivered,1,1,1,,
exp-40a9cd647575,run-0bdbd7e3ae24c145,claim-d7b16baa7dab6ded,sig-7917167f069c35e6,delivered,1,1,1,,
exp-40a9cd647575,run-62b9c429b0e1fee1,claim-d7b16baa7dab6ded,sig-7917167f069c35e6,delivered,1,1,1,,
exp-40a9cd647575,run-8fe7e2a70540fa13,claim-d7b16baa7dab6ded,sig-7917167f069c35e6,delivered,1,1,1,,
exp-40a9cd647575,run-b0c15ff5128e34a7,claim-d7b16baa7dab6ded,sig-7917167f069c35e6,delivered,1,1,1,,
exp-40a9cd647575,run-b2960756b22de028,claim-d7b16baa7dab6ded,sig-7917167f069c35e6,delivered,1,1,1,,
exp-40a9cd647575,run-0c7f7d168f1509e0,claim-9f8d9232572742d7,sig-7969a096f6a155b3,delivered,1,1,1,,
exp-40a9cd647575,run-0ce9678e58d522e5,claim-9f8d9232572742d7,sig-7969a096f6a155b3,delivered,1,1,1,,
exp-40a9cd647575,run-1a5f2b96746a5fa3,claim-9f8d9232572742d7,sig-7969a096f6a155b3,delivered,1,1,1,,
exp-40a9cd647575,run-1e0ba3c3954c7ccf,claim-9f8d9232572742d7,sig-7969a096f6a155b3,delivered,1,1,1,,
exp-40a9cd647575,run-22bedfbb4ba39ae8,claim-9f8d9232572742d7,sig-7969a096f6a155b3,delivered,1,1,1,,
exp-40a9cd647575,run-37a65f6f11d43275,claim-9f8d9232572742d7,sig-7969a096f6a155b3,delivered,1,1,1,,
exp-40a9cd647575,run-5093d78945736d5b,claim-9f8d9232572742d7,sig-7969a096f6a155b3,delivered,1,1,1,,
exp-40a9cd647575,run-546a7e3ed4b2749b,claim-9f8d9232572742d7,sig-7969a096f6a155b3,delivered,1,1,1,,
exp-40a9cd647575,run-e7c9956e48cc45c9,claim-9f8d9232572742d7,sig-7969a096f6a155b3,delivered,1,1,1,,
exp-40a9cd647575,run-f624b0f51a068b4e,claim-9f8d9232572742d7,sig-7969a096f6a155b3,delivered,1,1,1,,
exp-40a9cd647575,run-bc800b63a2891e00,claim-0ec1951b3ffdeff2,sig-7a4312b3bd62531f,delivered,1,1,1,,
exp-40a9cd647575,run-3dcb25053d94d332,claim-758ee059bc4e2234,sig-7a4d08c0e93feb87,delivered,1,1,1,,
exp-40a9cd647575,run-57707206b4378d12,claim-758ee059bc4e2234,sig-7a4d08c0e93feb87,delivered,1,1,1,,
exp-40a9cd647575,run-bcaf26c16062a877,claim-758ee059bc4e2234,sig-7a4d08c0e93feb87,delivered,1,1,1,,
exp-40a9cd647575,run-c5f8e170be1576f7,claim-758ee059bc4e2234,sig-7a4d08c0e93feb87,delivered,1,1,1,,
exp-40a9cd647575,run-e3a76e2898f5c2fc,claim-758ee059bc4e2234,sig-7a4d08c0e93feb87,delivered,1,1,1,,
exp-40a9cd647575,run-1e0ba3c3954c7ccf,claim-8d19bb31d9e13ca6,sig-7a54931d133b93ce,delivered,1,1,1,,
exp-40a9cd647575,run-2f4597ed820c1503,claim-8d19bb31d9e13ca6,sig-7a54931d133b93ce,delivered,1,1,1,,
exp-40a9cd647575,run-35c863ad4c3e6f28,claim-8d19bb31d9e13ca6,sig-7a54931d133b93ce,delivered,1,1,1,,
exp-40a9cd647575,run-612f2088b21cda70,claim-8d19bb31d9e13ca6,sig-7a54931d133b93ce,delivered,1,1,1,,
exp-40a9cd647575,run-d03fb77500c9cd94,claim-8d19bb31d9e13ca6,sig-7a54931d133b93ce,delivered,1,1,1,,
exp-40a9cd647575,run-d0fa4ba0dd287bb4,claim-8d19bb31d9e13ca6,sig-7a54931d133b93ce,delivered,1,1,1,,
exp-40a9cd647575,run-6603f070d7a74f3c,claim-afa74712279eb404,sig-7a933ca968d86011,delivered,1,1,1,,
exp-40a9cd647575,run-0157f532598e4b4f,claim-643f9817aa0dd6a1,sig-7ae5499f08bd3c1a,delivered,1,1,1,,
exp-40a9cd647575,run-5e2cbaadd2aed0b1,claim-643f9817aa0dd6a1,sig-7ae5499f08bd3c1a,delivered,1,1,1,,
exp-40a9cd647575,run-622746ed303f2c0d,claim-643f9817aa0dd6a1,sig-7ae5499f08bd3c1a,delivered,1,1,1,,
exp-40a9cd647575,run-99e816661430c66e,claim-643f9817aa0dd6a1,sig-7ae5499f08bd3c1a,delivered,1,1,1,,
exp-40a9cd647575,run-e7a6944b52a20ca5,claim-643f9817aa0dd6a1,sig-7ae5499f08bd3c1a,delivered,1,1,1,,
exp-40a9cd647575,run-6f9234be022646e9,claim-f041c752479de234,sig-7b39b27a893f4d72,delivered,1,1,1,,
exp-40a9cd647575,run-2a6bdf80f5ea7b6d,claim-b268263e9f318924,sig-7bb95efee3eb5c9a,delivered,1,1,1,,
exp-40a9cd647575,run-59a9fcc2972db0b9,claim-b268263e9f318924,sig-7bb95efee3eb5c9a,delivered,1,1,1,,
exp-40a9cd647575,run-7e985e6525696145,claim-b268263e9f318924,sig-7bb95efee3eb5c9a,delivered,1,1,1,,
exp-40a9cd647575,run-bc6941a815dfc8ff,claim-6d1905526e74c007,sig-7bbb05aa87c929e0,delivered,1,1,1,,
exp-40a9cd647575,run-13636c78ccc51a0e,claim-7d01f98ac4ababb2,sig-7be5625a7beddbbc,delivered,1,1,1,,
exp-40a9cd647575,run-39d61cb1eca880d8,claim-7d01f98ac4ababb2,sig-7be5625a7beddbbc,delivered,1,1,1,,
exp-40a9cd647575,run-b45d4176e65e5906,claim-7d01f98ac4ababb2,sig-7be5625a7beddbbc,delivered,1,1,1,,
exp-40a9cd647575,run-e3abc9bf556d7a45,claim-7d01f98ac4ababb2,sig-7be5625a7beddbbc,delivered,1,1,1,,
exp-40a9cd647575,run-44edd4d662236ae1,claim-bd67aee31a4c1d6f,sig-7c7c5ae9296419d1,delivered,1,1,1,,
exp-40a9cd647575,run-3dcb25053d94d332,claim-06d41dc29e36d675,sig-7d6dabcd758eb0b4,delivered,1,1,1,,
exp-40a9cd647575,run-55c8e29cfa8c9641,claim-06d41dc29e36d675,sig-7d6dabcd758eb0b4,delivered,1,1,1,,
exp-40a9cd647575,run-5dff6533050fc9bf,claim-06d41dc29e36d675,sig-7d6dabcd758eb0b4,delivered,1,1,1,,
exp-40a9cd647575,run-974c2e173586b95d,claim-06d41dc29e36d675,sig-7d6dabcd758eb0b4,delivered,1,1,1,,
exp-40a9cd647575,run-bcaf26c16062a877,claim-06d41dc29e36d675,sig-7d6dabcd758eb0b4,delivered,1,1,1,,
exp-40a9cd647575,run-c5f8e170be1576f7,claim-06d41dc29e36d675,sig-7d6dabcd758eb0b4,delivered,1,1,1,,
exp-40a9cd647575,run-e3a76e2898f5c2fc,claim-06d41dc29e36d675,sig-7d6dabcd758eb0b4,delivered,1,1,1,,
exp-40a9cd647575,run-f96aa93357eb541c,claim-66588bbae11e0538,sig-7dabd49da8434e94,delivered,1,1,1,,
exp-40a9cd647575,run-0bdbd7e3ae24c145,claim-0d87211ddc476c1a,sig-7e5cf9709eafe4a0,delivered,1,1,1,,
exp-40a9cd647575,run-25b1a4c18ff8cdfe,claim-0d87211ddc476c1a,sig-7e5cf9709eafe4a0,delivered,1,1,1,,
exp-40a9cd647575,run-293806b558ff1d6a,claim-0d87211ddc476c1a,sig-7e5cf9709eafe4a0,delivered,1,1,1,,
exp-40a9cd647575,run-62b9c429b0e1fee1,claim-0d87211ddc476c1a,sig-7e5cf9709eafe4a0,delivered,1,1,1,,
exp-40a9cd647575,run-8fe7e2a70540fa13,claim-0d87211ddc476c1a,sig-7e5cf9709eafe4a0,delivered,1,1,1,,
exp-40a9cd647575,run-b0c15ff5128e34a7,claim-0d87211ddc476c1a,sig-7e5cf9709eafe4a0,delivered,1,1,1,,
exp-40a9cd647575,run-9d1a12cb2591f457,claim-d0a1afec5001a624,sig-7f8dfe72322dd189,delivered,1,1,1,,
exp-40a9cd647575,run-bc6941a815dfc8ff,claim-d0a1afec5001a624,sig-7f8dfe72322dd189,delivered,1,1,1,,
exp-40a9cd647575,run-d833fa81f508835a,claim-d0a1afec5001a624,sig-7f8dfe72322dd189,delivered,1,1,1,,
exp-40a9cd647575,run-da01527933e27f3c,claim-d0a1afec5001a624,sig-7f8dfe72322dd189,delivered,1,1,1,,
exp-40a9cd647575,run-9d1a12cb2591f457,claim-5bb208a0d00436bb,sig-7fb4e01217f06c78,delivered,1,1,1,,
exp-40a9cd647575,run-bc6941a815dfc8ff,claim-5bb208a0d00436bb,sig-7fb4e01217f06c78,delivered,1,1,1,,
exp-40a9cd647575,run-d833fa81f508835a,claim-5bb208a0d00436bb,sig-7fb4e01217f06c78,delivered,1,1,1,,
exp-40a9cd647575,run-da01527933e27f3c,claim-5bb208a0d00436bb,sig-7fb4e01217f06c78,delivered,1,1,1,,
exp-40a9cd647575,run-0157f532598e4b4f,claim-2e2299045fa7ddb3,sig-7fc32c82141b0043,delivered,1,1,1,,
exp-40a9cd647575,run-1395b56d6fc8e924,claim-2e2299045fa7ddb3,sig-7fc32c82141b0043,delivered,1,1,1,,
exp-40a9cd647575,run-37a65f6f11d43275,claim-2e2299045fa7ddb3,sig-7fc32c82141b0043,delivered,1,1,1,,
exp-40a9cd647575,run-4337e1188bc3cbdd,claim-2e2299045fa7ddb3,sig-7fc32c82141b0043,delivered,1,1,1,,
exp-40a9cd647575,run-4893f98223124ec7,claim-2e2299045fa7ddb3,sig-7fc32c82141b0043,delivered,1,1,1,,
exp-40a9cd647575,run-4b6183de42fffe52,claim-2e2299045fa7ddb3,sig-7fc32c82141b0043,delivered,1,1,1,,
exp-40a9cd647575,run-57f8c4665d98f5e0,claim-2e2299045fa7ddb3,sig-7fc32c82141b0043,delivered,1,1,1,,
exp-40a9cd647575,run-5e2cbaadd2aed0b1,claim-2e2299045fa7ddb3,sig-7fc32c82141b0043,delivered,1,1,1,,
exp-40a9cd647575,run-622746ed303f2c0d,claim-2e2299045fa7ddb3,sig-7fc32c82141b0043,delivered,1,1,1,,
exp-40a9cd647575,run-81319bcbcd98673c,claim-2e2299045fa7ddb3,sig-7fc32c82141b0043,delivered,1,1,1,,
exp-40a9cd647575,run-84afe91bc77f7d66,claim-2e2299045fa7ddb3,sig-7fc32c82141b0043,delivered,1,1,1,,
exp-40a9cd647575,run-87b80a2f839f80f8,claim-2e2299045fa7ddb3,sig-7fc32c82141b0043,delivered,1,1,1,,
exp-40a9cd647575,run-897ec7b867f5ca68,claim-2e2299045fa7ddb3,sig-7fc32c82141b0043,delivered,1,1,1,,
exp-40a9cd647575,run-8b25b1d989f4d599,claim-2e2299045fa7ddb3,sig-7fc32c82141b0043,delivered,1,1,1,,
exp-40a9cd647575,run-937dfd5cfbd8926d,claim-2e2299045fa7ddb3,sig-7fc32c82141b0043,delivered,1,1,1,,
exp-40a9cd647575,run-94f7d1e13d63a2ae,claim-2e2299045fa7ddb3,sig-7fc32c82141b0043,delivered,1,1,1,,
exp-40a9cd647575,run-a1496348f76e4af2,claim-2e2299045fa7ddb3,sig-7fc32c82141b0043,delivered,1,1,1,,
exp-40a9cd647575,run-a54490d340d095c6,claim-2e2299045fa7ddb3,sig-7fc32c82141b0043,delivered,1,1,1,,
exp-40a9cd647575,run-afb024d797a37c69,claim-2e2299045fa7ddb3,sig-7fc32c82141b0043,delivered,1,1,1,,
exp-40a9cd647575,run-b4594bd0d15cc5e0,claim-2e2299045fa7ddb3,sig-7fc32c82141b0043,delivered,1,1,1,,
exp-40a9cd647575,run-c72a51f33480a443,claim-2e2299045fa7ddb3,sig-7fc32c82141b0043,delivered,1,1,1,,
exp-40a9cd647575,run-d62426bd09776395,claim-2e2299045fa7ddb3,sig-7fc32c82141b0043,delivered,1,1,1,,
exp-40a9cd647575,run-dcec6376163df8fc,claim-2e2299045fa7ddb3,sig-7fc32c82141b0043,delivered,1,1,1,,
exp-40a9cd647575,run-dd41e26e383b6e47,claim-2e2299045fa7ddb3,sig-7fc32c82141b0043,delivered,1,1,1,,
exp-40a9cd647575,run-dd7de3867f884932,claim-2e2299045fa7ddb3,sig-7fc32c82141b0043,delivered,1,1,1,,
exp-40a9cd647575,run-e7a6944b52a20ca5,claim-2e2299045fa7ddb3,sig-7fc32c82141b0043,delivered,1,1,1,,
exp-40a9cd647575,run-84afe91bc77f7d66,claim-c101a018bf9cecfc,sig-7ff830fba6444adb,delivered,1,1,1,,
exp-40a9cd647575,run-f96aa93357eb541c,claim-675f40ec0ffe5041,sig-80d218db1e05e69f,delivered,1,1,1,,
exp-40a9cd647575,run-04199a1317aaf4d6,claim-9f8d9232572742d7,sig-81123135ba5fefdc,delivered,1,1,1,,
exp-40a9cd647575,run-793cb59b50eec427,claim-9f8d9232572742d7,sig-81123135ba5fefdc,delivered,1,1,1,,
exp-40a9cd647575,run-9b89791550e9ef70,claim-9f8d9232572742d7,sig-81123135ba5fefdc,delivered,1,1,1,,
exp-40a9cd647575,run-a07b4c8d8ca12c5a,claim-9f8d9232572742d7,sig-81123135ba5fefdc,delivered,1,1,1,,
exp-40a9cd647575,run-a422a5b8b642038d,claim-9f8d9232572742d7,sig-81123135ba5fefdc,delivered,1,1,1,,
exp-40a9cd647575,run-d7f178f578257fb9,claim-9f8d9232572742d7,sig-81123135ba5fefdc,delivered,1,1,1,,
exp-40a9cd647575,run-f6dab0a15f9b5781,claim-9f8d9232572742d7,sig-81123135ba5fefdc,delivered,1,1,1,,
exp-40a9cd647575,run-b0b6aff3256f63f3,claim-fbbf19ce4301d0e1,sig-812de52d121fd27e,delivered,1,1,1,,
exp-40a9cd647575,run-edddb80b074c7c76,claim-fbbf19ce4301d0e1,sig-812de52d121fd27e,delivered,1,1,1,,
exp-40a9cd647575,run-2a6bdf80f5ea7b6d,claim-1bde49630ea3e085,sig-8183ef3b4127941e,delivered,1,1,1,,
exp-40a9cd647575,run-5544965755d02fca,claim-1bde49630ea3e085,sig-8183ef3b4127941e,delivered,1,1,1,,
exp-40a9cd647575,run-bc800b63a2891e00,claim-1bde49630ea3e085,sig-8183ef3b4127941e,delivered,1,1,1,,
exp-40a9cd647575,run-dd7de3867f884932,claim-1bde49630ea3e085,sig-8183ef3b4127941e,delivered,1,1,1,,
exp-40a9cd647575,run-04199a1317aaf4d6,claim-9515f274401a51ce,sig-82c7d98b5fad91f0,delivered,1,1,1,,
exp-40a9cd647575,run-0c7f7d168f1509e0,claim-9515f274401a51ce,sig-82c7d98b5fad91f0,delivered,1,1,1,,
exp-40a9cd647575,run-0ce9678e58d522e5,claim-9515f274401a51ce,sig-82c7d98b5fad91f0,delivered,1,1,1,,
exp-40a9cd647575,run-1e0ba3c3954c7ccf,claim-9515f274401a51ce,sig-82c7d98b5fad91f0,delivered,1,1,1,,
exp-40a9cd647575,run-5093d78945736d5b,claim-9515f274401a51ce,sig-82c7d98b5fad91f0,delivered,1,1,1,,
exp-40a9cd647575,run-d7f178f578257fb9,claim-9515f274401a51ce,sig-82c7d98b5fad91f0,delivered,1,1,1,,
exp-40a9cd647575,run-1e668964b4c24319,claim-a3871b4ffae43db5,sig-82dfed38b1372e39,delivered,1,1,1,,
exp-40a9cd647575,run-324dbfbe7cd8573b,claim-a3871b4ffae43db5,sig-82dfed38b1372e39,delivered,1,1,1,,
exp-40a9cd647575,run-4bf63d232e1e4028,claim-a3871b4ffae43db5,sig-82dfed38b1372e39,delivered,1,1,1,,
exp-40a9cd647575,run-a7ad56f261f14f47,claim-a3871b4ffae43db5,sig-82dfed38b1372e39,delivered,1,1,1,,
exp-40a9cd647575,run-ee5ebbe1776e3593,claim-a3871b4ffae43db5,sig-82dfed38b1372e39,delivered,1,1,1,,
exp-40a9cd647575,run-1da582a91e501197,claim-f9d05ab37e92da22,sig-835a2a926b842f29,delivered,1,1,1,,
exp-40a9cd647575,run-85375656a504b3d2,claim-f9d05ab37e92da22,sig-835a2a926b842f29,delivered,1,1,1,,
exp-40a9cd647575,run-8eacfbda7a4da0c6,claim-f9d05ab37e92da22,sig-835a2a926b842f29,delivered,1,1,1,,
exp-40a9cd647575,run-546a7e3ed4b2749b,claim-ace0630cd07c00a5,sig-8367f598b111b7a0,delivered,1,1,1,,
exp-40a9cd647575,run-823f79ffe02484d0,claim-ace0630cd07c00a5,sig-8367f598b111b7a0,delivered,1,1,1,,
exp-40a9cd647575,run-b0b6aff3256f63f3,claim-ace0630cd07c00a5,sig-8367f598b111b7a0,delivered,1,1,1,,
exp-40a9cd647575,run-edddb80b074c7c76,claim-ace0630cd07c00a5,sig-8367f598b111b7a0,delivered,1,1,1,,
exp-40a9cd647575,run-546a7e3ed4b2749b,claim-4f167df656bb6337,sig-838982b8e23f8450,delivered,1,1,1,,
exp-40a9cd647575,run-823f79ffe02484d0,claim-4f167df656bb6337,sig-838982b8e23f8450,delivered,1,1,1,,
exp-40a9cd647575,run-897ec7b867f5ca68,claim-4f167df656bb6337,sig-838982b8e23f8450,delivered,1,1,1,,
exp-40a9cd647575,run-59a9fcc2972db0b9,claim-da116e4664dfbb48,sig-839f614ddc8b7965,delivered,1,1,1,,
exp-40a9cd647575,run-be1afd4e17c162e6,claim-da116e4664dfbb48,sig-839f614ddc8b7965,delivered,1,1,1,,
exp-40a9cd647575,run-e3abc9bf556d7a45,claim-da116e4664dfbb48,sig-839f614ddc8b7965,delivered,1,1,1,,
exp-40a9cd647575,run-2a6bdf80f5ea7b6d,claim-6239ea5fb6c4769f,sig-83a6003ffed2458f,delivered,1,1,1,,
exp-40a9cd647575,run-be1afd4e17c162e6,claim-6239ea5fb6c4769f,sig-83a6003ffed2458f,delivered,1,1,1,,
exp-40a9cd647575,run-e3abc9bf556d7a45,claim-6239ea5fb6c4769f,sig-83a6003ffed2458f,delivered,1,1,1,,
exp-40a9cd647575,run-57707206b4378d12,claim-2be768189fdf6498,sig-83b750f270d77987,delivered,1,1,1,,
exp-40a9cd647575,run-170a86bce589f400,claim-8333436a0541309d,sig-84663d584a0fecc5,delivered,1,1,1,,
exp-40a9cd647575,run-44edd4d662236ae1,claim-8333436a0541309d,sig-84663d584a0fecc5,delivered,1,1,1,,
exp-40a9cd647575,run-dab5d4df9ae936a4,claim-8333436a0541309d,sig-84663d584a0fecc5,delivered,1,1,1,,
exp-40a9cd647575,run-6603f070d7a74f3c,claim-5bb208a0d00436bb,sig-84708383f139f5f2,delivered,1,1,1,,
exp-40a9cd647575,run-25b1a4c18ff8cdfe,claim-df7462dd98d13973,sig-84a9b4a6aba2d6df,delivered,1,1,1,,
exp-40a9cd647575,run-293806b558ff1d6a,claim-df7462dd98d13973,sig-84a9b4a6aba2d6df,delivered,1,1,1,,
exp-40a9cd647575,run-bc800b63a2891e00,claim-48cb6d4e13cd7964,sig-85388b7902dc10b1,delivered,1,1,1,,
exp-40a9cd647575,run-0157f532598e4b4f,claim-3a6797a9cb736bb8,sig-854fe58c2e48d73a,delivered,1,1,1,,
exp-40a9cd647575,run-3704234e0044445c,claim-3a6797a9cb736bb8,sig-854fe58c2e48d73a,delivered,1,1,1,,
exp-40a9cd647575,run-4893f98223124ec7,claim-3a6797a9cb736bb8,sig-854fe58c2e48d73a,delivered,1,1,1,,
exp-40a9cd647575,run-5e2cbaadd2aed0b1,claim-3a6797a9cb736bb8,sig-854fe58c2e48d73a,delivered,1,1,1,,
exp-40a9cd647575,run-622746ed303f2c0d,claim-3a6797a9cb736bb8,sig-854fe58c2e48d73a,delivered,1,1,1,,
exp-40a9cd647575,run-930b76d107e5cff8,claim-3a6797a9cb736bb8,sig-854fe58c2e48d73a,delivered,1,1,1,,
exp-40a9cd647575,run-a54490d340d095c6,claim-3a6797a9cb736bb8,sig-854fe58c2e48d73a,delivered,1,1,1,,
exp-40a9cd647575,run-afb024d797a37c69,claim-3a6797a9cb736bb8,sig-854fe58c2e48d73a,delivered,1,1,1,,
exp-40a9cd647575,run-ca316ef87f1e1d94,claim-3a6797a9cb736bb8,sig-854fe58c2e48d73a,delivered,1,1,1,,
exp-40a9cd647575,run-e4a4806cd80056a6,claim-3a6797a9cb736bb8,sig-854fe58c2e48d73a,delivered,1,1,1,,
exp-40a9cd647575,run-e7a6944b52a20ca5,claim-3a6797a9cb736bb8,sig-854fe58c2e48d73a,delivered,1,1,1,,
exp-40a9cd647575,run-44edd4d662236ae1,claim-51bd5670404b3990,sig-8567ecf26661846e,delivered,1,1,1,,
exp-40a9cd647575,run-dab5d4df9ae936a4,claim-51bd5670404b3990,sig-8567ecf26661846e,delivered,1,1,1,,
exp-40a9cd647575,run-0bdbd7e3ae24c145,claim-6caeebb57ce88a9c,sig-8624f52c563bc53a,delivered,1,1,1,,
exp-40a9cd647575,run-170a86bce589f400,claim-6caeebb57ce88a9c,sig-8624f52c563bc53a,delivered,1,1,1,,
exp-40a9cd647575,run-201cd0cf98eaa593,claim-6caeebb57ce88a9c,sig-8624f52c563bc53a,delivered,1,1,1,,
exp-40a9cd647575,run-25b1a4c18ff8cdfe,claim-6caeebb57ce88a9c,sig-8624f52c563bc53a,delivered,1,1,1,,
exp-40a9cd647575,run-293806b558ff1d6a,claim-6caeebb57ce88a9c,sig-8624f52c563bc53a,delivered,1,1,1,,
exp-40a9cd647575,run-44edd4d662236ae1,claim-6caeebb57ce88a9c,sig-8624f52c563bc53a,delivered,1,1,1,,
exp-40a9cd647575,run-62b9c429b0e1fee1,claim-6caeebb57ce88a9c,sig-8624f52c563bc53a,delivered,1,1,1,,
exp-40a9cd647575,run-85dad60b90e1def2,claim-6caeebb57ce88a9c,sig-8624f52c563bc53a,delivered,1,1,1,,
exp-40a9cd647575,run-8fe7e2a70540fa13,claim-6caeebb57ce88a9c,sig-8624f52c563bc53a,delivered,1,1,1,,
exp-40a9cd647575,run-a7583e178eec4bac,claim-6caeebb57ce88a9c,sig-8624f52c563bc53a,delivered,1,1,1,,
exp-40a9cd647575,run-b0c15ff5128e34a7,claim-6caeebb57ce88a9c,sig-8624f52c563bc53a,delivered,1,1,1,,
exp-40a9cd647575,run-b2960756b22de028,claim-6caeebb57ce88a9c,sig-8624f52c563bc53a,delivered,1,1,1,,
exp-40a9cd647575,run-d24745de20353c1c,claim-6caeebb57ce88a9c,sig-8624f52c563bc53a,delivered,1,1,1,,
exp-40a9cd647575,run-dab5d4df9ae936a4,claim-6caeebb57ce88a9c,sig-8624f52c563bc53a,delivered,1,1,1,,
exp-40a9cd647575,run-377799dabee681b2,claim-b7ff2fb4dcd929f3,sig-86614c7402b49339,delivered,1,1,1,,
exp-40a9cd647575,run-546a7e3ed4b2749b,claim-b7ff2fb4dcd929f3,sig-86614c7402b49339,delivered,1,1,1,,
exp-40a9cd647575,run-5e0f13ec0da33c69,claim-b7ff2fb4dcd929f3,sig-86614c7402b49339,delivered,1,1,1,,
exp-40a9cd647575,run-654c7c2b618f3aed,claim-b7ff2fb4dcd929f3,sig-86614c7402b49339,delivered,1,1,1,,
exp-40a9cd647575,run-823f79ffe02484d0,claim-b7ff2fb4dcd929f3,sig-86614c7402b49339,delivered,1,1,1,,
exp-40a9cd647575,run-8b25b1d989f4d599,claim-b7ff2fb4dcd929f3,sig-86614c7402b49339,delivered,1,1,1,,
exp-40a9cd647575,run-95b1d24ba8f7a546,claim-b7ff2fb4dcd929f3,sig-86614c7402b49339,delivered,1,1,1,,
exp-40a9cd647575,run-b0b6aff3256f63f3,claim-b7ff2fb4dcd929f3,sig-86614c7402b49339,delivered,1,1,1,,
exp-40a9cd647575,run-d4c741a10716a606,claim-b7ff2fb4dcd929f3,sig-86614c7402b49339,delivered,1,1,1,,
exp-40a9cd647575,run-ebc9aaf788547725,claim-b7ff2fb4dcd929f3,sig-86614c7402b49339,delivered,1,1,1,,
exp-40a9cd647575,run-edddb80b074c7c76,claim-b7ff2fb4dcd929f3,sig-86614c7402b49339,delivered,1,1,1,,
exp-40a9cd647575,run-fe7a26d58064e8dc,claim-b7ff2fb4dcd929f3,sig-86614c7402b49339,delivered,1,1,1,,
exp-40a9cd647575,run-1bf11ade46e0d5c8,claim-7b9ef0f206f0bedc,sig-86a3f2b699516e76,delivered,1,1,1,,
exp-40a9cd647575,run-22bedfbb4ba39ae8,claim-7b9ef0f206f0bedc,sig-86a3f2b699516e76,delivered,1,1,1,,
exp-40a9cd647575,run-04ef79de6332407d,claim-b0a49b1647321153,sig-86c758281b12d1f1,delivered,1,1,1,,
exp-40a9cd647575,run-10552c1cef134ebe,claim-b0a49b1647321153,sig-86c758281b12d1f1,delivered,1,1,1,,
exp-40a9cd647575,run-1bf11ade46e0d5c8,claim-b0a49b1647321153,sig-86c758281b12d1f1,delivered,1,1,1,,
exp-40a9cd647575,run-22bedfbb4ba39ae8,claim-b0a49b1647321153,sig-86c758281b12d1f1,delivered,1,1,1,,
exp-40a9cd647575,run-37a65f6f11d43275,claim-b0a49b1647321153,sig-86c758281b12d1f1,delivered,1,1,1,,
exp-40a9cd647575,run-419b34c10574e0d7,claim-b0a49b1647321153,sig-86c758281b12d1f1,delivered,1,1,1,,
exp-40a9cd647575,run-5544965755d02fca,claim-b0a49b1647321153,sig-86c758281b12d1f1,delivered,1,1,1,,
exp-40a9cd647575,run-81319bcbcd98673c,claim-b0a49b1647321153,sig-86c758281b12d1f1,delivered,1,1,1,,
exp-40a9cd647575,run-94f7d1e13d63a2ae,claim-b0a49b1647321153,sig-86c758281b12d1f1,delivered,1,1,1,,
exp-40a9cd647575,run-b4594bd0d15cc5e0,claim-b0a49b1647321153,sig-86c758281b12d1f1,delivered,1,1,1,,
exp-40a9cd647575,run-c72a51f33480a443,claim-b0a49b1647321153,sig-86c758281b12d1f1,delivered,1,1,1,,
exp-40a9cd647575,run-dd7de3867f884932,claim-b0a49b1647321153,sig-86c758281b12d1f1,delivered,1,1,1,,
exp-40a9cd647575,run-59a9fcc2972db0b9,claim-7d01f98ac4ababb2,sig-87a25cb3a710d456,delivered,1,1,1,,
exp-40a9cd647575,run-57f8c4665d98f5e0,claim-032d36820b7e97b1,sig-87bf39a4be6d68a6,delivered,1,1,1,,
exp-40a9cd647575,run-823f79ffe02484d0,claim-032d36820b7e97b1,sig-87bf39a4be6d68a6,delivered,1,1,1,,
exp-40a9cd647575,run-897ec7b867f5ca68,claim-032d36820b7e97b1,sig-87bf39a4be6d68a6,delivered,1,1,1,,
exp-40a9cd647575,run-b0b6aff3256f63f3,claim-032d36820b7e97b1,sig-87bf39a4be6d68a6,delivered,1,1,1,,
exp-40a9cd647575,run-edddb80b074c7c76,claim-032d36820b7e97b1,sig-87bf39a4be6d68a6,delivered,1,1,1,,
exp-40a9cd647575,run-d62426bd09776395,claim-643f9817aa0dd6a1,sig-87cf1e95d9f39bd0,delivered,1,1,1,,
exp-40a9cd647575,run-1938ed72bf14b97b,claim-f823f2e2786f5df2,sig-88abc1d02010ae98,delivered,1,1,1,,
exp-40a9cd647575,run-2014c584d6b7abe3,claim-f823f2e2786f5df2,sig-88abc1d02010ae98,delivered,1,1,1,,
exp-40a9cd647575,run-201cd0cf98eaa593,claim-f823f2e2786f5df2,sig-88abc1d02010ae98,delivered,1,1,1,,
exp-40a9cd647575,run-377799dabee681b2,claim-f823f2e2786f5df2,sig-88abc1d02010ae98,delivered,1,1,1,,
exp-40a9cd647575,run-3dcb25053d94d332,claim-f823f2e2786f5df2,sig-88abc1d02010ae98,delivered,1,1,1,,
exp-40a9cd647575,run-44edd4d662236ae1,claim-f823f2e2786f5df2,sig-88abc1d02010ae98,delivered,1,1,1,,
exp-40a9cd647575,run-55c8e29cfa8c9641,claim-f823f2e2786f5df2,sig-88abc1d02010ae98,delivered,1,1,1,,
exp-40a9cd647575,run-59a9fcc2972db0b9,claim-f823f2e2786f5df2,sig-88abc1d02010ae98,delivered,1,1,1,,
exp-40a9cd647575,run-5ba7ce50f4958746,claim-f823f2e2786f5df2,sig-88abc1d02010ae98,delivered,1,1,1,,
exp-40a9cd647575,run-6f9234be022646e9,claim-f823f2e2786f5df2,sig-88abc1d02010ae98,delivered,1,1,1,,
exp-40a9cd647575,run-85dad60b90e1def2,claim-f823f2e2786f5df2,sig-88abc1d02010ae98,delivered,1,1,1,,
exp-40a9cd647575,run-8d5ad95c4cc0ea7e,claim-f823f2e2786f5df2,sig-88abc1d02010ae98,delivered,1,1,1,,
exp-40a9cd647575,run-95b1d24ba8f7a546,claim-f823f2e2786f5df2,sig-88abc1d02010ae98,delivered,1,1,1,,
exp-40a9cd647575,run-a5eaf6305b9044fe,claim-f823f2e2786f5df2,sig-88abc1d02010ae98,delivered,1,1,1,,
exp-40a9cd647575,run-a7ad56f261f14f47,claim-f823f2e2786f5df2,sig-88abc1d02010ae98,delivered,1,1,1,,
exp-40a9cd647575,run-bcaf26c16062a877,claim-f823f2e2786f5df2,sig-88abc1d02010ae98,delivered,1,1,1,,
exp-40a9cd647575,run-ca316ef87f1e1d94,claim-f823f2e2786f5df2,sig-88abc1d02010ae98,delivered,1,1,1,,
exp-40a9cd647575,run-cbadac524b3b1865,claim-f823f2e2786f5df2,sig-88abc1d02010ae98,delivered,1,1,1,,
exp-40a9cd647575,run-d4c741a10716a606,claim-f823f2e2786f5df2,sig-88abc1d02010ae98,delivered,1,1,1,,
exp-40a9cd647575,run-d533db1177852d34,claim-f823f2e2786f5df2,sig-88abc1d02010ae98,delivered,1,1,1,,
exp-40a9cd647575,run-dab5d4df9ae936a4,claim-f823f2e2786f5df2,sig-88abc1d02010ae98,delivered,1,1,1,,
exp-40a9cd647575,run-ebc9aaf788547725,claim-f823f2e2786f5df2,sig-88abc1d02010ae98,delivered,1,1,1,,
exp-40a9cd647575,run-fe7a26d58064e8dc,claim-f823f2e2786f5df2,sig-88abc1d02010ae98,delivered,1,1,1,,
exp-40a9cd647575,run-0c7f7d168f1509e0,claim-9768387ff49db430,sig-88b36b43063d3480,delivered,1,1,1,,
exp-40a9cd647575,run-1e0ba3c3954c7ccf,claim-7ef99153cc41d848,sig-89321010d3cd640b,delivered,1,1,1,,
exp-40a9cd647575,run-d0fa4ba0dd287bb4,claim-7ef99153cc41d848,sig-89321010d3cd640b,delivered,1,1,1,,
exp-40a9cd647575,run-f96aa93357eb541c,claim-7ef99153cc41d848,sig-89321010d3cd640b,delivered,1,1,1,,
exp-40a9cd647575,run-1395b56d6fc8e924,claim-d2f05a7f92b3c300,sig-893b49a5cf461178,delivered,1,1,1,,
exp-40a9cd647575,run-84afe91bc77f7d66,claim-d2f05a7f92b3c300,sig-893b49a5cf461178,delivered,1,1,1,,
exp-40a9cd647575,run-e3abc9bf556d7a45,claim-d2f05a7f92b3c300,sig-893b49a5cf461178,delivered,1,1,1,,
exp-40a9cd647575,run-94dc0505d98b1125,claim-e2f4cbaaf343e64f,sig-89fb314890167b5c,delivered,1,1,1,,
exp-40a9cd647575,run-a98623393b9f4912,claim-e2f4cbaaf343e64f,sig-89fb314890167b5c,delivered,1,1,1,,
exp-40a9cd647575,run-f2047b965149efbc,claim-e2f4cbaaf343e64f,sig-89fb314890167b5c,delivered,1,1,1,,
exp-40a9cd647575,run-5dff6533050fc9bf,claim-50e2d97fcc833929,sig-8a2767e885cfc76c,delivered,1,1,1,,
exp-40a9cd647575,run-e3a76e2898f5c2fc,claim-50e2d97fcc833929,sig-8a2767e885cfc76c,delivered,1,1,1,,
exp-40a9cd647575,run-b0b6aff3256f63f3,claim-2e2299045fa7ddb3,sig-8a424676e35137a0,delivered,1,1,1,,
exp-40a9cd647575,run-edddb80b074c7c76,claim-2e2299045fa7ddb3,sig-8a424676e35137a0,delivered,1,1,1,,
exp-40a9cd647575,run-d7f178f578257fb9,claim-7fe31ebb30384314,sig-8a5e0d2734736cf1,delivered,1,1,1,,
exp-40a9cd647575,run-9d1a12cb2591f457,claim-da139a45278e62cf,sig-8a8bb3cf9132106c,delivered,1,1,1,,
exp-40a9cd647575,run-d833fa81f508835a,claim-da139a45278e62cf,sig-8a8bb3cf9132106c,delivered,1,1,1,,
exp-40a9cd647575,run-da01527933e27f3c,claim-da139a45278e62cf,sig-8a8bb3cf9132106c,delivered,1,1,1,,
exp-40a9cd647575,run-04199a1317aaf4d6,claim-b821f04fe480c71f,sig-8b5f7d5617c848e4,delivered,1,1,1,,
exp-40a9cd647575,run-04ef79de6332407d,claim-b821f04fe480c71f,sig-8b5f7d5617c848e4,delivered,1,1,1,,
exp-40a9cd647575,run-10552c1cef134ebe,claim-b821f04fe480c71f,sig-8b5f7d5617c848e4,delivered,1,1,1,,
exp-40a9cd647575,run-793cb59b50eec427,claim-b821f04fe480c71f,sig-8b5f7d5617c848e4,delivered,1,1,1,,
exp-40a9cd647575,run-d7f178f578257fb9,claim-b821f04fe480c71f,sig-8b5f7d5617c848e4,delivered,1,1,1,,
exp-40a9cd647575,run-e7c9956e48cc45c9,claim-b821f04fe480c71f,sig-8b5f7d5617c848e4,delivered,1,1,1,,
exp-40a9cd647575,run-1e668964b4c24319,claim-2202ae5da5008f54,sig-8beb9f8ed3719491,delivered,1,1,1,,
exp-40a9cd647575,run-324dbfbe7cd8573b,claim-2202ae5da5008f54,sig-8beb9f8ed3719491,delivered,1,1,1,,
exp-40a9cd647575,run-4bf63d232e1e4028,claim-2202ae5da5008f54,sig-8beb9f8ed3719491,delivered,1,1,1,,
exp-40a9cd647575,run-ee5ebbe1776e3593,claim-2202ae5da5008f54,sig-8beb9f8ed3719491,delivered,1,1,1,,
exp-40a9cd647575,run-16c8c4cbda3a67ff,claim-183000eadbf4f0de,sig-8bf30c3faf3fac1b,delivered,1,1,1,,
exp-40a9cd647575,run-2014c584d6b7abe3,claim-183000eadbf4f0de,sig-8bf30c3faf3fac1b,delivered,1,1,1,,
exp-40a9cd647575,run-243c9483fa7e0adf,claim-183000eadbf4f0de,sig-8bf30c3faf3fac1b,delivered,1,1,1,,
exp-40a9cd647575,run-5d2e6e2b79282ca0,claim-183000eadbf4f0de,sig-8bf30c3faf3fac1b,delivered,1,1,1,,
exp-40a9cd647575,run-6f9234be022646e9,claim-183000eadbf4f0de,sig-8bf30c3faf3fac1b,delivered,1,1,1,,
exp-40a9cd647575,run-9332cdf03b96bf12,claim-183000eadbf4f0de,sig-8bf30c3faf3fac1b,delivered,1,1,1,,
exp-40a9cd647575,run-a5eaf6305b9044fe,claim-183000eadbf4f0de,sig-8bf30c3faf3fac1b,delivered,1,1,1,,
exp-40a9cd647575,run-afceedbf298a91a6,claim-183000eadbf4f0de,sig-8bf30c3faf3fac1b,delivered,1,1,1,,
exp-40a9cd647575,run-16c8c4cbda3a67ff,claim-07f5bca4cf795844,sig-8ca33740c41dbfb3,delivered,1,1,1,,
exp-40a9cd647575,run-55c8e29cfa8c9641,claim-07f5bca4cf795844,sig-8ca33740c41dbfb3,delivered,1,1,1,,
exp-40a9cd647575,run-5dff6533050fc9bf,claim-91721dd9d53403d4,sig-8cacffa8e19108c6,delivered,1,1,1,,
exp-40a9cd647575,run-974c2e173586b95d,claim-91721dd9d53403d4,sig-8cacffa8e19108c6,delivered,1,1,1,,
exp-40a9cd647575,run-539160a33de1339f,claim-888dd8e65ebd1e0c,sig-8d6cc041dc38ffb2,delivered,1,1,1,,
exp-40a9cd647575,run-611904a79457240a,claim-888dd8e65ebd1e0c,sig-8d6cc041dc38ffb2,delivered,1,1,1,,
exp-40a9cd647575,run-89dda70ea9ef85f4,claim-888dd8e65ebd1e0c,sig-8d6cc041dc38ffb2,delivered,1,1,1,,
exp-40a9cd647575,run-9743848c2e583907,claim-888dd8e65ebd1e0c,sig-8d6cc041dc38ffb2,delivered,1,1,1,,
exp-40a9cd647575,run-b1d9241e2abafa16,claim-888dd8e65ebd1e0c,sig-8d6cc041dc38ffb2,delivered,1,1,1,,
exp-40a9cd647575,run-befb1059eb8a4f2b,claim-888dd8e65ebd1e0c,sig-8d6cc041dc38ffb2,delivered,1,1,1,,
exp-40a9cd647575,run-d41da11c672e910a,claim-888dd8e65ebd1e0c,sig-8d6cc041dc38ffb2,delivered,1,1,1,,
exp-40a9cd647575,run-25b1a4c18ff8cdfe,claim-b26c9c6ebba08edf,sig-8e76edc01a80d8c3,delivered,1,1,1,,
exp-40a9cd647575,run-62b9c429b0e1fee1,claim-b26c9c6ebba08edf,sig-8e76edc01a80d8c3,delivered,1,1,1,,
exp-40a9cd647575,run-b2960756b22de028,claim-b26c9c6ebba08edf,sig-8e76edc01a80d8c3,delivered,1,1,1,,
exp-40a9cd647575,run-dab5d4df9ae936a4,claim-b26c9c6ebba08edf,sig-8e76edc01a80d8c3,delivered,1,1,1,,
exp-40a9cd647575,run-0157f532598e4b4f,claim-3ad4bd8c345d4a9e,sig-8e9d14048c8faaff,delivered,1,1,1,,
exp-40a9cd647575,run-3704234e0044445c,claim-3ad4bd8c345d4a9e,sig-8e9d14048c8faaff,delivered,1,1,1,,
exp-40a9cd647575,run-4893f98223124ec7,claim-3ad4bd8c345d4a9e,sig-8e9d14048c8faaff,delivered,1,1,1,,
exp-40a9cd647575,run-5e2cbaadd2aed0b1,claim-3ad4bd8c345d4a9e,sig-8e9d14048c8faaff,delivered,1,1,1,,
exp-40a9cd647575,run-622746ed303f2c0d,claim-3ad4bd8c345d4a9e,sig-8e9d14048c8faaff,delivered,1,1,1,,
exp-40a9cd647575,run-930b76d107e5cff8,claim-3ad4bd8c345d4a9e,sig-8e9d14048c8faaff,delivered,1,1,1,,
exp-40a9cd647575,run-a54490d340d095c6,claim-3ad4bd8c345d4a9e,sig-8e9d14048c8faaff,delivered,1,1,1,,
exp-40a9cd647575,run-afb024d797a37c69,claim-3ad4bd8c345d4a9e,sig-8e9d14048c8faaff,delivered,1,1,1,,
exp-40a9cd647575,run-ca316ef87f1e1d94,claim-3ad4bd8c345d4a9e,sig-8e9d14048c8faaff,delivered,1,1,1,,
exp-40a9cd647575,run-dd41e26e383b6e47,claim-3ad4bd8c345d4a9e,sig-8e9d14048c8faaff,delivered,1,1,1,,
exp-40a9cd647575,run-e4a4806cd80056a6,claim-3ad4bd8c345d4a9e,sig-8e9d14048c8faaff,delivered,1,1,1,,
exp-40a9cd647575,run-e7a6944b52a20ca5,claim-3ad4bd8c345d4a9e,sig-8e9d14048c8faaff,delivered,1,1,1,,
exp-40a9cd647575,run-85cbabcaed591d3e,claim-f6fbd5e6aa623c88,sig-8f1e1efa348db1cd,delivered,1,1,1,,
exp-40a9cd647575,run-b9e398623f533076,claim-f6fbd5e6aa623c88,sig-8f1e1efa348db1cd,delivered,1,1,1,,
exp-40a9cd647575,run-c046dfb52bd9e84d,claim-f6fbd5e6aa623c88,sig-8f1e1efa348db1cd,delivered,1,1,1,,
exp-40a9cd647575,run-e0d708a90a8e4911,claim-f6fbd5e6aa623c88,sig-8f1e1efa348db1cd,delivered,1,1,1,,
exp-40a9cd647575,run-654c7c2b618f3aed,claim-bdd71b4be152e236,sig-8f30489d0ff0f27b,delivered,1,1,1,,
exp-40a9cd647575,run-3704234e0044445c,claim-1acaf2b9c7e95bc5,sig-8f333b771ad2f4e8,delivered,1,1,1,,
exp-40a9cd647575,run-930b76d107e5cff8,claim-1acaf2b9c7e95bc5,sig-8f333b771ad2f4e8,delivered,1,1,1,,
exp-40a9cd647575,run-e4a4806cd80056a6,claim-1acaf2b9c7e95bc5,sig-8f333b771ad2f4e8,delivered,1,1,1,,
exp-40a9cd647575,run-55c8e29cfa8c9641,claim-892e1b5660a2b24f,sig-8f4d6b6ca88c99a3,delivered,1,1,1,,
exp-40a9cd647575,run-7e985e6525696145,claim-d4e1722b468e1db4,sig-8f7a8809d3eeb161,delivered,1,1,1,,
exp-40a9cd647575,run-1bf11ade46e0d5c8,claim-7fe31ebb30384314,sig-907c0b3c9d0aeecb,delivered,1,1,1,,
exp-40a9cd647575,run-22bedfbb4ba39ae8,claim-7fe31ebb30384314,sig-907c0b3c9d0aeecb,delivered,1,1,1,,
exp-40a9cd647575,run-37a65f6f11d43275,claim-7fe31ebb30384314,sig-907c0b3c9d0aeecb,delivered,1,1,1,,
exp-40a9cd647575,run-81319bcbcd98673c,claim-7fe31ebb30384314,sig-907c0b3c9d0aeecb,delivered,1,1,1,,
exp-40a9cd647575,run-94f7d1e13d63a2ae,claim-7fe31ebb30384314,sig-907c0b3c9d0aeecb,delivered,1,1,1,,
exp-40a9cd647575,run-c72a51f33480a443,claim-7fe31ebb30384314,sig-907c0b3c9d0aeecb,delivered,1,1,1,,
exp-40a9cd647575,run-5dff6533050fc9bf,claim-d97f613427409366,sig-90c7ebf78b7753fe,delivered,1,1,1,,
exp-40a9cd647575,run-1938ed72bf14b97b,claim-63769fa40bf6f326,sig-90ff3d1e1332a044,delivered,1,1,1,,
exp-40a9cd647575,run-6f9234be022646e9,claim-60c5e7ccacc5cc1a,sig-9117c8bcb37ad20c,delivered,1,1,1,,
exp-40a9cd647575,run-04ef79de6332407d,claim-4e75e5fbafab8c85,sig-913c7a6b49f6c8e4,delivered,1,1,1,,
exp-40a9cd647575,run-10552c1cef134ebe,claim-4e75e5fbafab8c85,sig-913c7a6b49f6c8e4,delivered,1,1,1,,
exp-40a9cd647575,run-419b34c10574e0d7,claim-4e75e5fbafab8c85,sig-913c7a6b49f6c8e4,delivered,1,1,1,,
exp-40a9cd647575,run-243c9483fa7e0adf,claim-615e8947206a3c3f,sig-91b8560c2cc760d7,delivered,1,1,1,,
exp-40a9cd647575,run-5d2e6e2b79282ca0,claim-615e8947206a3c3f,sig-91b8560c2cc760d7,delivered,1,1,1,,
exp-40a9cd647575,run-5dff6533050fc9bf,claim-615e8947206a3c3f,sig-91b8560c2cc760d7,delivered,1,1,1,,
exp-40a9cd647575,run-9332cdf03b96bf12,claim-615e8947206a3c3f,sig-91b8560c2cc760d7,delivered,1,1,1,,
exp-40a9cd647575,run-afceedbf298a91a6,claim-615e8947206a3c3f,sig-91b8560c2cc760d7,delivered,1,1,1,,
exp-40a9cd647575,run-25b1a4c18ff8cdfe,claim-0d5063463dee2e22,sig-91fff45f4452999b,delivered,1,1,1,,
exp-40a9cd647575,run-546a7e3ed4b2749b,claim-b576bdaa57856f92,sig-92ac10d5592abca1,delivered,1,1,1,,
exp-40a9cd647575,run-823f79ffe02484d0,claim-b576bdaa57856f92,sig-92ac10d5592abca1,delivered,1,1,1,,
exp-40a9cd647575,run-0157f532598e4b4f,claim-6536571af47d329f,sig-944b33e027dfcbaa,delivered,1,1,1,,
exp-40a9cd647575,run-4893f98223124ec7,claim-6536571af47d329f,sig-944b33e027dfcbaa,delivered,1,1,1,,
exp-40a9cd647575,run-5e2cbaadd2aed0b1,claim-6536571af47d329f,sig-944b33e027dfcbaa,delivered,1,1,1,,
exp-40a9cd647575,run-622746ed303f2c0d,claim-6536571af47d329f,sig-944b33e027dfcbaa,delivered,1,1,1,,
exp-40a9cd647575,run-87b80a2f839f80f8,claim-6536571af47d329f,sig-944b33e027dfcbaa,delivered,1,1,1,,
exp-40a9cd647575,run-a54490d340d095c6,claim-6536571af47d329f,sig-944b33e027dfcbaa,delivered,1,1,1,,
exp-40a9cd647575,run-afb024d797a37c69,claim-6536571af47d329f,sig-944b33e027dfcbaa,delivered,1,1,1,,
exp-40a9cd647575,run-dcec6376163df8fc,claim-6536571af47d329f,sig-944b33e027dfcbaa,delivered,1,1,1,,
exp-40a9cd647575,run-e7a6944b52a20ca5,claim-6536571af47d329f,sig-944b33e027dfcbaa,delivered,1,1,1,,
exp-40a9cd647575,run-dd7de3867f884932,claim-bd8e4d225989b926,sig-94529996f706a64c,delivered,1,1,1,,
exp-40a9cd647575,run-9d1a12cb2591f457,claim-00eb7089d79fcba7,sig-9501c190c93d1541,delivered,1,1,1,,
exp-40a9cd647575,run-bc6941a815dfc8ff,claim-00eb7089d79fcba7,sig-9501c190c93d1541,delivered,1,1,1,,
exp-40a9cd647575,run-d833fa81f508835a,claim-00eb7089d79fcba7,sig-9501c190c93d1541,delivered,1,1,1,,
exp-40a9cd647575,run-da01527933e27f3c,claim-00eb7089d79fcba7,sig-9501c190c93d1541,delivered,1,1,1,,
exp-40a9cd647575,run-4292659382907599,claim-157f032a9600c9c1,sig-952b6ee0e816e5a2,delivered,1,1,1,,
exp-40a9cd647575,run-8b3f8acda4a32c84,claim-157f032a9600c9c1,sig-952b6ee0e816e5a2,delivered,1,1,1,,
exp-40a9cd647575,run-ace8bf7a52ee7605,claim-157f032a9600c9c1,sig-952b6ee0e816e5a2,delivered,1,1,1,,
exp-40a9cd647575,run-affd2b9b1ab246dd,claim-157f032a9600c9c1,sig-952b6ee0e816e5a2,delivered,1,1,1,,
exp-40a9cd647575,run-4337e1188bc3cbdd,claim-67b2e4c49bdc7587,sig-95327125345d33d2,delivered,1,1,1,,
exp-40a9cd647575,run-4b6183de42fffe52,claim-67b2e4c49bdc7587,sig-95327125345d33d2,delivered,1,1,1,,
exp-40a9cd647575,run-937dfd5cfbd8926d,claim-67b2e4c49bdc7587,sig-95327125345d33d2,delivered,1,1,1,,
exp-40a9cd647575,run-a1496348f76e4af2,claim-67b2e4c49bdc7587,sig-95327125345d33d2,delivered,1,1,1,,
exp-40a9cd647575,run-be1afd4e17c162e6,claim-67b2e4c49bdc7587,sig-95327125345d33d2,delivered,1,1,1,,
exp-40a9cd647575,run-5e0f13ec0da33c69,claim-1f5aa82c73817981,sig-9543a2d8f1c5ea50,delivered,1,1,1,,
exp-40a9cd647575,run-6f9234be022646e9,claim-dba0771827d80c33,sig-959149659eee5ef6,delivered,1,1,1,,
exp-40a9cd647575,run-a5eaf6305b9044fe,claim-dba0771827d80c33,sig-959149659eee5ef6,delivered,1,1,1,,
exp-40a9cd647575,run-13636c78ccc51a0e,claim-130d9d5b213bc0a0,sig-95c5a1efbab0eb6b,delivered,1,1,1,,
exp-40a9cd647575,run-39d61cb1eca880d8,claim-130d9d5b213bc0a0,sig-95c5a1efbab0eb6b,delivered,1,1,1,,
exp-40a9cd647575,run-5146b6b94268cb8e,claim-130d9d5b213bc0a0,sig-95c5a1efbab0eb6b,delivered,1,1,1,,
exp-40a9cd647575,run-57707206b4378d12,claim-130d9d5b213bc0a0,sig-95c5a1efbab0eb6b,delivered,1,1,1,,
exp-40a9cd647575,run-b45d4176e65e5906,claim-130d9d5b213bc0a0,sig-95c5a1efbab0eb6b,delivered,1,1,1,,
exp-40a9cd647575,run-1938ed72bf14b97b,claim-8722749428a58b51,sig-95c97d83ac2e6d10,delivered,1,1,1,,
exp-40a9cd647575,run-4d6657cbd89092bb,claim-8722749428a58b51,sig-95c97d83ac2e6d10,delivered,1,1,1,,
exp-40a9cd647575,run-5ba7ce50f4958746,claim-8722749428a58b51,sig-95c97d83ac2e6d10,delivered,1,1,1,,
exp-40a9cd647575,run-9b89791550e9ef70,claim-8722749428a58b51,sig-95c97d83ac2e6d10,delivered,1,1,1,,
exp-40a9cd647575,run-a07b4c8d8ca12c5a,claim-8722749428a58b51,sig-95c97d83ac2e6d10,delivered,1,1,1,,
exp-40a9cd647575,run-a422a5b8b642038d,claim-8722749428a58b51,sig-95c97d83ac2e6d10,delivered,1,1,1,,
exp-40a9cd647575,run-cbadac524b3b1865,claim-8722749428a58b51,sig-95c97d83ac2e6d10,delivered,1,1,1,,
exp-40a9cd647575,run-dcec6376163df8fc,claim-8722749428a58b51,sig-95c97d83ac2e6d10,delivered,1,1,1,,
exp-40a9cd647575,run-f6dab0a15f9b5781,claim-8722749428a58b51,sig-95c97d83ac2e6d10,delivered,1,1,1,,
exp-40a9cd647575,run-974c2e173586b95d,claim-b3fc174c05e45747,sig-95da9819b85200b5,delivered,1,1,1,,
exp-40a9cd647575,run-546a7e3ed4b2749b,claim-8722749428a58b51,sig-9600caafa7aa81aa,delivered,1,1,1,,
exp-40a9cd647575,run-5e0f13ec0da33c69,claim-8722749428a58b51,sig-9600caafa7aa81aa,delivered,1,1,1,,
exp-40a9cd647575,run-823f79ffe02484d0,claim-8722749428a58b51,sig-9600caafa7aa81aa,delivered,1,1,1,,
exp-40a9cd647575,run-897ec7b867f5ca68,claim-8722749428a58b51,sig-9600caafa7aa81aa,delivered,1,1,1,,
exp-40a9cd647575,run-ca316ef87f1e1d94,claim-8722749428a58b51,sig-9600caafa7aa81aa,delivered,1,1,1,,
exp-40a9cd647575,run-d62426bd09776395,claim-8722749428a58b51,sig-9600caafa7aa81aa,delivered,1,1,1,,
exp-40a9cd647575,run-dd41e26e383b6e47,claim-8722749428a58b51,sig-9600caafa7aa81aa,delivered,1,1,1,,
exp-40a9cd647575,run-ebc9aaf788547725,claim-8722749428a58b51,sig-9600caafa7aa81aa,delivered,1,1,1,,
exp-40a9cd647575,run-13636c78ccc51a0e,claim-1cc7b7a1d5beb0c9,sig-96040e654c99ca9e,delivered,1,1,1,,
exp-40a9cd647575,run-39d61cb1eca880d8,claim-1cc7b7a1d5beb0c9,sig-96040e654c99ca9e,delivered,1,1,1,,
exp-40a9cd647575,run-5146b6b94268cb8e,claim-1cc7b7a1d5beb0c9,sig-96040e654c99ca9e,delivered,1,1,1,,
exp-40a9cd647575,run-b45d4176e65e5906,claim-1cc7b7a1d5beb0c9,sig-96040e654c99ca9e,delivered,1,1,1,,
exp-40a9cd647575,run-1e0ba3c3954c7ccf,claim-b21499df47cca88b,sig-9632ebe84ccc3036,delivered,1,1,1,,
exp-40a9cd647575,run-d0fa4ba0dd287bb4,claim-b21499df47cca88b,sig-9632ebe84ccc3036,delivered,1,1,1,,
exp-40a9cd647575,run-04199a1317aaf4d6,claim-f8bae1eff92ebd13,sig-96dbb4039cf6def8,delivered,1,1,1,,
exp-40a9cd647575,run-1938ed72bf14b97b,claim-f8bae1eff92ebd13,sig-96dbb4039cf6def8,delivered,1,1,1,,
exp-40a9cd647575,run-1bf11ade46e0d5c8,claim-f8bae1eff92ebd13,sig-96dbb4039cf6def8,delivered,1,1,1,,
exp-40a9cd647575,run-22bedfbb4ba39ae8,claim-f8bae1eff92ebd13,sig-96dbb4039cf6def8,delivered,1,1,1,,
exp-40a9cd647575,run-37a65f6f11d43275,claim-f8bae1eff92ebd13,sig-96dbb4039cf6def8,delivered,1,1,1,,
exp-40a9cd647575,run-3fac34c2107fdb3d,claim-f8bae1eff92ebd13,sig-96dbb4039cf6def8,delivered,1,1,1,,
exp-40a9cd647575,run-4d6657cbd89092bb,claim-f8bae1eff92ebd13,sig-96dbb4039cf6def8,delivered,1,1,1,,
exp-40a9cd647575,run-5544965755d02fca,claim-f8bae1eff92ebd13,sig-96dbb4039cf6def8,delivered,1,1,1,,
exp-40a9cd647575,run-5ba7ce50f4958746,claim-f8bae1eff92ebd13,sig-96dbb4039cf6def8,delivered,1,1,1,,
exp-40a9cd647575,run-6474c7fea2bc101b,claim-f8bae1eff92ebd13,sig-96dbb4039cf6def8,delivered,1,1,1,,
exp-40a9cd647575,run-6603f070d7a74f3c,claim-f8bae1eff92ebd13,sig-96dbb4039cf6def8,delivered,1,1,1,,
exp-40a9cd647575,run-793cb59b50eec427,claim-f8bae1eff92ebd13,sig-96dbb4039cf6def8,delivered,1,1,1,,
exp-40a9cd647575,run-81319bcbcd98673c,claim-f8bae1eff92ebd13,sig-96dbb4039cf6def8,delivered,1,1,1,,
exp-40a9cd647575,run-85cbabcaed591d3e,claim-f8bae1eff92ebd13,sig-96dbb4039cf6def8,delivered,1,1,1,,
exp-40a9cd647575,run-87b80a2f839f80f8,claim-f8bae1eff92ebd13,sig-96dbb4039cf6def8,delivered,1,1,1,,
exp-40a9cd647575,run-8b25b1d989f4d599,claim-f8bae1eff92ebd13,sig-96dbb4039cf6def8,delivered,1,1,1,,
exp-40a9cd647575,run-94f7d1e13d63a2ae,claim-f8bae1eff92ebd13,sig-96dbb4039cf6def8,delivered,1,1,1,,
exp-40a9cd647575,run-95b1d24ba8f7a546,claim-f8bae1eff92ebd13,sig-96dbb4039cf6def8,delivered,1,1,1,,
exp-40a9cd647575,run-99e816661430c66e,claim-f8bae1eff92ebd13,sig-96dbb4039cf6def8,delivered,1,1,1,,
exp-40a9cd647575,run-9b89791550e9ef70,claim-f8bae1eff92ebd13,sig-96dbb4039cf6def8,delivered,1,1,1,,
exp-40a9cd647575,run-a07b4c8d8ca12c5a,claim-f8bae1eff92ebd13,sig-96dbb4039cf6def8,delivered,1,1,1,,
exp-40a9cd647575,run-a422a5b8b642038d,claim-f8bae1eff92ebd13,sig-96dbb4039cf6def8,delivered,1,1,1,,
exp-40a9cd647575,run-b4594bd0d15cc5e0,claim-f8bae1eff92ebd13,sig-96dbb4039cf6def8,delivered,1,1,1,,
exp-40a9cd647575,run-b9e398623f533076,claim-f8bae1eff92ebd13,sig-96dbb4039cf6def8,delivered,1,1,1,,
exp-40a9cd647575,run-bc800b63a2891e00,claim-f8bae1eff92ebd13,sig-96dbb4039cf6def8,delivered,1,1,1,,
exp-40a9cd647575,run-be1afd4e17c162e6,claim-f8bae1eff92ebd13,sig-96dbb4039cf6def8,delivered,1,1,1,,
exp-40a9cd647575,run-c046dfb52bd9e84d,claim-f8bae1eff92ebd13,sig-96dbb4039cf6def8,delivered,1,1,1,,
exp-40a9cd647575,run-c6c4e2e7bfa89ee6,claim-f8bae1eff92ebd13,sig-96dbb4039cf6def8,delivered,1,1,1,,
exp-40a9cd647575,run-c72a51f33480a443,claim-f8bae1eff92ebd13,sig-96dbb4039cf6def8,delivered,1,1,1,,
exp-40a9cd647575,run-cbadac524b3b1865,claim-f8bae1eff92ebd13,sig-96dbb4039cf6def8,delivered,1,1,1,,
exp-40a9cd647575,run-d4c741a10716a606,claim-f8bae1eff92ebd13,sig-96dbb4039cf6def8,delivered,1,1,1,,
exp-40a9cd647575,run-d533db1177852d34,claim-f8bae1eff92ebd13,sig-96dbb4039cf6def8,delivered,1,1,1,,
exp-40a9cd647575,run-d62426bd09776395,claim-f8bae1eff92ebd13,sig-96dbb4039cf6def8,delivered,1,1,1,,
exp-40a9cd647575,run-d7f178f578257fb9,claim-f8bae1eff92ebd13,sig-96dbb4039cf6def8,delivered,1,1,1,,
exp-40a9cd647575,run-dcec6376163df8fc,claim-f8bae1eff92ebd13,sig-96dbb4039cf6def8,delivered,1,1,1,,
exp-40a9cd647575,run-e0d708a90a8e4911,claim-f8bae1eff92ebd13,sig-96dbb4039cf6def8,delivered,1,1,1,,
exp-40a9cd647575,run-e7c9956e48cc45c9,claim-f8bae1eff92ebd13,sig-96dbb4039cf6def8,delivered,1,1,1,,
exp-40a9cd647575,run-f624b0f51a068b4e,claim-f8bae1eff92ebd13,sig-96dbb4039cf6def8,delivered,1,1,1,,
exp-40a9cd647575,run-f6dab0a15f9b5781,claim-f8bae1eff92ebd13,sig-96dbb4039cf6def8,delivered,1,1,1,,
exp-40a9cd647575,run-fe7a26d58064e8dc,claim-f8bae1eff92ebd13,sig-96dbb4039cf6def8,delivered,1,1,1,,
exp-40a9cd647575,run-5093d78945736d5b,claim-1bde49630ea3e085,sig-96e0d054a2f9fb58,delivered,1,1,1,,
exp-40a9cd647575,run-539160a33de1339f,claim-1bde49630ea3e085,sig-96e0d054a2f9fb58,delivered,1,1,1,,
exp-40a9cd647575,run-04ef79de6332407d,claim-8d19bb31d9e13ca6,sig-977a86f245dcc65f,delivered,1,1,1,,
exp-40a9cd647575,run-10552c1cef134ebe,claim-8d19bb31d9e13ca6,sig-977a86f245dcc65f,delivered,1,1,1,,
exp-40a9cd647575,run-7e985e6525696145,claim-8d19bb31d9e13ca6,sig-977a86f245dcc65f,delivered,1,1,1,,
exp-40a9cd647575,run-5dff6533050fc9bf,claim-dac83d125d271d5f,sig-97be16aa1897f861,delivered,1,1,1,,
exp-40a9cd647575,run-d7f178f578257fb9,claim-3ae82f5b59a482b8,sig-98c8def3e6a0bbb6,delivered,1,1,1,,
exp-40a9cd647575,run-04ef79de6332407d,claim-15a9a459a2f0ffa0,sig-98ec81243192b73d,delivered,1,1,1,,
exp-40a9cd647575,run-10552c1cef134ebe,claim-15a9a459a2f0ffa0,sig-98ec81243192b73d,delivered,1,1,1,,
exp-40a9cd647575,run-7e985e6525696145,claim-15a9a459a2f0ffa0,sig-98ec81243192b73d,delivered,1,1,1,,
exp-40a9cd647575,run-6f9234be022646e9,claim-9afeb44b4732d9a4,sig-9bd2421f29d3d2de,delivered,1,1,1,,
exp-40a9cd647575,run-a5eaf6305b9044fe,claim-9afeb44b4732d9a4,sig-9bd2421f29d3d2de,delivered,1,1,1,,
exp-40a9cd647575,run-1bf11ade46e0d5c8,claim-c58bb2d8f4035612,sig-9bee2cfb8d160602,delivered,1,1,1,,
exp-40a9cd647575,run-22bedfbb4ba39ae8,claim-c58bb2d8f4035612,sig-9bee2cfb8d160602,delivered,1,1,1,,
exp-40a9cd647575,run-37a65f6f11d43275,claim-c58bb2d8f4035612,sig-9bee2cfb8d160602,delivered,1,1,1,,
exp-40a9cd647575,run-81319bcbcd98673c,claim-c58bb2d8f4035612,sig-9bee2cfb8d160602,delivered,1,1,1,,
exp-40a9cd647575,run-94f7d1e13d63a2ae,claim-c58bb2d8f4035612,sig-9bee2cfb8d160602,delivered,1,1,1,,
exp-40a9cd647575,run-c72a51f33480a443,claim-c58bb2d8f4035612,sig-9bee2cfb8d160602,delivered,1,1,1,,
exp-40a9cd647575,run-3fac34c2107fdb3d,claim-63769fa40bf6f326,sig-9c017829be15b464,delivered,1,1,1,,
exp-40a9cd647575,run-99e816661430c66e,claim-63769fa40bf6f326,sig-9c017829be15b464,delivered,1,1,1,,
exp-40a9cd647575,run-9d1a12cb2591f457,claim-17fdbae823077f63,sig-9c962da4a7e7f22b,delivered,1,1,1,,
exp-40a9cd647575,run-bc6941a815dfc8ff,claim-17fdbae823077f63,sig-9c962da4a7e7f22b,delivered,1,1,1,,
exp-40a9cd647575,run-d833fa81f508835a,claim-17fdbae823077f63,sig-9c962da4a7e7f22b,delivered,1,1,1,,
exp-40a9cd647575,run-da01527933e27f3c,claim-17fdbae823077f63,sig-9c962da4a7e7f22b,delivered,1,1,1,,
exp-40a9cd647575,run-6f9234be022646e9,claim-615e8947206a3c3f,sig-9d0eccde34a02bde,delivered,1,1,1,,
exp-40a9cd647575,run-a5eaf6305b9044fe,claim-615e8947206a3c3f,sig-9d0eccde34a02bde,delivered,1,1,1,,
exp-40a9cd647575,run-1938ed72bf14b97b,claim-6a4c36f5c005d430,sig-9d8692fe6e3e0887,delivered,1,1,1,,
exp-40a9cd647575,run-13636c78ccc51a0e,claim-d00da94479912437,sig-9dfde06cfd0ca0b9,delivered,1,1,1,,
exp-40a9cd647575,run-39d61cb1eca880d8,claim-d00da94479912437,sig-9dfde06cfd0ca0b9,delivered,1,1,1,,
exp-40a9cd647575,run-b45d4176e65e5906,claim-d00da94479912437,sig-9dfde06cfd0ca0b9,delivered,1,1,1,,
exp-40a9cd647575,run-ca316ef87f1e1d94,claim-1acaf2b9c7e95bc5,sig-9e1de2b92824d6ff,delivered,1,1,1,,
exp-40a9cd647575,run-59a9fcc2972db0b9,claim-493ac9112f25f02d,sig-9ee1f1066ef8a30c,delivered,1,1,1,,
exp-40a9cd647575,run-6603f070d7a74f3c,claim-767e05300c5c9a33,sig-9f77df0197974bcd,delivered,1,1,1,,
exp-40a9cd647575,run-bc6941a815dfc8ff,claim-767e05300c5c9a33,sig-9f77df0197974bcd,delivered,1,1,1,,
exp-40a9cd647575,run-1938ed72bf14b97b,claim-e101664b3ad6aaa0,sig-a02b338b59a11a28,delivered,1,1,1,,
exp-40a9cd647575,run-3fac34c2107fdb3d,claim-105f843f29d4e4ae,sig-a03666ed552575cd,delivered,1,1,1,,
exp-40a9cd647575,run-dd7de3867f884932,claim-105f843f29d4e4ae,sig-a03666ed552575cd,delivered,1,1,1,,
exp-40a9cd647575,run-2014c584d6b7abe3,claim-157f032a9600c9c1,sig-a043ced46e47fc90,delivered,1,1,1,,
exp-40a9cd647575,run-55c8e29cfa8c9641,claim-157f032a9600c9c1,sig-a043ced46e47fc90,delivered,1,1,1,,
exp-40a9cd647575,run-0ce9678e58d522e5,claim-0a973b5083b40829,sig-a0b6c24976a48a11,delivered,1,1,1,,
exp-40a9cd647575,run-04199a1317aaf4d6,claim-0ec1951b3ffdeff2,sig-a14c7d0cd1aaa616,delivered,1,1,1,,
exp-40a9cd647575,run-793cb59b50eec427,claim-0ec1951b3ffdeff2,sig-a14c7d0cd1aaa616,delivered,1,1,1,,
exp-40a9cd647575,run-57707206b4378d12,claim-d57628ed886b9397,sig-a1cb393f49aee090,delivered,1,1,1,,
exp-40a9cd647575,run-a5eaf6305b9044fe,claim-7ce123ea30d76130,sig-a24df96318fa8931,delivered,1,1,1,,
exp-40a9cd647575,run-377799dabee681b2,claim-c4877a5cc7a9f05f,sig-a44b42b3ec31ae65,delivered,1,1,1,,
exp-40a9cd647575,run-57f8c4665d98f5e0,claim-c4877a5cc7a9f05f,sig-a44b42b3ec31ae65,delivered,1,1,1,,
exp-40a9cd647575,run-5e0f13ec0da33c69,claim-c4877a5cc7a9f05f,sig-a44b42b3ec31ae65,delivered,1,1,1,,
exp-40a9cd647575,run-654c7c2b618f3aed,claim-c4877a5cc7a9f05f,sig-a44b42b3ec31ae65,delivered,1,1,1,,
exp-40a9cd647575,run-823f79ffe02484d0,claim-c4877a5cc7a9f05f,sig-a44b42b3ec31ae65,delivered,1,1,1,,
exp-40a9cd647575,run-897ec7b867f5ca68,claim-c4877a5cc7a9f05f,sig-a44b42b3ec31ae65,delivered,1,1,1,,
exp-40a9cd647575,run-8b25b1d989f4d599,claim-c4877a5cc7a9f05f,sig-a44b42b3ec31ae65,delivered,1,1,1,,
exp-40a9cd647575,run-95b1d24ba8f7a546,claim-c4877a5cc7a9f05f,sig-a44b42b3ec31ae65,delivered,1,1,1,,
exp-40a9cd647575,run-b0b6aff3256f63f3,claim-c4877a5cc7a9f05f,sig-a44b42b3ec31ae65,delivered,1,1,1,,
exp-40a9cd647575,run-ca316ef87f1e1d94,claim-c4877a5cc7a9f05f,sig-a44b42b3ec31ae65,delivered,1,1,1,,
exp-40a9cd647575,run-d4c741a10716a606,claim-c4877a5cc7a9f05f,sig-a44b42b3ec31ae65,delivered,1,1,1,,
exp-40a9cd647575,run-d62426bd09776395,claim-c4877a5cc7a9f05f,sig-a44b42b3ec31ae65,delivered,1,1,1,,
exp-40a9cd647575,run-dd41e26e383b6e47,claim-c4877a5cc7a9f05f,sig-a44b42b3ec31ae65,delivered,1,1,1,,
exp-40a9cd647575,run-e7a6944b52a20ca5,claim-c4877a5cc7a9f05f,sig-a44b42b3ec31ae65,delivered,1,1,1,,
exp-40a9cd647575,run-ebc9aaf788547725,claim-c4877a5cc7a9f05f,sig-a44b42b3ec31ae65,delivered,1,1,1,,
exp-40a9cd647575,run-edddb80b074c7c76,claim-c4877a5cc7a9f05f,sig-a44b42b3ec31ae65,delivered,1,1,1,,
exp-40a9cd647575,run-fe7a26d58064e8dc,claim-c4877a5cc7a9f05f,sig-a44b42b3ec31ae65,delivered,1,1,1,,
exp-40a9cd647575,run-04ef79de6332407d,claim-2a836de363d15d3c,sig-a50531857b518f11,delivered,1,1,1,,
exp-40a9cd647575,run-10552c1cef134ebe,claim-2a836de363d15d3c,sig-a50531857b518f11,delivered,1,1,1,,
exp-40a9cd647575,run-7e985e6525696145,claim-2a836de363d15d3c,sig-a50531857b518f11,delivered,1,1,1,,
exp-40a9cd647575,run-04ef79de6332407d,claim-d2d73c1e6b916eb2,sig-a55b034c0e0bebe9,delivered,1,1,1,,
exp-40a9cd647575,run-10552c1cef134ebe,claim-d2d73c1e6b916eb2,sig-a55b034c0e0bebe9,delivered,1,1,1,,
exp-40a9cd647575,run-3704234e0044445c,claim-d2d73c1e6b916eb2,sig-a55b034c0e0bebe9,delivered,1,1,1,,
exp-40a9cd647575,run-5e0f13ec0da33c69,claim-d2d73c1e6b916eb2,sig-a55b034c0e0bebe9,delivered,1,1,1,,
exp-40a9cd647575,run-611904a79457240a,claim-d2d73c1e6b916eb2,sig-a55b034c0e0bebe9,delivered,1,1,1,,
exp-40a9cd647575,run-654c7c2b618f3aed,claim-d2d73c1e6b916eb2,sig-a55b034c0e0bebe9,delivered,1,1,1,,
exp-40a9cd647575,run-897ec7b867f5ca68,claim-d2d73c1e6b916eb2,sig-a55b034c0e0bebe9,delivered,1,1,1,,
exp-40a9cd647575,run-89dda70ea9ef85f4,claim-d2d73c1e6b916eb2,sig-a55b034c0e0bebe9,delivered,1,1,1,,
exp-40a9cd647575,run-930b76d107e5cff8,claim-d2d73c1e6b916eb2,sig-a55b034c0e0bebe9,delivered,1,1,1,,
exp-40a9cd647575,run-9743848c2e583907,claim-d2d73c1e6b916eb2,sig-a55b034c0e0bebe9,delivered,1,1,1,,
exp-40a9cd647575,run-9d1a12cb2591f457,claim-d2d73c1e6b916eb2,sig-a55b034c0e0bebe9,delivered,1,1,1,,
exp-40a9cd647575,run-b1d9241e2abafa16,claim-d2d73c1e6b916eb2,sig-a55b034c0e0bebe9,delivered,1,1,1,,
exp-40a9cd647575,run-bc6941a815dfc8ff,claim-d2d73c1e6b916eb2,sig-a55b034c0e0bebe9,delivered,1,1,1,,
exp-40a9cd647575,run-befb1059eb8a4f2b,claim-d2d73c1e6b916eb2,sig-a55b034c0e0bebe9,delivered,1,1,1,,
exp-40a9cd647575,run-ca316ef87f1e1d94,claim-d2d73c1e6b916eb2,sig-a55b034c0e0bebe9,delivered,1,1,1,,
exp-40a9cd647575,run-d41da11c672e910a,claim-d2d73c1e6b916eb2,sig-a55b034c0e0bebe9,delivered,1,1,1,,
exp-40a9cd647575,run-d833fa81f508835a,claim-d2d73c1e6b916eb2,sig-a55b034c0e0bebe9,delivered,1,1,1,,
exp-40a9cd647575,run-da01527933e27f3c,claim-d2d73c1e6b916eb2,sig-a55b034c0e0bebe9,delivered,1,1,1,,
exp-40a9cd647575,run-dd41e26e383b6e47,claim-d2d73c1e6b916eb2,sig-a55b034c0e0bebe9,delivered,1,1,1,,
exp-40a9cd647575,run-e4a4806cd80056a6,claim-d2d73c1e6b916eb2,sig-a55b034c0e0bebe9,delivered,1,1,1,,
exp-40a9cd647575,run-ebc9aaf788547725,claim-d2d73c1e6b916eb2,sig-a55b034c0e0bebe9,delivered,1,1,1,,
exp-40a9cd647575,run-1da582a91e501197,claim-ffea572f1dec63c9,sig-a587e7e6b230a009,delivered,0,0,1,,
exp-40a9cd647575,run-85375656a504b3d2,claim-ffea572f1dec63c9,sig-a587e7e6b230a009,delivered,0,0,1,,
exp-40a9cd647575,run-8eacfbda7a4da0c6,claim-ffea572f1dec63c9,sig-a587e7e6b230a009,delivered,0,0,1,,
exp-40a9cd647575,run-4292659382907599,claim-8b466ee35fe8b575,sig-a61ac8a9c14d3ed8,delivered,1,1,1,,
exp-40a9cd647575,run-8b3f8acda4a32c84,claim-8b466ee35fe8b575,sig-a61ac8a9c14d3ed8,delivered,1,1,1,,
exp-40a9cd647575,run-ace8bf7a52ee7605,claim-8b466ee35fe8b575,sig-a61ac8a9c14d3ed8,delivered,1,1,1,,
exp-40a9cd647575,run-affd2b9b1ab246dd,claim-8b466ee35fe8b575,sig-a61ac8a9c14d3ed8,delivered,1,1,1,,
exp-40a9cd647575,run-1938ed72bf14b97b,claim-6835dd660940a973,sig-a64df7681f564b30,delivered,1,1,1,,
exp-40a9cd647575,run-377799dabee681b2,claim-6835dd660940a973,sig-a64df7681f564b30,delivered,1,1,1,,
exp-40a9cd647575,run-3fac34c2107fdb3d,claim-6835dd660940a973,sig-a64df7681f564b30,delivered,1,1,1,,
exp-40a9cd647575,run-4d6657cbd89092bb,claim-6835dd660940a973,sig-a64df7681f564b30,delivered,1,1,1,,
exp-40a9cd647575,run-539160a33de1339f,claim-6835dd660940a973,sig-a64df7681f564b30,delivered,1,1,1,,
exp-40a9cd647575,run-59a9fcc2972db0b9,claim-6835dd660940a973,sig-a64df7681f564b30,delivered,1,1,1,,
exp-40a9cd647575,run-5ba7ce50f4958746,claim-6835dd660940a973,sig-a64df7681f564b30,delivered,1,1,1,,
exp-40a9cd647575,run-5e0f13ec0da33c69,claim-6835dd660940a973,sig-a64df7681f564b30,delivered,1,1,1,,
exp-40a9cd647575,run-611904a79457240a,claim-6835dd660940a973,sig-a64df7681f564b30,delivered,1,1,1,,
exp-40a9cd647575,run-6474c7fea2bc101b,claim-6835dd660940a973,sig-a64df7681f564b30,delivered,1,1,1,,
exp-40a9cd647575,run-654c7c2b618f3aed,claim-6835dd660940a973,sig-a64df7681f564b30,delivered,1,1,1,,
exp-40a9cd647575,run-6603f070d7a74f3c,claim-6835dd660940a973,sig-a64df7681f564b30,delivered,1,1,1,,
exp-40a9cd647575,run-85cbabcaed591d3e,claim-6835dd660940a973,sig-a64df7681f564b30,delivered,1,1,1,,
exp-40a9cd647575,run-87b80a2f839f80f8,claim-6835dd660940a973,sig-a64df7681f564b30,delivered,1,1,1,,
exp-40a9cd647575,run-89dda70ea9ef85f4,claim-6835dd660940a973,sig-a64df7681f564b30,delivered,1,1,1,,
exp-40a9cd647575,run-8b25b1d989f4d599,claim-6835dd660940a973,sig-a64df7681f564b30,delivered,1,1,1,,
exp-40a9cd647575,run-95b1d24ba8f7a546,claim-6835dd660940a973,sig-a64df7681f564b30,delivered,1,1,1,,
exp-40a9cd647575,run-9743848c2e583907,claim-6835dd660940a973,sig-a64df7681f564b30,delivered,1,1,1,,
exp-40a9cd647575,run-9b89791550e9ef70,claim-6835dd660940a973,sig-a64df7681f564b30,delivered,1,1,1,,
exp-40a9cd647575,run-a07b4c8d8ca12c5a,claim-6835dd660940a973,sig-a64df7681f564b30,delivered,1,1,1,,
exp-40a9cd647575,run-a422a5b8b642038d,claim-6835dd660940a973,sig-a64df7681f564b30,delivered,1,1,1,,
exp-40a9cd647575,run-b1d9241e2abafa16,claim-6835dd660940a973,sig-a64df7681f564b30,delivered,1,1,1,,
exp-40a9cd647575,run-b9e398623f533076,claim-6835dd660940a973,sig-a64df7681f564b30,delivered,1,1,1,,
exp-40a9cd647575,run-be1afd4e17c162e6,claim-6835dd660940a973,sig-a64df7681f564b30,delivered,1,1,1,,
exp-40a9cd647575,run-befb1059eb8a4f2b,claim-6835dd660940a973,sig-a64df7681f564b30,delivered,1,1,1,,
exp-40a9cd647575,run-c046dfb52bd9e84d,claim-6835dd660940a973,sig-a64df7681f564b30,delivered,1,1,1,,
exp-40a9cd647575,run-c6c4e2e7bfa89ee6,claim-6835dd660940a973,sig-a64df7681f564b30,delivered,1,1,1,,
exp-40a9cd647575,run-cbadac524b3b1865,claim-6835dd660940a973,sig-a64df7681f564b30,delivered,1,1,1,,
exp-40a9cd647575,run-d41da11c672e910a,claim-6835dd660940a973,sig-a64df7681f564b30,delivered,1,1,1,,
exp-40a9cd647575,run-d4c741a10716a606,claim-6835dd660940a973,sig-a64df7681f564b30,delivered,1,1,1,,
exp-40a9cd647575,run-d533db1177852d34,claim-6835dd660940a973,sig-a64df7681f564b30,delivered,1,1,1,,
exp-40a9cd647575,run-dcec6376163df8fc,claim-6835dd660940a973,sig-a64df7681f564b30,delivered,1,1,1,,
exp-40a9cd647575,run-e0d708a90a8e4911,claim-6835dd660940a973,sig-a64df7681f564b30,delivered,1,1,1,,
exp-40a9cd647575,run-e3abc9bf556d7a45,claim-6835dd660940a973,sig-a64df7681f564b30,delivered,1,1,1,,
exp-40a9cd647575,run-ebc9aaf788547725,claim-6835dd660940a973,sig-a64df7681f564b30,delivered,1,1,1,,
exp-40a9cd647575,run-f6dab0a15f9b5781,claim-6835dd660940a973,sig-a64df7681f564b30,delivered,1,1,1,,
exp-40a9cd647575,run-fe7a26d58064e8dc,claim-6835dd660940a973,sig-a64df7681f564b30,delivered,1,1,1,,
exp-40a9cd647575,run-13636c78ccc51a0e,claim-55bbdd72e15ddbd2,sig-a79e017ab1d6476a,delivered,1,1,1,,
exp-40a9cd647575,run-39d61cb1eca880d8,claim-55bbdd72e15ddbd2,sig-a79e017ab1d6476a,delivered,1,1,1,,
exp-40a9cd647575,run-b45d4176e65e5906,claim-55bbdd72e15ddbd2,sig-a79e017ab1d6476a,delivered,1,1,1,,
exp-40a9cd647575,run-e3abc9bf556d7a45,claim-55bbdd72e15ddbd2,sig-a79e017ab1d6476a,delivered,1,1,1,,
exp-40a9cd647575,run-6603f070d7a74f3c,claim-2c865aee2ce89abd,sig-a7abd69292a278dd,delivered,1,1,1,,
exp-40a9cd647575,run-bc6941a815dfc8ff,claim-2c865aee2ce89abd,sig-a7abd69292a278dd,delivered,1,1,1,,
exp-40a9cd647575,run-2f4597ed820c1503,claim-3f4f2dd4fb7529b6,sig-a978b349354eec81,delivered,1,1,1,,
exp-40a9cd647575,run-35c863ad4c3e6f28,claim-3f4f2dd4fb7529b6,sig-a978b349354eec81,delivered,1,1,1,,
exp-40a9cd647575,run-4606fbd807ba4650,claim-3f4f2dd4fb7529b6,sig-a978b349354eec81,delivered,1,1,1,,
exp-40a9cd647575,run-5426d17ea77a5e18,claim-3f4f2dd4fb7529b6,sig-a978b349354eec81,delivered,1,1,1,,
exp-40a9cd647575,run-612f2088b21cda70,claim-3f4f2dd4fb7529b6,sig-a978b349354eec81,delivered,1,1,1,,
exp-40a9cd647575,run-d03fb77500c9cd94,claim-3f4f2dd4fb7529b6,sig-a978b349354eec81,delivered,1,1,1,,
exp-40a9cd647575,run-1e668964b4c24319,claim-b34f4f8fe0aab0c4,sig-a9b5caf3e2c8eee1,delivered,1,1,1,,
exp-40a9cd647575,run-324dbfbe7cd8573b,claim-b34f4f8fe0aab0c4,sig-a9b5caf3e2c8eee1,delivered,1,1,1,,
exp-40a9cd647575,run-44edd4d662236ae1,claim-b34f4f8fe0aab0c4,sig-a9b5caf3e2c8eee1,delivered,1,1,1,,
exp-40a9cd647575,run-4bf63d232e1e4028,claim-b34f4f8fe0aab0c4,sig-a9b5caf3e2c8eee1,delivered,1,1,1,,
exp-40a9cd647575,run-dab5d4df9ae936a4,claim-b34f4f8fe0aab0c4,sig-a9b5caf3e2c8eee1,delivered,1,1,1,,
exp-40a9cd647575,run-ee5ebbe1776e3593,claim-b34f4f8fe0aab0c4,sig-a9b5caf3e2c8eee1,delivered,1,1,1,,
exp-40a9cd647575,run-04ef79de6332407d,claim-9515f274401a51ce,sig-a9dcb71a9d038e44,delivered,1,1,1,,
exp-40a9cd647575,run-10552c1cef134ebe,claim-9515f274401a51ce,sig-a9dcb71a9d038e44,delivered,1,1,1,,
exp-40a9cd647575,run-299870db7b1a02f9,claim-9515f274401a51ce,sig-a9dcb71a9d038e44,delivered,1,1,1,,
exp-40a9cd647575,run-546a7e3ed4b2749b,claim-9515f274401a51ce,sig-a9dcb71a9d038e44,delivered,1,1,1,,
exp-40a9cd647575,run-7e985e6525696145,claim-9515f274401a51ce,sig-a9dcb71a9d038e44,delivered,1,1,1,,
exp-40a9cd647575,run-85cbabcaed591d3e,claim-9515f274401a51ce,sig-a9dcb71a9d038e44,delivered,1,1,1,,
exp-40a9cd647575,run-90dcc86b93a5ce44,claim-9515f274401a51ce,sig-a9dcb71a9d038e44,delivered,1,1,1,,
exp-40a9cd647575,run-9b89791550e9ef70,claim-9515f274401a51ce,sig-a9dcb71a9d038e44,delivered,1,1,1,,
exp-40a9cd647575,run-a07b4c8d8ca12c5a,claim-9515f274401a51ce,sig-a9dcb71a9d038e44,delivered,1,1,1,,
exp-40a9cd647575,run-a422a5b8b642038d,claim-9515f274401a51ce,sig-a9dcb71a9d038e44,delivered,1,1,1,,
exp-40a9cd647575,run-b04f876cb742eaf7,claim-9515f274401a51ce,sig-a9dcb71a9d038e44,delivered,1,1,1,,
exp-40a9cd647575,run-b4594bd0d15cc5e0,claim-9515f274401a51ce,sig-a9dcb71a9d038e44,delivered,1,1,1,,
exp-40a9cd647575,run-b9e398623f533076,claim-9515f274401a51ce,sig-a9dcb71a9d038e44,delivered,1,1,1,,
exp-40a9cd647575,run-bc800b63a2891e00,claim-9515f274401a51ce,sig-a9dcb71a9d038e44,delivered,1,1,1,,
exp-40a9cd647575,run-c046dfb52bd9e84d,claim-9515f274401a51ce,sig-a9dcb71a9d038e44,delivered,1,1,1,,
exp-40a9cd647575,run-dd7de3867f884932,claim-9515f274401a51ce,sig-a9dcb71a9d038e44,delivered,1,1,1,,
exp-40a9cd647575,run-e0d708a90a8e4911,claim-9515f274401a51ce,sig-a9dcb71a9d038e44,delivered,1,1,1,,
exp-40a9cd647575,run-f6dab0a15f9b5781,claim-9515f274401a51ce,sig-a9dcb71a9d038e44,delivered,1,1,1,,
exp-40a9cd647575,run-3dcb25053d94d332,claim-3081ef0384a0d57c,sig-a9e9b42f8bbc1e63,delivered,1,1,1,,
exp-40a9cd647575,run-4292659382907599,claim-3081ef0384a0d57c,sig-a9e9b42f8bbc1e63,delivered,1,1,1,,
exp-40a9cd647575,run-55c8e29cfa8c9641,claim-3081ef0384a0d57c,sig-a9e9b42f8bbc1e63,delivered,1,1,1,,
exp-40a9cd647575,run-8b3f8acda4a32c84,claim-3081ef0384a0d57c,sig-a9e9b42f8bbc1e63,delivered,1,1,1,,
exp-40a9cd647575,run-ace8bf7a52ee7605,claim-3081ef0384a0d57c,sig-a9e9b42f8bbc1e63,delivered,1,1,1,,
exp-40a9cd647575,run-bcaf26c16062a877,claim-3081ef0384a0d57c,sig-a9e9b42f8bbc1e63,delivered,1,1,1,,
exp-40a9cd647575,run-3dcb25053d94d332,claim-04551e65104ad682,sig-a9fefe916210a8a0,delivered,1,1,1,,
exp-40a9cd647575,run-bcaf26c16062a877,claim-04551e65104ad682,sig-a9fefe916210a8a0,delivered,1,1,1,,
exp-40a9cd647575,run-c5f8e170be1576f7,claim-04551e65104ad682,sig-a9fefe916210a8a0,delivered,1,1,1,,
exp-40a9cd647575,run-e3a76e2898f5c2fc,claim-04551e65104ad682,sig-a9fefe916210a8a0,delivered,1,1,1,,
exp-40a9cd647575,run-1bf11ade46e0d5c8,claim-6b5823f6b25262a0,sig-aa2fab77423c904f,delivered,1,1,1,,
exp-40a9cd647575,run-22bedfbb4ba39ae8,claim-6b5823f6b25262a0,sig-aa2fab77423c904f,delivered,1,1,1,,
exp-40a9cd647575,run-3704234e0044445c,claim-b8dbd5d925176bc1,sig-aa829d6e81d2a56c,delivered,1,1,1,,
exp-40a9cd647575,run-930b76d107e5cff8,claim-b8dbd5d925176bc1,sig-aa829d6e81d2a56c,delivered,1,1,1,,
exp-40a9cd647575,run-dd41e26e383b6e47,claim-b8dbd5d925176bc1,sig-aa829d6e81d2a56c,delivered,1,1,1,,
exp-40a9cd647575,run-e4a4806cd80056a6,claim-b8dbd5d925176bc1,sig-aa829d6e81d2a56c,delivered,1,1,1,,
exp-40a9cd647575,run-9d1a12cb2591f457,claim-63769fa40bf6f326,sig-abf59d0a2c53c8d7,delivered,1,1,1,,
exp-40a9cd647575,run-bc6941a815dfc8ff,claim-63769fa40bf6f326,sig-abf59d0a2c53c8d7,delivered,1,1,1,,
exp-40a9cd647575,run-d833fa81f508835a,claim-63769fa40bf6f326,sig-abf59d0a2c53c8d7,delivered,1,1,1,,
exp-40a9cd647575,run-da01527933e27f3c,claim-63769fa40bf6f326,sig-abf59d0a2c53c8d7,delivered,1,1,1,,
exp-40a9cd647575,run-6603f070d7a74f3c,claim-f81b9e696a4daf92,sig-ac7b1f2a96eb5e84,delivered,1,1,1,,
exp-40a9cd647575,run-4d6657cbd89092bb,claim-573c89f2ca0f2716,sig-accd901d18d42ad6,delivered,1,1,1,,
exp-40a9cd647575,run-1e668964b4c24319,claim-ccf67c972c05cd02,sig-ad21b8f8d7277b62,delivered,1,1,1,,
exp-40a9cd647575,run-324dbfbe7cd8573b,claim-ccf67c972c05cd02,sig-ad21b8f8d7277b62,delivered,1,1,1,,
exp-40a9cd647575,run-4bf63d232e1e4028,claim-ccf67c972c05cd02,sig-ad21b8f8d7277b62,delivered,1,1,1,,
exp-40a9cd647575,run-ee5ebbe1776e3593,claim-ccf67c972c05cd02,sig-ad21b8f8d7277b62,delivered,1,1,1,,
exp-40a9cd647575,run-0c7f7d168f1509e0,claim-223879e9b72f29d9,sig-aeb128b302ae3db4,delivered,1,1,1,,
exp-40a9cd647575,run-57f8c4665d98f5e0,claim-fdcce0aef5165870,sig-aee957bd9ba65c58,delivered,1,1,1,,
exp-40a9cd647575,run-823f79ffe02484d0,claim-fdcce0aef5165870,sig-aee957bd9ba65c58,delivered,1,1,1,,
exp-40a9cd647575,run-897ec7b867f5ca68,claim-fdcce0aef5165870,sig-aee957bd9ba65c58,delivered,1,1,1,,
exp-40a9cd647575,run-b0b6aff3256f63f3,claim-fdcce0aef5165870,sig-aee957bd9ba65c58,delivered,1,1,1,,
exp-40a9cd647575,run-edddb80b074c7c76,claim-fdcce0aef5165870,sig-aee957bd9ba65c58,delivered,1,1,1,,
exp-40a9cd647575,run-1bf11ade46e0d5c8,claim-24b72d22077bd973,sig-af1a1af9c840c4c8,delivered,1,1,1,,
exp-40a9cd647575,run-299870db7b1a02f9,claim-24b72d22077bd973,sig-af1a1af9c840c4c8,delivered,1,1,1,,
exp-40a9cd647575,run-5544965755d02fca,claim-24b72d22077bd973,sig-af1a1af9c840c4c8,delivered,1,1,1,,
exp-40a9cd647575,run-81319bcbcd98673c,claim-24b72d22077bd973,sig-af1a1af9c840c4c8,delivered,1,1,1,,
exp-40a9cd647575,run-90dcc86b93a5ce44,claim-24b72d22077bd973,sig-af1a1af9c840c4c8,delivered,1,1,1,,
exp-40a9cd647575,run-94f7d1e13d63a2ae,claim-24b72d22077bd973,sig-af1a1af9c840c4c8,delivered,1,1,1,,
exp-40a9cd647575,run-b04f876cb742eaf7,claim-24b72d22077bd973,sig-af1a1af9c840c4c8,delivered,1,1,1,,
exp-40a9cd647575,run-b4594bd0d15cc5e0,claim-24b72d22077bd973,sig-af1a1af9c840c4c8,delivered,1,1,1,,
exp-40a9cd647575,run-bc800b63a2891e00,claim-24b72d22077bd973,sig-af1a1af9c840c4c8,delivered,1,1,1,,
exp-40a9cd647575,run-c72a51f33480a443,claim-24b72d22077bd973,sig-af1a1af9c840c4c8,delivered,1,1,1,,
exp-40a9cd647575,run-dd7de3867f884932,claim-24b72d22077bd973,sig-af1a1af9c840c4c8,delivered,1,1,1,,
exp-40a9cd647575,run-201cd0cf98eaa593,claim-52bf939ea7101fae,sig-afb1a6679ccb729b,delivered,1,1,1,,
exp-40a9cd647575,run-85dad60b90e1def2,claim-52bf939ea7101fae,sig-afb1a6679ccb729b,delivered,1,1,1,,
exp-40a9cd647575,run-a7583e178eec4bac,claim-52bf939ea7101fae,sig-afb1a6679ccb729b,delivered,1,1,1,,
exp-40a9cd647575,run-1395b56d6fc8e924,claim-e3f683974e309dbb,sig-b0cfcbe067f3ac2d,delivered,1,1,1,,
exp-40a9cd647575,run-84afe91bc77f7d66,claim-e3f683974e309dbb,sig-b0cfcbe067f3ac2d,delivered,1,1,1,,
exp-40a9cd647575,run-8d5ad95c4cc0ea7e,claim-e3f683974e309dbb,sig-b0cfcbe067f3ac2d,delivered,1,1,1,,
exp-40a9cd647575,run-d90c8a92fe059b99,claim-e2f4cbaaf343e64f,sig-b11a56546a703744,delivered,1,1,1,,
exp-40a9cd647575,run-f0318a443bd4e1ea,claim-e2f4cbaaf343e64f,sig-b11a56546a703744,delivered,1,1,1,,
exp-40a9cd647575,run-fec06fd051e965bd,claim-e2f4cbaaf343e64f,sig-b11a56546a703744,delivered,1,1,1,,
exp-40a9cd647575,run-9d1a12cb2591f457,claim-08edd49d9ba5a94a,sig-b147ebb47e22629a,delivered,1,1,1,,
exp-40a9cd647575,run-d833fa81f508835a,claim-08edd49d9ba5a94a,sig-b147ebb47e22629a,delivered,1,1,1,,
exp-40a9cd647575,run-da01527933e27f3c,claim-08edd49d9ba5a94a,sig-b147ebb47e22629a,delivered,1,1,1,,
exp-40a9cd647575,run-0ce9678e58d522e5,claim-53d67ceb915a7313,sig-b17210303a527a1f,delivered,1,1,1,,
exp-40a9cd647575,run-1e0ba3c3954c7ccf,claim-53d67ceb915a7313,sig-b17210303a527a1f,delivered,1,1,1,,
exp-40a9cd647575,run-2a6bdf80f5ea7b6d,claim-53d67ceb915a7313,sig-b17210303a527a1f,delivered,1,1,1,,
exp-40a9cd647575,run-5093d78945736d5b,claim-53d67ceb915a7313,sig-b17210303a527a1f,delivered,1,1,1,,
exp-40a9cd647575,run-d0fa4ba0dd287bb4,claim-53d67ceb915a7313,sig-b17210303a527a1f,delivered,1,1,1,,
exp-40a9cd647575,run-b4594bd0d15cc5e0,claim-6dc7893b25ac7ec3,sig-b1c4374501097413,delivered,0,1,1,0,
exp-40a9cd647575,run-dd7de3867f884932,claim-6dc7893b25ac7ec3,sig-b1c4374501097413,delivered,0,1,1,0,
exp-40a9cd647575,run-2a6bdf80f5ea7b6d,claim-3f4f2dd4fb7529b6,sig-b21f407fac95e730,delivered,1,1,1,,
exp-40a9cd647575,run-be1afd4e17c162e6,claim-3f4f2dd4fb7529b6,sig-b21f407fac95e730,delivered,1,1,1,,
exp-40a9cd647575,run-e3abc9bf556d7a45,claim-3f4f2dd4fb7529b6,sig-b21f407fac95e730,delivered,1,1,1,,
exp-40a9cd647575,run-1395b56d6fc8e924,claim-bd8e4d225989b926,sig-b2886a6c0013a712,delivered,1,1,1,,
exp-40a9cd647575,run-3fac34c2107fdb3d,claim-bd8e4d225989b926,sig-b2886a6c0013a712,delivered,1,1,1,,
exp-40a9cd647575,run-84afe91bc77f7d66,claim-bd8e4d225989b926,sig-b2886a6c0013a712,delivered,1,1,1,,
exp-40a9cd647575,run-8b25b1d989f4d599,claim-bd8e4d225989b926,sig-b2886a6c0013a712,delivered,1,1,1,,
exp-40a9cd647575,run-0bdbd7e3ae24c145,claim-7fecf1c843c411c6,sig-b3154e088a3d3319,delivered,1,1,1,,
exp-40a9cd647575,run-293806b558ff1d6a,claim-7fecf1c843c411c6,sig-b3154e088a3d3319,delivered,1,1,1,,
exp-40a9cd647575,run-8fe7e2a70540fa13,claim-7fecf1c843c411c6,sig-b3154e088a3d3319,delivered,1,1,1,,
exp-40a9cd647575,run-b0c15ff5128e34a7,claim-7fecf1c843c411c6,sig-b3154e088a3d3319,delivered,1,1,1,,
exp-40a9cd647575,run-5dff6533050fc9bf,claim-cb238dce41ba7c1a,sig-b35e0d552b7a924d,delivered,1,1,1,,
exp-40a9cd647575,run-affd2b9b1ab246dd,claim-cb238dce41ba7c1a,sig-b35e0d552b7a924d,delivered,1,1,1,,
exp-40a9cd647575,run-a5eaf6305b9044fe,claim-093be45a6b922d13,sig-b35e277ebbdb3941,delivered,1,1,1,,
exp-40a9cd647575,run-afceedbf298a91a6,claim-093be45a6b922d13,sig-b35e277ebbdb3941,delivered,1,1,1,,
exp-40a9cd647575,run-affd2b9b1ab246dd,claim-093be45a6b922d13,sig-b35e277ebbdb3941,delivered,1,1,1,,
exp-40a9cd647575,run-0157f532598e4b4f,claim-39473ea2ca61fe49,sig-b370d833c4cbc213,delivered,1,1,1,,
exp-40a9cd647575,run-13636c78ccc51a0e,claim-39473ea2ca61fe49,sig-b370d833c4cbc213,delivered,1,1,1,,
exp-40a9cd647575,run-1395b56d6fc8e924,claim-39473ea2ca61fe49,sig-b370d833c4cbc213,delivered,1,1,1,,
exp-40a9cd647575,run-3704234e0044445c,claim-39473ea2ca61fe49,sig-b370d833c4cbc213,delivered,1,1,1,,
exp-40a9cd647575,run-39d61cb1eca880d8,claim-39473ea2ca61fe49,sig-b370d833c4cbc213,delivered,1,1,1,,
exp-40a9cd647575,run-4337e1188bc3cbdd,claim-39473ea2ca61fe49,sig-b370d833c4cbc213,delivered,1,1,1,,
exp-40a9cd647575,run-47d3189dbfc91061,claim-39473ea2ca61fe49,sig-b370d833c4cbc213,delivered,1,1,1,,
exp-40a9cd647575,run-4893f98223124ec7,claim-39473ea2ca61fe49,sig-b370d833c4cbc213,delivered,1,1,1,,
exp-40a9cd647575,run-4b6183de42fffe52,claim-39473ea2ca61fe49,sig-b370d833c4cbc213,delivered,1,1,1,,
exp-40a9cd647575,run-57f8c4665d98f5e0,claim-39473ea2ca61fe49,sig-b370d833c4cbc213,delivered,1,1,1,,
exp-40a9cd647575,run-5e0f13ec0da33c69,claim-39473ea2ca61fe49,sig-b370d833c4cbc213,delivered,1,1,1,,
exp-40a9cd647575,run-5e2cbaadd2aed0b1,claim-39473ea2ca61fe49,sig-b370d833c4cbc213,delivered,1,1,1,,
exp-40a9cd647575,run-622746ed303f2c0d,claim-39473ea2ca61fe49,sig-b370d833c4cbc213,delivered,1,1,1,,
exp-40a9cd647575,run-654c7c2b618f3aed,claim-39473ea2ca61fe49,sig-b370d833c4cbc213,delivered,1,1,1,,
exp-40a9cd647575,run-676f804262ab62f9,claim-39473ea2ca61fe49,sig-b370d833c4cbc213,delivered,1,1,1,,
exp-40a9cd647575,run-6f82a936d36520aa,claim-39473ea2ca61fe49,sig-b370d833c4cbc213,delivered,1,1,1,,
exp-40a9cd647575,run-83fe42b97c452ac0,claim-39473ea2ca61fe49,sig-b370d833c4cbc213,delivered,1,1,1,,
exp-40a9cd647575,run-84afe91bc77f7d66,claim-39473ea2ca61fe49,sig-b370d833c4cbc213,delivered,1,1,1,,
exp-40a9cd647575,run-897ec7b867f5ca68,claim-39473ea2ca61fe49,sig-b370d833c4cbc213,delivered,1,1,1,,
exp-40a9cd647575,run-8b25b1d989f4d599,claim-39473ea2ca61fe49,sig-b370d833c4cbc213,delivered,1,1,1,,
exp-40a9cd647575,run-930b76d107e5cff8,claim-39473ea2ca61fe49,sig-b370d833c4cbc213,delivered,1,1,1,,
exp-40a9cd647575,run-937dfd5cfbd8926d,claim-39473ea2ca61fe49,sig-b370d833c4cbc213,delivered,1,1,1,,
exp-40a9cd647575,run-a1496348f76e4af2,claim-39473ea2ca61fe49,sig-b370d833c4cbc213,delivered,1,1,1,,
exp-40a9cd647575,run-a54490d340d095c6,claim-39473ea2ca61fe49,sig-b370d833c4cbc213,delivered,1,1,1,,
exp-40a9cd647575,run-afb024d797a37c69,claim-39473ea2ca61fe49,sig-b370d833c4cbc213,delivered,1,1,1,,
exp-40a9cd647575,run-b1d9241e2abafa16,claim-39473ea2ca61fe49,sig-b370d833c4cbc213,delivered,1,1,1,,
exp-40a9cd647575,run-b4594bd0d15cc5e0,claim-39473ea2ca61fe49,sig-b370d833c4cbc213,delivered,1,1,1,,
exp-40a9cd647575,run-b45d4176e65e5906,claim-39473ea2ca61fe49,sig-b370d833c4cbc213,delivered,1,1,1,,
exp-40a9cd647575,run-b57e1737cd3432e6,claim-39473ea2ca61fe49,sig-b370d833c4cbc213,delivered,1,1,1,,
exp-40a9cd647575,run-ca316ef87f1e1d94,claim-39473ea2ca61fe49,sig-b370d833c4cbc213,delivered,1,1,1,,
exp-40a9cd647575,run-d41da11c672e910a,claim-39473ea2ca61fe49,sig-b370d833c4cbc213,delivered,1,1,1,,
exp-40a9cd647575,run-d62426bd09776395,claim-39473ea2ca61fe49,sig-b370d833c4cbc213,delivered,1,1,1,,
exp-40a9cd647575,run-dd41e26e383b6e47,claim-39473ea2ca61fe49,sig-b370d833c4cbc213,delivered,1,1,1,,
exp-40a9cd647575,run-e3abc9bf556d7a45,claim-39473ea2ca61fe49,sig-b370d833c4cbc213,delivered,1,1,1,,
exp-40a9cd647575,run-e4a4806cd80056a6,claim-39473ea2ca61fe49,sig-b370d833c4cbc213,delivered,1,1,1,,
exp-40a9cd647575,run-e7a6944b52a20ca5,claim-39473ea2ca61fe49,sig-b370d833c4cbc213,delivered,1,1,1,,
exp-40a9cd647575,run-eacdc6601fd269f4,claim-39473ea2ca61fe49,sig-b370d833c4cbc213,delivered,1,1,1,,
exp-40a9cd647575,run-ebc9aaf788547725,claim-39473ea2ca61fe49,sig-b370d833c4cbc213,delivered,1,1,1,,
exp-40a9cd647575,run-be1afd4e17c162e6,claim-b669d9ebccf8dd52,sig-b39177441c3a05da,delivered,1,1,1,,
exp-40a9cd647575,run-3fac34c2107fdb3d,claim-2e2299045fa7ddb3,sig-b3ad32298d263e01,delivered,1,1,1,,
exp-40a9cd647575,run-99e816661430c66e,claim-2e2299045fa7ddb3,sig-b3ad32298d263e01,delivered,1,1,1,,
exp-40a9cd647575,run-afceedbf298a91a6,claim-cb238dce41ba7c1a,sig-b3b0c5aebd20c8b4,delivered,1,1,1,,
exp-40a9cd647575,run-e3a76e2898f5c2fc,claim-cb238dce41ba7c1a,sig-b3b0c5aebd20c8b4,delivered,1,1,1,,
exp-40a9cd647575,run-c5f8e170be1576f7,claim-372e0037ef25faef,sig-b400f86903e4d3bb,delivered,1,1,1,,
exp-40a9cd647575,run-e3a76e2898f5c2fc,claim-372e0037ef25faef,sig-b400f86903e4d3bb,delivered,1,1,1,,
exp-40a9cd647575,run-99e816661430c66e,claim-12ae8647c8a9f22b,sig-b48abf90b9901d8a,delivered,1,1,1,,
exp-40a9cd647575,run-1bf11ade46e0d5c8,claim-3ae82f5b59a482b8,sig-b54e188a6a2f34a2,delivered,1,1,1,,
exp-40a9cd647575,run-22bedfbb4ba39ae8,claim-3ae82f5b59a482b8,sig-b54e188a6a2f34a2,delivered,1,1,1,,
exp-40a9cd647575,run-37a65f6f11d43275,claim-3ae82f5b59a482b8,sig-b54e188a6a2f34a2,delivered,1,1,1,,
exp-40a9cd647575,run-81319bcbcd98673c,claim-3ae82f5b59a482b8,sig-b54e188a6a2f34a2,delivered,1,1,1,,
exp-40a9cd647575,run-94f7d1e13d63a2ae,claim-3ae82f5b59a482b8,sig-b54e188a6a2f34a2,delivered,1,1,1,,
exp-40a9cd647575,run-c72a51f33480a443,claim-3ae82f5b59a482b8,sig-b54e188a6a2f34a2,delivered,1,1,1,,
exp-40a9cd647575,run-0bdbd7e3ae24c145,claim-1ed6dfe8ffd844ea,sig-b584d37b4b6cd4ed,delivered,1,1,1,,
exp-40a9cd647575,run-1e668964b4c24319,claim-1ed6dfe8ffd844ea,sig-b584d37b4b6cd4ed,delivered,1,1,1,,
exp-40a9cd647575,run-25b1a4c18ff8cdfe,claim-1ed6dfe8ffd844ea,sig-b584d37b4b6cd4ed,delivered,1,1,1,,
exp-40a9cd647575,run-293806b558ff1d6a,claim-1ed6dfe8ffd844ea,sig-b584d37b4b6cd4ed,delivered,1,1,1,,
exp-40a9cd647575,run-324dbfbe7cd8573b,claim-1ed6dfe8ffd844ea,sig-b584d37b4b6cd4ed,delivered,1,1,1,,
exp-40a9cd647575,run-4bf63d232e1e4028,claim-1ed6dfe8ffd844ea,sig-b584d37b4b6cd4ed,delivered,1,1,1,,
exp-40a9cd647575,run-62b9c429b0e1fee1,claim-1ed6dfe8ffd844ea,sig-b584d37b4b6cd4ed,delivered,1,1,1,,
exp-40a9cd647575,run-8fe7e2a70540fa13,claim-1ed6dfe8ffd844ea,sig-b584d37b4b6cd4ed,delivered,1,1,1,,
exp-40a9cd647575,run-b0c15ff5128e34a7,claim-1ed6dfe8ffd844ea,sig-b584d37b4b6cd4ed,delivered,1,1,1,,
exp-40a9cd647575,run-ee5ebbe1776e3593,claim-1ed6dfe8ffd844ea,sig-b584d37b4b6cd4ed,delivered,1,1,1,,
exp-40a9cd647575,run-539160a33de1339f,claim-31c4033d744187e3,sig-b584efd424560dd5,delivered,1,1,1,,
exp-40a9cd647575,run-5544965755d02fca,claim-31c4033d744187e3,sig-b584efd424560dd5,delivered,1,1,1,,
exp-40a9cd647575,run-bc800b63a2891e00,claim-31c4033d744187e3,sig-b584efd424560dd5,delivered,1,1,1,,
exp-40a9cd647575,run-dd7de3867f884932,claim-31c4033d744187e3,sig-b584efd424560dd5,delivered,1,1,1,,
exp-40a9cd647575,run-16c8c4cbda3a67ff,claim-60b8fca5c380fe3b,sig-b5a7120055d3c5e2,delivered,1,1,1,,
exp-40a9cd647575,run-2014c584d6b7abe3,claim-60b8fca5c380fe3b,sig-b5a7120055d3c5e2,delivered,1,1,1,,
exp-40a9cd647575,run-243c9483fa7e0adf,claim-60b8fca5c380fe3b,sig-b5a7120055d3c5e2,delivered,1,1,1,,
exp-40a9cd647575,run-4292659382907599,claim-60b8fca5c380fe3b,sig-b5a7120055d3c5e2,delivered,1,1,1,,
exp-40a9cd647575,run-5d2e6e2b79282ca0,claim-60b8fca5c380fe3b,sig-b5a7120055d3c5e2,delivered,1,1,1,,
exp-40a9cd647575,run-6f9234be022646e9,claim-60b8fca5c380fe3b,sig-b5a7120055d3c5e2,delivered,1,1,1,,
exp-40a9cd647575,run-8b3f8acda4a32c84,claim-60b8fca5c380fe3b,sig-b5a7120055d3c5e2,delivered,1,1,1,,
exp-40a9cd647575,run-9332cdf03b96bf12,claim-60b8fca5c380fe3b,sig-b5a7120055d3c5e2,delivered,1,1,1,,
exp-40a9cd647575,run-a5eaf6305b9044fe,claim-60b8fca5c380fe3b,sig-b5a7120055d3c5e2,delivered,1,1,1,,
exp-40a9cd647575,run-ace8bf7a52ee7605,claim-60b8fca5c380fe3b,sig-b5a7120055d3c5e2,delivered,1,1,1,,
exp-40a9cd647575,run-afceedbf298a91a6,claim-60b8fca5c380fe3b,sig-b5a7120055d3c5e2,delivered,1,1,1,,
exp-40a9cd647575,run-affd2b9b1ab246dd,claim-60b8fca5c380fe3b,sig-b5a7120055d3c5e2,delivered,1,1,1,,
exp-40a9cd647575,run-a7ad56f261f14f47,claim-86e59b769352497d,sig-b5df00da51075ed4,delivered,1,1,1,,
exp-40a9cd647575,run-974c2e173586b95d,claim-97869986e144054a,sig-b5eb98df61a942d7,delivered,1,1,1,,
exp-40a9cd647575,run-4337e1188bc3cbdd,claim-0390e96f2e150f8f,sig-b5f689164c42d639,delivered,1,1,1,,
exp-40a9cd647575,run-4b6183de42fffe52,claim-0390e96f2e150f8f,sig-b5f689164c42d639,delivered,1,1,1,,
exp-40a9cd647575,run-59a9fcc2972db0b9,claim-0390e96f2e150f8f,sig-b5f689164c42d639,delivered,1,1,1,,
exp-40a9cd647575,run-937dfd5cfbd8926d,claim-0390e96f2e150f8f,sig-b5f689164c42d639,delivered,1,1,1,,
exp-40a9cd647575,run-a1496348f76e4af2,claim-0390e96f2e150f8f,sig-b5f689164c42d639,delivered,1,1,1,,
exp-40a9cd647575,run-3dcb25053d94d332,claim-f9229c04286d6978,sig-b645770a7c539b11,delivered,1,1,1,,
exp-40a9cd647575,run-55c8e29cfa8c9641,claim-f9229c04286d6978,sig-b645770a7c539b11,delivered,1,1,1,,
exp-40a9cd647575,run-bcaf26c16062a877,claim-f9229c04286d6978,sig-b645770a7c539b11,delivered,1,1,1,,
exp-40a9cd647575,run-1a5f2b96746a5fa3,claim-6dc7893b25ac7ec3,sig-b6bc6df5e26ed4d1,delivered,1,1,1,,
exp-40a9cd647575,run-1bf11ade46e0d5c8,claim-6dc7893b25ac7ec3,sig-b6bc6df5e26ed4d1,delivered,1,1,1,,
exp-40a9cd647575,run-22bedfbb4ba39ae8,claim-6dc7893b25ac7ec3,sig-b6bc6df5e26ed4d1,delivered,1,1,1,,
exp-40a9cd647575,run-37a65f6f11d43275,claim-6dc7893b25ac7ec3,sig-b6bc6df5e26ed4d1,delivered,1,1,1,,
exp-40a9cd647575,run-81319bcbcd98673c,claim-6dc7893b25ac7ec3,sig-b6bc6df5e26ed4d1,delivered,1,1,1,,
exp-40a9cd647575,run-94f7d1e13d63a2ae,claim-6dc7893b25ac7ec3,sig-b6bc6df5e26ed4d1,delivered,1,1,1,,
exp-40a9cd647575,run-c72a51f33480a443,claim-6dc7893b25ac7ec3,sig-b6bc6df5e26ed4d1,delivered,1,1,1,,
exp-40a9cd647575,run-f624b0f51a068b4e,claim-6dc7893b25ac7ec3,sig-b6bc6df5e26ed4d1,delivered,1,1,1,,
exp-40a9cd647575,run-94dc0505d98b1125,claim-ffea572f1dec63c9,sig-b7c158be32040d10,delivered,0,0,1,,
exp-40a9cd647575,run-a98623393b9f4912,claim-ffea572f1dec63c9,sig-b7c158be32040d10,delivered,0,0,1,,
exp-40a9cd647575,run-f2047b965149efbc,claim-ffea572f1dec63c9,sig-b7c158be32040d10,delivered,0,0,1,,
exp-40a9cd647575,run-7e985e6525696145,claim-a01d83e3a6af63a9,sig-b7c8b118764171d6,delivered,1,1,1,,
exp-40a9cd647575,run-8d5ad95c4cc0ea7e,claim-4069fb4297318523,sig-b838c69137e122cb,delivered,1,1,1,,
exp-40a9cd647575,run-1a5f2b96746a5fa3,claim-48cb6d4e13cd7964,sig-b8e51edef1969df1,delivered,1,1,1,,
exp-40a9cd647575,run-47d3189dbfc91061,claim-afe921d2dea545a4,sig-b953cddce956c037,delivered,1,1,1,,
exp-40a9cd647575,run-57707206b4378d12,claim-afe921d2dea545a4,sig-b953cddce956c037,delivered,1,1,1,,
exp-40a9cd647575,run-57f8c4665d98f5e0,claim-afe921d2dea545a4,sig-b953cddce956c037,delivered,1,1,1,,
exp-40a9cd647575,run-611904a79457240a,claim-afe921d2dea545a4,sig-b953cddce956c037,delivered,1,1,1,,
exp-40a9cd647575,run-676f804262ab62f9,claim-afe921d2dea545a4,sig-b953cddce956c037,delivered,1,1,1,,
exp-40a9cd647575,run-6f82a936d36520aa,claim-afe921d2dea545a4,sig-b953cddce956c037,delivered,1,1,1,,
exp-40a9cd647575,run-83fe42b97c452ac0,claim-afe921d2dea545a4,sig-b953cddce956c037,delivered,1,1,1,,
exp-40a9cd647575,run-897ec7b867f5ca68,claim-afe921d2dea545a4,sig-b953cddce956c037,delivered,1,1,1,,
exp-40a9cd647575,run-89dda70ea9ef85f4,claim-afe921d2dea545a4,sig-b953cddce956c037,delivered,1,1,1,,
exp-40a9cd647575,run-9743848c2e583907,claim-afe921d2dea545a4,sig-b953cddce956c037,delivered,1,1,1,,
exp-40a9cd647575,run-b0b6aff3256f63f3,claim-afe921d2dea545a4,sig-b953cddce956c037,delivered,1,1,1,,
exp-40a9cd647575,run-b1d9241e2abafa16,claim-afe921d2dea545a4,sig-b953cddce956c037,delivered,1,1,1,,
exp-40a9cd647575,run-b57e1737cd3432e6,claim-afe921d2dea545a4,sig-b953cddce956c037,delivered,1,1,1,,
exp-40a9cd647575,run-befb1059eb8a4f2b,claim-afe921d2dea545a4,sig-b953cddce956c037,delivered,1,1,1,,
exp-40a9cd647575,run-eacdc6601fd269f4,claim-afe921d2dea545a4,sig-b953cddce956c037,delivered,1,1,1,,
exp-40a9cd647575,run-edddb80b074c7c76,claim-afe921d2dea545a4,sig-b953cddce956c037,delivered,1,1,1,,
exp-40a9cd647575,run-be1afd4e17c162e6,claim-6437bc63c173aa81,sig-b96d8b88795d4d55,delivered,1,1,1,,
exp-40a9cd647575,run-4337e1188bc3cbdd,claim-ceddfc3f082410e7,sig-b9b119d807d9b2e6,delivered,1,1,1,,
exp-40a9cd647575,run-4606fbd807ba4650,claim-ceddfc3f082410e7,sig-b9b119d807d9b2e6,delivered,1,1,1,,
exp-40a9cd647575,run-4b6183de42fffe52,claim-ceddfc3f082410e7,sig-b9b119d807d9b2e6,delivered,1,1,1,,
exp-40a9cd647575,run-5426d17ea77a5e18,claim-ceddfc3f082410e7,sig-b9b119d807d9b2e6,delivered,1,1,1,,
exp-40a9cd647575,run-937dfd5cfbd8926d,claim-ceddfc3f082410e7,sig-b9b119d807d9b2e6,delivered,1,1,1,,
exp-40a9cd647575,run-a1496348f76e4af2,claim-ceddfc3f082410e7,sig-b9b119d807d9b2e6,delivered,1,1,1,,
exp-40a9cd647575,run-dd7de3867f884932,claim-48cb6d4e13cd7964,sig-b9e0efbc6667c833,delivered,0,1,1,0,
exp-40a9cd647575,run-1395b56d6fc8e924,claim-bee3b25a4888ad75,sig-ba220952d4d1cdcc,delivered,1,1,1,,
exp-40a9cd647575,run-1938ed72bf14b97b,claim-bee3b25a4888ad75,sig-ba220952d4d1cdcc,delivered,1,1,1,,
exp-40a9cd647575,run-377799dabee681b2,claim-bee3b25a4888ad75,sig-ba220952d4d1cdcc,delivered,1,1,1,,
exp-40a9cd647575,run-546a7e3ed4b2749b,claim-bee3b25a4888ad75,sig-ba220952d4d1cdcc,delivered,1,1,1,,
exp-40a9cd647575,run-59a9fcc2972db0b9,claim-bee3b25a4888ad75,sig-ba220952d4d1cdcc,delivered,1,1,1,,
exp-40a9cd647575,run-611904a79457240a,claim-bee3b25a4888ad75,sig-ba220952d4d1cdcc,delivered,1,1,1,,
exp-40a9cd647575,run-6474c7fea2bc101b,claim-bee3b25a4888ad75,sig-ba220952d4d1cdcc,delivered,1,1,1,,
exp-40a9cd647575,run-654c7c2b618f3aed,claim-bee3b25a4888ad75,sig-ba220952d4d1cdcc,delivered,1,1,1,,
exp-40a9cd647575,run-84afe91bc77f7d66,claim-bee3b25a4888ad75,sig-ba220952d4d1cdcc,delivered,1,1,1,,
exp-40a9cd647575,run-85cbabcaed591d3e,claim-bee3b25a4888ad75,sig-ba220952d4d1cdcc,delivered,1,1,1,,
exp-40a9cd647575,run-89dda70ea9ef85f4,claim-bee3b25a4888ad75,sig-ba220952d4d1cdcc,delivered,1,1,1,,
exp-40a9cd647575,run-8b25b1d989f4d599,claim-bee3b25a4888ad75,sig-ba220952d4d1cdcc,delivered,1,1,1,,
exp-40a9cd647575,run-8d5ad95c4cc0ea7e,claim-bee3b25a4888ad75,sig-ba220952d4d1cdcc,delivered,1,1,1,,
exp-40a9cd647575,run-95b1d24ba8f7a546,claim-bee3b25a4888ad75,sig-ba220952d4d1cdcc,delivered,1,1,1,,
exp-40a9cd647575,run-9743848c2e583907,claim-bee3b25a4888ad75,sig-ba220952d4d1cdcc,delivered,1,1,1,,
exp-40a9cd647575,run-9b89791550e9ef70,claim-bee3b25a4888ad75,sig-ba220952d4d1cdcc,delivered,1,1,1,,
exp-40a9cd647575,run-a07b4c8d8ca12c5a,claim-bee3b25a4888ad75,sig-ba220952d4d1cdcc,delivered,1,1,1,,
exp-40a9cd647575,run-a422a5b8b642038d,claim-bee3b25a4888ad75,sig-ba220952d4d1cdcc,delivered,1,1,1,,
exp-40a9cd647575,run-b0b6aff3256f63f3,claim-bee3b25a4888ad75,sig-ba220952d4d1cdcc,delivered,1,1,1,,
exp-40a9cd647575,run-b1d9241e2abafa16,claim-bee3b25a4888ad75,sig-ba220952d4d1cdcc,delivered,1,1,1,,
exp-40a9cd647575,run-b9e398623f533076,claim-bee3b25a4888ad75,sig-ba220952d4d1cdcc,delivered,1,1,1,,
exp-40a9cd647575,run-be1afd4e17c162e6,claim-bee3b25a4888ad75,sig-ba220952d4d1cdcc,delivered,1,1,1,,
exp-40a9cd647575,run-befb1059eb8a4f2b,claim-bee3b25a4888ad75,sig-ba220952d4d1cdcc,delivered,1,1,1,,
exp-40a9cd647575,run-c046dfb52bd9e84d,claim-bee3b25a4888ad75,sig-ba220952d4d1cdcc,delivered,1,1,1,,
exp-40a9cd647575,run-c6c4e2e7bfa89ee6,claim-bee3b25a4888ad75,sig-ba220952d4d1cdcc,delivered,1,1,1,,
exp-40a9cd647575,run-d4c741a10716a606,claim-bee3b25a4888ad75,sig-ba220952d4d1cdcc,delivered,1,1,1,,
exp-40a9cd647575,run-d533db1177852d34,claim-bee3b25a4888ad75,sig-ba220952d4d1cdcc,delivered,1,1,1,,
exp-40a9cd647575,run-e0d708a90a8e4911,claim-bee3b25a4888ad75,sig-ba220952d4d1cdcc,delivered,1,1,1,,
exp-40a9cd647575,run-e3abc9bf556d7a45,claim-bee3b25a4888ad75,sig-ba220952d4d1cdcc,delivered,1,1,1,,
exp-40a9cd647575,run-edddb80b074c7c76,claim-bee3b25a4888ad75,sig-ba220952d4d1cdcc,delivered,1,1,1,,
exp-40a9cd647575,run-f6dab0a15f9b5781,claim-bee3b25a4888ad75,sig-ba220952d4d1cdcc,delivered,1,1,1,,
exp-40a9cd647575,run-fe7a26d58064e8dc,claim-bee3b25a4888ad75,sig-ba220952d4d1cdcc,delivered,1,1,1,,
exp-40a9cd647575,run-546a7e3ed4b2749b,claim-9768387ff49db430,sig-ba9643128cf3d4b0,delivered,1,1,1,,
exp-40a9cd647575,run-9b89791550e9ef70,claim-9768387ff49db430,sig-ba9643128cf3d4b0,delivered,1,1,1,,
exp-40a9cd647575,run-a07b4c8d8ca12c5a,claim-9768387ff49db430,sig-ba9643128cf3d4b0,delivered,1,1,1,,
exp-40a9cd647575,run-a422a5b8b642038d,claim-9768387ff49db430,sig-ba9643128cf3d4b0,delivered,1,1,1,,
exp-40a9cd647575,run-f6dab0a15f9b5781,claim-9768387ff49db430,sig-ba9643128cf3d4b0,delivered,1,1,1,,
exp-40a9cd647575,run-e3a76e2898f5c2fc,claim-b6d4a2ac88c6cb7e,sig-ba9b30bd2ccf180a,delivered,1,1,1,,
exp-40a9cd647575,run-d7f178f578257fb9,claim-0bac7e0b982e6eec,sig-ba9e92f4db11993d,delivered,1,1,1,,
exp-40a9cd647575,run-419b34c10574e0d7,claim-7d01f98ac4ababb2,sig-baf128b6ce2796bf,delivered,1,1,1,,
exp-40a9cd647575,run-5146b6b94268cb8e,claim-7d01f98ac4ababb2,sig-baf128b6ce2796bf,delivered,1,1,1,,
exp-40a9cd647575,run-1938ed72bf14b97b,claim-7803ebeefceccf40,sig-bb0d6926bb908f51,delivered,1,1,1,,
exp-40a9cd647575,run-377799dabee681b2,claim-7803ebeefceccf40,sig-bb0d6926bb908f51,delivered,1,1,1,,
exp-40a9cd647575,run-59a9fcc2972db0b9,claim-7803ebeefceccf40,sig-bb0d6926bb908f51,delivered,1,1,1,,
exp-40a9cd647575,run-5ba7ce50f4958746,claim-7803ebeefceccf40,sig-bb0d6926bb908f51,delivered,1,1,1,,
exp-40a9cd647575,run-8d5ad95c4cc0ea7e,claim-7803ebeefceccf40,sig-bb0d6926bb908f51,delivered,1,1,1,,
exp-40a9cd647575,run-95b1d24ba8f7a546,claim-7803ebeefceccf40,sig-bb0d6926bb908f51,delivered,1,1,1,,
exp-40a9cd647575,run-cbadac524b3b1865,claim-7803ebeefceccf40,sig-bb0d6926bb908f51,delivered,1,1,1,,
exp-40a9cd647575,run-d4c741a10716a606,claim-7803ebeefceccf40,sig-bb0d6926bb908f51,delivered,1,1,1,,
exp-40a9cd647575,run-d533db1177852d34,claim-7803ebeefceccf40,sig-bb0d6926bb908f51,delivered,1,1,1,,
exp-40a9cd647575,run-ebc9aaf788547725,claim-7803ebeefceccf40,sig-bb0d6926bb908f51,delivered,1,1,1,,
exp-40a9cd647575,run-fe7a26d58064e8dc,claim-7803ebeefceccf40,sig-bb0d6926bb908f51,delivered,1,1,1,,
exp-40a9cd647575,run-5146b6b94268cb8e,claim-c56a7c8b60e995e0,sig-bb11fb5e85080ab6,delivered,1,1,1,,
exp-40a9cd647575,run-22bedfbb4ba39ae8,claim-00f3e2800d2e6a11,sig-bb232302874ba5c2,delivered,1,1,1,,
exp-40a9cd647575,run-37a65f6f11d43275,claim-00f3e2800d2e6a11,sig-bb232302874ba5c2,delivered,1,1,1,,
exp-40a9cd647575,run-546a7e3ed4b2749b,claim-00f3e2800d2e6a11,sig-bb232302874ba5c2,delivered,1,1,1,,
exp-40a9cd647575,run-823f79ffe02484d0,claim-00f3e2800d2e6a11,sig-bb232302874ba5c2,delivered,1,1,1,,
exp-40a9cd647575,run-8b25b1d989f4d599,claim-00f3e2800d2e6a11,sig-bb232302874ba5c2,delivered,1,1,1,,
exp-40a9cd647575,run-95b1d24ba8f7a546,claim-00f3e2800d2e6a11,sig-bb232302874ba5c2,delivered,1,1,1,,
exp-40a9cd647575,run-d4c741a10716a606,claim-00f3e2800d2e6a11,sig-bb232302874ba5c2,delivered,1,1,1,,
exp-40a9cd647575,run-d62426bd09776395,claim-00f3e2800d2e6a11,sig-bb232302874ba5c2,delivered,1,1,1,,
exp-40a9cd647575,run-e7c9956e48cc45c9,claim-00f3e2800d2e6a11,sig-bb232302874ba5c2,delivered,1,1,1,,
exp-40a9cd647575,run-f624b0f51a068b4e,claim-00f3e2800d2e6a11,sig-bb232302874ba5c2,delivered,1,1,1,,
exp-40a9cd647575,run-fe7a26d58064e8dc,claim-00f3e2800d2e6a11,sig-bb232302874ba5c2,delivered,1,1,1,,
exp-40a9cd647575,run-546a7e3ed4b2749b,claim-ef828760ca9f54b1,sig-bb95c33e9ae9e020,delivered,1,1,1,,
exp-40a9cd647575,run-823f79ffe02484d0,claim-ef828760ca9f54b1,sig-bb95c33e9ae9e020,delivered,1,1,1,,
exp-40a9cd647575,run-897ec7b867f5ca68,claim-ef828760ca9f54b1,sig-bb95c33e9ae9e020,delivered,1,1,1,,
exp-40a9cd647575,run-2014c584d6b7abe3,claim-deaeecc139e13b15,sig-bb992e2196274478,delivered,1,1,1,,
exp-40a9cd647575,run-5dff6533050fc9bf,claim-deaeecc139e13b15,sig-bb992e2196274478,delivered,1,1,1,,
exp-40a9cd647575,run-974c2e173586b95d,claim-deaeecc139e13b15,sig-bb992e2196274478,delivered,1,1,1,,
exp-40a9cd647575,run-546a7e3ed4b2749b,claim-cf796aaf655aee3a,sig-bc1bb8411b844fdb,delivered,1,1,1,,
exp-40a9cd647575,run-04ef79de6332407d,claim-2e2fae8777cbdcd0,sig-bc610485bc2892c4,delivered,1,1,1,,
exp-40a9cd647575,run-10552c1cef134ebe,claim-2e2fae8777cbdcd0,sig-bc610485bc2892c4,delivered,1,1,1,,
exp-40a9cd647575,run-13636c78ccc51a0e,claim-2e2fae8777cbdcd0,sig-bc610485bc2892c4,delivered,1,1,1,,
exp-40a9cd647575,run-39d61cb1eca880d8,claim-2e2fae8777cbdcd0,sig-bc610485bc2892c4,delivered,1,1,1,,
exp-40a9cd647575,run-419b34c10574e0d7,claim-2e2fae8777cbdcd0,sig-bc610485bc2892c4,delivered,1,1,1,,
exp-40a9cd647575,run-5146b6b94268cb8e,claim-2e2fae8777cbdcd0,sig-bc610485bc2892c4,delivered,1,1,1,,
exp-40a9cd647575,run-7e985e6525696145,claim-2e2fae8777cbdcd0,sig-bc610485bc2892c4,delivered,1,1,1,,
exp-40a9cd647575,run-b45d4176e65e5906,claim-2e2fae8777cbdcd0,sig-bc610485bc2892c4,delivered,1,1,1,,
exp-40a9cd647575,run-2f4597ed820c1503,claim-6239ea5fb6c4769f,sig-bcaa543d92938c52,delivered,1,1,1,,
exp-40a9cd647575,run-35c863ad4c3e6f28,claim-6239ea5fb6c4769f,sig-bcaa543d92938c52,delivered,1,1,1,,
exp-40a9cd647575,run-4606fbd807ba4650,claim-6239ea5fb6c4769f,sig-bcaa543d92938c52,delivered,1,1,1,,
exp-40a9cd647575,run-5426d17ea77a5e18,claim-6239ea5fb6c4769f,sig-bcaa543d92938c52,delivered,1,1,1,,
exp-40a9cd647575,run-612f2088b21cda70,claim-6239ea5fb6c4769f,sig-bcaa543d92938c52,delivered,1,1,1,,
exp-40a9cd647575,run-d03fb77500c9cd94,claim-6239ea5fb6c4769f,sig-bcaa543d92938c52,delivered,1,1,1,,
exp-40a9cd647575,run-c5f8e170be1576f7,claim-bd00392803c84347,sig-bcc66d63716b176c,delivered,1,1,1,,
exp-40a9cd647575,run-e3a76e2898f5c2fc,claim-bd00392803c84347,sig-bcc66d63716b176c,delivered,1,1,1,,
exp-40a9cd647575,run-85cbabcaed591d3e,claim-31eff13277811272,sig-bd20d8cd33691d57,delivered,1,1,1,,
exp-40a9cd647575,run-b9e398623f533076,claim-31eff13277811272,sig-bd20d8cd33691d57,delivered,1,1,1,,
exp-40a9cd647575,run-c046dfb52bd9e84d,claim-31eff13277811272,sig-bd20d8cd33691d57,delivered,1,1,1,,
exp-40a9cd647575,run-e0d708a90a8e4911,claim-31eff13277811272,sig-bd20d8cd33691d57,delivered,1,1,1,,
exp-40a9cd647575,run-d24745de20353c1c,claim-db26908ee23ea4ac,sig-bd38cd53c07d84e6,delivered,1,1,1,,
exp-40a9cd647575,run-16c8c4cbda3a67ff,claim-44f7dd23e9cb2907,sig-bd9a279ea58f60ba,delivered,1,1,1,,
exp-40a9cd647575,run-2014c584d6b7abe3,claim-44f7dd23e9cb2907,sig-bd9a279ea58f60ba,delivered,1,1,1,,
exp-40a9cd647575,run-243c9483fa7e0adf,claim-44f7dd23e9cb2907,sig-bd9a279ea58f60ba,delivered,1,1,1,,
exp-40a9cd647575,run-5d2e6e2b79282ca0,claim-44f7dd23e9cb2907,sig-bd9a279ea58f60ba,delivered,1,1,1,,
exp-40a9cd647575,run-6f9234be022646e9,claim-44f7dd23e9cb2907,sig-bd9a279ea58f60ba,delivered,1,1,1,,
exp-40a9cd647575,run-9332cdf03b96bf12,claim-44f7dd23e9cb2907,sig-bd9a279ea58f60ba,delivered,1,1,1,,
exp-40a9cd647575,run-a5eaf6305b9044fe,claim-44f7dd23e9cb2907,sig-bd9a279ea58f60ba,delivered,1,1,1,,
exp-40a9cd647575,run-afceedbf298a91a6,claim-44f7dd23e9cb2907,sig-bd9a279ea58f60ba,delivered,1,1,1,,
exp-40a9cd647575,run-b2960756b22de028,claim-a9a4381f92980dd5,sig-bdeab9cad609d5a5,delivered,1,1,1,,
exp-40a9cd647575,run-b0b6aff3256f63f3,claim-39473ea2ca61fe49,sig-be446a856bf8454c,delivered,1,1,1,,
exp-40a9cd647575,run-edddb80b074c7c76,claim-39473ea2ca61fe49,sig-be446a856bf8454c,delivered,1,1,1,,
exp-40a9cd647575,run-170a86bce589f400,claim-cf3d503aff23024d,sig-bee2ac852c0aa8ed,delivered,1,1,1,,
exp-40a9cd647575,run-201cd0cf98eaa593,claim-cf3d503aff23024d,sig-bee2ac852c0aa8ed,delivered,1,1,1,,
exp-40a9cd647575,run-85dad60b90e1def2,claim-cf3d503aff23024d,sig-bee2ac852c0aa8ed,delivered,1,1,1,,
exp-40a9cd647575,run-a7583e178eec4bac,claim-cf3d503aff23024d,sig-bee2ac852c0aa8ed,delivered,1,1,1,,
exp-40a9cd647575,run-a7ad56f261f14f47,claim-cf3d503aff23024d,sig-bee2ac852c0aa8ed,delivered,1,1,1,,
exp-40a9cd647575,run-0ce9678e58d522e5,claim-1a2b604110debe4a,sig-bf2728a67e85be84,delivered,1,1,1,,
exp-40a9cd647575,run-e7c9956e48cc45c9,claim-1a2b604110debe4a,sig-bf2728a67e85be84,delivered,1,1,1,,
exp-40a9cd647575,run-f624b0f51a068b4e,claim-1a2b604110debe4a,sig-bf2728a67e85be84,delivered,1,1,1,,
exp-40a9cd647575,run-99e816661430c66e,claim-39473ea2ca61fe49,sig-bf937b9f9f59d337,delivered,1,1,1,,
exp-40a9cd647575,run-55c8e29cfa8c9641,claim-60b8fca5c380fe3b,sig-bff51f7d078efbc2,delivered,1,1,1,,
exp-40a9cd647575,run-5dff6533050fc9bf,claim-60b8fca5c380fe3b,sig-bff51f7d078efbc2,delivered,1,1,1,,
exp-40a9cd647575,run-974c2e173586b95d,claim-60b8fca5c380fe3b,sig-bff51f7d078efbc2,delivered,1,1,1,,
exp-40a9cd647575,run-0bdbd7e3ae24c145,claim-a3871b4ffae43db5,sig-c12215d7c820e42f,delivered,1,1,1,,
exp-40a9cd647575,run-201cd0cf98eaa593,claim-a3871b4ffae43db5,sig-c12215d7c820e42f,delivered,1,1,1,,
exp-40a9cd647575,run-25b1a4c18ff8cdfe,claim-a3871b4ffae43db5,sig-c12215d7c820e42f,delivered,1,1,1,,
exp-40a9cd647575,run-293806b558ff1d6a,claim-a3871b4ffae43db5,sig-c12215d7c820e42f,delivered,1,1,1,,
exp-40a9cd647575,run-44edd4d662236ae1,claim-a3871b4ffae43db5,sig-c12215d7c820e42f,delivered,1,1,1,,
exp-40a9cd647575,run-62b9c429b0e1fee1,claim-a3871b4ffae43db5,sig-c12215d7c820e42f,delivered,1,1,1,,
exp-40a9cd647575,run-85dad60b90e1def2,claim-a3871b4ffae43db5,sig-c12215d7c820e42f,delivered,1,1,1,,
exp-40a9cd647575,run-8fe7e2a70540fa13,claim-a3871b4ffae43db5,sig-c12215d7c820e42f,delivered,1,1,1,,
exp-40a9cd647575,run-a7583e178eec4bac,claim-a3871b4ffae43db5,sig-c12215d7c820e42f,delivered,1,1,1,,
exp-40a9cd647575,run-b0c15ff5128e34a7,claim-a3871b4ffae43db5,sig-c12215d7c820e42f,delivered,1,1,1,,
exp-40a9cd647575,run-d24745de20353c1c,claim-a3871b4ffae43db5,sig-c12215d7c820e42f,delivered,1,1,1,,
exp-40a9cd647575,run-dab5d4df9ae936a4,claim-a3871b4ffae43db5,sig-c12215d7c820e42f,delivered,1,1,1,,
exp-40a9cd647575,run-897ec7b867f5ca68,claim-4536b758ce2b1e2b,sig-c190a52e424886ab,delivered,1,1,1,,
exp-40a9cd647575,run-4893f98223124ec7,claim-ea5fbf20aaeaf883,sig-c19a09a969b59dc1,delivered,1,1,1,,
exp-40a9cd647575,run-87b80a2f839f80f8,claim-ea5fbf20aaeaf883,sig-c19a09a969b59dc1,delivered,1,1,1,,
exp-40a9cd647575,run-a54490d340d095c6,claim-ea5fbf20aaeaf883,sig-c19a09a969b59dc1,delivered,1,1,1,,
exp-40a9cd647575,run-a7ad56f261f14f47,claim-ea5fbf20aaeaf883,sig-c19a09a969b59dc1,delivered,1,1,1,,
exp-40a9cd647575,run-afb024d797a37c69,claim-ea5fbf20aaeaf883,sig-c19a09a969b59dc1,delivered,1,1,1,,
exp-40a9cd647575,run-2f4597ed820c1503,claim-433a0b1af11b4126,sig-c1ed3c7c77a726b4,delivered,1,1,1,,
exp-40a9cd647575,run-35c863ad4c3e6f28,claim-433a0b1af11b4126,sig-c1ed3c7c77a726b4,delivered,1,1,1,,
exp-40a9cd647575,run-612f2088b21cda70,claim-433a0b1af11b4126,sig-c1ed3c7c77a726b4,delivered,1,1,1,,
exp-40a9cd647575,run-d03fb77500c9cd94,claim-433a0b1af11b4126,sig-c1ed3c7c77a726b4,delivered,1,1,1,,
exp-40a9cd647575,run-57f8c4665d98f5e0,claim-5d25ddd869dcf8c5,sig-c1fb0455dcb4c891,delivered,1,1,1,,
exp-40a9cd647575,run-611904a79457240a,claim-5d25ddd869dcf8c5,sig-c1fb0455dcb4c891,delivered,1,1,1,,
exp-40a9cd647575,run-654c7c2b618f3aed,claim-5d25ddd869dcf8c5,sig-c1fb0455dcb4c891,delivered,1,1,1,,
exp-40a9cd647575,run-89dda70ea9ef85f4,claim-5d25ddd869dcf8c5,sig-c1fb0455dcb4c891,delivered,1,1,1,,
exp-40a9cd647575,run-9743848c2e583907,claim-5d25ddd869dcf8c5,sig-c1fb0455dcb4c891,delivered,1,1,1,,
exp-40a9cd647575,run-b0b6aff3256f63f3,claim-5d25ddd869dcf8c5,sig-c1fb0455dcb4c891,delivered,1,1,1,,
exp-40a9cd647575,run-b1d9241e2abafa16,claim-5d25ddd869dcf8c5,sig-c1fb0455dcb4c891,delivered,1,1,1,,
exp-40a9cd647575,run-befb1059eb8a4f2b,claim-5d25ddd869dcf8c5,sig-c1fb0455dcb4c891,delivered,1,1,1,,
exp-40a9cd647575,run-edddb80b074c7c76,claim-5d25ddd869dcf8c5,sig-c1fb0455dcb4c891,delivered,1,1,1,,
exp-40a9cd647575,run-9d1a12cb2591f457,claim-b9d94b94e9e97f3b,sig-c21b9b210753bdb7,delivered,1,1,1,,
exp-40a9cd647575,run-bc6941a815dfc8ff,claim-b9d94b94e9e97f3b,sig-c21b9b210753bdb7,delivered,1,1,1,,
exp-40a9cd647575,run-d833fa81f508835a,claim-b9d94b94e9e97f3b,sig-c21b9b210753bdb7,delivered,1,1,1,,
exp-40a9cd647575,run-da01527933e27f3c,claim-b9d94b94e9e97f3b,sig-c21b9b210753bdb7,delivered,1,1,1,,
exp-40a9cd647575,run-b4594bd0d15cc5e0,claim-b821f04fe480c71f,sig-c24866ecf0bb12ea,delivered,0,1,1,0,
exp-40a9cd647575,run-dd7de3867f884932,claim-b821f04fe480c71f,sig-c24866ecf0bb12ea,delivered,0,1,1,0,
exp-40a9cd647575,run-6f9234be022646e9,claim-f3c116c55b4d8d8d,sig-c26c7f4c4e39c3de,delivered,1,1,1,,
exp-40a9cd647575,run-a5eaf6305b9044fe,claim-cb238dce41ba7c1a,sig-c2813154124fbcc8,delivered,1,1,1,,
exp-40a9cd647575,run-25b1a4c18ff8cdfe,claim-6cab6194955e3b4d,sig-c28980b91c8a3f82,delivered,1,1,1,,
exp-40a9cd647575,run-62b9c429b0e1fee1,claim-6cab6194955e3b4d,sig-c28980b91c8a3f82,delivered,1,1,1,,
exp-40a9cd647575,run-b2960756b22de028,claim-6cab6194955e3b4d,sig-c28980b91c8a3f82,delivered,1,1,1,,
exp-40a9cd647575,run-d24745de20353c1c,claim-6cab6194955e3b4d,sig-c28980b91c8a3f82,delivered,1,1,1,,
exp-40a9cd647575,run-2f4597ed820c1503,claim-ec1e9957d88aea7e,sig-c2f6daf2308ca848,delivered,1,1,1,,
exp-40a9cd647575,run-35c863ad4c3e6f28,claim-ec1e9957d88aea7e,sig-c2f6daf2308ca848,delivered,1,1,1,,
exp-40a9cd647575,run-4606fbd807ba4650,claim-ec1e9957d88aea7e,sig-c2f6daf2308ca848,delivered,1,1,1,,
exp-40a9cd647575,run-5426d17ea77a5e18,claim-ec1e9957d88aea7e,sig-c2f6daf2308ca848,delivered,1,1,1,,
exp-40a9cd647575,run-612f2088b21cda70,claim-ec1e9957d88aea7e,sig-c2f6daf2308ca848,delivered,1,1,1,,
exp-40a9cd647575,run-d03fb77500c9cd94,claim-ec1e9957d88aea7e,sig-c2f6daf2308ca848,delivered,1,1,1,,
exp-40a9cd647575,run-1da582a91e501197,claim-6553f84983e59d95,sig-c33553d1eb3b636a,delivered,0,0,1,,
exp-40a9cd647575,run-2e4189c28ef33830,claim-6553f84983e59d95,sig-c33553d1eb3b636a,delivered,0,0,1,,
exp-40a9cd647575,run-327029f826592b5a,claim-6553f84983e59d95,sig-c33553d1eb3b636a,delivered,0,0,1,,
exp-40a9cd647575,run-3ee72ebf1fb7c6ba,claim-6553f84983e59d95,sig-c33553d1eb3b636a,delivered,0,0,1,,
exp-40a9cd647575,run-81e796b5314caa57,claim-6553f84983e59d95,sig-c33553d1eb3b636a,delivered,0,0,1,,
exp-40a9cd647575,run-85375656a504b3d2,claim-6553f84983e59d95,sig-c33553d1eb3b636a,delivered,0,0,1,,
exp-40a9cd647575,run-8ae17181d03fbff5,claim-6553f84983e59d95,sig-c33553d1eb3b636a,delivered,0,0,1,,
exp-40a9cd647575,run-8eacfbda7a4da0c6,claim-6553f84983e59d95,sig-c33553d1eb3b636a,delivered,0,0,1,,
exp-40a9cd647575,run-94dc0505d98b1125,claim-6553f84983e59d95,sig-c33553d1eb3b636a,delivered,0,0,1,,
exp-40a9cd647575,run-95bc32511c3aed48,claim-6553f84983e59d95,sig-c33553d1eb3b636a,delivered,0,0,1,,
exp-40a9cd647575,run-a98623393b9f4912,claim-6553f84983e59d95,sig-c33553d1eb3b636a,delivered,0,0,1,,
exp-40a9cd647575,run-f2047b965149efbc,claim-6553f84983e59d95,sig-c33553d1eb3b636a,delivered,0,0,1,,
exp-40a9cd647575,run-0bdbd7e3ae24c145,claim-29eb842d86591c20,sig-c3d741fbaf2df339,delivered,1,1,1,,
exp-40a9cd647575,run-293806b558ff1d6a,claim-29eb842d86591c20,sig-c3d741fbaf2df339,delivered,1,1,1,,
exp-40a9cd647575,run-8fe7e2a70540fa13,claim-29eb842d86591c20,sig-c3d741fbaf2df339,delivered,1,1,1,,
exp-40a9cd647575,run-b0c15ff5128e34a7,claim-29eb842d86591c20,sig-c3d741fbaf2df339,delivered,1,1,1,,
exp-40a9cd647575,run-13636c78ccc51a0e,claim-4252293b9c5df619,sig-c41369078fe5208d,delivered,1,1,1,,
exp-40a9cd647575,run-39d61cb1eca880d8,claim-4252293b9c5df619,sig-c41369078fe5208d,delivered,1,1,1,,
exp-40a9cd647575,run-419b34c10574e0d7,claim-4252293b9c5df619,sig-c41369078fe5208d,delivered,1,1,1,,
exp-40a9cd647575,run-4337e1188bc3cbdd,claim-4252293b9c5df619,sig-c41369078fe5208d,delivered,1,1,1,,
exp-40a9cd647575,run-4b6183de42fffe52,claim-4252293b9c5df619,sig-c41369078fe5208d,delivered,1,1,1,,
exp-40a9cd647575,run-5146b6b94268cb8e,claim-4252293b9c5df619,sig-c41369078fe5208d,delivered,1,1,1,,
exp-40a9cd647575,run-57707206b4378d12,claim-4252293b9c5df619,sig-c41369078fe5208d,delivered,1,1,1,,
exp-40a9cd647575,run-a1496348f76e4af2,claim-4252293b9c5df619,sig-c41369078fe5208d,delivered,1,1,1,,
exp-40a9cd647575,run-b45d4176e65e5906,claim-4252293b9c5df619,sig-c41369078fe5208d,delivered,1,1,1,,
exp-40a9cd647575,run-e3abc9bf556d7a45,claim-4252293b9c5df619,sig-c41369078fe5208d,delivered,1,1,1,,
exp-40a9cd647575,run-a7ad56f261f14f47,claim-a0d8e14754c045de,sig-c43c55937a0597e6,delivered,1,1,1,,
exp-40a9cd647575,run-0c7f7d168f1509e0,claim-0ec1951b3ffdeff2,sig-c460ee13094a6f51,delivered,1,1,1,,
exp-40a9cd647575,run-0ce9678e58d522e5,claim-0ec1951b3ffdeff2,sig-c460ee13094a6f51,delivered,1,1,1,,
exp-40a9cd647575,run-1a5f2b96746a5fa3,claim-0ec1951b3ffdeff2,sig-c460ee13094a6f51,delivered,1,1,1,,
exp-40a9cd647575,run-1e0ba3c3954c7ccf,claim-0ec1951b3ffdeff2,sig-c460ee13094a6f51,delivered,1,1,1,,
exp-40a9cd647575,run-5093d78945736d5b,claim-0ec1951b3ffdeff2,sig-c460ee13094a6f51,delivered,1,1,1,,
exp-40a9cd647575,run-d0fa4ba0dd287bb4,claim-0ec1951b3ffdeff2,sig-c460ee13094a6f51,delivered,1,1,1,,
exp-40a9cd647575,run-e7c9956e48cc45c9,claim-0ec1951b3ffdeff2,sig-c460ee13094a6f51,delivered,1,1,1,,
exp-40a9cd647575,run-f624b0f51a068b4e,claim-0ec1951b3ffdeff2,sig-c460ee13094a6f51,delivered,1,1,1,,
exp-40a9cd647575,run-13636c78ccc51a0e,claim-6bd19bfa1d87aeba,sig-c46556a20344c73f,delivered,1,1,1,,
exp-40a9cd647575,run-39d61cb1eca880d8,claim-6bd19bfa1d87aeba,sig-c46556a20344c73f,delivered,1,1,1,,
exp-40a9cd647575,run-5146b6b94268cb8e,claim-6bd19bfa1d87aeba,sig-c46556a20344c73f,delivered,1,1,1,,
exp-40a9cd647575,run-b45d4176e65e5906,claim-6bd19bfa1d87aeba,sig-c46556a20344c73f,delivered,1,1,1,,
exp-40a9cd647575,run-0bdbd7e3ae24c145,claim-f9a87bf69c698dcd,sig-c4fe0d8ab7e99ca7,delivered,1,1,1,,
exp-40a9cd647575,run-293806b558ff1d6a,claim-f9a87bf69c698dcd,sig-c4fe0d8ab7e99ca7,delivered,1,1,1,,
exp-40a9cd647575,run-8fe7e2a70540fa13,claim-f9a87bf69c698dcd,sig-c4fe0d8ab7e99ca7,delivered,1,1,1,,
exp-40a9cd647575,run-b0c15ff5128e34a7,claim-f9a87bf69c698dcd,sig-c4fe0d8ab7e99ca7,delivered,1,1,1,,
exp-40a9cd647575,run-57f8c4665d98f5e0,claim-31e4d80cf6e7167a,sig-c5ad61ef72783ac1,delivered,1,1,1,,
exp-40a9cd647575,run-1938ed72bf14b97b,claim-ace0630cd07c00a5,sig-c5c64219a51d938a,delivered,1,1,1,,
exp-40a9cd647575,run-377799dabee681b2,claim-ace0630cd07c00a5,sig-c5c64219a51d938a,delivered,1,1,1,,
exp-40a9cd647575,run-3fac34c2107fdb3d,claim-ace0630cd07c00a5,sig-c5c64219a51d938a,delivered,1,1,1,,
exp-40a9cd647575,run-4d6657cbd89092bb,claim-ace0630cd07c00a5,sig-c5c64219a51d938a,delivered,1,1,1,,
exp-40a9cd647575,run-539160a33de1339f,claim-ace0630cd07c00a5,sig-c5c64219a51d938a,delivered,1,1,1,,
exp-40a9cd647575,run-59a9fcc2972db0b9,claim-ace0630cd07c00a5,sig-c5c64219a51d938a,delivered,1,1,1,,
exp-40a9cd647575,run-5ba7ce50f4958746,claim-ace0630cd07c00a5,sig-c5c64219a51d938a,delivered,1,1,1,,
exp-40a9cd647575,run-5e0f13ec0da33c69,claim-ace0630cd07c00a5,sig-c5c64219a51d938a,delivered,1,1,1,,
exp-40a9cd647575,run-611904a79457240a,claim-ace0630cd07c00a5,sig-c5c64219a51d938a,delivered,1,1,1,,
exp-40a9cd647575,run-6474c7fea2bc101b,claim-ace0630cd07c00a5,sig-c5c64219a51d938a,delivered,1,1,1,,
exp-40a9cd647575,run-654c7c2b618f3aed,claim-ace0630cd07c00a5,sig-c5c64219a51d938a,delivered,1,1,1,,
exp-40a9cd647575,run-6603f070d7a74f3c,claim-ace0630cd07c00a5,sig-c5c64219a51d938a,delivered,1,1,1,,
exp-40a9cd647575,run-85cbabcaed591d3e,claim-ace0630cd07c00a5,sig-c5c64219a51d938a,delivered,1,1,1,,
exp-40a9cd647575,run-87b80a2f839f80f8,claim-ace0630cd07c00a5,sig-c5c64219a51d938a,delivered,1,1,1,,
exp-40a9cd647575,run-89dda70ea9ef85f4,claim-ace0630cd07c00a5,sig-c5c64219a51d938a,delivered,1,1,1,,
exp-40a9cd647575,run-8b25b1d989f4d599,claim-ace0630cd07c00a5,sig-c5c64219a51d938a,delivered,1,1,1,,
exp-40a9cd647575,run-95b1d24ba8f7a546,claim-ace0630cd07c00a5,sig-c5c64219a51d938a,delivered,1,1,1,,
exp-40a9cd647575,run-9743848c2e583907,claim-ace0630cd07c00a5,sig-c5c64219a51d938a,delivered,1,1,1,,
exp-40a9cd647575,run-9b89791550e9ef70,claim-ace0630cd07c00a5,sig-c5c64219a51d938a,delivered,1,1,1,,
exp-40a9cd647575,run-a07b4c8d8ca12c5a,claim-ace0630cd07c00a5,sig-c5c64219a51d938a,delivered,1,1,1,,
exp-40a9cd647575,run-a422a5b8b642038d,claim-ace0630cd07c00a5,sig-c5c64219a51d938a,delivered,1,1,1,,
exp-40a9cd647575,run-b1d9241e2abafa16,claim-ace0630cd07c00a5,sig-c5c64219a51d938a,delivered,1,1,1,,
exp-40a9cd647575,run-b9e398623f533076,claim-ace0630cd07c00a5,sig-c5c64219a51d938a,delivered,1,1,1,,
exp-40a9cd647575,run-be1afd4e17c162e6,claim-ace0630cd07c00a5,sig-c5c64219a51d938a,delivered,1,1,1,,
exp-40a9cd647575,run-befb1059eb8a4f2b,claim-ace0630cd07c00a5,sig-c5c64219a51d938a,delivered,1,1,1,,
exp-40a9cd647575,run-c046dfb52bd9e84d,claim-ace0630cd07c00a5,sig-c5c64219a51d938a,delivered,1,1,1,,
exp-40a9cd647575,run-c6c4e2e7bfa89ee6,claim-ace0630cd07c00a5,sig-c5c64219a51d938a,delivered,1,1,1,,
exp-40a9cd647575,run-cbadac524b3b1865,claim-ace0630cd07c00a5,sig-c5c64219a51d938a,delivered,1,1,1,,
exp-40a9cd647575,run-d41da11c672e910a,claim-ace0630cd07c00a5,sig-c5c64219a51d938a,delivered,1,1,1,,
exp-40a9cd647575,run-d4c741a10716a606,claim-ace0630cd07c00a5,sig-c5c64219a51d938a,delivered,1,1,1,,
exp-40a9cd647575,run-d533db1177852d34,claim-ace0630cd07c00a5,sig-c5c64219a51d938a,delivered,1,1,1,,
exp-40a9cd647575,run-dcec6376163df8fc,claim-ace0630cd07c00a5,sig-c5c64219a51d938a,delivered,1,1,1,,
exp-40a9cd647575,run-e0d708a90a8e4911,claim-ace0630cd07c00a5,sig-c5c64219a51d938a,delivered,1,1,1,,
exp-40a9cd647575,run-e3abc9bf556d7a45,claim-ace0630cd07c00a5,sig-c5c64219a51d938a,delivered,1,1,1,,
exp-40a9cd647575,run-ebc9aaf788547725,claim-ace0630cd07c00a5,sig-c5c64219a51d938a,delivered,1,1,1,,
exp-40a9cd647575,run-f6dab0a15f9b5781,claim-ace0630cd07c00a5,sig-c5c64219a51d938a,delivered,1,1,1,,
exp-40a9cd647575,run-fe7a26d58064e8dc,claim-ace0630cd07c00a5,sig-c5c64219a51d938a,delivered,1,1,1,,
exp-40a9cd647575,run-1e0ba3c3954c7ccf,claim-c3fcf95d414e030a,sig-c5d38a742410e5dd,delivered,1,1,1,,
exp-40a9cd647575,run-4337e1188bc3cbdd,claim-64b472269802c80f,sig-c613fce72b9066d2,delivered,1,1,1,,
exp-40a9cd647575,run-4b6183de42fffe52,claim-64b472269802c80f,sig-c613fce72b9066d2,delivered,1,1,1,,
exp-40a9cd647575,run-937dfd5cfbd8926d,claim-64b472269802c80f,sig-c613fce72b9066d2,delivered,1,1,1,,
exp-40a9cd647575,run-a1496348f76e4af2,claim-64b472269802c80f,sig-c613fce72b9066d2,delivered,1,1,1,,
exp-40a9cd647575,run-539160a33de1339f,claim-ea7bad6ea315b12d,sig-c6ca81b35385ddab,delivered,1,1,1,,
exp-40a9cd647575,run-611904a79457240a,claim-ea7bad6ea315b12d,sig-c6ca81b35385ddab,delivered,1,1,1,,
exp-40a9cd647575,run-89dda70ea9ef85f4,claim-ea7bad6ea315b12d,sig-c6ca81b35385ddab,delivered,1,1,1,,
exp-40a9cd647575,run-9743848c2e583907,claim-ea7bad6ea315b12d,sig-c6ca81b35385ddab,delivered,1,1,1,,
exp-40a9cd647575,run-b1d9241e2abafa16,claim-ea7bad6ea315b12d,sig-c6ca81b35385ddab,delivered,1,1,1,,
exp-40a9cd647575,run-befb1059eb8a4f2b,claim-ea7bad6ea315b12d,sig-c6ca81b35385ddab,delivered,1,1,1,,
exp-40a9cd647575,run-0c7f7d168f1509e0,claim-910890350acb2de9,sig-c6d16d9d0a43af79,delivered,1,1,1,,
exp-40a9cd647575,run-0ce9678e58d522e5,claim-910890350acb2de9,sig-c6d16d9d0a43af79,delivered,1,1,1,,
exp-40a9cd647575,run-5093d78945736d5b,claim-910890350acb2de9,sig-c6d16d9d0a43af79,delivered,1,1,1,,
exp-40a9cd647575,run-85cbabcaed591d3e,claim-f81b9e696a4daf92,sig-c73b58a079080cce,delivered,1,1,1,,
exp-40a9cd647575,run-9d1a12cb2591f457,claim-f81b9e696a4daf92,sig-c73b58a079080cce,delivered,1,1,1,,
exp-40a9cd647575,run-b9e398623f533076,claim-f81b9e696a4daf92,sig-c73b58a079080cce,delivered,1,1,1,,
exp-40a9cd647575,run-c046dfb52bd9e84d,claim-f81b9e696a4daf92,sig-c73b58a079080cce,delivered,1,1,1,,
exp-40a9cd647575,run-d833fa81f508835a,claim-f81b9e696a4daf92,sig-c73b58a079080cce,delivered,1,1,1,,
exp-40a9cd647575,run-da01527933e27f3c,claim-f81b9e696a4daf92,sig-c73b58a079080cce,delivered,1,1,1,,
exp-40a9cd647575,run-e0d708a90a8e4911,claim-f81b9e696a4daf92,sig-c73b58a079080cce,delivered,1,1,1,,
exp-40a9cd647575,run-5dff6533050fc9bf,claim-183000eadbf4f0de,sig-c7c4bea779969c9b,delivered,1,1,1,,
exp-40a9cd647575,run-974c2e173586b95d,claim-183000eadbf4f0de,sig-c7c4bea779969c9b,delivered,1,1,1,,
exp-40a9cd647575,run-25b1a4c18ff8cdfe,claim-cf3d503aff23024d,sig-c7d58b91e32bf9f7,delivered,1,1,1,,
exp-40a9cd647575,run-293806b558ff1d6a,claim-cf3d503aff23024d,sig-c7d58b91e32bf9f7,delivered,1,1,1,,
exp-40a9cd647575,run-57f8c4665d98f5e0,claim-c64df616d0018657,sig-c8064c0bc3cd8cfa,delivered,1,1,1,,
exp-40a9cd647575,run-823f79ffe02484d0,claim-c64df616d0018657,sig-c8064c0bc3cd8cfa,delivered,1,1,1,,
exp-40a9cd647575,run-897ec7b867f5ca68,claim-c64df616d0018657,sig-c8064c0bc3cd8cfa,delivered,1,1,1,,
exp-40a9cd647575,run-b0b6aff3256f63f3,claim-c64df616d0018657,sig-c8064c0bc3cd8cfa,delivered,1,1,1,,
exp-40a9cd647575,run-edddb80b074c7c76,claim-c64df616d0018657,sig-c8064c0bc3cd8cfa,delivered,1,1,1,,
exp-40a9cd647575,run-170a86bce589f400,claim-6d1154397868b646,sig-c80992d5f85dd44c,delivered,1,1,1,,
exp-40a9cd647575,run-1bf11ade46e0d5c8,claim-db58e68a276f73f2,sig-c815cd16f5d8d58a,delivered,1,1,1,,
exp-40a9cd647575,run-299870db7b1a02f9,claim-db58e68a276f73f2,sig-c815cd16f5d8d58a,delivered,1,1,1,,
exp-40a9cd647575,run-3704234e0044445c,claim-db58e68a276f73f2,sig-c815cd16f5d8d58a,delivered,1,1,1,,
exp-40a9cd647575,run-3fac34c2107fdb3d,claim-db58e68a276f73f2,sig-c815cd16f5d8d58a,delivered,1,1,1,,
exp-40a9cd647575,run-539160a33de1339f,claim-db58e68a276f73f2,sig-c815cd16f5d8d58a,delivered,1,1,1,,
exp-40a9cd647575,run-5544965755d02fca,claim-db58e68a276f73f2,sig-c815cd16f5d8d58a,delivered,1,1,1,,
exp-40a9cd647575,run-5c7b2955097358b7,claim-db58e68a276f73f2,sig-c815cd16f5d8d58a,delivered,1,1,1,,
exp-40a9cd647575,run-611904a79457240a,claim-db58e68a276f73f2,sig-c815cd16f5d8d58a,delivered,1,1,1,,
exp-40a9cd647575,run-676f804262ab62f9,claim-db58e68a276f73f2,sig-c815cd16f5d8d58a,delivered,1,1,1,,
exp-40a9cd647575,run-6f82a936d36520aa,claim-db58e68a276f73f2,sig-c815cd16f5d8d58a,delivered,1,1,1,,
exp-40a9cd647575,run-81319bcbcd98673c,claim-db58e68a276f73f2,sig-c815cd16f5d8d58a,delivered,1,1,1,,
exp-40a9cd647575,run-85cbabcaed591d3e,claim-db58e68a276f73f2,sig-c815cd16f5d8d58a,delivered,1,1,1,,
exp-40a9cd647575,run-89dda70ea9ef85f4,claim-db58e68a276f73f2,sig-c815cd16f5d8d58a,delivered,1,1,1,,
exp-40a9cd647575,run-90dcc86b93a5ce44,claim-db58e68a276f73f2,sig-c815cd16f5d8d58a,delivered,1,1,1,,
exp-40a9cd647575,run-930b76d107e5cff8,claim-db58e68a276f73f2,sig-c815cd16f5d8d58a,delivered,1,1,1,,
exp-40a9cd647575,run-94f7d1e13d63a2ae,claim-db58e68a276f73f2,sig-c815cd16f5d8d58a,delivered,1,1,1,,
exp-40a9cd647575,run-9743848c2e583907,claim-db58e68a276f73f2,sig-c815cd16f5d8d58a,delivered,1,1,1,,
exp-40a9cd647575,run-99e816661430c66e,claim-db58e68a276f73f2,sig-c815cd16f5d8d58a,delivered,1,1,1,,
exp-40a9cd647575,run-9d1a12cb2591f457,claim-db58e68a276f73f2,sig-c815cd16f5d8d58a,delivered,1,1,1,,
exp-40a9cd647575,run-a29dca6067031521,claim-db58e68a276f73f2,sig-c815cd16f5d8d58a,delivered,1,1,1,,
exp-40a9cd647575,run-a9336051d5ce5f85,claim-db58e68a276f73f2,sig-c815cd16f5d8d58a,delivered,1,1,1,,
exp-40a9cd647575,run-b04f876cb742eaf7,claim-db58e68a276f73f2,sig-c815cd16f5d8d58a,delivered,1,1,1,,
exp-40a9cd647575,run-b1d9241e2abafa16,claim-db58e68a276f73f2,sig-c815cd16f5d8d58a,delivered,1,1,1,,
exp-40a9cd647575,run-b4594bd0d15cc5e0,claim-db58e68a276f73f2,sig-c815cd16f5d8d58a,delivered,1,1,1,,
exp-40a9cd647575,run-b9e398623f533076,claim-db58e68a276f73f2,sig-c815cd16f5d8d58a,delivered,1,1,1,,
exp-40a9cd647575,run-bc6941a815dfc8ff,claim-db58e68a276f73f2,sig-c815cd16f5d8d58a,delivered,1,1,1,,
exp-40a9cd647575,run-bc800b63a2891e00,claim-db58e68a276f73f2,sig-c815cd16f5d8d58a,delivered,1,1,1,,
exp-40a9cd647575,run-befb1059eb8a4f2b,claim-db58e68a276f73f2,sig-c815cd16f5d8d58a,delivered,1,1,1,,
exp-40a9cd647575,run-c046dfb52bd9e84d,claim-db58e68a276f73f2,sig-c815cd16f5d8d58a,delivered,1,1,1,,
exp-40a9cd647575,run-c72a51f33480a443,claim-db58e68a276f73f2,sig-c815cd16f5d8d58a,delivered,1,1,1,,
exp-40a9cd647575,run-d41da11c672e910a,claim-db58e68a276f73f2,sig-c815cd16f5d8d58a,delivered,1,1,1,,
exp-40a9cd647575,run-d833fa81f508835a,claim-db58e68a276f73f2,sig-c815cd16f5d8d58a,delivered,1,1,1,,
exp-40a9cd647575,run-da01527933e27f3c,claim-db58e68a276f73f2,sig-c815cd16f5d8d58a,delivered,1,1,1,,
exp-40a9cd647575,run-dd7de3867f884932,claim-db58e68a276f73f2,sig-c815cd16f5d8d58a,delivered,1,1,1,,
exp-40a9cd647575,run-e0d708a90a8e4911,claim-db58e68a276f73f2,sig-c815cd16f5d8d58a,delivered,1,1,1,,
exp-40a9cd647575,run-e4a4806cd80056a6,claim-db58e68a276f73f2,sig-c815cd16f5d8d58a,delivered,1,1,1,,
exp-40a9cd647575,run-eacdc6601fd269f4,claim-db58e68a276f73f2,sig-c815cd16f5d8d58a,delivered,1,1,1,,
exp-40a9cd647575,run-1a5f2b96746a5fa3,claim-90c0a7e7cb048695,sig-c85f1ba87f2c34bb,delivered,1,1,1,,
exp-40a9cd647575,run-1bf11ade46e0d5c8,claim-90c0a7e7cb048695,sig-c85f1ba87f2c34bb,delivered,1,1,1,,
exp-40a9cd647575,run-22bedfbb4ba39ae8,claim-90c0a7e7cb048695,sig-c85f1ba87f2c34bb,delivered,1,1,1,,
exp-40a9cd647575,run-37a65f6f11d43275,claim-90c0a7e7cb048695,sig-c85f1ba87f2c34bb,delivered,1,1,1,,
exp-40a9cd647575,run-419b34c10574e0d7,claim-90c0a7e7cb048695,sig-c85f1ba87f2c34bb,delivered,1,1,1,,
exp-40a9cd647575,run-5146b6b94268cb8e,claim-90c0a7e7cb048695,sig-c85f1ba87f2c34bb,delivered,1,1,1,,
exp-40a9cd647575,run-81319bcbcd98673c,claim-90c0a7e7cb048695,sig-c85f1ba87f2c34bb,delivered,1,1,1,,
exp-40a9cd647575,run-94f7d1e13d63a2ae,claim-90c0a7e7cb048695,sig-c85f1ba87f2c34bb,delivered,1,1,1,,
exp-40a9cd647575,run-c72a51f33480a443,claim-90c0a7e7cb048695,sig-c85f1ba87f2c34bb,delivered,1,1,1,,
exp-40a9cd647575,run-f624b0f51a068b4e,claim-90c0a7e7cb048695,sig-c85f1ba87f2c34bb,delivered,1,1,1,,
exp-40a9cd647575,run-243c9483fa7e0adf,claim-1712e9f67d7cb7e2,sig-c89002f13e353960,delivered,1,1,1,,
exp-40a9cd647575,run-5d2e6e2b79282ca0,claim-1712e9f67d7cb7e2,sig-c89002f13e353960,delivered,1,1,1,,
exp-40a9cd647575,run-5dff6533050fc9bf,claim-1712e9f67d7cb7e2,sig-c89002f13e353960,delivered,1,1,1,,
exp-40a9cd647575,run-9332cdf03b96bf12,claim-1712e9f67d7cb7e2,sig-c89002f13e353960,delivered,1,1,1,,
exp-40a9cd647575,run-afceedbf298a91a6,claim-1712e9f67d7cb7e2,sig-c89002f13e353960,delivered,1,1,1,,
exp-40a9cd647575,run-3fac34c2107fdb3d,claim-2be768189fdf6498,sig-c908a46583e91ba6,delivered,1,1,1,,
exp-40a9cd647575,run-a5eaf6305b9044fe,claim-dac83d125d271d5f,sig-c9bd8ad2d90b77d0,delivered,1,1,1,,
exp-40a9cd647575,run-546a7e3ed4b2749b,claim-3b4aaeecd5494143,sig-c9c99d28cf4a18c3,delivered,1,1,1,,
exp-40a9cd647575,run-7e985e6525696145,claim-b6c41a70406187c2,sig-ca1acf60c4043b73,delivered,1,1,1,,
exp-40a9cd647575,run-04199a1317aaf4d6,claim-6687c00b39adbe2c,sig-ca4572cb4ba49e56,delivered,1,1,1,,
exp-40a9cd647575,run-793cb59b50eec427,claim-6687c00b39adbe2c,sig-ca4572cb4ba49e56,delivered,1,1,1,,
exp-40a9cd647575,run-d7f178f578257fb9,claim-6687c00b39adbe2c,sig-ca4572cb4ba49e56,delivered,1,1,1,,
exp-40a9cd647575,run-e7c9956e48cc45c9,claim-6687c00b39adbe2c,sig-ca4572cb4ba49e56,delivered,1,1,1,,
exp-40a9cd647575,run-2f4597ed820c1503,claim-a9e66fd4a51f274a,sig-cab34060b983a331,delivered,1,1,1,,
exp-40a9cd647575,run-35c863ad4c3e6f28,claim-a9e66fd4a51f274a,sig-cab34060b983a331,delivered,1,1,1,,
exp-40a9cd647575,run-612f2088b21cda70,claim-a9e66fd4a51f274a,sig-cab34060b983a331,delivered,1,1,1,,
exp-40a9cd647575,run-d03fb77500c9cd94,claim-a9e66fd4a51f274a,sig-cab34060b983a331,delivered,1,1,1,,
exp-40a9cd647575,run-4606fbd807ba4650,claim-0390e96f2e150f8f,sig-cab58db64baa5cc9,delivered,1,1,1,,
exp-40a9cd647575,run-5426d17ea77a5e18,claim-0390e96f2e150f8f,sig-cab58db64baa5cc9,delivered,1,1,1,,
exp-40a9cd647575,run-377799dabee681b2,claim-53a8e419107df166,sig-cadf8489517ead41,delivered,1,1,1,,
exp-40a9cd647575,run-611904a79457240a,claim-53a8e419107df166,sig-cadf8489517ead41,delivered,1,1,1,,
exp-40a9cd647575,run-6474c7fea2bc101b,claim-53a8e419107df166,sig-cadf8489517ead41,delivered,1,1,1,,
exp-40a9cd647575,run-654c7c2b618f3aed,claim-53a8e419107df166,sig-cadf8489517ead41,delivered,1,1,1,,
exp-40a9cd647575,run-89dda70ea9ef85f4,claim-53a8e419107df166,sig-cadf8489517ead41,delivered,1,1,1,,
exp-40a9cd647575,run-8d5ad95c4cc0ea7e,claim-53a8e419107df166,sig-cadf8489517ead41,delivered,1,1,1,,
exp-40a9cd647575,run-95b1d24ba8f7a546,claim-53a8e419107df166,sig-cadf8489517ead41,delivered,1,1,1,,
exp-40a9cd647575,run-9743848c2e583907,claim-53a8e419107df166,sig-cadf8489517ead41,delivered,1,1,1,,
exp-40a9cd647575,run-b0b6aff3256f63f3,claim-53a8e419107df166,sig-cadf8489517ead41,delivered,1,1,1,,
exp-40a9cd647575,run-b1d9241e2abafa16,claim-53a8e419107df166,sig-cadf8489517ead41,delivered,1,1,1,,
exp-40a9cd647575,run-befb1059eb8a4f2b,claim-53a8e419107df166,sig-cadf8489517ead41,delivered,1,1,1,,
exp-40a9cd647575,run-c6c4e2e7bfa89ee6,claim-53a8e419107df166,sig-cadf8489517ead41,delivered,1,1,1,,
exp-40a9cd647575,run-d4c741a10716a606,claim-53a8e419107df166,sig-cadf8489517ead41,delivered,1,1,1,,
exp-40a9cd647575,run-d533db1177852d34,claim-53a8e419107df166,sig-cadf8489517ead41,delivered,1,1,1,,
exp-40a9cd647575,run-edddb80b074c7c76,claim-53a8e419107df166,sig-cadf8489517ead41,delivered,1,1,1,,
exp-40a9cd647575,run-fe7a26d58064e8dc,claim-53a8e419107df166,sig-cadf8489517ead41,delivered,1,1,1,,
exp-40a9cd647575,run-c5f8e170be1576f7,claim-4732f515de98d643,sig-cb461d6d7d6862d1,delivered,1,1,1,,
exp-40a9cd647575,run-e3a76e2898f5c2fc,claim-4732f515de98d643,sig-cb461d6d7d6862d1,delivered,1,1,1,,
exp-40a9cd647575,run-6603f070d7a74f3c,claim-61316786f16fd635,sig-cbb50091f9819fb8,delivered,1,1,1,,
exp-40a9cd647575,run-85cbabcaed591d3e,claim-61316786f16fd635,sig-cbb50091f9819fb8,delivered,1,1,1,,
exp-40a9cd647575,run-9d1a12cb2591f457,claim-61316786f16fd635,sig-cbb50091f9819fb8,delivered,1,1,1,,
exp-40a9cd647575,run-b9e398623f533076,claim-61316786f16fd635,sig-cbb50091f9819fb8,delivered,1,1,1,,
exp-40a9cd647575,run-c046dfb52bd9e84d,claim-61316786f16fd635,sig-cbb50091f9819fb8,delivered,1,1,1,,
exp-40a9cd647575,run-d833fa81f508835a,claim-61316786f16fd635,sig-cbb50091f9819fb8,delivered,1,1,1,,
exp-40a9cd647575,run-da01527933e27f3c,claim-61316786f16fd635,sig-cbb50091f9819fb8,delivered,1,1,1,,
exp-40a9cd647575,run-e0d708a90a8e4911,claim-61316786f16fd635,sig-cbb50091f9819fb8,delivered,1,1,1,,
exp-40a9cd647575,run-0157f532598e4b4f,claim-df8d48ae841bd6c9,sig-cc49c830dae7a9c0,delivered,1,1,1,,
exp-40a9cd647575,run-1938ed72bf14b97b,claim-df8d48ae841bd6c9,sig-cc49c830dae7a9c0,delivered,1,1,1,,
exp-40a9cd647575,run-4893f98223124ec7,claim-df8d48ae841bd6c9,sig-cc49c830dae7a9c0,delivered,1,1,1,,
exp-40a9cd647575,run-5ba7ce50f4958746,claim-df8d48ae841bd6c9,sig-cc49c830dae7a9c0,delivered,1,1,1,,
exp-40a9cd647575,run-5e2cbaadd2aed0b1,claim-df8d48ae841bd6c9,sig-cc49c830dae7a9c0,delivered,1,1,1,,
exp-40a9cd647575,run-622746ed303f2c0d,claim-df8d48ae841bd6c9,sig-cc49c830dae7a9c0,delivered,1,1,1,,
exp-40a9cd647575,run-6474c7fea2bc101b,claim-df8d48ae841bd6c9,sig-cc49c830dae7a9c0,delivered,1,1,1,,
exp-40a9cd647575,run-87b80a2f839f80f8,claim-df8d48ae841bd6c9,sig-cc49c830dae7a9c0,delivered,1,1,1,,
exp-40a9cd647575,run-a54490d340d095c6,claim-df8d48ae841bd6c9,sig-cc49c830dae7a9c0,delivered,1,1,1,,
exp-40a9cd647575,run-afb024d797a37c69,claim-df8d48ae841bd6c9,sig-cc49c830dae7a9c0,delivered,1,1,1,,
exp-40a9cd647575,run-c6c4e2e7bfa89ee6,claim-df8d48ae841bd6c9,sig-cc49c830dae7a9c0,delivered,1,1,1,,
exp-40a9cd647575,run-cbadac524b3b1865,claim-df8d48ae841bd6c9,sig-cc49c830dae7a9c0,delivered,1,1,1,,
exp-40a9cd647575,run-d533db1177852d34,claim-df8d48ae841bd6c9,sig-cc49c830dae7a9c0,delivered,1,1,1,,
exp-40a9cd647575,run-dcec6376163df8fc,claim-df8d48ae841bd6c9,sig-cc49c830dae7a9c0,delivered,1,1,1,,
exp-40a9cd647575,run-04ef79de6332407d,claim-66a1f4a4d9c69bee,sig-ccd84ebfa625b79c,delivered,1,1,1,,
exp-40a9cd647575,run-10552c1cef134ebe,claim-66a1f4a4d9c69bee,sig-ccd84ebfa625b79c,delivered,1,1,1,,
exp-40a9cd647575,run-419b34c10574e0d7,claim-66a1f4a4d9c69bee,sig-ccd84ebfa625b79c,delivered,1,1,1,,
exp-40a9cd647575,run-7e985e6525696145,claim-66a1f4a4d9c69bee,sig-ccd84ebfa625b79c,delivered,1,1,1,,
exp-40a9cd647575,run-1a5f2b96746a5fa3,claim-5477197e1d63902c,sig-ccdfa6ce3187a6c1,delivered,1,1,1,,
exp-40a9cd647575,run-1bf11ade46e0d5c8,claim-5477197e1d63902c,sig-ccdfa6ce3187a6c1,delivered,1,1,1,,
exp-40a9cd647575,run-22bedfbb4ba39ae8,claim-5477197e1d63902c,sig-ccdfa6ce3187a6c1,delivered,1,1,1,,
exp-40a9cd647575,run-2f4597ed820c1503,claim-5477197e1d63902c,sig-ccdfa6ce3187a6c1,delivered,1,1,1,,
exp-40a9cd647575,run-35c863ad4c3e6f28,claim-5477197e1d63902c,sig-ccdfa6ce3187a6c1,delivered,1,1,1,,
exp-40a9cd647575,run-37a65f6f11d43275,claim-5477197e1d63902c,sig-ccdfa6ce3187a6c1,delivered,1,1,1,,
exp-40a9cd647575,run-612f2088b21cda70,claim-5477197e1d63902c,sig-ccdfa6ce3187a6c1,delivered,1,1,1,,
exp-40a9cd647575,run-793cb59b50eec427,claim-5477197e1d63902c,sig-ccdfa6ce3187a6c1,delivered,1,1,1,,
exp-40a9cd647575,run-81319bcbcd98673c,claim-5477197e1d63902c,sig-ccdfa6ce3187a6c1,delivered,1,1,1,,
exp-40a9cd647575,run-94f7d1e13d63a2ae,claim-5477197e1d63902c,sig-ccdfa6ce3187a6c1,delivered,1,1,1,,
exp-40a9cd647575,run-c72a51f33480a443,claim-5477197e1d63902c,sig-ccdfa6ce3187a6c1,delivered,1,1,1,,
exp-40a9cd647575,run-d03fb77500c9cd94,claim-5477197e1d63902c,sig-ccdfa6ce3187a6c1,delivered,1,1,1,,
exp-40a9cd647575,run-e7c9956e48cc45c9,claim-5477197e1d63902c,sig-ccdfa6ce3187a6c1,delivered,1,1,1,,
exp-40a9cd647575,run-f624b0f51a068b4e,claim-5477197e1d63902c,sig-ccdfa6ce3187a6c1,delivered,1,1,1,,
exp-40a9cd647575,run-2014c584d6b7abe3,claim-4ef0c0bf88936421,sig-cda0c4a9b00bd847,delivered,1,1,1,,
exp-40a9cd647575,run-55c8e29cfa8c9641,claim-4ef0c0bf88936421,sig-cda0c4a9b00bd847,delivered,1,1,1,,
exp-40a9cd647575,run-0157f532598e4b4f,claim-1acaf2b9c7e95bc5,sig-cdb590e6acb2a098,delivered,1,1,1,,
exp-40a9cd647575,run-4893f98223124ec7,claim-1acaf2b9c7e95bc5,sig-cdb590e6acb2a098,delivered,1,1,1,,
exp-40a9cd647575,run-5e2cbaadd2aed0b1,claim-1acaf2b9c7e95bc5,sig-cdb590e6acb2a098,delivered,1,1,1,,
exp-40a9cd647575,run-622746ed303f2c0d,claim-1acaf2b9c7e95bc5,sig-cdb590e6acb2a098,delivered,1,1,1,,
exp-40a9cd647575,run-a54490d340d095c6,claim-1acaf2b9c7e95bc5,sig-cdb590e6acb2a098,delivered,1,1,1,,
exp-40a9cd647575,run-afb024d797a37c69,claim-1acaf2b9c7e95bc5,sig-cdb590e6acb2a098,delivered,1,1,1,,
exp-40a9cd647575,run-e7a6944b52a20ca5,claim-1acaf2b9c7e95bc5,sig-cdb590e6acb2a098,delivered,1,1,1,,
exp-40a9cd647575,run-2a6bdf80f5ea7b6d,claim-643a06fc655572af,sig-ce040fffafa0500e,delivered,1,1,1,,
exp-40a9cd647575,run-57f8c4665d98f5e0,claim-ea7bad6ea315b12d,sig-cec17b77351a797c,delivered,1,1,1,,
exp-40a9cd647575,run-654c7c2b618f3aed,claim-ea7bad6ea315b12d,sig-cec17b77351a797c,delivered,1,1,1,,
exp-40a9cd647575,run-b0b6aff3256f63f3,claim-ea7bad6ea315b12d,sig-cec17b77351a797c,delivered,1,1,1,,
exp-40a9cd647575,run-edddb80b074c7c76,claim-ea7bad6ea315b12d,sig-cec17b77351a797c,delivered,1,1,1,,
exp-40a9cd647575,run-57707206b4378d12,claim-6bd19bfa1d87aeba,sig-ceed418f33d1e79d,delivered,1,1,1,,
exp-40a9cd647575,run-299870db7b1a02f9,claim-b821f04fe480c71f,sig-cfb906a8f030f07a,delivered,1,1,1,,
exp-40a9cd647575,run-90dcc86b93a5ce44,claim-b821f04fe480c71f,sig-cfb906a8f030f07a,delivered,1,1,1,,
exp-40a9cd647575,run-b04f876cb742eaf7,claim-b821f04fe480c71f,sig-cfb906a8f030f07a,delivered,1,1,1,,
exp-40a9cd647575,run-bc800b63a2891e00,claim-b821f04fe480c71f,sig-cfb906a8f030f07a,delivered,1,1,1,,
exp-40a9cd647575,run-04199a1317aaf4d6,claim-24b72d22077bd973,sig-cfe5b578f36f52e3,delivered,1,1,1,,
exp-40a9cd647575,run-793cb59b50eec427,claim-24b72d22077bd973,sig-cfe5b578f36f52e3,delivered,1,1,1,,
exp-40a9cd647575,run-d7f178f578257fb9,claim-24b72d22077bd973,sig-cfe5b578f36f52e3,delivered,1,1,1,,
exp-40a9cd647575,run-85cbabcaed591d3e,claim-1b17aec49269f1a9,sig-d0159599c7ff61fe,delivered,1,1,1,,
exp-40a9cd647575,run-b9e398623f533076,claim-1b17aec49269f1a9,sig-d0159599c7ff61fe,delivered,1,1,1,,
exp-40a9cd647575,run-c046dfb52bd9e84d,claim-1b17aec49269f1a9,sig-d0159599c7ff61fe,delivered,1,1,1,,
exp-40a9cd647575,run-e0d708a90a8e4911,claim-1b17aec49269f1a9,sig-d0159599c7ff61fe,delivered,1,1,1,,
exp-40a9cd647575,run-5544965755d02fca,claim-c58bb2d8f4035612,sig-d0325816e4dafcd0,delivered,1,1,1,,
exp-40a9cd647575,run-85cbabcaed591d3e,claim-c58bb2d8f4035612,sig-d0325816e4dafcd0,delivered,1,1,1,,
exp-40a9cd647575,run-b9e398623f533076,claim-c58bb2d8f4035612,sig-d0325816e4dafcd0,delivered,1,1,1,,
exp-40a9cd647575,run-c046dfb52bd9e84d,claim-c58bb2d8f4035612,sig-d0325816e4dafcd0,delivered,1,1,1,,
exp-40a9cd647575,run-e0d708a90a8e4911,claim-c58bb2d8f4035612,sig-d0325816e4dafcd0,delivered,1,1,1,,
exp-40a9cd647575,run-243c9483fa7e0adf,claim-6b00b8e80c57ec06,sig-d0b5c61f3ec9a8f7,delivered,1,1,1,,
exp-40a9cd647575,run-4292659382907599,claim-6b00b8e80c57ec06,sig-d0b5c61f3ec9a8f7,delivered,1,1,1,,
exp-40a9cd647575,run-47d3189dbfc91061,claim-6b00b8e80c57ec06,sig-d0b5c61f3ec9a8f7,delivered,1,1,1,,
exp-40a9cd647575,run-5d2e6e2b79282ca0,claim-6b00b8e80c57ec06,sig-d0b5c61f3ec9a8f7,delivered,1,1,1,,
exp-40a9cd647575,run-5dff6533050fc9bf,claim-6b00b8e80c57ec06,sig-d0b5c61f3ec9a8f7,delivered,1,1,1,,
exp-40a9cd647575,run-83fe42b97c452ac0,claim-6b00b8e80c57ec06,sig-d0b5c61f3ec9a8f7,delivered,1,1,1,,
exp-40a9cd647575,run-8b3f8acda4a32c84,claim-6b00b8e80c57ec06,sig-d0b5c61f3ec9a8f7,delivered,1,1,1,,
exp-40a9cd647575,run-9332cdf03b96bf12,claim-6b00b8e80c57ec06,sig-d0b5c61f3ec9a8f7,delivered,1,1,1,,
exp-40a9cd647575,run-ace8bf7a52ee7605,claim-6b00b8e80c57ec06,sig-d0b5c61f3ec9a8f7,delivered,1,1,1,,
exp-40a9cd647575,run-afceedbf298a91a6,claim-6b00b8e80c57ec06,sig-d0b5c61f3ec9a8f7,delivered,1,1,1,,
exp-40a9cd647575,run-affd2b9b1ab246dd,claim-6b00b8e80c57ec06,sig-d0b5c61f3ec9a8f7,delivered,1,1,1,,
exp-40a9cd647575,run-b57e1737cd3432e6,claim-6b00b8e80c57ec06,sig-d0b5c61f3ec9a8f7,delivered,1,1,1,,
exp-40a9cd647575,run-c5f8e170be1576f7,claim-6b00b8e80c57ec06,sig-d0b5c61f3ec9a8f7,delivered,1,1,1,,
exp-40a9cd647575,run-e3a76e2898f5c2fc,claim-6b00b8e80c57ec06,sig-d0b5c61f3ec9a8f7,delivered,1,1,1,,
exp-40a9cd647575,run-243c9483fa7e0adf,claim-f9229c04286d6978,sig-d0d53d1ee4766ad7,delivered,1,1,1,,
exp-40a9cd647575,run-5d2e6e2b79282ca0,claim-f9229c04286d6978,sig-d0d53d1ee4766ad7,delivered,1,1,1,,
exp-40a9cd647575,run-9332cdf03b96bf12,claim-f9229c04286d6978,sig-d0d53d1ee4766ad7,delivered,1,1,1,,
exp-40a9cd647575,run-c5f8e170be1576f7,claim-f9229c04286d6978,sig-d0d53d1ee4766ad7,delivered,1,1,1,,
exp-40a9cd647575,run-e3a76e2898f5c2fc,claim-f9229c04286d6978,sig-d0d53d1ee4766ad7,delivered,1,1,1,,
exp-40a9cd647575,run-04199a1317aaf4d6,claim-1a2b604110debe4a,sig-d0eca16bd38133a9,delivered,1,1,1,,
exp-40a9cd647575,run-793cb59b50eec427,claim-1a2b604110debe4a,sig-d0eca16bd38133a9,delivered,1,1,1,,
exp-40a9cd647575,run-d7f178f578257fb9,claim-1a2b604110debe4a,sig-d0eca16bd38133a9,delivered,1,1,1,,
exp-40a9cd647575,run-4292659382907599,claim-f823f2e2786f5df2,sig-d1fe37215d8e3e48,delivered,1,1,1,,
exp-40a9cd647575,run-47d3189dbfc91061,claim-f823f2e2786f5df2,sig-d1fe37215d8e3e48,delivered,1,1,1,,
exp-40a9cd647575,run-539160a33de1339f,claim-f823f2e2786f5df2,sig-d1fe37215d8e3e48,delivered,1,1,1,,
exp-40a9cd647575,run-57707206b4378d12,claim-f823f2e2786f5df2,sig-d1fe37215d8e3e48,delivered,1,1,1,,
exp-40a9cd647575,run-57f8c4665d98f5e0,claim-f823f2e2786f5df2,sig-d1fe37215d8e3e48,delivered,1,1,1,,
exp-40a9cd647575,run-5dff6533050fc9bf,claim-f823f2e2786f5df2,sig-d1fe37215d8e3e48,delivered,1,1,1,,
exp-40a9cd647575,run-611904a79457240a,claim-f823f2e2786f5df2,sig-d1fe37215d8e3e48,delivered,1,1,1,,
exp-40a9cd647575,run-676f804262ab62f9,claim-f823f2e2786f5df2,sig-d1fe37215d8e3e48,delivered,1,1,1,,
exp-40a9cd647575,run-6f82a936d36520aa,claim-f823f2e2786f5df2,sig-d1fe37215d8e3e48,delivered,1,1,1,,
exp-40a9cd647575,run-83fe42b97c452ac0,claim-f823f2e2786f5df2,sig-d1fe37215d8e3e48,delivered,1,1,1,,
exp-40a9cd647575,run-897ec7b867f5ca68,claim-f823f2e2786f5df2,sig-d1fe37215d8e3e48,delivered,1,1,1,,
exp-40a9cd647575,run-89dda70ea9ef85f4,claim-f823f2e2786f5df2,sig-d1fe37215d8e3e48,delivered,1,1,1,,
exp-40a9cd647575,run-8b3f8acda4a32c84,claim-f823f2e2786f5df2,sig-d1fe37215d8e3e48,delivered,1,1,1,,
exp-40a9cd647575,run-9743848c2e583907,claim-f823f2e2786f5df2,sig-d1fe37215d8e3e48,delivered,1,1,1,,
exp-40a9cd647575,run-ace8bf7a52ee7605,claim-f823f2e2786f5df2,sig-d1fe37215d8e3e48,delivered,1,1,1,,
exp-40a9cd647575,run-affd2b9b1ab246dd,claim-f823f2e2786f5df2,sig-d1fe37215d8e3e48,delivered,1,1,1,,
exp-40a9cd647575,run-b0b6aff3256f63f3,claim-f823f2e2786f5df2,sig-d1fe37215d8e3e48,delivered,1,1,1,,
exp-40a9cd647575,run-b1d9241e2abafa16,claim-f823f2e2786f5df2,sig-d1fe37215d8e3e48,delivered,1,1,1,,
exp-40a9cd647575,run-b2960756b22de028,claim-f823f2e2786f5df2,sig-d1fe37215d8e3e48,delivered,1,1,1,,
exp-40a9cd647575,run-b57e1737cd3432e6,claim-f823f2e2786f5df2,sig-d1fe37215d8e3e48,delivered,1,1,1,,
exp-40a9cd647575,run-befb1059eb8a4f2b,claim-f823f2e2786f5df2,sig-d1fe37215d8e3e48,delivered,1,1,1,,
exp-40a9cd647575,run-d24745de20353c1c,claim-f823f2e2786f5df2,sig-d1fe37215d8e3e48,delivered,1,1,1,,
exp-40a9cd647575,run-eacdc6601fd269f4,claim-f823f2e2786f5df2,sig-d1fe37215d8e3e48,delivered,1,1,1,,
exp-40a9cd647575,run-edddb80b074c7c76,claim-f823f2e2786f5df2,sig-d1fe37215d8e3e48,delivered,1,1,1,,
exp-40a9cd647575,run-1e668964b4c24319,claim-bd67aee31a4c1d6f,sig-d24447b02bfe29a8,delivered,1,1,1,,
exp-40a9cd647575,run-324dbfbe7cd8573b,claim-bd67aee31a4c1d6f,sig-d24447b02bfe29a8,delivered,1,1,1,,
exp-40a9cd647575,run-4bf63d232e1e4028,claim-bd67aee31a4c1d6f,sig-d24447b02bfe29a8,delivered,1,1,1,,
exp-40a9cd647575,run-ee5ebbe1776e3593,claim-bd67aee31a4c1d6f,sig-d24447b02bfe29a8,delivered,1,1,1,,
exp-40a9cd647575,run-1395b56d6fc8e924,claim-da116e4664dfbb48,sig-d25eadad565da920,delivered,1,1,1,,
exp-40a9cd647575,run-84afe91bc77f7d66,claim-da116e4664dfbb48,sig-d25eadad565da920,delivered,1,1,1,,
exp-40a9cd647575,run-8d5ad95c4cc0ea7e,claim-da116e4664dfbb48,sig-d25eadad565da920,delivered,1,1,1,,
exp-40a9cd647575,run-299870db7b1a02f9,claim-90c0a7e7cb048695,sig-d2b195793b1492d2,delivered,1,1,1,,
exp-40a9cd647575,run-90dcc86b93a5ce44,claim-90c0a7e7cb048695,sig-d2b195793b1492d2,delivered,1,1,1,,
exp-40a9cd647575,run-b04f876cb742eaf7,claim-90c0a7e7cb048695,sig-d2b195793b1492d2,delivered,1,1,1,,
exp-40a9cd647575,run-bc800b63a2891e00,claim-90c0a7e7cb048695,sig-d2b195793b1492d2,delivered,1,1,1,,
exp-40a9cd647575,run-a5eaf6305b9044fe,claim-de28166ea2aaaa9a,sig-d2b9bab43cd28ccf,delivered,1,1,1,,
exp-40a9cd647575,run-16c8c4cbda3a67ff,claim-11ccc2f778d82cd0,sig-d2ba14506cc84a90,delivered,1,1,1,,
exp-40a9cd647575,run-1395b56d6fc8e924,claim-a0402763c5848368,sig-d2eae8c0f28bd873,delivered,1,1,1,,
exp-40a9cd647575,run-57707206b4378d12,claim-a0402763c5848368,sig-d2eae8c0f28bd873,delivered,1,1,1,,
exp-40a9cd647575,run-84afe91bc77f7d66,claim-a0402763c5848368,sig-d2eae8c0f28bd873,delivered,1,1,1,,
exp-40a9cd647575,run-2a6bdf80f5ea7b6d,claim-e3d2bd5371350475,sig-d325d7a10e075914,delivered,1,1,1,,
exp-40a9cd647575,run-59a9fcc2972db0b9,claim-e3d2bd5371350475,sig-d325d7a10e075914,delivered,1,1,1,,
exp-40a9cd647575,run-7e985e6525696145,claim-e3d2bd5371350475,sig-d325d7a10e075914,delivered,1,1,1,,
exp-40a9cd647575,run-1bf11ade46e0d5c8,claim-00f3e2800d2e6a11,sig-d366c2476d5c503f,delivered,1,1,1,,
exp-40a9cd647575,run-3fac34c2107fdb3d,claim-00f3e2800d2e6a11,sig-d366c2476d5c503f,delivered,1,1,1,,
exp-40a9cd647575,run-5544965755d02fca,claim-00f3e2800d2e6a11,sig-d366c2476d5c503f,delivered,1,1,1,,
exp-40a9cd647575,run-81319bcbcd98673c,claim-00f3e2800d2e6a11,sig-d366c2476d5c503f,delivered,1,1,1,,
exp-40a9cd647575,run-85cbabcaed591d3e,claim-00f3e2800d2e6a11,sig-d366c2476d5c503f,delivered,1,1,1,,
exp-40a9cd647575,run-94f7d1e13d63a2ae,claim-00f3e2800d2e6a11,sig-d366c2476d5c503f,delivered,1,1,1,,
exp-40a9cd647575,run-99e816661430c66e,claim-00f3e2800d2e6a11,sig-d366c2476d5c503f,delivered,1,1,1,,
exp-40a9cd647575,run-b4594bd0d15cc5e0,claim-00f3e2800d2e6a11,sig-d366c2476d5c503f,delivered,1,1,1,,
exp-40a9cd647575,run-b9e398623f533076,claim-00f3e2800d2e6a11,sig-d366c2476d5c503f,delivered,1,1,1,,
exp-40a9cd647575,run-bc800b63a2891e00,claim-00f3e2800d2e6a11,sig-d366c2476d5c503f,delivered,1,1,1,,
exp-40a9cd647575,run-c046dfb52bd9e84d,claim-00f3e2800d2e6a11,sig-d366c2476d5c503f,delivered,1,1,1,,
exp-40a9cd647575,run-c72a51f33480a443,claim-00f3e2800d2e6a11,sig-d366c2476d5c503f,delivered,1,1,1,,
exp-40a9cd647575,run-e0d708a90a8e4911,claim-00f3e2800d2e6a11,sig-d366c2476d5c503f,delivered,1,1,1,,
exp-40a9cd647575,run-16c8c4cbda3a67ff,claim-8a2dbc498ea38bb2,sig-d4645d2f220b561a,delivered,1,1,1,,
exp-40a9cd647575,run-3dcb25053d94d332,claim-8a2dbc498ea38bb2,sig-d4645d2f220b561a,delivered,1,1,1,,
exp-40a9cd647575,run-4292659382907599,claim-8a2dbc498ea38bb2,sig-d4645d2f220b561a,delivered,1,1,1,,
exp-40a9cd647575,run-55c8e29cfa8c9641,claim-8a2dbc498ea38bb2,sig-d4645d2f220b561a,delivered,1,1,1,,
exp-40a9cd647575,run-8b3f8acda4a32c84,claim-8a2dbc498ea38bb2,sig-d4645d2f220b561a,delivered,1,1,1,,
exp-40a9cd647575,run-ace8bf7a52ee7605,claim-8a2dbc498ea38bb2,sig-d4645d2f220b561a,delivered,1,1,1,,
exp-40a9cd647575,run-affd2b9b1ab246dd,claim-8a2dbc498ea38bb2,sig-d4645d2f220b561a,delivered,1,1,1,,
exp-40a9cd647575,run-bcaf26c16062a877,claim-8a2dbc498ea38bb2,sig-d4645d2f220b561a,delivered,1,1,1,,
exp-40a9cd647575,run-c5f8e170be1576f7,claim-8a2dbc498ea38bb2,sig-d4645d2f220b561a,delivered,1,1,1,,
exp-40a9cd647575,run-e3a76e2898f5c2fc,claim-8a2dbc498ea38bb2,sig-d4645d2f220b561a,delivered,1,1,1,,
exp-40a9cd647575,run-3fac34c2107fdb3d,claim-e101664b3ad6aaa0,sig-d4c5218699795e3e,delivered,1,1,1,,
exp-40a9cd647575,run-99e816661430c66e,claim-e101664b3ad6aaa0,sig-d4c5218699795e3e,delivered,1,1,1,,
exp-40a9cd647575,run-1e668964b4c24319,claim-e3a6116260429ee9,sig-d558c4f0b580898f,delivered,1,1,1,,
exp-40a9cd647575,run-324dbfbe7cd8573b,claim-e3a6116260429ee9,sig-d558c4f0b580898f,delivered,1,1,1,,
exp-40a9cd647575,run-4bf63d232e1e4028,claim-e3a6116260429ee9,sig-d558c4f0b580898f,delivered,1,1,1,,
exp-40a9cd647575,run-ee5ebbe1776e3593,claim-e3a6116260429ee9,sig-d558c4f0b580898f,delivered,1,1,1,,
exp-40a9cd647575,run-1938ed72bf14b97b,claim-b7ff2fb4dcd929f3,sig-d5b6d42b08addb19,delivered,1,1,1,,
exp-40a9cd647575,run-4d6657cbd89092bb,claim-b7ff2fb4dcd929f3,sig-d5b6d42b08addb19,delivered,1,1,1,,
exp-40a9cd647575,run-5ba7ce50f4958746,claim-b7ff2fb4dcd929f3,sig-d5b6d42b08addb19,delivered,1,1,1,,
exp-40a9cd647575,run-6474c7fea2bc101b,claim-b7ff2fb4dcd929f3,sig-d5b6d42b08addb19,delivered,1,1,1,,
exp-40a9cd647575,run-6603f070d7a74f3c,claim-b7ff2fb4dcd929f3,sig-d5b6d42b08addb19,delivered,1,1,1,,
exp-40a9cd647575,run-87b80a2f839f80f8,claim-b7ff2fb4dcd929f3,sig-d5b6d42b08addb19,delivered,1,1,1,,
exp-40a9cd647575,run-9b89791550e9ef70,claim-b7ff2fb4dcd929f3,sig-d5b6d42b08addb19,delivered,1,1,1,,
exp-40a9cd647575,run-a07b4c8d8ca12c5a,claim-b7ff2fb4dcd929f3,sig-d5b6d42b08addb19,delivered,1,1,1,,
exp-40a9cd647575,run-a422a5b8b642038d,claim-b7ff2fb4dcd929f3,sig-d5b6d42b08addb19,delivered,1,1,1,,
exp-40a9cd647575,run-c6c4e2e7bfa89ee6,claim-b7ff2fb4dcd929f3,sig-d5b6d42b08addb19,delivered,1,1,1,,
exp-40a9cd647575,run-cbadac524b3b1865,claim-b7ff2fb4dcd929f3,sig-d5b6d42b08addb19,delivered,1,1,1,,
exp-40a9cd647575,run-d533db1177852d34,claim-b7ff2fb4dcd929f3,sig-d5b6d42b08addb19,delivered,1,1,1,,
exp-40a9cd647575,run-dcec6376163df8fc,claim-b7ff2fb4dcd929f3,sig-d5b6d42b08addb19,delivered,1,1,1,,
exp-40a9cd647575,run-f6dab0a15f9b5781,claim-b7ff2fb4dcd929f3,sig-d5b6d42b08addb19,delivered,1,1,1,,
exp-40a9cd647575,run-0157f532598e4b4f,claim-91f6443725f4d007,sig-d5d1d1ef8b2b513c,delivered,1,1,1,,
exp-40a9cd647575,run-3704234e0044445c,claim-91f6443725f4d007,sig-d5d1d1ef8b2b513c,delivered,1,1,1,,
exp-40a9cd647575,run-4893f98223124ec7,claim-91f6443725f4d007,sig-d5d1d1ef8b2b513c,delivered,1,1,1,,
exp-40a9cd647575,run-5e2cbaadd2aed0b1,claim-91f6443725f4d007,sig-d5d1d1ef8b2b513c,delivered,1,1,1,,
exp-40a9cd647575,run-622746ed303f2c0d,claim-91f6443725f4d007,sig-d5d1d1ef8b2b513c,delivered,1,1,1,,
exp-40a9cd647575,run-930b76d107e5cff8,claim-91f6443725f4d007,sig-d5d1d1ef8b2b513c,delivered,1,1,1,,
exp-40a9cd647575,run-a54490d340d095c6,claim-91f6443725f4d007,sig-d5d1d1ef8b2b513c,delivered,1,1,1,,
exp-40a9cd647575,run-afb024d797a37c69,claim-91f6443725f4d007,sig-d5d1d1ef8b2b513c,delivered,1,1,1,,
exp-40a9cd647575,run-ca316ef87f1e1d94,claim-91f6443725f4d007,sig-d5d1d1ef8b2b513c,delivered,1,1,1,,
exp-40a9cd647575,run-e4a4806cd80056a6,claim-91f6443725f4d007,sig-d5d1d1ef8b2b513c,delivered,1,1,1,,
exp-40a9cd647575,run-e7a6944b52a20ca5,claim-91f6443725f4d007,sig-d5d1d1ef8b2b513c,delivered,1,1,1,,
exp-40a9cd647575,run-243c9483fa7e0adf,claim-04551e65104ad682,sig-d5df5040ad29cc32,delivered,1,1,1,,
exp-40a9cd647575,run-5d2e6e2b79282ca0,claim-04551e65104ad682,sig-d5df5040ad29cc32,delivered,1,1,1,,
exp-40a9cd647575,run-9332cdf03b96bf12,claim-04551e65104ad682,sig-d5df5040ad29cc32,delivered,1,1,1,,
exp-40a9cd647575,run-419b34c10574e0d7,claim-2a836de363d15d3c,sig-d604b8c0380bc529,delivered,1,1,1,,
exp-40a9cd647575,run-5146b6b94268cb8e,claim-2a836de363d15d3c,sig-d604b8c0380bc529,delivered,1,1,1,,
exp-40a9cd647575,run-937dfd5cfbd8926d,claim-701e6c6d74d382e8,sig-d6099741e8900bd7,delivered,1,1,1,,
exp-40a9cd647575,run-0c7f7d168f1509e0,claim-db58e68a276f73f2,sig-d6669a6a7f739a78,delivered,1,1,1,,
exp-40a9cd647575,run-0ce9678e58d522e5,claim-db58e68a276f73f2,sig-d6669a6a7f739a78,delivered,1,1,1,,
exp-40a9cd647575,run-1a5f2b96746a5fa3,claim-db58e68a276f73f2,sig-d6669a6a7f739a78,delivered,1,1,1,,
exp-40a9cd647575,run-1e0ba3c3954c7ccf,claim-db58e68a276f73f2,sig-d6669a6a7f739a78,delivered,1,1,1,,
exp-40a9cd647575,run-22bedfbb4ba39ae8,claim-db58e68a276f73f2,sig-d6669a6a7f739a78,delivered,1,1,1,,
exp-40a9cd647575,run-377799dabee681b2,claim-db58e68a276f73f2,sig-d6669a6a7f739a78,delivered,1,1,1,,
exp-40a9cd647575,run-37a65f6f11d43275,claim-db58e68a276f73f2,sig-d6669a6a7f739a78,delivered,1,1,1,,
exp-40a9cd647575,run-5093d78945736d5b,claim-db58e68a276f73f2,sig-d6669a6a7f739a78,delivered,1,1,1,,
exp-40a9cd647575,run-546a7e3ed4b2749b,claim-db58e68a276f73f2,sig-d6669a6a7f739a78,delivered,1,1,1,,
exp-40a9cd647575,run-57f8c4665d98f5e0,claim-db58e68a276f73f2,sig-d6669a6a7f739a78,delivered,1,1,1,,
exp-40a9cd647575,run-5e0f13ec0da33c69,claim-db58e68a276f73f2,sig-d6669a6a7f739a78,delivered,1,1,1,,
exp-40a9cd647575,run-654c7c2b618f3aed,claim-db58e68a276f73f2,sig-d6669a6a7f739a78,delivered,1,1,1,,
exp-40a9cd647575,run-823f79ffe02484d0,claim-db58e68a276f73f2,sig-d6669a6a7f739a78,delivered,1,1,1,,
exp-40a9cd647575,run-897ec7b867f5ca68,claim-db58e68a276f73f2,sig-d6669a6a7f739a78,delivered,1,1,1,,
exp-40a9cd647575,run-8b25b1d989f4d599,claim-db58e68a276f73f2,sig-d6669a6a7f739a78,delivered,1,1,1,,
exp-40a9cd647575,run-95b1d24ba8f7a546,claim-db58e68a276f73f2,sig-d6669a6a7f739a78,delivered,1,1,1,,
exp-40a9cd647575,run-b0b6aff3256f63f3,claim-db58e68a276f73f2,sig-d6669a6a7f739a78,delivered,1,1,1,,
exp-40a9cd647575,run-ca316ef87f1e1d94,claim-db58e68a276f73f2,sig-d6669a6a7f739a78,delivered,1,1,1,,
exp-40a9cd647575,run-d0fa4ba0dd287bb4,claim-db58e68a276f73f2,sig-d6669a6a7f739a78,delivered,1,1,1,,
exp-40a9cd647575,run-d4c741a10716a606,claim-db58e68a276f73f2,sig-d6669a6a7f739a78,delivered,1,1,1,,
exp-40a9cd647575,run-d62426bd09776395,claim-db58e68a276f73f2,sig-d6669a6a7f739a78,delivered,1,1,1,,
exp-40a9cd647575,run-dd41e26e383b6e47,claim-db58e68a276f73f2,sig-d6669a6a7f739a78,delivered,1,1,1,,
exp-40a9cd647575,run-e7a6944b52a20ca5,claim-db58e68a276f73f2,sig-d6669a6a7f739a78,delivered,1,1,1,,
exp-40a9cd647575,run-e7c9956e48cc45c9,claim-db58e68a276f73f2,sig-d6669a6a7f739a78,delivered,1,1,1,,
exp-40a9cd647575,run-ebc9aaf788547725,claim-db58e68a276f73f2,sig-d6669a6a7f739a78,delivered,1,1,1,,
exp-40a9cd647575,run-edddb80b074c7c76,claim-db58e68a276f73f2,sig-d6669a6a7f739a78,delivered,1,1,1,,
exp-40a9cd647575,run-f624b0f51a068b4e,claim-db58e68a276f73f2,sig-d6669a6a7f739a78,delivered,1,1,1,,
exp-40a9cd647575,run-f96aa93357eb541c,claim-db58e68a276f73f2,sig-d6669a6a7f739a78,delivered,1,1,1,,
exp-40a9cd647575,run-fe7a26d58064e8dc,claim-db58e68a276f73f2,sig-d6669a6a7f739a78,delivered,1,1,1,,
exp-40a9cd647575,run-5dff6533050fc9bf,claim-64754a9cb0aceadd,sig-d66c4dc6ae7f5485,delivered,1,1,1,,
exp-40a9cd647575,run-a5eaf6305b9044fe,claim-64754a9cb0aceadd,sig-d66c4dc6ae7f5485,delivered,1,1,1,,
exp-40a9cd647575,run-1a5f2b96746a5fa3,claim-31c4033d744187e3,sig-d671a64283d20a7b,delivered,1,1,1,,
exp-40a9cd647575,run-5093d78945736d5b,claim-31c4033d744187e3,sig-d671a64283d20a7b,delivered,1,1,1,,
exp-40a9cd647575,run-2a6bdf80f5ea7b6d,claim-0b0a7fb3209443fe,sig-d684265bb29277bd,delivered,1,1,1,,
exp-40a9cd647575,run-2f4597ed820c1503,claim-0b0a7fb3209443fe,sig-d684265bb29277bd,delivered,1,1,1,,
exp-40a9cd647575,run-35c863ad4c3e6f28,claim-0b0a7fb3209443fe,sig-d684265bb29277bd,delivered,1,1,1,,
exp-40a9cd647575,run-612f2088b21cda70,claim-0b0a7fb3209443fe,sig-d684265bb29277bd,delivered,1,1,1,,
exp-40a9cd647575,run-d03fb77500c9cd94,claim-0b0a7fb3209443fe,sig-d684265bb29277bd,delivered,1,1,1,,
exp-40a9cd647575,run-1395b56d6fc8e924,claim-7803ebeefceccf40,sig-d6922cce3d14fc2b,delivered,1,1,1,,
exp-40a9cd647575,run-3fac34c2107fdb3d,claim-7803ebeefceccf40,sig-d6922cce3d14fc2b,delivered,1,1,1,,
exp-40a9cd647575,run-6474c7fea2bc101b,claim-7803ebeefceccf40,sig-d6922cce3d14fc2b,delivered,1,1,1,,
exp-40a9cd647575,run-654c7c2b618f3aed,claim-7803ebeefceccf40,sig-d6922cce3d14fc2b,delivered,1,1,1,,
exp-40a9cd647575,run-84afe91bc77f7d66,claim-7803ebeefceccf40,sig-d6922cce3d14fc2b,delivered,1,1,1,,
exp-40a9cd647575,run-8b25b1d989f4d599,claim-7803ebeefceccf40,sig-d6922cce3d14fc2b,delivered,1,1,1,,
exp-40a9cd647575,run-c6c4e2e7bfa89ee6,claim-7803ebeefceccf40,sig-d6922cce3d14fc2b,delivered,1,1,1,,
exp-40a9cd647575,run-d41da11c672e910a,claim-7803ebeefceccf40,sig-d6922cce3d14fc2b,delivered,1,1,1,,
exp-40a9cd647575,run-e3abc9bf556d7a45,claim-7803ebeefceccf40,sig-d6922cce3d14fc2b,delivered,1,1,1,,
exp-40a9cd647575,run-59a9fcc2972db0b9,claim-0b0a7fb3209443fe,sig-d750a9a77139d70b,delivered,1,1,1,,
exp-40a9cd647575,run-7e985e6525696145,claim-0b0a7fb3209443fe,sig-d750a9a77139d70b,delivered,1,1,1,,
exp-40a9cd647575,run-3704234e0044445c,claim-55bbdd72e15ddbd2,sig-d77f85188982b050,delivered,1,1,1,,
exp-40a9cd647575,run-3dcb25053d94d332,claim-55bbdd72e15ddbd2,sig-d77f85188982b050,delivered,1,1,1,,
exp-40a9cd647575,run-47d3189dbfc91061,claim-55bbdd72e15ddbd2,sig-d77f85188982b050,delivered,1,1,1,,
exp-40a9cd647575,run-57f8c4665d98f5e0,claim-55bbdd72e15ddbd2,sig-d77f85188982b050,delivered,1,1,1,,
exp-40a9cd647575,run-5e0f13ec0da33c69,claim-55bbdd72e15ddbd2,sig-d77f85188982b050,delivered,1,1,1,,
exp-40a9cd647575,run-611904a79457240a,claim-55bbdd72e15ddbd2,sig-d77f85188982b050,delivered,1,1,1,,
exp-40a9cd647575,run-654c7c2b618f3aed,claim-55bbdd72e15ddbd2,sig-d77f85188982b050,delivered,1,1,1,,
exp-40a9cd647575,run-676f804262ab62f9,claim-55bbdd72e15ddbd2,sig-d77f85188982b050,delivered,1,1,1,,
exp-40a9cd647575,run-6f82a936d36520aa,claim-55bbdd72e15ddbd2,sig-d77f85188982b050,delivered,1,1,1,,
exp-40a9cd647575,run-83fe42b97c452ac0,claim-55bbdd72e15ddbd2,sig-d77f85188982b050,delivered,1,1,1,,
exp-40a9cd647575,run-897ec7b867f5ca68,claim-55bbdd72e15ddbd2,sig-d77f85188982b050,delivered,1,1,1,,
exp-40a9cd647575,run-89dda70ea9ef85f4,claim-55bbdd72e15ddbd2,sig-d77f85188982b050,delivered,1,1,1,,
exp-40a9cd647575,run-930b76d107e5cff8,claim-55bbdd72e15ddbd2,sig-d77f85188982b050,delivered,1,1,1,,
exp-40a9cd647575,run-9743848c2e583907,claim-55bbdd72e15ddbd2,sig-d77f85188982b050,delivered,1,1,1,,
exp-40a9cd647575,run-b0b6aff3256f63f3,claim-55bbdd72e15ddbd2,sig-d77f85188982b050,delivered,1,1,1,,
exp-40a9cd647575,run-b1d9241e2abafa16,claim-55bbdd72e15ddbd2,sig-d77f85188982b050,delivered,1,1,1,,
exp-40a9cd647575,run-b57e1737cd3432e6,claim-55bbdd72e15ddbd2,sig-d77f85188982b050,delivered,1,1,1,,
exp-40a9cd647575,run-bcaf26c16062a877,claim-55bbdd72e15ddbd2,sig-d77f85188982b050,delivered,1,1,1,,
exp-40a9cd647575,run-befb1059eb8a4f2b,claim-55bbdd72e15ddbd2,sig-d77f85188982b050,delivered,1,1,1,,
exp-40a9cd647575,run-ca316ef87f1e1d94,claim-55bbdd72e15ddbd2,sig-d77f85188982b050,delivered,1,1,1,,
exp-40a9cd647575,run-d41da11c672e910a,claim-55bbdd72e15ddbd2,sig-d77f85188982b050,delivered,1,1,1,,
exp-40a9cd647575,run-dd41e26e383b6e47,claim-55bbdd72e15ddbd2,sig-d77f85188982b050,delivered,1,1,1,,
exp-40a9cd647575,run-e4a4806cd80056a6,claim-55bbdd72e15ddbd2,sig-d77f85188982b050,delivered,1,1,1,,
exp-40a9cd647575,run-e7a6944b52a20ca5,claim-55bbdd72e15ddbd2,sig-d77f85188982b050,delivered,1,1,1,,
exp-40a9cd647575,run-eacdc6601fd269f4,claim-55bbdd72e15ddbd2,sig-d77f85188982b050,delivered,1,1,1,,
exp-40a9cd647575,run-ebc9aaf788547725,claim-55bbdd72e15ddbd2,sig-d77f85188982b050,delivered,1,1,1,,
exp-40a9cd647575,run-edddb80b074c7c76,claim-55bbdd72e15ddbd2,sig-d77f85188982b050,delivered,1,1,1,,
exp-40a9cd647575,run-04199a1317aaf4d6,claim-90c0a7e7cb048695,sig-d7ddbcd829bc8c39,delivered,1,1,1,,
exp-40a9cd647575,run-04ef79de6332407d,claim-90c0a7e7cb048695,sig-d7ddbcd829bc8c39,delivered,1,1,1,,
exp-40a9cd647575,run-10552c1cef134ebe,claim-90c0a7e7cb048695,sig-d7ddbcd829bc8c39,delivered,1,1,1,,
exp-40a9cd647575,run-793cb59b50eec427,claim-90c0a7e7cb048695,sig-d7ddbcd829bc8c39,delivered,1,1,1,,
exp-40a9cd647575,run-7e985e6525696145,claim-90c0a7e7cb048695,sig-d7ddbcd829bc8c39,delivered,1,1,1,,
exp-40a9cd647575,run-d7f178f578257fb9,claim-90c0a7e7cb048695,sig-d7ddbcd829bc8c39,delivered,1,1,1,,
exp-40a9cd647575,run-e7c9956e48cc45c9,claim-90c0a7e7cb048695,sig-d7ddbcd829bc8c39,delivered,1,1,1,,
exp-40a9cd647575,run-2014c584d6b7abe3,claim-637fdb0be7f799d7,sig-d9b18dddb21a184f,delivered,1,1,1,,
exp-40a9cd647575,run-6f9234be022646e9,claim-637fdb0be7f799d7,sig-d9b18dddb21a184f,delivered,1,1,1,,
exp-40a9cd647575,run-4606fbd807ba4650,claim-637e6173022e54dd,sig-db1960e3ee7efe7b,delivered,1,1,1,,
exp-40a9cd647575,run-5426d17ea77a5e18,claim-637e6173022e54dd,sig-db1960e3ee7efe7b,delivered,1,1,1,,
exp-40a9cd647575,run-793cb59b50eec427,claim-637e6173022e54dd,sig-db1960e3ee7efe7b,delivered,1,1,1,,
exp-40a9cd647575,run-823f79ffe02484d0,claim-637e6173022e54dd,sig-db1960e3ee7efe7b,delivered,1,1,1,,
exp-40a9cd647575,run-e7c9956e48cc45c9,claim-637e6173022e54dd,sig-db1960e3ee7efe7b,delivered,1,1,1,,
exp-40a9cd647575,run-f624b0f51a068b4e,claim-637e6173022e54dd,sig-db1960e3ee7efe7b,delivered,1,1,1,,
exp-40a9cd647575,run-3704234e0044445c,claim-8722749428a58b51,sig-db31fc9069d20f04,delivered,1,1,1,,
exp-40a9cd647575,run-3fac34c2107fdb3d,claim-8722749428a58b51,sig-db31fc9069d20f04,delivered,1,1,1,,
exp-40a9cd647575,run-930b76d107e5cff8,claim-8722749428a58b51,sig-db31fc9069d20f04,delivered,1,1,1,,
exp-40a9cd647575,run-99e816661430c66e,claim-8722749428a58b51,sig-db31fc9069d20f04,delivered,1,1,1,,
exp-40a9cd647575,run-9d1a12cb2591f457,claim-8722749428a58b51,sig-db31fc9069d20f04,delivered,1,1,1,,
exp-40a9cd647575,run-bc6941a815dfc8ff,claim-8722749428a58b51,sig-db31fc9069d20f04,delivered,1,1,1,,
exp-40a9cd647575,run-d41da11c672e910a,claim-8722749428a58b51,sig-db31fc9069d20f04,delivered,1,1,1,,
exp-40a9cd647575,run-d833fa81f508835a,claim-8722749428a58b51,sig-db31fc9069d20f04,delivered,1,1,1,,
exp-40a9cd647575,run-da01527933e27f3c,claim-8722749428a58b51,sig-db31fc9069d20f04,delivered,1,1,1,,
exp-40a9cd647575,run-e4a4806cd80056a6,claim-8722749428a58b51,sig-db31fc9069d20f04,delivered,1,1,1,,
exp-40a9cd647575,run-0c7f7d168f1509e0,claim-e1328ec2e1ef9451,sig-db4e7597f330bc57,delivered,1,1,1,,
exp-40a9cd647575,run-546a7e3ed4b2749b,claim-e1328ec2e1ef9451,sig-db4e7597f330bc57,delivered,1,1,1,,
exp-40a9cd647575,run-1a5f2b96746a5fa3,claim-94b43b1c9edee443,sig-db7f6f3dd0b7c250,delivered,1,1,1,,
exp-40a9cd647575,run-243c9483fa7e0adf,claim-12488544d17cd074,sig-dbb5aea123fc36f8,delivered,1,1,1,,
exp-40a9cd647575,run-5d2e6e2b79282ca0,claim-12488544d17cd074,sig-dbb5aea123fc36f8,delivered,1,1,1,,
exp-40a9cd647575,run-9332cdf03b96bf12,claim-12488544d17cd074,sig-dbb5aea123fc36f8,delivered,1,1,1,,
exp-40a9cd647575,run-0bdbd7e3ae24c145,claim-f823f2e2786f5df2,sig-dbc5f15e6bf88b1a,delivered,1,1,1,,
exp-40a9cd647575,run-13636c78ccc51a0e,claim-f823f2e2786f5df2,sig-dbc5f15e6bf88b1a,delivered,1,1,1,,
exp-40a9cd647575,run-1395b56d6fc8e924,claim-f823f2e2786f5df2,sig-dbc5f15e6bf88b1a,delivered,1,1,1,,
exp-40a9cd647575,run-1e668964b4c24319,claim-f823f2e2786f5df2,sig-dbc5f15e6bf88b1a,delivered,1,1,1,,
exp-40a9cd647575,run-243c9483fa7e0adf,claim-f823f2e2786f5df2,sig-dbc5f15e6bf88b1a,delivered,1,1,1,,
exp-40a9cd647575,run-25b1a4c18ff8cdfe,claim-f823f2e2786f5df2,sig-dbc5f15e6bf88b1a,delivered,1,1,1,,
exp-40a9cd647575,run-293806b558ff1d6a,claim-f823f2e2786f5df2,sig-dbc5f15e6bf88b1a,delivered,1,1,1,,
exp-40a9cd647575,run-324dbfbe7cd8573b,claim-f823f2e2786f5df2,sig-dbc5f15e6bf88b1a,delivered,1,1,1,,
exp-40a9cd647575,run-3704234e0044445c,claim-f823f2e2786f5df2,sig-dbc5f15e6bf88b1a,delivered,1,1,1,,
exp-40a9cd647575,run-39d61cb1eca880d8,claim-f823f2e2786f5df2,sig-dbc5f15e6bf88b1a,delivered,1,1,1,,
exp-40a9cd647575,run-3fac34c2107fdb3d,claim-f823f2e2786f5df2,sig-dbc5f15e6bf88b1a,delivered,1,1,1,,
exp-40a9cd647575,run-4337e1188bc3cbdd,claim-f823f2e2786f5df2,sig-dbc5f15e6bf88b1a,delivered,1,1,1,,
exp-40a9cd647575,run-4b6183de42fffe52,claim-f823f2e2786f5df2,sig-dbc5f15e6bf88b1a,delivered,1,1,1,,
exp-40a9cd647575,run-4bf63d232e1e4028,claim-f823f2e2786f5df2,sig-dbc5f15e6bf88b1a,delivered,1,1,1,,
exp-40a9cd647575,run-5d2e6e2b79282ca0,claim-f823f2e2786f5df2,sig-dbc5f15e6bf88b1a,delivered,1,1,1,,
exp-40a9cd647575,run-62b9c429b0e1fee1,claim-f823f2e2786f5df2,sig-dbc5f15e6bf88b1a,delivered,1,1,1,,
exp-40a9cd647575,run-6474c7fea2bc101b,claim-f823f2e2786f5df2,sig-dbc5f15e6bf88b1a,delivered,1,1,1,,
exp-40a9cd647575,run-654c7c2b618f3aed,claim-f823f2e2786f5df2,sig-dbc5f15e6bf88b1a,delivered,1,1,1,,
exp-40a9cd647575,run-84afe91bc77f7d66,claim-f823f2e2786f5df2,sig-dbc5f15e6bf88b1a,delivered,1,1,1,,
exp-40a9cd647575,run-8b25b1d989f4d599,claim-f823f2e2786f5df2,sig-dbc5f15e6bf88b1a,delivered,1,1,1,,
exp-40a9cd647575,run-8fe7e2a70540fa13,claim-f823f2e2786f5df2,sig-dbc5f15e6bf88b1a,delivered,1,1,1,,
exp-40a9cd647575,run-930b76d107e5cff8,claim-f823f2e2786f5df2,sig-dbc5f15e6bf88b1a,delivered,1,1,1,,
exp-40a9cd647575,run-9332cdf03b96bf12,claim-f823f2e2786f5df2,sig-dbc5f15e6bf88b1a,delivered,1,1,1,,
exp-40a9cd647575,run-937dfd5cfbd8926d,claim-f823f2e2786f5df2,sig-dbc5f15e6bf88b1a,delivered,1,1,1,,
exp-40a9cd647575,run-99e816661430c66e,claim-f823f2e2786f5df2,sig-dbc5f15e6bf88b1a,delivered,1,1,1,,
exp-40a9cd647575,run-a1496348f76e4af2,claim-f823f2e2786f5df2,sig-dbc5f15e6bf88b1a,delivered,1,1,1,,
exp-40a9cd647575,run-afceedbf298a91a6,claim-f823f2e2786f5df2,sig-dbc5f15e6bf88b1a,delivered,1,1,1,,
exp-40a9cd647575,run-b0c15ff5128e34a7,claim-f823f2e2786f5df2,sig-dbc5f15e6bf88b1a,delivered,1,1,1,,
exp-40a9cd647575,run-b45d4176e65e5906,claim-f823f2e2786f5df2,sig-dbc5f15e6bf88b1a,delivered,1,1,1,,
exp-40a9cd647575,run-c5f8e170be1576f7,claim-f823f2e2786f5df2,sig-dbc5f15e6bf88b1a,delivered,1,1,1,,
exp-40a9cd647575,run-c6c4e2e7bfa89ee6,claim-f823f2e2786f5df2,sig-dbc5f15e6bf88b1a,delivered,1,1,1,,
exp-40a9cd647575,run-d41da11c672e910a,claim-f823f2e2786f5df2,sig-dbc5f15e6bf88b1a,delivered,1,1,1,,
exp-40a9cd647575,run-d62426bd09776395,claim-f823f2e2786f5df2,sig-dbc5f15e6bf88b1a,delivered,1,1,1,,
exp-40a9cd647575,run-dd41e26e383b6e47,claim-f823f2e2786f5df2,sig-dbc5f15e6bf88b1a,delivered,1,1,1,,
exp-40a9cd647575,run-e3a76e2898f5c2fc,claim-f823f2e2786f5df2,sig-dbc5f15e6bf88b1a,delivered,1,1,1,,
exp-40a9cd647575,run-e3abc9bf556d7a45,claim-f823f2e2786f5df2,sig-dbc5f15e6bf88b1a,delivered,1,1,1,,
exp-40a9cd647575,run-e4a4806cd80056a6,claim-f823f2e2786f5df2,sig-dbc5f15e6bf88b1a,delivered,1,1,1,,
exp-40a9cd647575,run-ee5ebbe1776e3593,claim-f823f2e2786f5df2,sig-dbc5f15e6bf88b1a,delivered,1,1,1,,
exp-40a9cd647575,run-5146b6b94268cb8e,claim-d57628ed886b9397,sig-dbfac5009f8963a9,delivered,1,1,1,,
exp-40a9cd647575,run-7e985e6525696145,claim-a14cc3452f766176,sig-dbff2c3349969116,delivered,1,1,1,,
exp-40a9cd647575,run-9d1a12cb2591f457,claim-a04ba2841ae5ec50,sig-dc81acdf31bcfcb5,delivered,1,1,1,,
exp-40a9cd647575,run-d833fa81f508835a,claim-a04ba2841ae5ec50,sig-dc81acdf31bcfcb5,delivered,1,1,1,,
exp-40a9cd647575,run-da01527933e27f3c,claim-a04ba2841ae5ec50,sig-dc81acdf31bcfcb5,delivered,1,1,1,,
exp-40a9cd647575,run-6f9234be022646e9,claim-6b00b8e80c57ec06,sig-dca0cb1185cbd7e9,delivered,1,1,1,,
exp-40a9cd647575,run-a5eaf6305b9044fe,claim-6b00b8e80c57ec06,sig-dca0cb1185cbd7e9,delivered,1,1,1,,
exp-40a9cd647575,run-04199a1317aaf4d6,claim-31804f30f32acb25,sig-dcd8a6561e59fe13,delivered,1,1,1,,
exp-40a9cd647575,run-04ef79de6332407d,claim-31804f30f32acb25,sig-dcd8a6561e59fe13,delivered,1,1,1,,
exp-40a9cd647575,run-10552c1cef134ebe,claim-31804f30f32acb25,sig-dcd8a6561e59fe13,delivered,1,1,1,,
exp-40a9cd647575,run-1a5f2b96746a5fa3,claim-31804f30f32acb25,sig-dcd8a6561e59fe13,delivered,1,1,1,,
exp-40a9cd647575,run-1bf11ade46e0d5c8,claim-31804f30f32acb25,sig-dcd8a6561e59fe13,delivered,1,1,1,,
exp-40a9cd647575,run-22bedfbb4ba39ae8,claim-31804f30f32acb25,sig-dcd8a6561e59fe13,delivered,1,1,1,,
exp-40a9cd647575,run-299870db7b1a02f9,claim-31804f30f32acb25,sig-dcd8a6561e59fe13,delivered,1,1,1,,
exp-40a9cd647575,run-37a65f6f11d43275,claim-31804f30f32acb25,sig-dcd8a6561e59fe13,delivered,1,1,1,,
exp-40a9cd647575,run-419b34c10574e0d7,claim-31804f30f32acb25,sig-dcd8a6561e59fe13,delivered,1,1,1,,
exp-40a9cd647575,run-5544965755d02fca,claim-31804f30f32acb25,sig-dcd8a6561e59fe13,delivered,1,1,1,,
exp-40a9cd647575,run-793cb59b50eec427,claim-31804f30f32acb25,sig-dcd8a6561e59fe13,delivered,1,1,1,,
exp-40a9cd647575,run-81319bcbcd98673c,claim-31804f30f32acb25,sig-dcd8a6561e59fe13,delivered,1,1,1,,
exp-40a9cd647575,run-90dcc86b93a5ce44,claim-31804f30f32acb25,sig-dcd8a6561e59fe13,delivered,1,1,1,,
exp-40a9cd647575,run-94f7d1e13d63a2ae,claim-31804f30f32acb25,sig-dcd8a6561e59fe13,delivered,1,1,1,,
exp-40a9cd647575,run-b04f876cb742eaf7,claim-31804f30f32acb25,sig-dcd8a6561e59fe13,delivered,1,1,1,,
exp-40a9cd647575,run-b4594bd0d15cc5e0,claim-31804f30f32acb25,sig-dcd8a6561e59fe13,delivered,1,1,1,,
exp-40a9cd647575,run-bc800b63a2891e00,claim-31804f30f32acb25,sig-dcd8a6561e59fe13,delivered,1,1,1,,
exp-40a9cd647575,run-c72a51f33480a443,claim-31804f30f32acb25,sig-dcd8a6561e59fe13,delivered,1,1,1,,
exp-40a9cd647575,run-d7f178f578257fb9,claim-31804f30f32acb25,sig-dcd8a6561e59fe13,delivered,1,1,1,,
exp-40a9cd647575,run-dd7de3867f884932,claim-31804f30f32acb25,sig-dcd8a6561e59fe13,delivered,1,1,1,,
exp-40a9cd647575,run-e7c9956e48cc45c9,claim-31804f30f32acb25,sig-dcd8a6561e59fe13,delivered,1,1,1,,
exp-40a9cd647575,run-f624b0f51a068b4e,claim-31804f30f32acb25,sig-dcd8a6561e59fe13,delivered,1,1,1,,
exp-40a9cd647575,run-5e0f13ec0da33c69,claim-2c8b41a54a0fe323,sig-dd25f119661cdcfa,delivered,1,1,1,,
exp-40a9cd647575,run-654c7c2b618f3aed,claim-2c8b41a54a0fe323,sig-dd25f119661cdcfa,delivered,1,1,1,,
exp-40a9cd647575,run-897ec7b867f5ca68,claim-2c8b41a54a0fe323,sig-dd25f119661cdcfa,delivered,1,1,1,,
exp-40a9cd647575,run-ca316ef87f1e1d94,claim-2c8b41a54a0fe323,sig-dd25f119661cdcfa,delivered,1,1,1,,
exp-40a9cd647575,run-dd41e26e383b6e47,claim-2c8b41a54a0fe323,sig-dd25f119661cdcfa,delivered,1,1,1,,
exp-40a9cd647575,run-ebc9aaf788547725,claim-2c8b41a54a0fe323,sig-dd25f119661cdcfa,delivered,1,1,1,,
exp-40a9cd647575,run-1e668964b4c24319,claim-808d966eb6dd429e,sig-dd4564de757e64ea,delivered,1,1,1,,
exp-40a9cd647575,run-324dbfbe7cd8573b,claim-808d966eb6dd429e,sig-dd4564de757e64ea,delivered,1,1,1,,
exp-40a9cd647575,run-4bf63d232e1e4028,claim-808d966eb6dd429e,sig-dd4564de757e64ea,delivered,1,1,1,,
exp-40a9cd647575,run-ee5ebbe1776e3593,claim-808d966eb6dd429e,sig-dd4564de757e64ea,delivered,1,1,1,,
exp-40a9cd647575,run-d90c8a92fe059b99,claim-ffea572f1dec63c9,sig-dd881759c3261c95,delivered,0,0,1,,
exp-40a9cd647575,run-f0318a443bd4e1ea,claim-ffea572f1dec63c9,sig-dd881759c3261c95,delivered,0,0,1,,
exp-40a9cd647575,run-fec06fd051e965bd,claim-ffea572f1dec63c9,sig-dd881759c3261c95,delivered,0,0,1,,
exp-40a9cd647575,run-327029f826592b5a,claim-4ae862554dd8c69a,sig-de308c5702a22ade,delivered,1,1,1,,
exp-40a9cd647575,run-3ee72ebf1fb7c6ba,claim-4ae862554dd8c69a,sig-de308c5702a22ade,delivered,1,1,1,,
exp-40a9cd647575,run-95bc32511c3aed48,claim-4ae862554dd8c69a,sig-de308c5702a22ade,delivered,1,1,1,,
exp-40a9cd647575,run-6603f070d7a74f3c,claim-5647dbbe67851d17,sig-de65c8abda58b507,delivered,1,1,1,,
exp-40a9cd647575,run-04199a1317aaf4d6,claim-5477197e1d63902c,sig-de9072a4e09b1ce2,delivered,1,1,1,,
exp-40a9cd647575,run-0c7f7d168f1509e0,claim-5477197e1d63902c,sig-de9072a4e09b1ce2,delivered,1,1,1,,
exp-40a9cd647575,run-0ce9678e58d522e5,claim-5477197e1d63902c,sig-de9072a4e09b1ce2,delivered,1,1,1,,
exp-40a9cd647575,run-5093d78945736d5b,claim-5477197e1d63902c,sig-de9072a4e09b1ce2,delivered,1,1,1,,
exp-40a9cd647575,run-d7f178f578257fb9,claim-5477197e1d63902c,sig-de9072a4e09b1ce2,delivered,1,1,1,,
exp-40a9cd647575,run-04199a1317aaf4d6,claim-53d67ceb915a7313,sig-defb340e3098b474,delivered,1,1,1,,
exp-40a9cd647575,run-793cb59b50eec427,claim-53d67ceb915a7313,sig-defb340e3098b474,delivered,1,1,1,,
exp-40a9cd647575,run-e7c9956e48cc45c9,claim-53d67ceb915a7313,sig-defb340e3098b474,delivered,1,1,1,,
exp-40a9cd647575,run-04199a1317aaf4d6,claim-521e101e80fe44d1,sig-df174e8eef36a89e,delivered,1,1,1,,
exp-40a9cd647575,run-1a5f2b96746a5fa3,claim-521e101e80fe44d1,sig-df174e8eef36a89e,delivered,1,1,1,,
exp-40a9cd647575,run-2a6bdf80f5ea7b6d,claim-521e101e80fe44d1,sig-df174e8eef36a89e,delivered,1,1,1,,
exp-40a9cd647575,run-419b34c10574e0d7,claim-521e101e80fe44d1,sig-df174e8eef36a89e,delivered,1,1,1,,
exp-40a9cd647575,run-793cb59b50eec427,claim-521e101e80fe44d1,sig-df174e8eef36a89e,delivered,1,1,1,,
exp-40a9cd647575,run-bc800b63a2891e00,claim-521e101e80fe44d1,sig-df174e8eef36a89e,delivered,1,1,1,,
exp-40a9cd647575,run-e7c9956e48cc45c9,claim-521e101e80fe44d1,sig-df174e8eef36a89e,delivered,1,1,1,,
exp-40a9cd647575,run-f624b0f51a068b4e,claim-521e101e80fe44d1,sig-df174e8eef36a89e,delivered,1,1,1,,
exp-40a9cd647575,run-327029f826592b5a,claim-ffea572f1dec63c9,sig-df1c73dca2c2312d,delivered,0,0,1,,
exp-40a9cd647575,run-3ee72ebf1fb7c6ba,claim-ffea572f1dec63c9,sig-df1c73dca2c2312d,delivered,0,0,1,,
exp-40a9cd647575,run-95bc32511c3aed48,claim-ffea572f1dec63c9,sig-df1c73dca2c2312d,delivered,0,0,1,,
exp-40a9cd647575,run-04ef79de6332407d,claim-fcce8c2df25b909b,sig-df792d6b524768f1,delivered,1,1,1,,
exp-40a9cd647575,run-10552c1cef134ebe,claim-fcce8c2df25b909b,sig-df792d6b524768f1,delivered,1,1,1,,
exp-40a9cd647575,run-4606fbd807ba4650,claim-fcce8c2df25b909b,sig-df792d6b524768f1,delivered,1,1,1,,
exp-40a9cd647575,run-5426d17ea77a5e18,claim-fcce8c2df25b909b,sig-df792d6b524768f1,delivered,1,1,1,,
exp-40a9cd647575,run-59a9fcc2972db0b9,claim-fcce8c2df25b909b,sig-df792d6b524768f1,delivered,1,1,1,,
exp-40a9cd647575,run-7e985e6525696145,claim-fcce8c2df25b909b,sig-df792d6b524768f1,delivered,1,1,1,,
exp-40a9cd647575,run-8d5ad95c4cc0ea7e,claim-fcce8c2df25b909b,sig-df792d6b524768f1,delivered,1,1,1,,
exp-40a9cd647575,run-be1afd4e17c162e6,claim-fcce8c2df25b909b,sig-df792d6b524768f1,delivered,1,1,1,,
exp-40a9cd647575,run-9b89791550e9ef70,claim-e1328ec2e1ef9451,sig-dfa61c2fb7436d7c,delivered,1,1,1,,
exp-40a9cd647575,run-a07b4c8d8ca12c5a,claim-e1328ec2e1ef9451,sig-dfa61c2fb7436d7c,delivered,1,1,1,,
exp-40a9cd647575,run-a422a5b8b642038d,claim-e1328ec2e1ef9451,sig-dfa61c2fb7436d7c,delivered,1,1,1,,
exp-40a9cd647575,run-f6dab0a15f9b5781,claim-e1328ec2e1ef9451,sig-dfa61c2fb7436d7c,delivered,1,1,1,,
exp-40a9cd647575,run-539160a33de1339f,claim-cca55cd3ccff5029,sig-dfb8e2a6334dc2a4,delivered,1,1,1,,
exp-40a9cd647575,run-611904a79457240a,claim-cca55cd3ccff5029,sig-dfb8e2a6334dc2a4,delivered,1,1,1,,
exp-40a9cd647575,run-654c7c2b618f3aed,claim-cca55cd3ccff5029,sig-dfb8e2a6334dc2a4,delivered,1,1,1,,
exp-40a9cd647575,run-89dda70ea9ef85f4,claim-cca55cd3ccff5029,sig-dfb8e2a6334dc2a4,delivered,1,1,1,,
exp-40a9cd647575,run-9743848c2e583907,claim-cca55cd3ccff5029,sig-dfb8e2a6334dc2a4,delivered,1,1,1,,
exp-40a9cd647575,run-b1d9241e2abafa16,claim-cca55cd3ccff5029,sig-dfb8e2a6334dc2a4,delivered,1,1,1,,
exp-40a9cd647575,run-befb1059eb8a4f2b,claim-cca55cd3ccff5029,sig-dfb8e2a6334dc2a4,delivered,1,1,1,,
exp-40a9cd647575,run-9d1a12cb2591f457,claim-417bc73b0e12b434,sig-e028c6e55625898e,delivered,1,1,1,,
exp-40a9cd647575,run-d833fa81f508835a,claim-417bc73b0e12b434,sig-e028c6e55625898e,delivered,1,1,1,,
exp-40a9cd647575,run-da01527933e27f3c,claim-417bc73b0e12b434,sig-e028c6e55625898e,delivered,1,1,1,,
exp-40a9cd647575,run-2f4597ed820c1503,claim-2a3eedcbd9b57aae,sig-e0b6344b56738ddd,delivered,1,1,1,,
exp-40a9cd647575,run-35c863ad4c3e6f28,claim-2a3eedcbd9b57aae,sig-e0b6344b56738ddd,delivered,1,1,1,,
exp-40a9cd647575,run-419b34c10574e0d7,claim-2a3eedcbd9b57aae,sig-e0b6344b56738ddd,delivered,1,1,1,,
exp-40a9cd647575,run-612f2088b21cda70,claim-2a3eedcbd9b57aae,sig-e0b6344b56738ddd,delivered,1,1,1,,
exp-40a9cd647575,run-d03fb77500c9cd94,claim-2a3eedcbd9b57aae,sig-e0b6344b56738ddd,delivered,1,1,1,,
exp-40a9cd647575,run-170a86bce589f400,claim-b34f4f8fe0aab0c4,sig-e10694662337d5b0,delivered,1,1,1,,
exp-40a9cd647575,run-c5f8e170be1576f7,claim-f5a1590f451c9b85,sig-e10d402711423646,delivered,1,1,1,,
exp-40a9cd647575,run-e3a76e2898f5c2fc,claim-f5a1590f451c9b85,sig-e10d402711423646,delivered,1,1,1,,
exp-40a9cd647575,run-8d5ad95c4cc0ea7e,claim-493ac9112f25f02d,sig-e12c497314b75be5,delivered,1,1,1,,
exp-40a9cd647575,run-0c7f7d168f1509e0,claim-ff28f512c98322f8,sig-e139c367917b358d,delivered,1,1,1,,
exp-40a9cd647575,run-0157f532598e4b4f,claim-c4877a5cc7a9f05f,sig-e151363058ab1b1d,delivered,1,1,1,,
exp-40a9cd647575,run-1938ed72bf14b97b,claim-c4877a5cc7a9f05f,sig-e151363058ab1b1d,delivered,1,1,1,,
exp-40a9cd647575,run-4893f98223124ec7,claim-c4877a5cc7a9f05f,sig-e151363058ab1b1d,delivered,1,1,1,,
exp-40a9cd647575,run-5e2cbaadd2aed0b1,claim-c4877a5cc7a9f05f,sig-e151363058ab1b1d,delivered,1,1,1,,
exp-40a9cd647575,run-622746ed303f2c0d,claim-c4877a5cc7a9f05f,sig-e151363058ab1b1d,delivered,1,1,1,,
exp-40a9cd647575,run-6474c7fea2bc101b,claim-c4877a5cc7a9f05f,sig-e151363058ab1b1d,delivered,1,1,1,,
exp-40a9cd647575,run-a54490d340d095c6,claim-c4877a5cc7a9f05f,sig-e151363058ab1b1d,delivered,1,1,1,,
exp-40a9cd647575,run-afb024d797a37c69,claim-c4877a5cc7a9f05f,sig-e151363058ab1b1d,delivered,1,1,1,,
exp-40a9cd647575,run-c6c4e2e7bfa89ee6,claim-c4877a5cc7a9f05f,sig-e151363058ab1b1d,delivered,1,1,1,,
exp-40a9cd647575,run-d533db1177852d34,claim-c4877a5cc7a9f05f,sig-e151363058ab1b1d,delivered,1,1,1,,
exp-40a9cd647575,run-1395b56d6fc8e924,claim-9366932dfd4e007f,sig-e17395f5ed26676d,delivered,1,1,1,,
exp-40a9cd647575,run-4337e1188bc3cbdd,claim-9366932dfd4e007f,sig-e17395f5ed26676d,delivered,1,1,1,,
exp-40a9cd647575,run-4b6183de42fffe52,claim-9366932dfd4e007f,sig-e17395f5ed26676d,delivered,1,1,1,,
exp-40a9cd647575,run-57707206b4378d12,claim-9366932dfd4e007f,sig-e17395f5ed26676d,delivered,1,1,1,,
exp-40a9cd647575,run-84afe91bc77f7d66,claim-9366932dfd4e007f,sig-e17395f5ed26676d,delivered,1,1,1,,
exp-40a9cd647575,run-8d5ad95c4cc0ea7e,claim-9366932dfd4e007f,sig-e17395f5ed26676d,delivered,1,1,1,,
exp-40a9cd647575,run-937dfd5cfbd8926d,claim-9366932dfd4e007f,sig-e17395f5ed26676d,delivered,1,1,1,,
exp-40a9cd647575,run-a1496348f76e4af2,claim-9366932dfd4e007f,sig-e17395f5ed26676d,delivered,1,1,1,,
exp-40a9cd647575,run-2a6bdf80f5ea7b6d,claim-1f4d035491ac2570,sig-e356811148fa88a9,delivered,1,1,1,,
exp-40a9cd647575,run-59a9fcc2972db0b9,claim-1f4d035491ac2570,sig-e356811148fa88a9,delivered,1,1,1,,
exp-40a9cd647575,run-7e985e6525696145,claim-1f4d035491ac2570,sig-e356811148fa88a9,delivered,1,1,1,,
exp-40a9cd647575,run-0157f532598e4b4f,claim-e101664b3ad6aaa0,sig-e41d1193d9859e4a,delivered,1,1,1,,
exp-40a9cd647575,run-04ef79de6332407d,claim-e101664b3ad6aaa0,sig-e41d1193d9859e4a,delivered,1,1,1,,
exp-40a9cd647575,run-10552c1cef134ebe,claim-e101664b3ad6aaa0,sig-e41d1193d9859e4a,delivered,1,1,1,,
exp-40a9cd647575,run-13636c78ccc51a0e,claim-e101664b3ad6aaa0,sig-e41d1193d9859e4a,delivered,1,1,1,,
exp-40a9cd647575,run-1395b56d6fc8e924,claim-e101664b3ad6aaa0,sig-e41d1193d9859e4a,delivered,1,1,1,,
exp-40a9cd647575,run-1bf11ade46e0d5c8,claim-e101664b3ad6aaa0,sig-e41d1193d9859e4a,delivered,1,1,1,,
exp-40a9cd647575,run-22bedfbb4ba39ae8,claim-e101664b3ad6aaa0,sig-e41d1193d9859e4a,delivered,1,1,1,,
exp-40a9cd647575,run-243c9483fa7e0adf,claim-e101664b3ad6aaa0,sig-e41d1193d9859e4a,delivered,1,1,1,,
exp-40a9cd647575,run-3704234e0044445c,claim-e101664b3ad6aaa0,sig-e41d1193d9859e4a,delivered,1,1,1,,
exp-40a9cd647575,run-37a65f6f11d43275,claim-e101664b3ad6aaa0,sig-e41d1193d9859e4a,delivered,1,1,1,,
exp-40a9cd647575,run-39d61cb1eca880d8,claim-e101664b3ad6aaa0,sig-e41d1193d9859e4a,delivered,1,1,1,,
exp-40a9cd647575,run-419b34c10574e0d7,claim-e101664b3ad6aaa0,sig-e41d1193d9859e4a,delivered,1,1,1,,
exp-40a9cd647575,run-4337e1188bc3cbdd,claim-e101664b3ad6aaa0,sig-e41d1193d9859e4a,delivered,1,1,1,,
exp-40a9cd647575,run-47d3189dbfc91061,claim-e101664b3ad6aaa0,sig-e41d1193d9859e4a,delivered,1,1,1,,
exp-40a9cd647575,run-4893f98223124ec7,claim-e101664b3ad6aaa0,sig-e41d1193d9859e4a,delivered,1,1,1,,
exp-40a9cd647575,run-4b6183de42fffe52,claim-e101664b3ad6aaa0,sig-e41d1193d9859e4a,delivered,1,1,1,,
exp-40a9cd647575,run-5146b6b94268cb8e,claim-e101664b3ad6aaa0,sig-e41d1193d9859e4a,delivered,1,1,1,,
exp-40a9cd647575,run-5544965755d02fca,claim-e101664b3ad6aaa0,sig-e41d1193d9859e4a,delivered,1,1,1,,
exp-40a9cd647575,run-57f8c4665d98f5e0,claim-e101664b3ad6aaa0,sig-e41d1193d9859e4a,delivered,1,1,1,,
exp-40a9cd647575,run-5c7b2955097358b7,claim-e101664b3ad6aaa0,sig-e41d1193d9859e4a,delivered,1,1,1,,
exp-40a9cd647575,run-5d2e6e2b79282ca0,claim-e101664b3ad6aaa0,sig-e41d1193d9859e4a,delivered,1,1,1,,
exp-40a9cd647575,run-5dff6533050fc9bf,claim-e101664b3ad6aaa0,sig-e41d1193d9859e4a,delivered,1,1,1,,
exp-40a9cd647575,run-5e0f13ec0da33c69,claim-e101664b3ad6aaa0,sig-e41d1193d9859e4a,delivered,1,1,1,,
exp-40a9cd647575,run-5e2cbaadd2aed0b1,claim-e101664b3ad6aaa0,sig-e41d1193d9859e4a,delivered,1,1,1,,
exp-40a9cd647575,run-622746ed303f2c0d,claim-e101664b3ad6aaa0,sig-e41d1193d9859e4a,delivered,1,1,1,,
exp-40a9cd647575,run-654c7c2b618f3aed,claim-e101664b3ad6aaa0,sig-e41d1193d9859e4a,delivered,1,1,1,,
exp-40a9cd647575,run-676f804262ab62f9,claim-e101664b3ad6aaa0,sig-e41d1193d9859e4a,delivered,1,1,1,,
exp-40a9cd647575,run-6f82a936d36520aa,claim-e101664b3ad6aaa0,sig-e41d1193d9859e4a,delivered,1,1,1,,
exp-40a9cd647575,run-6f9234be022646e9,claim-e101664b3ad6aaa0,sig-e41d1193d9859e4a,delivered,1,1,1,,
exp-40a9cd647575,run-81319bcbcd98673c,claim-e101664b3ad6aaa0,sig-e41d1193d9859e4a,delivered,1,1,1,,
exp-40a9cd647575,run-83fe42b97c452ac0,claim-e101664b3ad6aaa0,sig-e41d1193d9859e4a,delivered,1,1,1,,
exp-40a9cd647575,run-84afe91bc77f7d66,claim-e101664b3ad6aaa0,sig-e41d1193d9859e4a,delivered,1,1,1,,
exp-40a9cd647575,run-87b80a2f839f80f8,claim-e101664b3ad6aaa0,sig-e41d1193d9859e4a,delivered,1,1,1,,
exp-40a9cd647575,run-897ec7b867f5ca68,claim-e101664b3ad6aaa0,sig-e41d1193d9859e4a,delivered,1,1,1,,
exp-40a9cd647575,run-8b25b1d989f4d599,claim-e101664b3ad6aaa0,sig-e41d1193d9859e4a,delivered,1,1,1,,
exp-40a9cd647575,run-930b76d107e5cff8,claim-e101664b3ad6aaa0,sig-e41d1193d9859e4a,delivered,1,1,1,,
exp-40a9cd647575,run-9332cdf03b96bf12,claim-e101664b3ad6aaa0,sig-e41d1193d9859e4a,delivered,1,1,1,,
exp-40a9cd647575,run-937dfd5cfbd8926d,claim-e101664b3ad6aaa0,sig-e41d1193d9859e4a,delivered,1,1,1,,
exp-40a9cd647575,run-94f7d1e13d63a2ae,claim-e101664b3ad6aaa0,sig-e41d1193d9859e4a,delivered,1,1,1,,
exp-40a9cd647575,run-a1496348f76e4af2,claim-e101664b3ad6aaa0,sig-e41d1193d9859e4a,delivered,1,1,1,,
exp-40a9cd647575,run-a29dca6067031521,claim-e101664b3ad6aaa0,sig-e41d1193d9859e4a,delivered,1,1,1,,
exp-40a9cd647575,run-a54490d340d095c6,claim-e101664b3ad6aaa0,sig-e41d1193d9859e4a,delivered,1,1,1,,
exp-40a9cd647575,run-a5eaf6305b9044fe,claim-e101664b3ad6aaa0,sig-e41d1193d9859e4a,delivered,1,1,1,,
exp-40a9cd647575,run-a9336051d5ce5f85,claim-e101664b3ad6aaa0,sig-e41d1193d9859e4a,delivered,1,1,1,,
exp-40a9cd647575,run-afb024d797a37c69,claim-e101664b3ad6aaa0,sig-e41d1193d9859e4a,delivered,1,1,1,,
exp-40a9cd647575,run-afceedbf298a91a6,claim-e101664b3ad6aaa0,sig-e41d1193d9859e4a,delivered,1,1,1,,
exp-40a9cd647575,run-b1d9241e2abafa16,claim-e101664b3ad6aaa0,sig-e41d1193d9859e4a,delivered,1,1,1,,
exp-40a9cd647575,run-b4594bd0d15cc5e0,claim-e101664b3ad6aaa0,sig-e41d1193d9859e4a,delivered,1,1,1,,
exp-40a9cd647575,run-b45d4176e65e5906,claim-e101664b3ad6aaa0,sig-e41d1193d9859e4a,delivered,1,1,1,,
exp-40a9cd647575,run-b57e1737cd3432e6,claim-e101664b3ad6aaa0,sig-e41d1193d9859e4a,delivered,1,1,1,,
exp-40a9cd647575,run-c72a51f33480a443,claim-e101664b3ad6aaa0,sig-e41d1193d9859e4a,delivered,1,1,1,,
exp-40a9cd647575,run-ca316ef87f1e1d94,claim-e101664b3ad6aaa0,sig-e41d1193d9859e4a,delivered,1,1,1,,
exp-40a9cd647575,run-d41da11c672e910a,claim-e101664b3ad6aaa0,sig-e41d1193d9859e4a,delivered,1,1,1,,
exp-40a9cd647575,run-d62426bd09776395,claim-e101664b3ad6aaa0,sig-e41d1193d9859e4a,delivered,1,1,1,,
exp-40a9cd647575,run-dcec6376163df8fc,claim-e101664b3ad6aaa0,sig-e41d1193d9859e4a,delivered,1,1,1,,
exp-40a9cd647575,run-dd41e26e383b6e47,claim-e101664b3ad6aaa0,sig-e41d1193d9859e4a,delivered,1,1,1,,
exp-40a9cd647575,run-dd7de3867f884932,claim-e101664b3ad6aaa0,sig-e41d1193d9859e4a,delivered,1,1,1,,
exp-40a9cd647575,run-e3abc9bf556d7a45,claim-e101664b3ad6aaa0,sig-e41d1193d9859e4a,delivered,1,1,1,,
exp-40a9cd647575,run-e4a4806cd80056a6,claim-e101664b3ad6aaa0,sig-e41d1193d9859e4a,delivered,1,1,1,,
exp-40a9cd647575,run-e7a6944b52a20ca5,claim-e101664b3ad6aaa0,sig-e41d1193d9859e4a,delivered,1,1,1,,
exp-40a9cd647575,run-eacdc6601fd269f4,claim-e101664b3ad6aaa0,sig-e41d1193d9859e4a,delivered,1,1,1,,
exp-40a9cd647575,run-ebc9aaf788547725,claim-e101664b3ad6aaa0,sig-e41d1193d9859e4a,delivered,1,1,1,,
exp-40a9cd647575,run-b2960756b22de028,claim-1ed6dfe8ffd844ea,sig-e4d0c608f96797d9,delivered,1,1,1,,
exp-40a9cd647575,run-04ef79de6332407d,claim-2a3eedcbd9b57aae,sig-e50fa21d257d570e,delivered,1,1,1,,
exp-40a9cd647575,run-10552c1cef134ebe,claim-2a3eedcbd9b57aae,sig-e50fa21d257d570e,delivered,1,1,1,,
exp-40a9cd647575,run-7e985e6525696145,claim-2a3eedcbd9b57aae,sig-e50fa21d257d570e,delivered,1,1,1,,
exp-40a9cd647575,run-16c8c4cbda3a67ff,claim-44f8cec9ce870296,sig-e51d284de0be060a,delivered,1,1,1,,
exp-40a9cd647575,run-3dcb25053d94d332,claim-44f8cec9ce870296,sig-e51d284de0be060a,delivered,1,1,1,,
exp-40a9cd647575,run-bcaf26c16062a877,claim-44f8cec9ce870296,sig-e51d284de0be060a,delivered,1,1,1,,
exp-40a9cd647575,run-3dcb25053d94d332,claim-ddb0e35b43e1dcc8,sig-e5cdff4b2dd71e92,delivered,1,1,1,,
exp-40a9cd647575,run-55c8e29cfa8c9641,claim-ddb0e35b43e1dcc8,sig-e5cdff4b2dd71e92,delivered,1,1,1,,
exp-40a9cd647575,run-bcaf26c16062a877,claim-ddb0e35b43e1dcc8,sig-e5cdff4b2dd71e92,delivered,1,1,1,,
exp-40a9cd647575,run-c5f8e170be1576f7,claim-ddb0e35b43e1dcc8,sig-e5cdff4b2dd71e92,delivered,1,1,1,,
exp-40a9cd647575,run-e3a76e2898f5c2fc,claim-ddb0e35b43e1dcc8,sig-e5cdff4b2dd71e92,delivered,1,1,1,,
exp-40a9cd647575,run-d0fa4ba0dd287bb4,claim-49d5d81e31f997b2,sig-e6088fd1f35c97da,delivered,1,1,1,,
exp-40a9cd647575,run-3dcb25053d94d332,claim-b59936121192c582,sig-e6a2b3a66b70ee67,delivered,1,1,1,,
exp-40a9cd647575,run-55c8e29cfa8c9641,claim-b59936121192c582,sig-e6a2b3a66b70ee67,delivered,1,1,1,,
exp-40a9cd647575,run-5dff6533050fc9bf,claim-b59936121192c582,sig-e6a2b3a66b70ee67,delivered,1,1,1,,
exp-40a9cd647575,run-974c2e173586b95d,claim-b59936121192c582,sig-e6a2b3a66b70ee67,delivered,1,1,1,,
exp-40a9cd647575,run-bcaf26c16062a877,claim-b59936121192c582,sig-e6a2b3a66b70ee67,delivered,1,1,1,,
exp-40a9cd647575,run-c5f8e170be1576f7,claim-b59936121192c582,sig-e6a2b3a66b70ee67,delivered,1,1,1,,
exp-40a9cd647575,run-e3a76e2898f5c2fc,claim-b59936121192c582,sig-e6a2b3a66b70ee67,delivered,1,1,1,,
exp-40a9cd647575,run-57f8c4665d98f5e0,claim-eb79409f70b6e388,sig-e6e6c203113b5e5b,delivered,1,1,1,,
exp-40a9cd647575,run-2f4597ed820c1503,claim-ea3500ce5fcd6e09,sig-e793c7e245f9e1b8,delivered,1,1,1,,
exp-40a9cd647575,run-35c863ad4c3e6f28,claim-ea3500ce5fcd6e09,sig-e793c7e245f9e1b8,delivered,1,1,1,,
exp-40a9cd647575,run-612f2088b21cda70,claim-ea3500ce5fcd6e09,sig-e793c7e245f9e1b8,delivered,1,1,1,,
exp-40a9cd647575,run-d03fb77500c9cd94,claim-ea3500ce5fcd6e09,sig-e793c7e245f9e1b8,delivered,1,1,1,,
exp-40a9cd647575,run-1395b56d6fc8e924,claim-2be768189fdf6498,sig-e7d148b28f5c073b,delivered,1,1,1,,
exp-40a9cd647575,run-57f8c4665d98f5e0,claim-2be768189fdf6498,sig-e7d148b28f5c073b,delivered,1,1,1,,
exp-40a9cd647575,run-84afe91bc77f7d66,claim-2be768189fdf6498,sig-e7d148b28f5c073b,delivered,1,1,1,,
exp-40a9cd647575,run-87b80a2f839f80f8,claim-2be768189fdf6498,sig-e7d148b28f5c073b,delivered,1,1,1,,
exp-40a9cd647575,run-8b25b1d989f4d599,claim-2be768189fdf6498,sig-e7d148b28f5c073b,delivered,1,1,1,,
exp-40a9cd647575,run-dcec6376163df8fc,claim-2be768189fdf6498,sig-e7d148b28f5c073b,delivered,1,1,1,,
exp-40a9cd647575,run-dd7de3867f884932,claim-2be768189fdf6498,sig-e7d148b28f5c073b,delivered,1,1,1,,
exp-40a9cd647575,run-57707206b4378d12,claim-1ab6e6f31286d862,sig-e8138fd7f358c87f,delivered,1,1,1,,
exp-40a9cd647575,run-57f8c4665d98f5e0,claim-1ab6e6f31286d862,sig-e8138fd7f358c87f,delivered,1,1,1,,
exp-40a9cd647575,run-3dcb25053d94d332,claim-84a0661a40e79698,sig-e842ae10f342eee5,delivered,1,1,1,,
exp-40a9cd647575,run-bcaf26c16062a877,claim-84a0661a40e79698,sig-e842ae10f342eee5,delivered,1,1,1,,
exp-40a9cd647575,run-9d1a12cb2591f457,claim-630ba3d3c37c3408,sig-e84a78fd63481206,delivered,1,1,1,,
exp-40a9cd647575,run-d833fa81f508835a,claim-630ba3d3c37c3408,sig-e84a78fd63481206,delivered,1,1,1,,
exp-40a9cd647575,run-da01527933e27f3c,claim-630ba3d3c37c3408,sig-e84a78fd63481206,delivered,1,1,1,,
exp-40a9cd647575,run-44edd4d662236ae1,claim-1d4c9a2afa4280d2,sig-e84bcb812a2fe311,delivered,1,1,1,,
exp-40a9cd647575,run-dab5d4df9ae936a4,claim-1d4c9a2afa4280d2,sig-e84bcb812a2fe311,delivered,1,1,1,,
exp-40a9cd647575,run-bc6941a815dfc8ff,claim-65aa9ef6d2be4d63,sig-e9243762570f6751,delivered,1,1,1,,
exp-40a9cd647575,run-539160a33de1339f,claim-53a8e419107df166,sig-e9b2393413d94fad,delivered,1,1,1,,
exp-40a9cd647575,run-5ba7ce50f4958746,claim-53a8e419107df166,sig-e9b2393413d94fad,delivered,1,1,1,,
exp-40a9cd647575,run-5e0f13ec0da33c69,claim-53a8e419107df166,sig-e9b2393413d94fad,delivered,1,1,1,,
exp-40a9cd647575,run-cbadac524b3b1865,claim-53a8e419107df166,sig-e9b2393413d94fad,delivered,1,1,1,,
exp-40a9cd647575,run-d41da11c672e910a,claim-53a8e419107df166,sig-e9b2393413d94fad,delivered,1,1,1,,
exp-40a9cd647575,run-ebc9aaf788547725,claim-53a8e419107df166,sig-e9b2393413d94fad,delivered,1,1,1,,
exp-40a9cd647575,run-a7ad56f261f14f47,claim-23a03241a8c71edd,sig-ea69d880a3dc4cbe,delivered,1,1,1,,
exp-40a9cd647575,run-16c8c4cbda3a67ff,claim-0b7a09c926c5afca,sig-eaacb6e4c918eb64,delivered,1,1,1,,
exp-40a9cd647575,run-c5f8e170be1576f7,claim-0b7a09c926c5afca,sig-eaacb6e4c918eb64,delivered,1,1,1,,
exp-40a9cd647575,run-e3a76e2898f5c2fc,claim-0b7a09c926c5afca,sig-eaacb6e4c918eb64,delivered,1,1,1,,
exp-40a9cd647575,run-1bf11ade46e0d5c8,claim-e2c6c7d2abd20670,sig-eb25c2535b93ff42,delivered,1,1,1,,
exp-40a9cd647575,run-22bedfbb4ba39ae8,claim-e2c6c7d2abd20670,sig-eb25c2535b93ff42,delivered,1,1,1,,
exp-40a9cd647575,run-37a65f6f11d43275,claim-e2c6c7d2abd20670,sig-eb25c2535b93ff42,delivered,1,1,1,,
exp-40a9cd647575,run-5544965755d02fca,claim-e2c6c7d2abd20670,sig-eb25c2535b93ff42,delivered,1,1,1,,
exp-40a9cd647575,run-5c7b2955097358b7,claim-e2c6c7d2abd20670,sig-eb25c2535b93ff42,delivered,1,1,1,,
exp-40a9cd647575,run-81319bcbcd98673c,claim-e2c6c7d2abd20670,sig-eb25c2535b93ff42,delivered,1,1,1,,
exp-40a9cd647575,run-94f7d1e13d63a2ae,claim-e2c6c7d2abd20670,sig-eb25c2535b93ff42,delivered,1,1,1,,
exp-40a9cd647575,run-a29dca6067031521,claim-e2c6c7d2abd20670,sig-eb25c2535b93ff42,delivered,1,1,1,,
exp-40a9cd647575,run-a9336051d5ce5f85,claim-e2c6c7d2abd20670,sig-eb25c2535b93ff42,delivered,1,1,1,,
exp-40a9cd647575,run-c72a51f33480a443,claim-e2c6c7d2abd20670,sig-eb25c2535b93ff42,delivered,1,1,1,,
exp-40a9cd647575,run-57707206b4378d12,claim-bd8e4d225989b926,sig-eb84a6101782e6cf,delivered,1,1,1,,
exp-40a9cd647575,run-57f8c4665d98f5e0,claim-bd8e4d225989b926,sig-eb84a6101782e6cf,delivered,1,1,1,,
exp-40a9cd647575,run-974c2e173586b95d,claim-9fce34f1f7080c73,sig-ec10fd02d4839a69,delivered,1,1,1,,
exp-40a9cd647575,run-bc800b63a2891e00,claim-53d67ceb915a7313,sig-ecb7c800c7bf0b97,delivered,1,1,1,,
exp-40a9cd647575,run-59a9fcc2972db0b9,claim-bcaf2473fcec5107,sig-ed734fd9bb75bca5,delivered,1,1,1,,
exp-40a9cd647575,run-be1afd4e17c162e6,claim-bcaf2473fcec5107,sig-ed734fd9bb75bca5,delivered,1,1,1,,
exp-40a9cd647575,run-e3abc9bf556d7a45,claim-bcaf2473fcec5107,sig-ed734fd9bb75bca5,delivered,1,1,1,,
exp-40a9cd647575,run-57707206b4378d12,claim-1cc7b7a1d5beb0c9,sig-ed8529894d0ad63f,delivered,1,1,1,,
exp-40a9cd647575,run-2f4597ed820c1503,claim-850c241402dc0b60,sig-ee86a71bfb4d3c28,delivered,1,1,1,,
exp-40a9cd647575,run-35c863ad4c3e6f28,claim-850c241402dc0b60,sig-ee86a71bfb4d3c28,delivered,1,1,1,,
exp-40a9cd647575,run-612f2088b21cda70,claim-850c241402dc0b60,sig-ee86a71bfb4d3c28,delivered,1,1,1,,
exp-40a9cd647575,run-d03fb77500c9cd94,claim-850c241402dc0b60,sig-ee86a71bfb4d3c28,delivered,1,1,1,,
exp-40a9cd647575,run-1e668964b4c24319,claim-a0d8e14754c045de,sig-eecca7c587acc48e,delivered,1,1,1,,
exp-40a9cd647575,run-324dbfbe7cd8573b,claim-a0d8e14754c045de,sig-eecca7c587acc48e,delivered,1,1,1,,
exp-40a9cd647575,run-4bf63d232e1e4028,claim-a0d8e14754c045de,sig-eecca7c587acc48e,delivered,1,1,1,,
exp-40a9cd647575,run-ee5ebbe1776e3593,claim-a0d8e14754c045de,sig-eecca7c587acc48e,delivered,1,1,1,,
exp-40a9cd647575,run-0157f532598e4b4f,claim-38505b14fe11ece1,sig-f0f9225d3646c919,delivered,1,1,1,,
exp-40a9cd647575,run-4893f98223124ec7,claim-38505b14fe11ece1,sig-f0f9225d3646c919,delivered,1,1,1,,
exp-40a9cd647575,run-5e2cbaadd2aed0b1,claim-38505b14fe11ece1,sig-f0f9225d3646c919,delivered,1,1,1,,
exp-40a9cd647575,run-622746ed303f2c0d,claim-38505b14fe11ece1,sig-f0f9225d3646c919,delivered,1,1,1,,
exp-40a9cd647575,run-87b80a2f839f80f8,claim-38505b14fe11ece1,sig-f0f9225d3646c919,delivered,1,1,1,,
exp-40a9cd647575,run-99e816661430c66e,claim-38505b14fe11ece1,sig-f0f9225d3646c919,delivered,1,1,1,,
exp-40a9cd647575,run-a54490d340d095c6,claim-38505b14fe11ece1,sig-f0f9225d3646c919,delivered,1,1,1,,
exp-40a9cd647575,run-a7ad56f261f14f47,claim-38505b14fe11ece1,sig-f0f9225d3646c919,delivered,1,1,1,,
exp-40a9cd647575,run-afb024d797a37c69,claim-38505b14fe11ece1,sig-f0f9225d3646c919,delivered,1,1,1,,
exp-40a9cd647575,run-d62426bd09776395,claim-38505b14fe11ece1,sig-f0f9225d3646c919,delivered,1,1,1,,
exp-40a9cd647575,run-e7a6944b52a20ca5,claim-38505b14fe11ece1,sig-f0f9225d3646c919,delivered,1,1,1,,
exp-40a9cd647575,run-1e668964b4c24319,claim-d918f08bb5b898c7,sig-f11825b2ecba95cc,delivered,1,1,1,,
exp-40a9cd647575,run-324dbfbe7cd8573b,claim-d918f08bb5b898c7,sig-f11825b2ecba95cc,delivered,1,1,1,,
exp-40a9cd647575,run-4bf63d232e1e4028,claim-d918f08bb5b898c7,sig-f11825b2ecba95cc,delivered,1,1,1,,
exp-40a9cd647575,run-a7ad56f261f14f47,claim-d918f08bb5b898c7,sig-f11825b2ecba95cc,delivered,1,1,1,,
exp-40a9cd647575,run-ee5ebbe1776e3593,claim-d918f08bb5b898c7,sig-f11825b2ecba95cc,delivered,1,1,1,,
exp-40a9cd647575,run-d24745de20353c1c,claim-762ed8930199f01c,sig-f17e4f650a1579a1,delivered,1,1,1,,
exp-40a9cd647575,run-04199a1317aaf4d6,claim-00f3e2800d2e6a11,sig-f1d81cbb55834daa,delivered,1,1,1,,
exp-40a9cd647575,run-1938ed72bf14b97b,claim-00f3e2800d2e6a11,sig-f1d81cbb55834daa,delivered,1,1,1,,
exp-40a9cd647575,run-4d6657cbd89092bb,claim-00f3e2800d2e6a11,sig-f1d81cbb55834daa,delivered,1,1,1,,
exp-40a9cd647575,run-5ba7ce50f4958746,claim-00f3e2800d2e6a11,sig-f1d81cbb55834daa,delivered,1,1,1,,
exp-40a9cd647575,run-6474c7fea2bc101b,claim-00f3e2800d2e6a11,sig-f1d81cbb55834daa,delivered,1,1,1,,
exp-40a9cd647575,run-6603f070d7a74f3c,claim-00f3e2800d2e6a11,sig-f1d81cbb55834daa,delivered,1,1,1,,
exp-40a9cd647575,run-793cb59b50eec427,claim-00f3e2800d2e6a11,sig-f1d81cbb55834daa,delivered,1,1,1,,
exp-40a9cd647575,run-87b80a2f839f80f8,claim-00f3e2800d2e6a11,sig-f1d81cbb55834daa,delivered,1,1,1,,
exp-40a9cd647575,run-9b89791550e9ef70,claim-00f3e2800d2e6a11,sig-f1d81cbb55834daa,delivered,1,1,1,,
exp-40a9cd647575,run-a07b4c8d8ca12c5a,claim-00f3e2800d2e6a11,sig-f1d81cbb55834daa,delivered,1,1,1,,
exp-40a9cd647575,run-a422a5b8b642038d,claim-00f3e2800d2e6a11,sig-f1d81cbb55834daa,delivered,1,1,1,,
exp-40a9cd647575,run-c6c4e2e7bfa89ee6,claim-00f3e2800d2e6a11,sig-f1d81cbb55834daa,delivered,1,1,1,,
exp-40a9cd647575,run-cbadac524b3b1865,claim-00f3e2800d2e6a11,sig-f1d81cbb55834daa,delivered,1,1,1,,
exp-40a9cd647575,run-d533db1177852d34,claim-00f3e2800d2e6a11,sig-f1d81cbb55834daa,delivered,1,1,1,,
exp-40a9cd647575,run-d7f178f578257fb9,claim-00f3e2800d2e6a11,sig-f1d81cbb55834daa,delivered,1,1,1,,
exp-40a9cd647575,run-dcec6376163df8fc,claim-00f3e2800d2e6a11,sig-f1d81cbb55834daa,delivered,1,1,1,,
exp-40a9cd647575,run-f6dab0a15f9b5781,claim-00f3e2800d2e6a11,sig-f1d81cbb55834daa,delivered,1,1,1,,
exp-40a9cd647575,run-243c9483fa7e0adf,claim-a2ffb69434167d83,sig-f2897034aebca7e3,delivered,1,1,1,,
exp-40a9cd647575,run-5d2e6e2b79282ca0,claim-a2ffb69434167d83,sig-f2897034aebca7e3,delivered,1,1,1,,
exp-40a9cd647575,run-9332cdf03b96bf12,claim-a2ffb69434167d83,sig-f2897034aebca7e3,delivered,1,1,1,,
exp-40a9cd647575,run-c5f8e170be1576f7,claim-a2ffb69434167d83,sig-f2897034aebca7e3,delivered,1,1,1,,
exp-40a9cd647575,run-e3a76e2898f5c2fc,claim-a2ffb69434167d83,sig-f2897034aebca7e3,delivered,1,1,1,,
exp-40a9cd647575,run-4606fbd807ba4650,claim-67b2e4c49bdc7587,sig-f2cfca5d7b353af1,delivered,1,1,1,,
exp-40a9cd647575,run-5426d17ea77a5e18,claim-67b2e4c49bdc7587,sig-f2cfca5d7b353af1,delivered,1,1,1,,
exp-40a9cd647575,run-d90c8a92fe059b99,claim-6553f84983e59d95,sig-f32080bdc89913e3,delivered,0,0,1,,
exp-40a9cd647575,run-f0318a443bd4e1ea,claim-6553f84983e59d95,sig-f32080bdc89913e3,delivered,0,0,1,,
exp-40a9cd647575,run-fec06fd051e965bd,claim-6553f84983e59d95,sig-f32080bdc89913e3,delivered,0,0,1,,
exp-40a9cd647575,run-1bf11ade46e0d5c8,claim-9f8d9232572742d7,sig-f3338eccf77b747f,delivered,1,1,1,,
exp-40a9cd647575,run-299870db7b1a02f9,claim-9f8d9232572742d7,sig-f3338eccf77b747f,delivered,1,1,1,,
exp-40a9cd647575,run-5544965755d02fca,claim-9f8d9232572742d7,sig-f3338eccf77b747f,delivered,1,1,1,,
exp-40a9cd647575,run-5c7b2955097358b7,claim-9f8d9232572742d7,sig-f3338eccf77b747f,delivered,1,1,1,,
exp-40a9cd647575,run-81319bcbcd98673c,claim-9f8d9232572742d7,sig-f3338eccf77b747f,delivered,1,1,1,,
exp-40a9cd647575,run-85cbabcaed591d3e,claim-9f8d9232572742d7,sig-f3338eccf77b747f,delivered,1,1,1,,
exp-40a9cd647575,run-90dcc86b93a5ce44,claim-9f8d9232572742d7,sig-f3338eccf77b747f,delivered,1,1,1,,
exp-40a9cd647575,run-94f7d1e13d63a2ae,claim-9f8d9232572742d7,sig-f3338eccf77b747f,delivered,1,1,1,,
exp-40a9cd647575,run-a29dca6067031521,claim-9f8d9232572742d7,sig-f3338eccf77b747f,delivered,1,1,1,,
exp-40a9cd647575,run-a9336051d5ce5f85,claim-9f8d9232572742d7,sig-f3338eccf77b747f,delivered,1,1,1,,
exp-40a9cd647575,run-b04f876cb742eaf7,claim-9f8d9232572742d7,sig-f3338eccf77b747f,delivered,1,1,1,,
exp-40a9cd647575,run-b4594bd0d15cc5e0,claim-9f8d9232572742d7,sig-f3338eccf77b747f,delivered,1,1,1,,
exp-40a9cd647575,run-b9e398623f533076,claim-9f8d9232572742d7,sig-f3338eccf77b747f,delivered,1,1,1,,
exp-40a9cd647575,run-bc800b63a2891e00,claim-9f8d9232572742d7,sig-f3338eccf77b747f,delivered,1,1,1,,
exp-40a9cd647575,run-c046dfb52bd9e84d,claim-9f8d9232572742d7,sig-f3338eccf77b747f,delivered,1,1,1,,
exp-40a9cd647575,run-c72a51f33480a443,claim-9f8d9232572742d7,sig-f3338eccf77b747f,delivered,1,1,1,,
exp-40a9cd647575,run-dd7de3867f884932,claim-9f8d9232572742d7,sig-f3338eccf77b747f,delivered,1,1,1,,
exp-40a9cd647575,run-e0d708a90a8e4911,claim-9f8d9232572742d7,sig-f3338eccf77b747f,delivered,1,1,1,,
exp-40a9cd647575,run-c5f8e170be1576f7,claim-bfb5fa66d2753f75,sig-f35111ad1be2de15,delivered,1,1,1,,
exp-40a9cd647575,run-e3a76e2898f5c2fc,claim-bfb5fa66d2753f75,sig-f35111ad1be2de15,delivered,1,1,1,,
exp-40a9cd647575,run-37a65f6f11d43275,claim-a97a21da1dfc8f33,sig-f51561e0c849cb32,delivered,1,1,1,,
exp-40a9cd647575,run-57707206b4378d12,claim-a97a21da1dfc8f33,sig-f51561e0c849cb32,delivered,1,1,1,,
exp-40a9cd647575,run-57f8c4665d98f5e0,claim-a97a21da1dfc8f33,sig-f51561e0c849cb32,delivered,1,1,1,,
exp-40a9cd647575,run-81319bcbcd98673c,claim-a97a21da1dfc8f33,sig-f51561e0c849cb32,delivered,1,1,1,,
exp-40a9cd647575,run-823f79ffe02484d0,claim-a97a21da1dfc8f33,sig-f51561e0c849cb32,delivered,1,1,1,,
exp-40a9cd647575,run-897ec7b867f5ca68,claim-a97a21da1dfc8f33,sig-f51561e0c849cb32,delivered,1,1,1,,
exp-40a9cd647575,run-94f7d1e13d63a2ae,claim-a97a21da1dfc8f33,sig-f51561e0c849cb32,delivered,1,1,1,,
exp-40a9cd647575,run-c5f8e170be1576f7,claim-a97a21da1dfc8f33,sig-f51561e0c849cb32,delivered,1,1,1,,
exp-40a9cd647575,run-c72a51f33480a443,claim-a97a21da1dfc8f33,sig-f51561e0c849cb32,delivered,1,1,1,,
exp-40a9cd647575,run-1938ed72bf14b97b,claim-afe921d2dea545a4,sig-f5c10ddedfacbf0f,delivered,1,1,1,,
exp-40a9cd647575,run-377799dabee681b2,claim-afe921d2dea545a4,sig-f5c10ddedfacbf0f,delivered,1,1,1,,
exp-40a9cd647575,run-3dcb25053d94d332,claim-afe921d2dea545a4,sig-f5c10ddedfacbf0f,delivered,1,1,1,,
exp-40a9cd647575,run-95b1d24ba8f7a546,claim-afe921d2dea545a4,sig-f5c10ddedfacbf0f,delivered,1,1,1,,
exp-40a9cd647575,run-bcaf26c16062a877,claim-afe921d2dea545a4,sig-f5c10ddedfacbf0f,delivered,1,1,1,,
exp-40a9cd647575,run-ca316ef87f1e1d94,claim-afe921d2dea545a4,sig-f5c10ddedfacbf0f,delivered,1,1,1,,
exp-40a9cd647575,run-d4c741a10716a606,claim-afe921d2dea545a4,sig-f5c10ddedfacbf0f,delivered,1,1,1,,
exp-40a9cd647575,run-d533db1177852d34,claim-afe921d2dea545a4,sig-f5c10ddedfacbf0f,delivered,1,1,1,,
exp-40a9cd647575,run-ebc9aaf788547725,claim-afe921d2dea545a4,sig-f5c10ddedfacbf0f,delivered,1,1,1,,
exp-40a9cd647575,run-fe7a26d58064e8dc,claim-afe921d2dea545a4,sig-f5c10ddedfacbf0f,delivered,1,1,1,,
exp-40a9cd647575,run-16c8c4cbda3a67ff,claim-f5a1590f451c9b85,sig-f5c1c95d77b361fa,delivered,1,1,1,,
exp-40a9cd647575,run-04199a1317aaf4d6,claim-3b4aaeecd5494143,sig-f62b5b63ae5e0fbe,delivered,1,1,1,,
exp-40a9cd647575,run-04ef79de6332407d,claim-3b4aaeecd5494143,sig-f62b5b63ae5e0fbe,delivered,1,1,1,,
exp-40a9cd647575,run-10552c1cef134ebe,claim-3b4aaeecd5494143,sig-f62b5b63ae5e0fbe,delivered,1,1,1,,
exp-40a9cd647575,run-1a5f2b96746a5fa3,claim-3b4aaeecd5494143,sig-f62b5b63ae5e0fbe,delivered,1,1,1,,
exp-40a9cd647575,run-1bf11ade46e0d5c8,claim-3b4aaeecd5494143,sig-f62b5b63ae5e0fbe,delivered,1,1,1,,
exp-40a9cd647575,run-22bedfbb4ba39ae8,claim-3b4aaeecd5494143,sig-f62b5b63ae5e0fbe,delivered,1,1,1,,
exp-40a9cd647575,run-299870db7b1a02f9,claim-3b4aaeecd5494143,sig-f62b5b63ae5e0fbe,delivered,1,1,1,,
exp-40a9cd647575,run-37a65f6f11d43275,claim-3b4aaeecd5494143,sig-f62b5b63ae5e0fbe,delivered,1,1,1,,
exp-40a9cd647575,run-5544965755d02fca,claim-3b4aaeecd5494143,sig-f62b5b63ae5e0fbe,delivered,1,1,1,,
exp-40a9cd647575,run-5c7b2955097358b7,claim-3b4aaeecd5494143,sig-f62b5b63ae5e0fbe,delivered,1,1,1,,
exp-40a9cd647575,run-793cb59b50eec427,claim-3b4aaeecd5494143,sig-f62b5b63ae5e0fbe,delivered,1,1,1,,
exp-40a9cd647575,run-7e985e6525696145,claim-3b4aaeecd5494143,sig-f62b5b63ae5e0fbe,delivered,1,1,1,,
exp-40a9cd647575,run-81319bcbcd98673c,claim-3b4aaeecd5494143,sig-f62b5b63ae5e0fbe,delivered,1,1,1,,
exp-40a9cd647575,run-85cbabcaed591d3e,claim-3b4aaeecd5494143,sig-f62b5b63ae5e0fbe,delivered,1,1,1,,
exp-40a9cd647575,run-90dcc86b93a5ce44,claim-3b4aaeecd5494143,sig-f62b5b63ae5e0fbe,delivered,1,1,1,,
exp-40a9cd647575,run-94f7d1e13d63a2ae,claim-3b4aaeecd5494143,sig-f62b5b63ae5e0fbe,delivered,1,1,1,,
exp-40a9cd647575,run-9b89791550e9ef70,claim-3b4aaeecd5494143,sig-f62b5b63ae5e0fbe,delivered,1,1,1,,
exp-40a9cd647575,run-a07b4c8d8ca12c5a,claim-3b4aaeecd5494143,sig-f62b5b63ae5e0fbe,delivered,1,1,1,,
exp-40a9cd647575,run-a29dca6067031521,claim-3b4aaeecd5494143,sig-f62b5b63ae5e0fbe,delivered,1,1,1,,
exp-40a9cd647575,run-a422a5b8b642038d,claim-3b4aaeecd5494143,sig-f62b5b63ae5e0fbe,delivered,1,1,1,,
exp-40a9cd647575,run-a9336051d5ce5f85,claim-3b4aaeecd5494143,sig-f62b5b63ae5e0fbe,delivered,1,1,1,,
exp-40a9cd647575,run-b04f876cb742eaf7,claim-3b4aaeecd5494143,sig-f62b5b63ae5e0fbe,delivered,1,1,1,,
exp-40a9cd647575,run-b4594bd0d15cc5e0,claim-3b4aaeecd5494143,sig-f62b5b63ae5e0fbe,delivered,1,1,1,,
exp-40a9cd647575,run-b9e398623f533076,claim-3b4aaeecd5494143,sig-f62b5b63ae5e0fbe,delivered,1,1,1,,
exp-40a9cd647575,run-bc800b63a2891e00,claim-3b4aaeecd5494143,sig-f62b5b63ae5e0fbe,delivered,1,1,1,,
exp-40a9cd647575,run-c046dfb52bd9e84d,claim-3b4aaeecd5494143,sig-f62b5b63ae5e0fbe,delivered,1,1,1,,
exp-40a9cd647575,run-c72a51f33480a443,claim-3b4aaeecd5494143,sig-f62b5b63ae5e0fbe,delivered,1,1,1,,
exp-40a9cd647575,run-d7f178f578257fb9,claim-3b4aaeecd5494143,sig-f62b5b63ae5e0fbe,delivered,1,1,1,,
exp-40a9cd647575,run-dd7de3867f884932,claim-3b4aaeecd5494143,sig-f62b5b63ae5e0fbe,delivered,1,1,1,,
exp-40a9cd647575,run-e0d708a90a8e4911,claim-3b4aaeecd5494143,sig-f62b5b63ae5e0fbe,delivered,1,1,1,,
exp-40a9cd647575,run-e7c9956e48cc45c9,claim-3b4aaeecd5494143,sig-f62b5b63ae5e0fbe,delivered,1,1,1,,
exp-40a9cd647575,run-f624b0f51a068b4e,claim-3b4aaeecd5494143,sig-f62b5b63ae5e0fbe,delivered,1,1,1,,
exp-40a9cd647575,run-f6dab0a15f9b5781,claim-3b4aaeecd5494143,sig-f62b5b63ae5e0fbe,delivered,1,1,1,,
exp-40a9cd647575,run-9d1a12cb2591f457,claim-e3e9f90c19f13dfc,sig-f670848b2f644df4,delivered,1,1,1,,
exp-40a9cd647575,run-bc6941a815dfc8ff,claim-e3e9f90c19f13dfc,sig-f670848b2f644df4,delivered,1,1,1,,
exp-40a9cd647575,run-d833fa81f508835a,claim-e3e9f90c19f13dfc,sig-f670848b2f644df4,delivered,1,1,1,,
exp-40a9cd647575,run-da01527933e27f3c,claim-e3e9f90c19f13dfc,sig-f670848b2f644df4,delivered,1,1,1,,
exp-40a9cd647575,run-546a7e3ed4b2749b,claim-503288cd1b04ceeb,sig-f7207671ea41c6fe,delivered,1,1,1,,
exp-40a9cd647575,run-1938ed72bf14b97b,claim-a2629b870c884acf,sig-f72a5b1611c5aff0,delivered,1,1,1,,
exp-40a9cd647575,run-3704234e0044445c,claim-a2629b870c884acf,sig-f72a5b1611c5aff0,delivered,1,1,1,,
exp-40a9cd647575,run-3fac34c2107fdb3d,claim-a2629b870c884acf,sig-f72a5b1611c5aff0,delivered,1,1,1,,
exp-40a9cd647575,run-4d6657cbd89092bb,claim-a2629b870c884acf,sig-f72a5b1611c5aff0,delivered,1,1,1,,
exp-40a9cd647575,run-5ba7ce50f4958746,claim-a2629b870c884acf,sig-f72a5b1611c5aff0,delivered,1,1,1,,
exp-40a9cd647575,run-5e0f13ec0da33c69,claim-a2629b870c884acf,sig-f72a5b1611c5aff0,delivered,1,1,1,,
exp-40a9cd647575,run-930b76d107e5cff8,claim-a2629b870c884acf,sig-f72a5b1611c5aff0,delivered,1,1,1,,
exp-40a9cd647575,run-99e816661430c66e,claim-a2629b870c884acf,sig-f72a5b1611c5aff0,delivered,1,1,1,,
exp-40a9cd647575,run-9b89791550e9ef70,claim-a2629b870c884acf,sig-f72a5b1611c5aff0,delivered,1,1,1,,
exp-40a9cd647575,run-9d1a12cb2591f457,claim-a2629b870c884acf,sig-f72a5b1611c5aff0,delivered,1,1,1,,
exp-40a9cd647575,run-a07b4c8d8ca12c5a,claim-a2629b870c884acf,sig-f72a5b1611c5aff0,delivered,1,1,1,,
exp-40a9cd647575,run-a422a5b8b642038d,claim-a2629b870c884acf,sig-f72a5b1611c5aff0,delivered,1,1,1,,
exp-40a9cd647575,run-bc6941a815dfc8ff,claim-a2629b870c884acf,sig-f72a5b1611c5aff0,delivered,1,1,1,,
exp-40a9cd647575,run-ca316ef87f1e1d94,claim-a2629b870c884acf,sig-f72a5b1611c5aff0,delivered,1,1,1,,
exp-40a9cd647575,run-cbadac524b3b1865,claim-a2629b870c884acf,sig-f72a5b1611c5aff0,delivered,1,1,1,,
exp-40a9cd647575,run-d41da11c672e910a,claim-a2629b870c884acf,sig-f72a5b1611c5aff0,delivered,1,1,1,,
exp-40a9cd647575,run-d62426bd09776395,claim-a2629b870c884acf,sig-f72a5b1611c5aff0,delivered,1,1,1,,
exp-40a9cd647575,run-d833fa81f508835a,claim-a2629b870c884acf,sig-f72a5b1611c5aff0,delivered,1,1,1,,
exp-40a9cd647575,run-da01527933e27f3c,claim-a2629b870c884acf,sig-f72a5b1611c5aff0,delivered,1,1,1,,
exp-40a9cd647575,run-dcec6376163df8fc,claim-a2629b870c884acf,sig-f72a5b1611c5aff0,delivered,1,1,1,,
exp-40a9cd647575,run-dd41e26e383b6e47,claim-a2629b870c884acf,sig-f72a5b1611c5aff0,delivered,1,1,1,,
exp-40a9cd647575,run-e4a4806cd80056a6,claim-a2629b870c884acf,sig-f72a5b1611c5aff0,delivered,1,1,1,,
exp-40a9cd647575,run-ebc9aaf788547725,claim-a2629b870c884acf,sig-f72a5b1611c5aff0,delivered,1,1,1,,
exp-40a9cd647575,run-f6dab0a15f9b5781,claim-a2629b870c884acf,sig-f72a5b1611c5aff0,delivered,1,1,1,,
exp-40a9cd647575,run-1a5f2b96746a5fa3,claim-53d67ceb915a7313,sig-f7aa61658fc70ba7,delivered,1,1,1,,
exp-40a9cd647575,run-419b34c10574e0d7,claim-53d67ceb915a7313,sig-f7aa61658fc70ba7,delivered,1,1,1,,
exp-40a9cd647575,run-f624b0f51a068b4e,claim-53d67ceb915a7313,sig-f7aa61658fc70ba7,delivered,1,1,1,,
exp-40a9cd647575,run-13636c78ccc51a0e,claim-02cbef99a6e5bed9,sig-f7b91cb3bbf4f560,delivered,1,1,1,,
exp-40a9cd647575,run-39d61cb1eca880d8,claim-02cbef99a6e5bed9,sig-f7b91cb3bbf4f560,delivered,1,1,1,,
exp-40a9cd647575,run-5146b6b94268cb8e,claim-02cbef99a6e5bed9,sig-f7b91cb3bbf4f560,delivered,1,1,1,,
exp-40a9cd647575,run-b45d4176e65e5906,claim-02cbef99a6e5bed9,sig-f7b91cb3bbf4f560,delivered,1,1,1,,
exp-40a9cd647575,run-299870db7b1a02f9,claim-e101664b3ad6aaa0,sig-f83b5121bdec4ac7,delivered,1,1,1,,
exp-40a9cd647575,run-90dcc86b93a5ce44,claim-e101664b3ad6aaa0,sig-f83b5121bdec4ac7,delivered,1,1,1,,
exp-40a9cd647575,run-b04f876cb742eaf7,claim-e101664b3ad6aaa0,sig-f83b5121bdec4ac7,delivered,1,1,1,,
exp-40a9cd647575,run-bc800b63a2891e00,claim-e101664b3ad6aaa0,sig-f83b5121bdec4ac7,delivered,1,1,1,,
exp-40a9cd647575,run-2014c584d6b7abe3,claim-1c9e45d4f7d5d3e9,sig-f86d256f48d9fdc9,delivered,1,1,1,,
exp-40a9cd647575,run-3dcb25053d94d332,claim-1c9e45d4f7d5d3e9,sig-f86d256f48d9fdc9,delivered,1,1,1,,
exp-40a9cd647575,run-55c8e29cfa8c9641,claim-1c9e45d4f7d5d3e9,sig-f86d256f48d9fdc9,delivered,1,1,1,,
exp-40a9cd647575,run-bcaf26c16062a877,claim-1c9e45d4f7d5d3e9,sig-f86d256f48d9fdc9,delivered,1,1,1,,
exp-40a9cd647575,run-3704234e0044445c,claim-2c8b41a54a0fe323,sig-f8b83b00d3e2394d,delivered,1,1,1,,
exp-40a9cd647575,run-611904a79457240a,claim-2c8b41a54a0fe323,sig-f8b83b00d3e2394d,delivered,1,1,1,,
exp-40a9cd647575,run-89dda70ea9ef85f4,claim-2c8b41a54a0fe323,sig-f8b83b00d3e2394d,delivered,1,1,1,,
exp-40a9cd647575,run-930b76d107e5cff8,claim-2c8b41a54a0fe323,sig-f8b83b00d3e2394d,delivered,1,1,1,,
exp-40a9cd647575,run-9743848c2e583907,claim-2c8b41a54a0fe323,sig-f8b83b00d3e2394d,delivered,1,1,1,,
exp-40a9cd647575,run-9d1a12cb2591f457,claim-2c8b41a54a0fe323,sig-f8b83b00d3e2394d,delivered,1,1,1,,
exp-40a9cd647575,run-b1d9241e2abafa16,claim-2c8b41a54a0fe323,sig-f8b83b00d3e2394d,delivered,1,1,1,,
exp-40a9cd647575,run-bc6941a815dfc8ff,claim-2c8b41a54a0fe323,sig-f8b83b00d3e2394d,delivered,1,1,1,,
exp-40a9cd647575,run-befb1059eb8a4f2b,claim-2c8b41a54a0fe323,sig-f8b83b00d3e2394d,delivered,1,1,1,,
exp-40a9cd647575,run-d41da11c672e910a,claim-2c8b41a54a0fe323,sig-f8b83b00d3e2394d,delivered,1,1,1,,
exp-40a9cd647575,run-d833fa81f508835a,claim-2c8b41a54a0fe323,sig-f8b83b00d3e2394d,delivered,1,1,1,,
exp-40a9cd647575,run-da01527933e27f3c,claim-2c8b41a54a0fe323,sig-f8b83b00d3e2394d,delivered,1,1,1,,
exp-40a9cd647575,run-e4a4806cd80056a6,claim-2c8b41a54a0fe323,sig-f8b83b00d3e2394d,delivered,1,1,1,,
exp-40a9cd647575,run-1938ed72bf14b97b,claim-6536571af47d329f,sig-f8c8ca59224dd879,delivered,1,1,1,,
exp-40a9cd647575,run-377799dabee681b2,claim-6536571af47d329f,sig-f8c8ca59224dd879,delivered,1,1,1,,
exp-40a9cd647575,run-5ba7ce50f4958746,claim-6536571af47d329f,sig-f8c8ca59224dd879,delivered,1,1,1,,
exp-40a9cd647575,run-8d5ad95c4cc0ea7e,claim-6536571af47d329f,sig-f8c8ca59224dd879,delivered,1,1,1,,
exp-40a9cd647575,run-95b1d24ba8f7a546,claim-6536571af47d329f,sig-f8c8ca59224dd879,delivered,1,1,1,,
exp-40a9cd647575,run-cbadac524b3b1865,claim-6536571af47d329f,sig-f8c8ca59224dd879,delivered,1,1,1,,
exp-40a9cd647575,run-d4c741a10716a606,claim-6536571af47d329f,sig-f8c8ca59224dd879,delivered,1,1,1,,
exp-40a9cd647575,run-d533db1177852d34,claim-6536571af47d329f,sig-f8c8ca59224dd879,delivered,1,1,1,,
exp-40a9cd647575,run-fe7a26d58064e8dc,claim-6536571af47d329f,sig-f8c8ca59224dd879,delivered,1,1,1,,
exp-40a9cd647575,run-0157f532598e4b4f,claim-c64df616d0018657,sig-f90a6b8220c22d57,delivered,1,1,1,,
exp-40a9cd647575,run-13636c78ccc51a0e,claim-c64df616d0018657,sig-f90a6b8220c22d57,delivered,1,1,1,,
exp-40a9cd647575,run-1938ed72bf14b97b,claim-c64df616d0018657,sig-f90a6b8220c22d57,delivered,1,1,1,,
exp-40a9cd647575,run-3704234e0044445c,claim-c64df616d0018657,sig-f90a6b8220c22d57,delivered,1,1,1,,
exp-40a9cd647575,run-377799dabee681b2,claim-c64df616d0018657,sig-f90a6b8220c22d57,delivered,1,1,1,,
exp-40a9cd647575,run-39d61cb1eca880d8,claim-c64df616d0018657,sig-f90a6b8220c22d57,delivered,1,1,1,,
exp-40a9cd647575,run-3dcb25053d94d332,claim-c64df616d0018657,sig-f90a6b8220c22d57,delivered,1,1,1,,
exp-40a9cd647575,run-47d3189dbfc91061,claim-c64df616d0018657,sig-f90a6b8220c22d57,delivered,1,1,1,,
exp-40a9cd647575,run-4893f98223124ec7,claim-c64df616d0018657,sig-f90a6b8220c22d57,delivered,1,1,1,,
exp-40a9cd647575,run-5e0f13ec0da33c69,claim-c64df616d0018657,sig-f90a6b8220c22d57,delivered,1,1,1,,
exp-40a9cd647575,run-5e2cbaadd2aed0b1,claim-c64df616d0018657,sig-f90a6b8220c22d57,delivered,1,1,1,,
exp-40a9cd647575,run-611904a79457240a,claim-c64df616d0018657,sig-f90a6b8220c22d57,delivered,1,1,1,,
exp-40a9cd647575,run-622746ed303f2c0d,claim-c64df616d0018657,sig-f90a6b8220c22d57,delivered,1,1,1,,
exp-40a9cd647575,run-6474c7fea2bc101b,claim-c64df616d0018657,sig-f90a6b8220c22d57,delivered,1,1,1,,
exp-40a9cd647575,run-654c7c2b618f3aed,claim-c64df616d0018657,sig-f90a6b8220c22d57,delivered,1,1,1,,
exp-40a9cd647575,run-676f804262ab62f9,claim-c64df616d0018657,sig-f90a6b8220c22d57,delivered,1,1,1,,
exp-40a9cd647575,run-6f82a936d36520aa,claim-c64df616d0018657,sig-f90a6b8220c22d57,delivered,1,1,1,,
exp-40a9cd647575,run-83fe42b97c452ac0,claim-c64df616d0018657,sig-f90a6b8220c22d57,delivered,1,1,1,,
exp-40a9cd647575,run-89dda70ea9ef85f4,claim-c64df616d0018657,sig-f90a6b8220c22d57,delivered,1,1,1,,
exp-40a9cd647575,run-8b25b1d989f4d599,claim-c64df616d0018657,sig-f90a6b8220c22d57,delivered,1,1,1,,
exp-40a9cd647575,run-930b76d107e5cff8,claim-c64df616d0018657,sig-f90a6b8220c22d57,delivered,1,1,1,,
exp-40a9cd647575,run-95b1d24ba8f7a546,claim-c64df616d0018657,sig-f90a6b8220c22d57,delivered,1,1,1,,
exp-40a9cd647575,run-9743848c2e583907,claim-c64df616d0018657,sig-f90a6b8220c22d57,delivered,1,1,1,,
exp-40a9cd647575,run-99e816661430c66e,claim-c64df616d0018657,sig-f90a6b8220c22d57,delivered,1,1,1,,
exp-40a9cd647575,run-a54490d340d095c6,claim-c64df616d0018657,sig-f90a6b8220c22d57,delivered,1,1,1,,
exp-40a9cd647575,run-afb024d797a37c69,claim-c64df616d0018657,sig-f90a6b8220c22d57,delivered,1,1,1,,
exp-40a9cd647575,run-b1d9241e2abafa16,claim-c64df616d0018657,sig-f90a6b8220c22d57,delivered,1,1,1,,
exp-40a9cd647575,run-b4594bd0d15cc5e0,claim-c64df616d0018657,sig-f90a6b8220c22d57,delivered,1,1,1,,
exp-40a9cd647575,run-b45d4176e65e5906,claim-c64df616d0018657,sig-f90a6b8220c22d57,delivered,1,1,1,,
exp-40a9cd647575,run-b57e1737cd3432e6,claim-c64df616d0018657,sig-f90a6b8220c22d57,delivered,1,1,1,,
exp-40a9cd647575,run-bcaf26c16062a877,claim-c64df616d0018657,sig-f90a6b8220c22d57,delivered,1,1,1,,
exp-40a9cd647575,run-befb1059eb8a4f2b,claim-c64df616d0018657,sig-f90a6b8220c22d57,delivered,1,1,1,,
exp-40a9cd647575,run-c6c4e2e7bfa89ee6,claim-c64df616d0018657,sig-f90a6b8220c22d57,delivered,1,1,1,,
exp-40a9cd647575,run-ca316ef87f1e1d94,claim-c64df616d0018657,sig-f90a6b8220c22d57,delivered,1,1,1,,
exp-40a9cd647575,run-d41da11c672e910a,claim-c64df616d0018657,sig-f90a6b8220c22d57,delivered,1,1,1,,
exp-40a9cd647575,run-d4c741a10716a606,claim-c64df616d0018657,sig-f90a6b8220c22d57,delivered,1,1,1,,
exp-40a9cd647575,run-d533db1177852d34,claim-c64df616d0018657,sig-f90a6b8220c22d57,delivered,1,1,1,,
exp-40a9cd647575,run-d62426bd09776395,claim-c64df616d0018657,sig-f90a6b8220c22d57,delivered,1,1,1,,
exp-40a9cd647575,run-dd41e26e383b6e47,claim-c64df616d0018657,sig-f90a6b8220c22d57,delivered,1,1,1,,
exp-40a9cd647575,run-e3abc9bf556d7a45,claim-c64df616d0018657,sig-f90a6b8220c22d57,delivered,1,1,1,,
exp-40a9cd647575,run-e4a4806cd80056a6,claim-c64df616d0018657,sig-f90a6b8220c22d57,delivered,1,1,1,,
exp-40a9cd647575,run-e7a6944b52a20ca5,claim-c64df616d0018657,sig-f90a6b8220c22d57,delivered,1,1,1,,
exp-40a9cd647575,run-eacdc6601fd269f4,claim-c64df616d0018657,sig-f90a6b8220c22d57,delivered,1,1,1,,
exp-40a9cd647575,run-ebc9aaf788547725,claim-c64df616d0018657,sig-f90a6b8220c22d57,delivered,1,1,1,,
exp-40a9cd647575,run-fe7a26d58064e8dc,claim-c64df616d0018657,sig-f90a6b8220c22d57,delivered,1,1,1,,
exp-40a9cd647575,run-6603f070d7a74f3c,claim-42a23eb9d6797590,sig-f9f5fa912fed3ca7,delivered,1,1,1,,
exp-40a9cd647575,run-bc6941a815dfc8ff,claim-12312eb11920bc66,sig-fa5c8deb606d0b0c,delivered,1,1,1,,
exp-40a9cd647575,run-13636c78ccc51a0e,claim-1f7e656a190b080f,sig-faaf3f424292657a,delivered,1,1,1,,
exp-40a9cd647575,run-39d61cb1eca880d8,claim-1f7e656a190b080f,sig-faaf3f424292657a,delivered,1,1,1,,
exp-40a9cd647575,run-419b34c10574e0d7,claim-1f7e656a190b080f,sig-faaf3f424292657a,delivered,1,1,1,,
exp-40a9cd647575,run-4337e1188bc3cbdd,claim-1f7e656a190b080f,sig-faaf3f424292657a,delivered,1,1,1,,
exp-40a9cd647575,run-4b6183de42fffe52,claim-1f7e656a190b080f,sig-faaf3f424292657a,delivered,1,1,1,,
exp-40a9cd647575,run-5146b6b94268cb8e,claim-1f7e656a190b080f,sig-faaf3f424292657a,delivered,1,1,1,,
exp-40a9cd647575,run-937dfd5cfbd8926d,claim-1f7e656a190b080f,sig-faaf3f424292657a,delivered,1,1,1,,
exp-40a9cd647575,run-a1496348f76e4af2,claim-1f7e656a190b080f,sig-faaf3f424292657a,delivered,1,1,1,,
exp-40a9cd647575,run-b45d4176e65e5906,claim-1f7e656a190b080f,sig-faaf3f424292657a,delivered,1,1,1,,
exp-40a9cd647575,run-e3abc9bf556d7a45,claim-1f7e656a190b080f,sig-faaf3f424292657a,delivered,1,1,1,,
exp-40a9cd647575,run-1395b56d6fc8e924,claim-6536571af47d329f,sig-fac16136dee187e1,delivered,1,1,1,,
exp-40a9cd647575,run-3fac34c2107fdb3d,claim-6536571af47d329f,sig-fac16136dee187e1,delivered,1,1,1,,
exp-40a9cd647575,run-4337e1188bc3cbdd,claim-6536571af47d329f,sig-fac16136dee187e1,delivered,1,1,1,,
exp-40a9cd647575,run-4b6183de42fffe52,claim-6536571af47d329f,sig-fac16136dee187e1,delivered,1,1,1,,
exp-40a9cd647575,run-6474c7fea2bc101b,claim-6536571af47d329f,sig-fac16136dee187e1,delivered,1,1,1,,
exp-40a9cd647575,run-84afe91bc77f7d66,claim-6536571af47d329f,sig-fac16136dee187e1,delivered,1,1,1,,
exp-40a9cd647575,run-8b25b1d989f4d599,claim-6536571af47d329f,sig-fac16136dee187e1,delivered,1,1,1,,
exp-40a9cd647575,run-937dfd5cfbd8926d,claim-6536571af47d329f,sig-fac16136dee187e1,delivered,1,1,1,,
exp-40a9cd647575,run-99e816661430c66e,claim-6536571af47d329f,sig-fac16136dee187e1,delivered,1,1,1,,
exp-40a9cd647575,run-a1496348f76e4af2,claim-6536571af47d329f,sig-fac16136dee187e1,delivered,1,1,1,,
exp-40a9cd647575,run-c5f8e170be1576f7,claim-6536571af47d329f,sig-fac16136dee187e1,delivered,1,1,1,,
exp-40a9cd647575,run-c6c4e2e7bfa89ee6,claim-6536571af47d329f,sig-fac16136dee187e1,delivered,1,1,1,,
exp-40a9cd647575,run-d62426bd09776395,claim-6536571af47d329f,sig-fac16136dee187e1,delivered,1,1,1,,
exp-40a9cd647575,run-dd41e26e383b6e47,claim-6536571af47d329f,sig-fac16136dee187e1,delivered,1,1,1,,
exp-40a9cd647575,run-13636c78ccc51a0e,claim-9de88dbb4929131a,sig-fb26e0249756c378,delivered,1,1,1,,
exp-40a9cd647575,run-39d61cb1eca880d8,claim-9de88dbb4929131a,sig-fb26e0249756c378,delivered,1,1,1,,
exp-40a9cd647575,run-419b34c10574e0d7,claim-9de88dbb4929131a,sig-fb26e0249756c378,delivered,1,1,1,,
exp-40a9cd647575,run-5146b6b94268cb8e,claim-9de88dbb4929131a,sig-fb26e0249756c378,delivered,1,1,1,,
exp-40a9cd647575,run-59a9fcc2972db0b9,claim-9de88dbb4929131a,sig-fb26e0249756c378,delivered,1,1,1,,
exp-40a9cd647575,run-b45d4176e65e5906,claim-9de88dbb4929131a,sig-fb26e0249756c378,delivered,1,1,1,,
exp-40a9cd647575,run-e3abc9bf556d7a45,claim-9de88dbb4929131a,sig-fb26e0249756c378,delivered,1,1,1,,
exp-40a9cd647575,run-62b9c429b0e1fee1,claim-0d5063463dee2e22,sig-fbe8d5b0d8809136,delivered,1,1,1,,
exp-40a9cd647575,run-b2960756b22de028,claim-0d5063463dee2e22,sig-fbe8d5b0d8809136,delivered,1,1,1,,
exp-40a9cd647575,run-dab5d4df9ae936a4,claim-0d5063463dee2e22,sig-fbe8d5b0d8809136,delivered,1,1,1,,
exp-40a9cd647575,run-2014c584d6b7abe3,claim-07f5bca4cf795844,sig-fbeab72411d9a11b,delivered,1,1,1,,
exp-40a9cd647575,run-974c2e173586b95d,claim-07f5bca4cf795844,sig-fbeab72411d9a11b,delivered,1,1,1,,
exp-40a9cd647575,run-243c9483fa7e0adf,claim-637fdb0be7f799d7,sig-fc9ed85df516336d,delivered,1,1,1,,
exp-40a9cd647575,run-5d2e6e2b79282ca0,claim-637fdb0be7f799d7,sig-fc9ed85df516336d,delivered,1,1,1,,
exp-40a9cd647575,run-9332cdf03b96bf12,claim-637fdb0be7f799d7,sig-fc9ed85df516336d,delivered,1,1,1,,
exp-40a9cd647575,run-afceedbf298a91a6,claim-637fdb0be7f799d7,sig-fc9ed85df516336d,delivered,1,1,1,,
exp-40a9cd647575,run-c5f8e170be1576f7,claim-637fdb0be7f799d7,sig-fc9ed85df516336d,delivered,1,1,1,,
exp-40a9cd647575,run-e3a76e2898f5c2fc,claim-637fdb0be7f799d7,sig-fc9ed85df516336d,delivered,1,1,1,,
exp-40a9cd647575,run-3fac34c2107fdb3d,claim-df8d48ae841bd6c9,sig-fcae6b9a29afd881,delivered,1,1,1,,
exp-40a9cd647575,run-539160a33de1339f,claim-df8d48ae841bd6c9,sig-fcae6b9a29afd881,delivered,1,1,1,,
exp-40a9cd647575,run-81319bcbcd98673c,claim-df8d48ae841bd6c9,sig-fcae6b9a29afd881,delivered,1,1,1,,
exp-40a9cd647575,run-94f7d1e13d63a2ae,claim-df8d48ae841bd6c9,sig-fcae6b9a29afd881,delivered,1,1,1,,
exp-40a9cd647575,run-99e816661430c66e,claim-df8d48ae841bd6c9,sig-fcae6b9a29afd881,delivered,1,1,1,,
exp-40a9cd647575,run-b4594bd0d15cc5e0,claim-df8d48ae841bd6c9,sig-fcae6b9a29afd881,delivered,1,1,1,,
exp-40a9cd647575,run-c72a51f33480a443,claim-df8d48ae841bd6c9,sig-fcae6b9a29afd881,delivered,1,1,1,,
exp-40a9cd647575,run-dd7de3867f884932,claim-df8d48ae841bd6c9,sig-fcae6b9a29afd881,delivered,1,1,1,,
exp-40a9cd647575,run-3dcb25053d94d332,claim-9a9d0ed25132a9f0,sig-fd80c6db888fd52a,delivered,1,1,1,,
exp-40a9cd647575,run-55c8e29cfa8c9641,claim-9a9d0ed25132a9f0,sig-fd80c6db888fd52a,delivered,1,1,1,,
exp-40a9cd647575,run-bcaf26c16062a877,claim-9a9d0ed25132a9f0,sig-fd80c6db888fd52a,delivered,1,1,1,,
exp-40a9cd647575,run-0ce9678e58d522e5,claim-3ae82f5b59a482b8,sig-fe16a4997b18a69f,delivered,1,1,1,,
exp-40a9cd647575,run-5544965755d02fca,claim-3ae82f5b59a482b8,sig-fe16a4997b18a69f,delivered,1,1,1,,
exp-40a9cd647575,run-5c7b2955097358b7,claim-3ae82f5b59a482b8,sig-fe16a4997b18a69f,delivered,1,1,1,,
exp-40a9cd647575,run-a29dca6067031521,claim-3ae82f5b59a482b8,sig-fe16a4997b18a69f,delivered,1,1,1,,
exp-40a9cd647575,run-a9336051d5ce5f85,claim-3ae82f5b59a482b8,sig-fe16a4997b18a69f,delivered,1,1,1,,
exp-40a9cd647575,run-4893f98223124ec7,claim-6ed3d5af534656c4,sig-fe53444ed2cb8790,delivered,1,1,1,,
exp-40a9cd647575,run-87b80a2f839f80f8,claim-6ed3d5af534656c4,sig-fe53444ed2cb8790,delivered,1,1,1,,
exp-40a9cd647575,run-a54490d340d095c6,claim-6ed3d5af534656c4,sig-fe53444ed2cb8790,delivered,1,1,1,,
exp-40a9cd647575,run-afb024d797a37c69,claim-6ed3d5af534656c4,sig-fe53444ed2cb8790,delivered,1,1,1,,
exp-40a9cd647575,run-299870db7b1a02f9,claim-e2c6c7d2abd20670,sig-febb792455eec542,delivered,1,1,1,,
exp-40a9cd647575,run-90dcc86b93a5ce44,claim-e2c6c7d2abd20670,sig-febb792455eec542,delivered,1,1,1,,
exp-40a9cd647575,run-b04f876cb742eaf7,claim-e2c6c7d2abd20670,sig-febb792455eec542,delivered,1,1,1,,
exp-40a9cd647575,run-1e668964b4c24319,claim-51bd5670404b3990,sig-ff12e543a263e2c7,delivered,1,1,1,,
exp-40a9cd647575,run-324dbfbe7cd8573b,claim-51bd5670404b3990,sig-ff12e543a263e2c7,delivered,1,1,1,,
exp-40a9cd647575,run-4bf63d232e1e4028,claim-51bd5670404b3990,sig-ff12e543a263e2c7,delivered,1,1,1,,
exp-40a9cd647575,run-ee5ebbe1776e3593,claim-51bd5670404b3990,sig-ff12e543a263e2c7,delivered,1,1,1,,
exp-40a9cd647575,run-c5f8e170be1576f7,claim-b92cc2c1bd353b8a,sig-ff4d19c208b5e16d,delivered,1,1,1,,
exp-40a9cd647575,run-e3a76e2898f5c2fc,claim-b92cc2c1bd353b8a,sig-ff4d19c208b5e16d,delivered,1,1,1,,
exp-40a9cd647575,run-0bdbd7e3ae24c145,claim-91a37b7e4fdf513e,sig-ff70ceffe35ec372,delivered,1,1,1,,
exp-40a9cd647575,run-293806b558ff1d6a,claim-91a37b7e4fdf513e,sig-ff70ceffe35ec372,delivered,1,1,1,,
exp-40a9cd647575,run-8fe7e2a70540fa13,claim-91a37b7e4fdf513e,sig-ff70ceffe35ec372,delivered,1,1,1,,
exp-40a9cd647575,run-b0c15ff5128e34a7,claim-91a37b7e4fdf513e,sig-ff70ceffe35ec372,delivered,1,1,1,,
exp-40a9cd647575,run-f624b0f51a068b4e,claim-6687c00b39adbe2c,sig-ffbc5f8273ca77f0,delivered,1,1,1,,
exp-40a9cd647575,run-1da582a91e501197,claim-dc6d3c983f8f710c,sig-ffefb441fb9367b6,delivered,0,0,1,,
exp-40a9cd647575,run-85375656a504b3d2,claim-dc6d3c983f8f710c,sig-ffefb441fb9367b6,delivered,0,0,1,,
exp-40a9cd647575,run-8eacfbda7a4da0c6,claim-dc6d3c983f8f710c,sig-ffefb441fb9367b6,delivered,0,0,1,,
