experiment_id,run_id,claim_id,annotation_signature,delivery_status,rater_1,rater_2,validator,adjudicated,notes
exp-2b33b808a0f8,run-54dd198bde19e6cf,claim-3b8747d9c1add7a7,sig-000b4d61bfc78b76,delivered,1,1,1,,
exp-2b33b808a0f8,run-eb3dc172de7476ad,claim-3b8747d9c1add7a7,sig-000b4d61bfc78b76,delivered,1,1,1,,
exp-2b33b808a0f8,run-06c033c5a4b3310b,claim-d918f08bb5b898c7,sig-00c4d943ba823765,delivered,1,1,1,,
exp-2b33b808a0f8,run-0f9dd47be805d0d2,claim-d918f08bb5b898c7,sig-00c4d943ba823765,delivered,1,1,1,,
exp-2b33b808a0f8,run-326bfbb0f8ea7d96,claim-d918f08bb5b898c7,sig-00c4d943ba823765,delivered,1,1,1,,
exp-2b33b808a0f8,run-33025bf9675b9c53,claim-d918f08bb5b898c7,sig-00c4d943ba823765,delivered,1,1,1,,
exp-2b33b808a0f8,run-38e71c05cfcffb71,claim-d918f08bb5b898c7,sig-00c4d943ba823765,delivered,1,1,1,,
exp-2b33b808a0f8,run-3ca09ee4663ee36e,claim-d918f08bb5b898c7,sig-00c4d943ba823765,delivered,1,1,1,,
exp-2b33b808a0f8,run-50b2b7111a212006,claim-d918f08bb5b898c7,sig-00c4d943ba823765,delivered,1,1,1,,
exp-2b33b808a0f8,run-652d659454d8ad9e,claim-d918f08bb5b898c7,sig-00c4d943ba823765,delivered,1,1,1,,
exp-2b33b808a0f8,run-688fc7e2f44ed2f2,claim-d918f08bb5b898c7,sig-00c4d943ba823765,delivered,1,1,1,,
exp-2b33b808a0f8,run-6906bd9b7990509a,claim-d918f08bb5b898c7,sig-00c4d943ba823765,delivered,1,1,1,,
exp-2b33b808a0f8,run-6fc1c1ab955868bf,claim-d918f08bb5b898c7,sig-00c4d943ba823765,delivered,1,1,1,,
exp-2b33b808a0f8,run-745eb0d732d3c8be,claim-d918f08bb5b898c7,sig-00c4d943ba823765,delivered,1,1,1,,
exp-2b33b808a0f8,run-755195f7318a0011,claim-d918f08bb5b898c7,sig-00c4d943ba823765,delivered,1,1,1,,
exp-2b33b808a0f8,run-7ebc93e6754f1bb3,claim-d918f08bb5b898c7,sig-00c4d943ba823765,delivered,1,1,1,,
exp-2b33b808a0f8,run-85eabeb58e5c97e7,claim-d918f08bb5b898c7,sig-00c4d943ba823765,delivered,1,1,1,,
exp-2b33b808a0f8,run-87f02234f88d5831,claim-d918f08bb5b898c7,sig-00c4d943ba823765,delivered,1,1,1,,
exp-2b33b808a0f8,run-8f35f254ebb2acd3,claim-d918f08bb5b898c7,sig-00c4d943ba823765,delivered,1,1,1,,
exp-2b33b808a0f8,run-ad7e5cf3555f7cf1,claim-d918f08bb5b898c7,sig-00c4d943ba823765,delivered,1,1,1,,
exp-2b33b808a0f8,run-b7f8311340d0f5c0,claim-d918f08bb5b898c7,sig-00c4d943ba823765,delivered,1,1,1,,
exp-2b33b808a0f8,run-cbfe7f989bdcbfd8,claim-d918f08bb5b898c7,sig-00c4d943ba823765,delivered,1,1,1,,
exp-2b33b808a0f8,run-e09a9c6c7fbe74db,claim-d918f08bb5b898c7,sig-00c4d943ba823765,delivered,1,1,1,,
exp-2b33b808a0f8,run-ea2e4f2c800425a8,claim-d918f08bb5b898c7,sig-00c4d943ba823765,delivered,1,1,1,,
exp-2b33b808a0f8,run-f0f90499d9da1b0c,claim-d918f08bb5b898c7,sig-00c4d943ba823765,delivered,1,1,1,,
exp-2b33b808a0f8,run-f4f7ab268273a712,claim-d918f08bb5b898c7,sig-00c4d943ba823765,delivered,1,1,1,,
exp-2b33b808a0f8,run-f8a130cde8a86849,claim-d918f08bb5b898c7,sig-00c4d943ba823765,delivered,1,1,1,,
exp-2b33b808a0f8,run-175d816b8367baac,claim-6dc7893b25ac7ec3,sig-0146f26dba3e028d,delivered,1,1,1,,
exp-2b33b808a0f8,run-21bdbb0a764f6a52,claim-6dc7893b25ac7ec3,sig-0146f26dba3e028d,delivered,1,1,1,,
exp-2b33b808a0f8,run-30e0ad5088f869ef,claim-6dc7893b25ac7ec3,sig-0146f26dba3e028d,delivered,1,1,1,,
exp-2b33b808a0f8,run-5d1d938973316806,claim-6dc7893b25ac7ec3,sig-0146f26dba3e028d,delivered,1,1,1,,
exp-2b33b808a0f8,run-9e13e54cda7d586a,claim-6dc7893b25ac7ec3,sig-0146f26dba3e028d,delivered,1,1,1,,
exp-2b33b808a0f8,run-a1dd10a320d74492,claim-6dc7893b25ac7ec3,sig-0146f26dba3e028d,delivered,1,1,1,,
exp-2b33b808a0f8,run-a684c987a3ec5dee,claim-6dc7893b25ac7ec3,sig-0146f26dba3e028d,delivered,1,1,1,,
exp-2b33b808a0f8,run-b6164e0a3c9ee1c7,claim-6dc7893b25ac7ec3,sig-0146f26dba3e028d,delivered,1,1,1,,
exp-2b33b808a0f8,run-bc9a7105af8438b3,claim-6dc7893b25ac7ec3,sig-0146f26dba3e028d,delivered,1,1,1,,
exp-2b33b808a0f8,run-bdbb3ee62a506ea8,claim-6dc7893b25ac7ec3,sig-0146f26dba3e028d,delivered,1,1,1,,
exp-2b33b808a0f8,run-ced95cf1de255212,claim-6dc7893b25ac7ec3,sig-0146f26dba3e028d,delivered,1,1,1,,
exp-2b33b808a0f8,run-d7b85c1dbc2e2b84,claim-6dc7893b25ac7ec3,sig-0146f26dba3e028d,delivered,1,1,1,,
exp-2b33b808a0f8,run-dc695ad65d795df3,claim-6dc7893b25ac7ec3,sig-0146f26dba3e028d,delivered,1,1,1,,
exp-2b33b808a0f8,run-fd184a609106633b,claim-6dc7893b25ac7ec3,sig-0146f26dba3e028d,delivered,1,1,1,,
exp-2b33b808a0f8,run-08eb0ce23ff8c058,claim-1f5aa82c73817981,sig-02649514e92a208f,delivered,1,1,1,,
exp-2b33b808a0f8,run-0ed59ea471f8c823,claim-1f5aa82c73817981,sig-02649514e92a208f,delivered,1,1,1,,
exp-2b33b808a0f8,run-121bae4857799859,claim-1f5aa82c73817981,sig-02649514e92a208f,delivered,1,1,1,,
exp-2b33b808a0f8,run-2cd8b7888af1dfd8,claim-1f5aa82c73817981,sig-02649514e92a208f,delivered,1,1,1,,
exp-2b33b808a0f8,run-5f72dfbc37ae3836,claim-1f5aa82c73817981,sig-02649514e92a208f,delivered,1,1,1,,
exp-2b33b808a0f8,run-5f8c41dc5117d3f7,claim-1f5aa82c73817981,sig-02649514e92a208f,delivered,1,1,1,,
exp-2b33b808a0f8,run-60c27be7bfd13181,claim-1f5aa82c73817981,sig-02649514e92a208f,delivered,1,1,1,,
exp-2b33b808a0f8,run-626495f4dbb14cf3,claim-1f5aa82c73817981,sig-02649514e92a208f,delivered,1,1,1,,
exp-2b33b808a0f8,run-82654eb217e99ef6,claim-1f5aa82c73817981,sig-02649514e92a208f,delivered,1,1,1,,
exp-2b33b808a0f8,run-8c29734783624630,claim-1f5aa82c73817981,sig-02649514e92a208f,delivered,1,1,1,,
exp-2b33b808a0f8,run-9fd3eacdb49f1187,claim-1f5aa82c73817981,sig-02649514e92a208f,delivered,1,1,1,,
exp-2b33b808a0f8,run-a91e83d95f4150ea,claim-1f5aa82c73817981,sig-02649514e92a208f,delivered,1,1,1,,
exp-2b33b808a0f8,run-aef2c0f3501e6b9f,claim-1f5aa82c73817981,sig-02649514e92a208f,delivered,1,1,1,,
exp-2b33b808a0f8,run-c31fdf2665c43f45,claim-1f5aa82c73817981,sig-02649514e92a208f,delivered,1,1,1,,
exp-2b33b808a0f8,run-cc57ad8a8d2714d7,claim-1f5aa82c73817981,sig-02649514e92a208f,delivered,1,1,1,,
exp-2b33b808a0f8,run-d2b9a396554a407b,claim-1f5aa82c73817981,sig-02649514e92a208f,delivered,1,1,1,,
exp-2b33b808a0f8,run-deef30be3782be8a,claim-1f5aa82c73817981,sig-02649514e92a208f,delivered,1,1,1,,
exp-2b33b808a0f8,run-fa92f9e908dcd179,claim-1f5aa82c73817981,sig-02649514e92a208f,delivered,1,1,1,,
exp-2b33b808a0f8,run-fe2c6fd3e3730afe,claim-1f5aa82c73817981,sig-02649514e92a208f,delivered,1,1,1,,
exp-2b33b808a0f8,run-27bf28105ca06fd4,claim-e3d2bd5371350475,sig-02dbb72e721819e0,delivered,1,1,1,,
exp-2b33b808a0f8,run-2db70520b400e899,claim-e3d2bd5371350475,sig-02dbb72e721819e0,delivered,1,1,1,,
exp-2b33b808a0f8,run-92029ec55433f4ad,claim-e3d2bd5371350475,sig-02dbb72e721819e0,delivered,1,1,1,,
exp-2b33b808a0f8,run-a1dd10a320d74492,claim-e3d2bd5371350475,sig-02dbb72e721819e0,delivered,1,1,1,,
exp-2b33b808a0f8,run-b0542bb5dad78106,claim-e3d2bd5371350475,sig-02dbb72e721819e0,delivered,1,1,1,,
exp-2b33b808a0f8,run-fb3ce97f197123d1,claim-e3d2bd5371350475,sig-02dbb72e721819e0,delivered,1,1,1,,
exp-2b33b808a0f8,run-1827ab6678b4100e,claim-5d17018819f1502f,sig-02e0badcba66a682,delivered,1,1,1,,
exp-2b33b808a0f8,run-1ad5774f2ec38993,claim-5d17018819f1502f,sig-02e0badcba66a682,delivered,1,1,1,,
exp-2b33b808a0f8,run-40302b8b799e3bf1,claim-5d17018819f1502f,sig-02e0badcba66a682,delivered,1,1,1,,
exp-2b33b808a0f8,run-68434cd370855dde,claim-5d17018819f1502f,sig-02e0badcba66a682,delivered,1,1,1,,
exp-2b33b808a0f8,run-803b3c372bc924c5,claim-5d17018819f1502f,sig-02e0badcba66a682,delivered,1,1,1,,
exp-2b33b808a0f8,run-89afe7e7549c985c,claim-5d17018819f1502f,sig-02e0badcba66a682,delivered,1,1,1,,
exp-2b33b808a0f8,run-9119299991896d57,claim-5d17018819f1502f,sig-02e0badcba66a682,delivered,1,1,1,,
exp-2b33b808a0f8,run-a43e1603dbdaba0d,claim-5d17018819f1502f,sig-02e0badcba66a682,delivered,1,1,1,,
exp-2b33b808a0f8,run-d7f33141b5694988,claim-5d17018819f1502f,sig-02e0badcba66a682,delivered,1,1,1,,
exp-2b33b808a0f8,run-f1776cca757489d5,claim-5d17018819f1502f,sig-02e0badcba66a682,delivered,1,1,1,,
exp-2b33b808a0f8,run-12fb92d02cac28d4,claim-6748738c87afc308,sig-02fb11fbd397acdf,delivered,1,1,1,,
exp-2b33b808a0f8,run-151b3dd024910f90,claim-6748738c87afc308,sig-02fb11fbd397acdf,delivered,1,1,1,,
exp-2b33b808a0f8,run-3c31f70eb83b2a7b,claim-6748738c87afc308,sig-02fb11fbd397acdf,delivered,1,1,1,,
exp-2b33b808a0f8,run-687c36eb4319093b,claim-6748738c87afc308,sig-02fb11fbd397acdf,delivered,1,1,1,,
exp-2b33b808a0f8,run-842fb0083a059689,claim-6748738c87afc308,sig-02fb11fbd397acdf,delivered,1,1,1,,
exp-2b33b808a0f8,run-941a417fbfa17bc2,claim-6748738c87afc308,sig-02fb11fbd397acdf,delivered,1,1,1,,
exp-2b33b808a0f8,run-169749d452c80c28,claim-f823f2e2786f5df2,sig-03215158ab316e90,delivered,1,1,1,,
exp-2b33b808a0f8,run-22c666cf37db328f,claim-f823f2e2786f5df2,sig-03215158ab316e90,delivered,1,1,1,,
exp-2b33b808a0f8,run-26c66a98702e0a01,claim-f823f2e2786f5df2,sig-03215158ab316e90,delivered,1,1,1,,
exp-2b33b808a0f8,run-2913a8bf3b14dd18,claim-f823f2e2786f5df2,sig-03215158ab316e90,delivered,1,1,1,,
exp-2b33b808a0f8,run-2a9c3ec6dd6e9d8f,claim-f823f2e2786f5df2,sig-03215158ab316e90,delivered,1,1,1,,
exp-2b33b808a0f8,run-2b307fc83ae74fb5,claim-f823f2e2786f5df2,sig-03215158ab316e90,delivered,1,1,1,,
exp-2b33b808a0f8,run-2c5ed9ccf72ab3ff,claim-f823f2e2786f5df2,sig-03215158ab316e90,delivered,1,1,1,,
exp-2b33b808a0f8,run-421a9e310b9451d9,claim-f823f2e2786f5df2,sig-03215158ab316e90,delivered,1,1,1,,
exp-2b33b808a0f8,run-4a9abd6b049cfa48,claim-f823f2e2786f5df2,sig-03215158ab316e90,delivered,1,1,1,,
exp-2b33b808a0f8,run-4bc70e3c7d09ccca,claim-f823f2e2786f5df2,sig-03215158ab316e90,delivered,1,1,1,,
exp-2b33b808a0f8,run-4be88edbdd58b0b7,claim-f823f2e2786f5df2,sig-03215158ab316e90,delivered,1,1,1,,
exp-2b33b808a0f8,run-533b1ebf9907abc5,claim-f823f2e2786f5df2,sig-03215158ab316e90,delivered,1,1,1,,
exp-2b33b808a0f8,run-54c829c9332d7705,claim-f823f2e2786f5df2,sig-03215158ab316e90,delivered,1,1,1,,
exp-2b33b808a0f8,run-5ab8996c310b76bc,claim-f823f2e2786f5df2,sig-03215158ab316e90,delivered,1,1,1,,
exp-2b33b808a0f8,run-637de2634f99fe17,claim-f823f2e2786f5df2,sig-03215158ab316e90,delivered,1,1,1,,
exp-2b33b808a0f8,run-7a81aa198df7a360,claim-f823f2e2786f5df2,sig-03215158ab316e90,delivered,1,1,1,,
exp-2b33b808a0f8,run-8628fb2f21bdfa9a,claim-f823f2e2786f5df2,sig-03215158ab316e90,delivered,1,1,1,,
exp-2b33b808a0f8,run-98bc95649ddb8f4c,claim-f823f2e2786f5df2,sig-03215158ab316e90,delivered,1,1,1,,
exp-2b33b808a0f8,run-a2a07f1fba72c484,claim-f823f2e2786f5df2,sig-03215158ab316e90,delivered,1,1,1,,
exp-2b33b808a0f8,run-bfc1fb37d31beee3,claim-f823f2e2786f5df2,sig-03215158ab316e90,delivered,1,1,1,,
exp-2b33b808a0f8,run-c70b83220468c5cb,claim-f823f2e2786f5df2,sig-03215158ab316e90,delivered,1,1,1,,
exp-2b33b808a0f8,run-dda79e04e10eeb3f,claim-f823f2e2786f5df2,sig-03215158ab316e90,delivered,1,1,1,,
exp-2b33b808a0f8,run-f31bacd7825a158b,claim-f823f2e2786f5df2,sig-03215158ab316e90,delivered,1,1,1,,
exp-2b33b808a0f8,run-f8641a2b2b522c65,claim-f823f2e2786f5df2,sig-03215158ab316e90,delivered,1,1,1,,
exp-2b33b808a0f8,run-175d816b8367baac,claim-0bac7e0b982e6eec,sig-04ea054f9e962c3d,delivered,1,1,1,,
exp-2b33b808a0f8,run-21bdbb0a764f6a52,claim-0bac7e0b982e6eec,sig-04ea054f9e962c3d,delivered,1,1,1,,
exp-2b33b808a0f8,run-30e0ad5088f869ef,claim-0bac7e0b982e6eec,sig-04ea054f9e962c3d,delivered,1,1,1,,
exp-2b33b808a0f8,run-53706f05bed87dad,claim-0bac7e0b982e6eec,sig-04ea054f9e962c3d,delivered,1,1,1,,
exp-2b33b808a0f8,run-581d182fa373e4a8,claim-0bac7e0b982e6eec,sig-04ea054f9e962c3d,delivered,1,1,1,,
exp-2b33b808a0f8,run-581e601a136ff413,claim-0bac7e0b982e6eec,sig-04ea054f9e962c3d,delivered,1,1,1,,
exp-2b33b808a0f8,run-5d1d938973316806,claim-0bac7e0b982e6eec,sig-04ea054f9e962c3d,delivered,1,1,1,,
exp-2b33b808a0f8,run-9ddf9be03d779768,claim-0bac7e0b982e6eec,sig-04ea054f9e962c3d,delivered,1,1,1,,
exp-2b33b808a0f8,run-a34dc91443138554,claim-0bac7e0b982e6eec,sig-04ea054f9e962c3d,delivered,1,1,1,,
exp-2b33b808a0f8,run-a684c987a3ec5dee,claim-0bac7e0b982e6eec,sig-04ea054f9e962c3d,delivered,1,1,1,,
exp-2b33b808a0f8,run-bc9a7105af8438b3,claim-0bac7e0b982e6eec,sig-04ea054f9e962c3d,delivered,1,1,1,,
exp-2b33b808a0f8,run-c12d31a0c14e4ea4,claim-0bac7e0b982e6eec,sig-04ea054f9e962c3d,delivered,1,1,1,,
exp-2b33b808a0f8,run-cca66c90ef3b41c8,claim-0bac7e0b982e6eec,sig-04ea054f9e962c3d,delivered,1,1,1,,
exp-2b33b808a0f8,run-ced95cf1de255212,claim-0bac7e0b982e6eec,sig-04ea054f9e962c3d,delivered,1,1,1,,
exp-2b33b808a0f8,run-d7b85c1dbc2e2b84,claim-0bac7e0b982e6eec,sig-04ea054f9e962c3d,delivered,1,1,1,,
exp-2b33b808a0f8,run-dc695ad65d795df3,claim-0bac7e0b982e6eec,sig-04ea054f9e962c3d,delivered,1,1,1,,
exp-2b33b808a0f8,run-ed9ded3530a007da,claim-0bac7e0b982e6eec,sig-04ea054f9e962c3d,delivered,1,1,1,,
exp-2b33b808a0f8,run-f1da5d7783f85774,claim-0bac7e0b982e6eec,sig-04ea054f9e962c3d,delivered,1,1,1,,
exp-2b33b808a0f8,run-0f9dd47be805d0d2,claim-d1a4e171eadadfd6,sig-04f9c8689de189d4,delivered,1,1,1,,
exp-2b33b808a0f8,run-38e71c05cfcffb71,claim-d1a4e171eadadfd6,sig-04f9c8689de189d4,delivered,1,1,1,,
exp-2b33b808a0f8,run-6906bd9b7990509a,claim-d1a4e171eadadfd6,sig-04f9c8689de189d4,delivered,1,1,1,,
exp-2b33b808a0f8,run-7ebc93e6754f1bb3,claim-d1a4e171eadadfd6,sig-04f9c8689de189d4,delivered,1,1,1,,
exp-2b33b808a0f8,run-87f02234f88d5831,claim-d1a4e171eadadfd6,sig-04f9c8689de189d4,delivered,1,1,1,,
exp-2b33b808a0f8,run-8f35f254ebb2acd3,claim-d1a4e171eadadfd6,sig-04f9c8689de189d4,delivered,1,1,1,,
exp-2b33b808a0f8,run-1827ab6678b4100e,claim-1c9e45d4f7d5d3e9,sig-053cda707a694785,delivered,1,1,1,,
exp-2b33b808a0f8,run-40302b8b799e3bf1,claim-1c9e45d4f7d5d3e9,sig-053cda707a694785,delivered,1,1,1,,
exp-2b33b808a0f8,run-68434cd370855dde,claim-1c9e45d4f7d5d3e9,sig-053cda707a694785,delivered,1,1,1,,
exp-2b33b808a0f8,run-a43e1603dbdaba0d,claim-1c9e45d4f7d5d3e9,sig-053cda707a694785,delivered,1,1,1,,
exp-2b33b808a0f8,run-f1776cca757489d5,claim-1c9e45d4f7d5d3e9,sig-053cda707a694785,delivered,1,1,1,,
exp-2b33b808a0f8,run-1ad5774f2ec38993,claim-9afeb44b4732d9a4,sig-057138bdae9f5f06,delivered,1,1,1,,
exp-2b33b808a0f8,run-40302b8b799e3bf1,claim-9afeb44b4732d9a4,sig-057138bdae9f5f06,delivered,1,1,1,,
exp-2b33b808a0f8,run-68434cd370855dde,claim-9afeb44b4732d9a4,sig-057138bdae9f5f06,delivered,1,1,1,,
exp-2b33b808a0f8,run-803b3c372bc924c5,claim-9afeb44b4732d9a4,sig-057138bdae9f5f06,delivered,1,1,1,,
exp-2b33b808a0f8,run-89afe7e7549c985c,claim-9afeb44b4732d9a4,sig-057138bdae9f5f06,delivered,1,1,1,,
exp-2b33b808a0f8,run-9119299991896d57,claim-9afeb44b4732d9a4,sig-057138bdae9f5f06,delivered,1,1,1,,
exp-2b33b808a0f8,run-a43e1603dbdaba0d,claim-9afeb44b4732d9a4,sig-057138bdae9f5f06,delivered,1,1,1,,
exp-2b33b808a0f8,run-b89fda5b70005cab,claim-9afeb44b4732d9a4,sig-057138bdae9f5f06,delivered,1,1,1,,
exp-2b33b808a0f8,run-d03cdd5172e2e4bb,claim-9afeb44b4732d9a4,sig-057138bdae9f5f06,delivered,1,1,1,,
exp-2b33b808a0f8,run-d7f33141b5694988,claim-9afeb44b4732d9a4,sig-057138bdae9f5f06,delivered,1,1,1,,
exp-2b33b808a0f8,run-d7f754d1c6032500,claim-9afeb44b4732d9a4,sig-057138bdae9f5f06,delivered,1,1,1,,
exp-2b33b808a0f8,run-d9ecb9bb93d66dae,claim-9afeb44b4732d9a4,sig-057138bdae9f5f06,delivered,1,1,1,,
exp-2b33b808a0f8,run-ebb905b917de9aa9,claim-9afeb44b4732d9a4,sig-057138bdae9f5f06,delivered,1,1,1,,
exp-2b33b808a0f8,run-f1776cca757489d5,claim-9afeb44b4732d9a4,sig-057138bdae9f5f06,delivered,1,1,1,,
exp-2b33b808a0f8,run-1827ab6678b4100e,claim-a26f0510daf264f4,sig-05a93f433d1e0366,delivered,1,1,1,,
exp-2b33b808a0f8,run-0f9dd47be805d0d2,claim-ea64ecbca01fc278,sig-0630fdba8fbaf108,delivered,1,1,1,,
exp-2b33b808a0f8,run-326bfbb0f8ea7d96,claim-ea64ecbca01fc278,sig-0630fdba8fbaf108,delivered,1,1,1,,
exp-2b33b808a0f8,run-38e71c05cfcffb71,claim-ea64ecbca01fc278,sig-0630fdba8fbaf108,delivered,1,1,1,,
exp-2b33b808a0f8,run-652d659454d8ad9e,claim-ea64ecbca01fc278,sig-0630fdba8fbaf108,delivered,1,1,1,,
exp-2b33b808a0f8,run-688fc7e2f44ed2f2,claim-ea64ecbca01fc278,sig-0630fdba8fbaf108,delivered,1,1,1,,
exp-2b33b808a0f8,run-6906bd9b7990509a,claim-ea64ecbca01fc278,sig-0630fdba8fbaf108,delivered,1,1,1,,
exp-2b33b808a0f8,run-745eb0d732d3c8be,claim-ea64ecbca01fc278,sig-0630fdba8fbaf108,delivered,1,1,1,,
exp-2b33b808a0f8,run-7ebc93e6754f1bb3,claim-ea64ecbca01fc278,sig-0630fdba8fbaf108,delivered,1,1,1,,
exp-2b33b808a0f8,run-85eabeb58e5c97e7,claim-ea64ecbca01fc278,sig-0630fdba8fbaf108,delivered,1,1,1,,
exp-2b33b808a0f8,run-87f02234f88d5831,claim-ea64ecbca01fc278,sig-0630fdba8fbaf108,delivered,1,1,1,,
exp-2b33b808a0f8,run-8f35f254ebb2acd3,claim-ea64ecbca01fc278,sig-0630fdba8fbaf108,delivered,1,1,1,,
exp-2b33b808a0f8,run-ad7e5cf3555f7cf1,claim-ea64ecbca01fc278,sig-0630fdba8fbaf108,delivered,1,1,1,,
exp-2b33b808a0f8,run-cbfe7f989bdcbfd8,claim-ea64ecbca01fc278,sig-0630fdba8fbaf108,delivered,1,1,1,,
exp-2b33b808a0f8,run-188a8d0550ccc9f1,claim-2202ae5da5008f54,sig-06a113760b650baf,dropped,1,1,0,,
exp-2b33b808a0f8,run-b59197931236a821,claim-2202ae5da5008f54,sig-06a113760b650baf,dropped,1,1,0,,
exp-2b33b808a0f8,run-37a26e9a7aa1bb5e,claim-7a07bebb6dce7fca,sig-0748080af30cdb05,delivered,1,1,1,,
exp-2b33b808a0f8,run-44cfbdfc60cdf7a8,claim-7a07bebb6dce7fca,sig-0748080af30cdb05,delivered,1,1,1,,
exp-2b33b808a0f8,run-654b90f4ea145d67,claim-7a07bebb6dce7fca,sig-0748080af30cdb05,delivered,1,1,1,,
exp-2b33b808a0f8,run-6c62556cc962947a,claim-7a07bebb6dce7fca,sig-0748080af30cdb05,delivered,1,1,1,,
exp-2b33b808a0f8,run-8eb43eb6eddc29f4,claim-7a07bebb6dce7fca,sig-0748080af30cdb05,delivered,1,1,1,,
exp-2b33b808a0f8,run-a8d5484d741c645d,claim-7a07bebb6dce7fca,sig-0748080af30cdb05,delivered,1,1,1,,
exp-2b33b808a0f8,run-0cf7e0daf535a696,claim-d354c4dd8ccfeeba,sig-074b65441ea38225,delivered,1,1,1,,
exp-2b33b808a0f8,run-314cd6efe084d5fe,claim-d354c4dd8ccfeeba,sig-074b65441ea38225,delivered,1,1,1,,
exp-2b33b808a0f8,run-3f6da378062ee821,claim-d354c4dd8ccfeeba,sig-074b65441ea38225,delivered,1,1,1,,
exp-2b33b808a0f8,run-6ddc9f9b58c14914,claim-d354c4dd8ccfeeba,sig-074b65441ea38225,delivered,1,1,1,,
exp-2b33b808a0f8,run-7b8861c80024d738,claim-d354c4dd8ccfeeba,sig-074b65441ea38225,delivered,1,1,1,,
exp-2b33b808a0f8,run-7d86c321e8400460,claim-d354c4dd8ccfeeba,sig-074b65441ea38225,delivered,1,1,1,,
exp-2b33b808a0f8,run-8edfe902496d790d,claim-d354c4dd8ccfeeba,sig-074b65441ea38225,delivered,1,1,1,,
exp-2b33b808a0f8,run-cacf78bafbbad965,claim-d354c4dd8ccfeeba,sig-074b65441ea38225,delivered,1,1,1,,
exp-2b33b808a0f8,run-cec16e049668dcae,claim-d354c4dd8ccfeeba,sig-074b65441ea38225,delivered,1,1,1,,
exp-2b33b808a0f8,run-de51ed580b1ab50d,claim-d354c4dd8ccfeeba,sig-074b65441ea38225,delivered,1,1,1,,
exp-2b33b808a0f8,run-fd0875ba4dfb44d6,claim-d354c4dd8ccfeeba,sig-074b65441ea38225,delivered,1,1,1,,
exp-2b33b808a0f8,run-0ed59ea471f8c823,claim-d101143515cd53aa,sig-07777f44f94bbdb9,delivered,1,1,1,,
exp-2b33b808a0f8,run-121bae4857799859,claim-d101143515cd53aa,sig-07777f44f94bbdb9,delivered,1,1,1,,
exp-2b33b808a0f8,run-169749d452c80c28,claim-d101143515cd53aa,sig-07777f44f94bbdb9,delivered,1,1,1,,
exp-2b33b808a0f8,run-2cd8b7888af1dfd8,claim-d101143515cd53aa,sig-07777f44f94bbdb9,delivered,1,1,1,,
exp-2b33b808a0f8,run-31ef47d02bf73873,claim-d101143515cd53aa,sig-07777f44f94bbdb9,delivered,1,1,1,,
exp-2b33b808a0f8,run-4135fc9f33a52631,claim-d101143515cd53aa,sig-07777f44f94bbdb9,delivered,1,1,1,,
exp-2b33b808a0f8,run-5f72dfbc37ae3836,claim-d101143515cd53aa,sig-07777f44f94bbdb9,delivered,1,1,1,,
exp-2b33b808a0f8,run-5f8c41dc5117d3f7,claim-d101143515cd53aa,sig-07777f44f94bbdb9,delivered,1,1,1,,
exp-2b33b808a0f8,run-60c27be7bfd13181,claim-d101143515cd53aa,sig-07777f44f94bbdb9,delivered,1,1,1,,
exp-2b33b808a0f8,run-626495f4dbb14cf3,claim-d101143515cd53aa,sig-07777f44f94bbdb9,delivered,1,1,1,,
exp-2b33b808a0f8,run-7a81aa198df7a360,claim-d101143515cd53aa,sig-07777f44f94bbdb9,delivered,1,1,1,,
exp-2b33b808a0f8,run-809856b19e987477,claim-d101143515cd53aa,sig-07777f44f94bbdb9,delivered,1,1,1,,
exp-2b33b808a0f8,run-82121d93599b573f,claim-d101143515cd53aa,sig-07777f44f94bbdb9,delivered,1,1,1,,
exp-2b33b808a0f8,run-82654eb217e99ef6,claim-d101143515cd53aa,sig-07777f44f94bbdb9,delivered,1,1,1,,
exp-2b33b808a0f8,run-8b6a0be310d169fd,claim-d101143515cd53aa,sig-07777f44f94bbdb9,delivered,1,1,1,,
exp-2b33b808a0f8,run-8c29734783624630,claim-d101143515cd53aa,sig-07777f44f94bbdb9,delivered,1,1,1,,
exp-2b33b808a0f8,run-8f48500d07fefa0d,claim-d101143515cd53aa,sig-07777f44f94bbdb9,delivered,1,1,1,,
exp-2b33b808a0f8,run-9fd3eacdb49f1187,claim-d101143515cd53aa,sig-07777f44f94bbdb9,delivered,1,1,1,,
exp-2b33b808a0f8,run-a91e83d95f4150ea,claim-d101143515cd53aa,sig-07777f44f94bbdb9,delivered,1,1,1,,
exp-2b33b808a0f8,run-aef2c0f3501e6b9f,claim-d101143515cd53aa,sig-07777f44f94bbdb9,delivered,1,1,1,,
exp-2b33b808a0f8,run-bfc1fb37d31beee3,claim-d101143515cd53aa,sig-07777f44f94bbdb9,delivered,1,1,1,,
exp-2b33b808a0f8,run-c31fdf2665c43f45,claim-d101143515cd53aa,sig-07777f44f94bbdb9,delivered,1,1,1,,
exp-2b33b808a0f8,run-c6b4be2a2bcc1f45,claim-d101143515cd53aa,sig-07777f44f94bbdb9,delivered,1,1,1,,
exp-2b33b808a0f8,run-cc57ad8a8d2714d7,claim-d101143515cd53aa,sig-07777f44f94bbdb9,delivered,1,1,1,,
exp-2b33b808a0f8,run-deef30be3782be8a,claim-d101143515cd53aa,sig-07777f44f94bbdb9,delivered,1,1,1,,
exp-2b33b808a0f8,run-f3f30df9a4b8d9a5,claim-d101143515cd53aa,sig-07777f44f94bbdb9,delivered,1,1,1,,
exp-2b33b808a0f8,run-f463dfc540bd3689,claim-d101143515cd53aa,sig-07777f44f94bbdb9,delivered,1,1,1,,
exp-2b33b808a0f8,run-fa92f9e908dcd179,claim-d101143515cd53aa,sig-07777f44f94bbdb9,delivered,1,1,1,,
exp-2b33b808a0f8,run-05d091d23664cc1e,claim-6dc7893b25ac7ec3,sig-077fe75f4576586f,delivered,1,1,1,,
exp-2b33b808a0f8,run-7dfc02679606cd15,claim-6dc7893b25ac7ec3,sig-077fe75f4576586f,delivered,1,1,1,,
exp-2b33b808a0f8,run-cb9e6b2ad617099c,claim-6dc7893b25ac7ec3,sig-077fe75f4576586f,delivered,1,1,1,,
exp-2b33b808a0f8,run-1584d685946fcbab,claim-fbe60487ea8a3f2d,sig-080a360aff937bf7,delivered,1,1,1,,
exp-2b33b808a0f8,run-16a39058c7f3cf9e,claim-fbe60487ea8a3f2d,sig-080a360aff937bf7,delivered,1,1,1,,
exp-2b33b808a0f8,run-49d441481d22eaff,claim-fbe60487ea8a3f2d,sig-080a360aff937bf7,delivered,1,1,1,,
exp-2b33b808a0f8,run-82e3fe2420e8e987,claim-fbe60487ea8a3f2d,sig-080a360aff937bf7,delivered,1,1,1,,
exp-2b33b808a0f8,run-8fd820fb0fd3fa83,claim-fbe60487ea8a3f2d,sig-080a360aff937bf7,delivered,1,1,1,,
exp-2b33b808a0f8,run-b4f674eb9d401efd,claim-fbe60487ea8a3f2d,sig-080a360aff937bf7,delivered,1,1,1,,
exp-2b33b808a0f8,run-e397ddb5605064f3,claim-fbe60487ea8a3f2d,sig-080a360aff937bf7,delivered,1,1,1,,
exp-2b33b808a0f8,run-e69a6fbcad4061ce,claim-fbe60487ea8a3f2d,sig-080a360aff937bf7,delivered,1,1,1,,
exp-2b33b808a0f8,run-f1ea2e8a09c56c99,claim-fbe60487ea8a3f2d,sig-080a360aff937bf7,delivered,1,1,1,,
exp-2b33b808a0f8,run-36dc5599241ff74c,claim-5ffa4e481923b015,sig-08d15dd89614bf7b,delivered,1,1,1,,
exp-2b33b808a0f8,run-54dd198bde19e6cf,claim-5ffa4e481923b015,sig-08d15dd89614bf7b,delivered,1,1,1,,
exp-2b33b808a0f8,run-86e0fb3cb34a86b9,claim-5ffa4e481923b015,sig-08d15dd89614bf7b,delivered,1,1,1,,
exp-2b33b808a0f8,run-c5596c6cf2999ecc,claim-5ffa4e481923b015,sig-08d15dd89614bf7b,delivered,1,1,1,,
exp-2b33b808a0f8,run-cbf903a67be76d0a,claim-5ffa4e481923b015,sig-08d15dd89614bf7b,delivered,1,1,1,,
exp-2b33b808a0f8,run-eb3dc172de7476ad,claim-5ffa4e481923b015,sig-08d15dd89614bf7b,delivered,1,1,1,,
exp-2b33b808a0f8,run-0cf7e0daf535a696,claim-5421314432351528,sig-0912e42a2f7edc7b,delivered,1,1,1,,
exp-2b33b808a0f8,run-314cd6efe084d5fe,claim-5421314432351528,sig-0912e42a2f7edc7b,delivered,1,1,1,,
exp-2b33b808a0f8,run-3f6da378062ee821,claim-5421314432351528,sig-0912e42a2f7edc7b,delivered,1,1,1,,
exp-2b33b808a0f8,run-7b8861c80024d738,claim-5421314432351528,sig-0912e42a2f7edc7b,delivered,1,1,1,,
exp-2b33b808a0f8,run-7d86c321e8400460,claim-5421314432351528,sig-0912e42a2f7edc7b,delivered,1,1,1,,
exp-2b33b808a0f8,run-8edfe902496d790d,claim-5421314432351528,sig-0912e42a2f7edc7b,delivered,1,1,1,,
exp-2b33b808a0f8,run-cacf78bafbbad965,claim-5421314432351528,sig-0912e42a2f7edc7b,delivered,1,1,1,,
exp-2b33b808a0f8,run-cec16e049668dcae,claim-5421314432351528,sig-0912e42a2f7edc7b,delivered,1,1,1,,
exp-2b33b808a0f8,run-0d5710fb6ccbec61,claim-99e5a5c226defbba,sig-09f92524efbf2ca4,delivered,1,1,1,,
exp-2b33b808a0f8,run-7ea589e15513aeaf,claim-99e5a5c226defbba,sig-09f92524efbf2ca4,delivered,1,1,1,,
exp-2b33b808a0f8,run-b2e91be99045ef34,claim-99e5a5c226defbba,sig-09f92524efbf2ca4,delivered,1,1,1,,
exp-2b33b808a0f8,run-1584d685946fcbab,claim-e83ef9caaef8cc7e,sig-0ac88d1ec535c971,delivered,1,1,1,,
exp-2b33b808a0f8,run-16a39058c7f3cf9e,claim-e83ef9caaef8cc7e,sig-0ac88d1ec535c971,delivered,1,1,1,,
exp-2b33b808a0f8,run-1b3af856ea0d78ba,claim-e83ef9caaef8cc7e,sig-0ac88d1ec535c971,delivered,1,1,1,,
exp-2b33b808a0f8,run-49d441481d22eaff,claim-e83ef9caaef8cc7e,sig-0ac88d1ec535c971,delivered,1,1,1,,
exp-2b33b808a0f8,run-82e3fe2420e8e987,claim-e83ef9caaef8cc7e,sig-0ac88d1ec535c971,delivered,1,1,1,,
exp-2b33b808a0f8,run-8fd820fb0fd3fa83,claim-e83ef9caaef8cc7e,sig-0ac88d1ec535c971,delivered,1,1,1,,
exp-2b33b808a0f8,run-b4f674eb9d401efd,claim-e83ef9caaef8cc7e,sig-0ac88d1ec535c971,delivered,1,1,1,,
exp-2b33b808a0f8,run-e397ddb5605064f3,claim-e83ef9caaef8cc7e,sig-0ac88d1ec535c971,delivered,1,1,1,,
exp-2b33b808a0f8,run-e69a6fbcad4061ce,claim-e83ef9caaef8cc7e,sig-0ac88d1ec535c971,delivered,1,1,1,,
exp-2b33b808a0f8,run-f1ea2e8a09c56c99,claim-e83ef9caaef8cc7e,sig-0ac88d1ec535c971,delivered,1,1,1,,
exp-2b33b808a0f8,run-25eaa2510fbfbaff,claim-888dd8e65ebd1e0c,sig-0b1f80683e0b50f8,delivered,1,1,1,,
exp-2b33b808a0f8,run-3e6218c854422e8d,claim-888dd8e65ebd1e0c,sig-0b1f80683e0b50f8,delivered,1,1,1,,
exp-2b33b808a0f8,run-602d62632c3acac1,claim-888dd8e65ebd1e0c,sig-0b1f80683e0b50f8,delivered,1,1,1,,
exp-2b33b808a0f8,run-00852482d4b4c234,claim-58912513953f80e7,sig-0b4b06ef21c6bb18,delivered,1,1,1,,
exp-2b33b808a0f8,run-0b43fa2950981ced,claim-58912513953f80e7,sig-0b4b06ef21c6bb18,delivered,1,1,1,,
exp-2b33b808a0f8,run-232de825d4745424,claim-58912513953f80e7,sig-0b4b06ef21c6bb18,delivered,1,1,1,,
exp-2b33b808a0f8,run-2b7de8cfa05c2685,claim-58912513953f80e7,sig-0b4b06ef21c6bb18,delivered,1,1,1,,
exp-2b33b808a0f8,run-4c1ebcfbe4f53149,claim-58912513953f80e7,sig-0b4b06ef21c6bb18,delivered,1,1,1,,
exp-2b33b808a0f8,run-4e1f40a2ad2c8126,claim-58912513953f80e7,sig-0b4b06ef21c6bb18,delivered,1,1,1,,
exp-2b33b808a0f8,run-6a5ea73285e50401,claim-58912513953f80e7,sig-0b4b06ef21c6bb18,delivered,1,1,1,,
exp-2b33b808a0f8,run-978c7a8b98891c5e,claim-58912513953f80e7,sig-0b4b06ef21c6bb18,delivered,1,1,1,,
exp-2b33b808a0f8,run-a42244e03c1b1264,claim-58912513953f80e7,sig-0b4b06ef21c6bb18,delivered,1,1,1,,
exp-2b33b808a0f8,run-ad742266be315739,claim-58912513953f80e7,sig-0b4b06ef21c6bb18,delivered,1,1,1,,
exp-2b33b808a0f8,run-d5391398dafa86db,claim-58912513953f80e7,sig-0b4b06ef21c6bb18,delivered,1,1,1,,
exp-2b33b808a0f8,run-f183f5c9ad2b506d,claim-58912513953f80e7,sig-0b4b06ef21c6bb18,delivered,1,1,1,,
exp-2b33b808a0f8,run-1ad5774f2ec38993,claim-9a7163ddc5bb6f34,sig-0b6bc5b201ecfa1d,delivered,1,1,1,,
exp-2b33b808a0f8,run-1b7414577607656b,claim-9a7163ddc5bb6f34,sig-0b6bc5b201ecfa1d,delivered,1,1,1,,
exp-2b33b808a0f8,run-22c72107573a4b60,claim-9a7163ddc5bb6f34,sig-0b6bc5b201ecfa1d,delivered,1,1,1,,
exp-2b33b808a0f8,run-3996e6744fffc569,claim-9a7163ddc5bb6f34,sig-0b6bc5b201ecfa1d,delivered,1,1,1,,
exp-2b33b808a0f8,run-5e07d16f1f5b2987,claim-9a7163ddc5bb6f34,sig-0b6bc5b201ecfa1d,delivered,1,1,1,,
exp-2b33b808a0f8,run-6c88b2e46218c519,claim-9a7163ddc5bb6f34,sig-0b6bc5b201ecfa1d,delivered,1,1,1,,
exp-2b33b808a0f8,run-760ccd016850aaab,claim-9a7163ddc5bb6f34,sig-0b6bc5b201ecfa1d,delivered,1,1,1,,
exp-2b33b808a0f8,run-803b3c372bc924c5,claim-9a7163ddc5bb6f34,sig-0b6bc5b201ecfa1d,delivered,1,1,1,,
exp-2b33b808a0f8,run-81291fb5e9520a72,claim-9a7163ddc5bb6f34,sig-0b6bc5b201ecfa1d,delivered,1,1,1,,
exp-2b33b808a0f8,run-89afe7e7549c985c,claim-9a7163ddc5bb6f34,sig-0b6bc5b201ecfa1d,delivered,1,1,1,,
exp-2b33b808a0f8,run-9119299991896d57,claim-9a7163ddc5bb6f34,sig-0b6bc5b201ecfa1d,delivered,1,1,1,,
exp-2b33b808a0f8,run-d03cdd5172e2e4bb,claim-9a7163ddc5bb6f34,sig-0b6bc5b201ecfa1d,delivered,1,1,1,,
exp-2b33b808a0f8,run-d7f33141b5694988,claim-9a7163ddc5bb6f34,sig-0b6bc5b201ecfa1d,delivered,1,1,1,,
exp-2b33b808a0f8,run-d7f754d1c6032500,claim-9a7163ddc5bb6f34,sig-0b6bc5b201ecfa1d,delivered,1,1,1,,
exp-2b33b808a0f8,run-ebb905b917de9aa9,claim-9a7163ddc5bb6f34,sig-0b6bc5b201ecfa1d,delivered,1,1,1,,
exp-2b33b808a0f8,run-0d5710fb6ccbec61,claim-0753382c525bdd94,sig-0c1a2bc58f2f84ff,delivered,1,1,1,,
exp-2b33b808a0f8,run-2231a5437da60871,claim-0753382c525bdd94,sig-0c1a2bc58f2f84ff,delivered,1,1,1,,
exp-2b33b808a0f8,run-6ddc9f9b58c14914,claim-0753382c525bdd94,sig-0c1a2bc58f2f84ff,delivered,1,1,1,,
exp-2b33b808a0f8,run-7ea589e15513aeaf,claim-0753382c525bdd94,sig-0c1a2bc58f2f84ff,delivered,1,1,1,,
exp-2b33b808a0f8,run-802196ca10c28e03,claim-0753382c525bdd94,sig-0c1a2bc58f2f84ff,delivered,1,1,1,,
exp-2b33b808a0f8,run-b2e91be99045ef34,claim-0753382c525bdd94,sig-0c1a2bc58f2f84ff,delivered,1,1,1,,
exp-2b33b808a0f8,run-de51ed580b1ab50d,claim-0753382c525bdd94,sig-0c1a2bc58f2f84ff,delivered,1,1,1,,
exp-2b33b808a0f8,run-fad00c5c2a4305ab,claim-0753382c525bdd94,sig-0c1a2bc58f2f84ff,delivered,1,1,1,,
exp-2b33b808a0f8,run-fd0875ba4dfb44d6,claim-0753382c525bdd94,sig-0c1a2bc58f2f84ff,delivered,1,1,1,,
exp-2b33b808a0f8,run-3d2d41ba2235d5fd,claim-3a297735a9ea1908,sig-0c4a7c5167631ec9,dropped,1,1,0,,
exp-2b33b808a0f8,run-598aaa80449e6816,claim-3a297735a9ea1908,sig-0c4a7c5167631ec9,dropped,1,1,0,,
exp-2b33b808a0f8,run-eac9a626a1d8c14b,claim-3a297735a9ea1908,sig-0c4a7c5167631ec9,dropped,1,1,0,,
exp-2b33b808a0f8,run-37a26e9a7aa1bb5e,claim-e2f4cbaaf343e64f,sig-0c5fc0d731f93f6b,delivered,1,1,1,,
exp-2b33b808a0f8,run-44cfbdfc60cdf7a8,claim-e2f4cbaaf343e64f,sig-0c5fc0d731f93f6b,delivered,1,1,1,,
exp-2b33b808a0f8,run-654b90f4ea145d67,claim-e2f4cbaaf343e64f,sig-0c5fc0d731f93f6b,delivered,1,1,1,,
exp-2b33b808a0f8,run-6c62556cc962947a,claim-e2f4cbaaf343e64f,sig-0c5fc0d731f93f6b,delivered,1,1,1,,
exp-2b33b808a0f8,run-8eb43eb6eddc29f4,claim-e2f4cbaaf343e64f,sig-0c5fc0d731f93f6b,delivered,1,1,1,,
exp-2b33b808a0f8,run-a8d5484d741c645d,claim-e2f4cbaaf343e64f,sig-0c5fc0d731f93f6b,delivered,1,1,1,,
exp-2b33b808a0f8,run-156a83b4e0f32cfa,claim-d57628ed886b9397,sig-0cae4c575a5e840b,delivered,1,1,1,,
exp-2b33b808a0f8,run-1d989b2933796a16,claim-d57628ed886b9397,sig-0cae4c575a5e840b,delivered,1,1,1,,
exp-2b33b808a0f8,run-382a40867248c3e0,claim-d57628ed886b9397,sig-0cae4c575a5e840b,delivered,1,1,1,,
exp-2b33b808a0f8,run-3ee3b3533922c3cd,claim-d57628ed886b9397,sig-0cae4c575a5e840b,delivered,1,1,1,,
exp-2b33b808a0f8,run-bf37e2d5cbe4f3b9,claim-d57628ed886b9397,sig-0cae4c575a5e840b,delivered,1,1,1,,
exp-2b33b808a0f8,run-efdb047898d3bc26,claim-d57628ed886b9397,sig-0cae4c575a5e840b,delivered,1,1,1,,
exp-2b33b808a0f8,run-1946c1edcbdbbdda,claim-3ae82f5b59a482b8,sig-0d5c96221c10e716,delivered,1,1,1,,
exp-2b33b808a0f8,run-1bae4fcd56bdaa2f,claim-3ae82f5b59a482b8,sig-0d5c96221c10e716,delivered,1,1,1,,
exp-2b33b808a0f8,run-5227c4f1697e16f5,claim-3ae82f5b59a482b8,sig-0d5c96221c10e716,delivered,1,1,1,,
exp-2b33b808a0f8,run-9c2aac4f207303c4,claim-3ae82f5b59a482b8,sig-0d5c96221c10e716,delivered,1,1,1,,
exp-2b33b808a0f8,run-dcd3f088d2742101,claim-3ae82f5b59a482b8,sig-0d5c96221c10e716,delivered,1,1,1,,
exp-2b33b808a0f8,run-df736f776a055b72,claim-3ae82f5b59a482b8,sig-0d5c96221c10e716,delivered,1,1,1,,
exp-2b33b808a0f8,run-581d182fa373e4a8,claim-c838025e3a8e0ec2,sig-0d70cbe69fb9388e,delivered,0,1,1,0,
exp-2b33b808a0f8,run-0150d84e23782b10,claim-888dd8e65ebd1e0c,sig-0dca7303b026d4af,delivered,1,1,1,,
exp-2b33b808a0f8,run-169749d452c80c28,claim-888dd8e65ebd1e0c,sig-0dca7303b026d4af,delivered,1,1,1,,
exp-2b33b808a0f8,run-1ccf8759fdd4aeaf,claim-888dd8e65ebd1e0c,sig-0dca7303b026d4af,delivered,1,1,1,,
exp-2b33b808a0f8,run-380eeaa24d9d57c1,claim-888dd8e65ebd1e0c,sig-0dca7303b026d4af,delivered,1,1,1,,
exp-2b33b808a0f8,run-4135fc9f33a52631,claim-888dd8e65ebd1e0c,sig-0dca7303b026d4af,delivered,1,1,1,,
exp-2b33b808a0f8,run-809856b19e987477,claim-888dd8e65ebd1e0c,sig-0dca7303b026d4af,delivered,1,1,1,,
exp-2b33b808a0f8,run-82121d93599b573f,claim-888dd8e65ebd1e0c,sig-0dca7303b026d4af,delivered,1,1,1,,
exp-2b33b808a0f8,run-8b6a0be310d169fd,claim-888dd8e65ebd1e0c,sig-0dca7303b026d4af,delivered,1,1,1,,
exp-2b33b808a0f8,run-a314881a5962c263,claim-888dd8e65ebd1e0c,sig-0dca7303b026d4af,delivered,1,1,1,,
exp-2b33b808a0f8,run-bfc1fb37d31beee3,claim-888dd8e65ebd1e0c,sig-0dca7303b026d4af,delivered,1,1,1,,
exp-2b33b808a0f8,run-c6b4be2a2bcc1f45,claim-888dd8e65ebd1e0c,sig-0dca7303b026d4af,delivered,1,1,1,,
exp-2b33b808a0f8,run-cf376438c8a0f3d5,claim-888dd8e65ebd1e0c,sig-0dca7303b026d4af,delivered,1,1,1,,
exp-2b33b808a0f8,run-f3f30df9a4b8d9a5,claim-888dd8e65ebd1e0c,sig-0dca7303b026d4af,delivered,1,1,1,,
exp-2b33b808a0f8,run-3620dcf5bb5744a2,claim-30f2b75b70add393,sig-0e65536aae153282,delivered,1,1,1,,
exp-2b33b808a0f8,run-68d48029a60ec89f,claim-30f2b75b70add393,sig-0e65536aae153282,delivered,1,1,1,,
exp-2b33b808a0f8,run-d0fd6be062307c7b,claim-30f2b75b70add393,sig-0e65536aae153282,delivered,1,1,1,,
exp-2b33b808a0f8,run-df03869a77162cae,claim-30f2b75b70add393,sig-0e65536aae153282,delivered,1,1,1,,
exp-2b33b808a0f8,run-e302498980455d8f,claim-30f2b75b70add393,sig-0e65536aae153282,delivered,1,1,1,,
exp-2b33b808a0f8,run-fea9b296c7fc9671,claim-30f2b75b70add393,sig-0e65536aae153282,delivered,1,1,1,,
exp-2b33b808a0f8,run-024c8ebdc05e33a8,claim-5477197e1d63902c,sig-0edbe20a2e4e52ed,delivered,1,1,1,,
exp-2b33b808a0f8,run-024dd76a95551a07,claim-5477197e1d63902c,sig-0edbe20a2e4e52ed,delivered,1,1,1,,
exp-2b33b808a0f8,run-05d091d23664cc1e,claim-5477197e1d63902c,sig-0edbe20a2e4e52ed,delivered,1,1,1,,
exp-2b33b808a0f8,run-07debd3836121a4c,claim-5477197e1d63902c,sig-0edbe20a2e4e52ed,delivered,1,1,1,,
exp-2b33b808a0f8,run-175d816b8367baac,claim-5477197e1d63902c,sig-0edbe20a2e4e52ed,delivered,1,1,1,,
exp-2b33b808a0f8,run-1946c1edcbdbbdda,claim-5477197e1d63902c,sig-0edbe20a2e4e52ed,delivered,1,1,1,,
exp-2b33b808a0f8,run-19ef64ede03e3f70,claim-5477197e1d63902c,sig-0edbe20a2e4e52ed,delivered,1,1,1,,
exp-2b33b808a0f8,run-1bae4fcd56bdaa2f,claim-5477197e1d63902c,sig-0edbe20a2e4e52ed,delivered,1,1,1,,
exp-2b33b808a0f8,run-5227c4f1697e16f5,claim-5477197e1d63902c,sig-0edbe20a2e4e52ed,delivered,1,1,1,,
exp-2b33b808a0f8,run-7dfc02679606cd15,claim-5477197e1d63902c,sig-0edbe20a2e4e52ed,delivered,1,1,1,,
exp-2b33b808a0f8,run-9c2aac4f207303c4,claim-5477197e1d63902c,sig-0edbe20a2e4e52ed,delivered,1,1,1,,
exp-2b33b808a0f8,run-9d7b92b6a9bd860a,claim-5477197e1d63902c,sig-0edbe20a2e4e52ed,delivered,1,1,1,,
exp-2b33b808a0f8,run-a5cfa0e1e29cea11,claim-5477197e1d63902c,sig-0edbe20a2e4e52ed,delivered,1,1,1,,
exp-2b33b808a0f8,run-cb9e6b2ad617099c,claim-5477197e1d63902c,sig-0edbe20a2e4e52ed,delivered,1,1,1,,
exp-2b33b808a0f8,run-d1062de1551992e2,claim-5477197e1d63902c,sig-0edbe20a2e4e52ed,delivered,1,1,1,,
exp-2b33b808a0f8,run-d7b85c1dbc2e2b84,claim-5477197e1d63902c,sig-0edbe20a2e4e52ed,delivered,1,1,1,,
exp-2b33b808a0f8,run-da80cb0756bb72c1,claim-5477197e1d63902c,sig-0edbe20a2e4e52ed,delivered,1,1,1,,
exp-2b33b808a0f8,run-dc695ad65d795df3,claim-5477197e1d63902c,sig-0edbe20a2e4e52ed,delivered,1,1,1,,
exp-2b33b808a0f8,run-dcd3f088d2742101,claim-5477197e1d63902c,sig-0edbe20a2e4e52ed,delivered,1,1,1,,
exp-2b33b808a0f8,run-df736f776a055b72,claim-5477197e1d63902c,sig-0edbe20a2e4e52ed,delivered,1,1,1,,
exp-2b33b808a0f8,run-e791d1ca36891afd,claim-5477197e1d63902c,sig-0edbe20a2e4e52ed,delivered,1,1,1,,
exp-2b33b808a0f8,run-ecc7ecbcc7f2b4d6,claim-5477197e1d63902c,sig-0edbe20a2e4e52ed,delivered,1,1,1,,
exp-2b33b808a0f8,run-f6d8a6bffd539b01,claim-5477197e1d63902c,sig-0edbe20a2e4e52ed,delivered,1,1,1,,
exp-2b33b808a0f8,run-fd7c4293eec328ed,claim-5477197e1d63902c,sig-0edbe20a2e4e52ed,delivered,1,1,1,,
exp-2b33b808a0f8,run-326bfbb0f8ea7d96,claim-d341ca3dfb686eb3,sig-0f019d81d6ea9d0b,delivered,1,1,1,,
exp-2b33b808a0f8,run-745eb0d732d3c8be,claim-d341ca3dfb686eb3,sig-0f019d81d6ea9d0b,delivered,1,1,1,,
exp-2b33b808a0f8,run-85eabeb58e5c97e7,claim-d341ca3dfb686eb3,sig-0f019d81d6ea9d0b,delivered,1,1,1,,
exp-2b33b808a0f8,run-ad7e5cf3555f7cf1,claim-d341ca3dfb686eb3,sig-0f019d81d6ea9d0b,delivered,1,1,1,,
exp-2b33b808a0f8,run-0cf7e0daf535a696,claim-128ba76c0395a1c3,sig-0f83413df513472e,delivered,1,1,1,,
exp-2b33b808a0f8,run-314cd6efe084d5fe,claim-128ba76c0395a1c3,sig-0f83413df513472e,delivered,1,1,1,,
exp-2b33b808a0f8,run-3f6da378062ee821,claim-128ba76c0395a1c3,sig-0f83413df513472e,delivered,1,1,1,,
exp-2b33b808a0f8,run-6ddc9f9b58c14914,claim-128ba76c0395a1c3,sig-0f83413df513472e,delivered,1,1,1,,
exp-2b33b808a0f8,run-7b8861c80024d738,claim-128ba76c0395a1c3,sig-0f83413df513472e,delivered,1,1,1,,
exp-2b33b808a0f8,run-7d86c321e8400460,claim-128ba76c0395a1c3,sig-0f83413df513472e,delivered,1,1,1,,
exp-2b33b808a0f8,run-8edfe902496d790d,claim-128ba76c0395a1c3,sig-0f83413df513472e,delivered,1,1,1,,
exp-2b33b808a0f8,run-cacf78bafbbad965,claim-128ba76c0395a1c3,sig-0f83413df513472e,delivered,1,1,1,,
exp-2b33b808a0f8,run-cec16e049668dcae,claim-128ba76c0395a1c3,sig-0f83413df513472e,delivered,1,1,1,,
exp-2b33b808a0f8,run-de51ed580b1ab50d,claim-128ba76c0395a1c3,sig-0f83413df513472e,delivered,1,1,1,,
exp-2b33b808a0f8,run-fd0875ba4dfb44d6,claim-128ba76c0395a1c3,sig-0f83413df513472e,delivered,1,1,1,,
exp-2b33b808a0f8,run-1619336f4c8443db,claim-910890350acb2de9,sig-0fa22582ad0c9cb9,delivered,1,1,1,,
exp-2b33b808a0f8,run-2c80b667b1e14131,claim-910890350acb2de9,sig-0fa22582ad0c9cb9,delivered,1,1,1,,
exp-2b33b808a0f8,run-3077d26358e3e6c2,claim-910890350acb2de9,sig-0fa22582ad0c9cb9,delivered,1,1,1,,
exp-2b33b808a0f8,run-7c7ff2af92c151e9,claim-910890350acb2de9,sig-0fa22582ad0c9cb9,delivered,1,1,1,,
exp-2b33b808a0f8,run-a6aad9d55897ddf3,claim-910890350acb2de9,sig-0fa22582ad0c9cb9,delivered,1,1,1,,
exp-2b33b808a0f8,run-c898b60149672477,claim-910890350acb2de9,sig-0fa22582ad0c9cb9,delivered,1,1,1,,
exp-2b33b808a0f8,run-d60faf210ac29cea,claim-910890350acb2de9,sig-0fa22582ad0c9cb9,delivered,1,1,1,,
exp-2b33b808a0f8,run-f5d02c54d049405c,claim-910890350acb2de9,sig-0fa22582ad0c9cb9,delivered,1,1,1,,
exp-2b33b808a0f8,run-fde91c8a36f73bc9,claim-910890350acb2de9,sig-0fa22582ad0c9cb9,delivered,1,1,1,,
exp-2b33b808a0f8,run-6587340871fe07d2,claim-023e9944c7cadd4a,sig-0ff63dc8cf64509c,delivered,1,1,1,,
exp-2b33b808a0f8,run-9ad54128801f5701,claim-023e9944c7cadd4a,sig-0ff63dc8cf64509c,delivered,1,1,1,,
exp-2b33b808a0f8,run-e975e5cc647b3523,claim-023e9944c7cadd4a,sig-0ff63dc8cf64509c,delivered,1,1,1,,
exp-2b33b808a0f8,run-27bf28105ca06fd4,claim-729318bf1714782a,sig-106ca77bd6dea433,delivered,1,1,1,,
exp-2b33b808a0f8,run-2db70520b400e899,claim-729318bf1714782a,sig-106ca77bd6dea433,delivered,1,1,1,,
exp-2b33b808a0f8,run-6587340871fe07d2,claim-729318bf1714782a,sig-106ca77bd6dea433,delivered,1,1,1,,
exp-2b33b808a0f8,run-92029ec55433f4ad,claim-729318bf1714782a,sig-106ca77bd6dea433,delivered,1,1,1,,
exp-2b33b808a0f8,run-9ad54128801f5701,claim-729318bf1714782a,sig-106ca77bd6dea433,delivered,1,1,1,,
exp-2b33b808a0f8,run-a1dd10a320d74492,claim-729318bf1714782a,sig-106ca77bd6dea433,delivered,1,1,1,,
exp-2b33b808a0f8,run-b0542bb5dad78106,claim-729318bf1714782a,sig-106ca77bd6dea433,delivered,1,1,1,,
exp-2b33b808a0f8,run-e975e5cc647b3523,claim-729318bf1714782a,sig-106ca77bd6dea433,delivered,1,1,1,,
exp-2b33b808a0f8,run-fb3ce97f197123d1,claim-729318bf1714782a,sig-106ca77bd6dea433,delivered,1,1,1,,
exp-2b33b808a0f8,run-06c033c5a4b3310b,claim-ce289ebe61609f06,sig-1090a7b458ec5060,dropped,1,1,0,,
exp-2b33b808a0f8,run-f4f7ab268273a712,claim-ce289ebe61609f06,sig-1090a7b458ec5060,dropped,1,1,0,,
exp-2b33b808a0f8,run-f8a130cde8a86849,claim-ce289ebe61609f06,sig-1090a7b458ec5060,dropped,1,1,0,,
exp-2b33b808a0f8,run-1ad5774f2ec38993,claim-4ef0c0bf88936421,sig-1094026e83be95d4,delivered,1,1,1,,
exp-2b33b808a0f8,run-803b3c372bc924c5,claim-4ef0c0bf88936421,sig-1094026e83be95d4,delivered,1,1,1,,
exp-2b33b808a0f8,run-89afe7e7549c985c,claim-4ef0c0bf88936421,sig-1094026e83be95d4,delivered,1,1,1,,
exp-2b33b808a0f8,run-9119299991896d57,claim-4ef0c0bf88936421,sig-1094026e83be95d4,delivered,1,1,1,,
exp-2b33b808a0f8,run-d03cdd5172e2e4bb,claim-4ef0c0bf88936421,sig-1094026e83be95d4,delivered,1,1,1,,
exp-2b33b808a0f8,run-d7f33141b5694988,claim-4ef0c0bf88936421,sig-1094026e83be95d4,delivered,1,1,1,,
exp-2b33b808a0f8,run-d7f754d1c6032500,claim-4ef0c0bf88936421,sig-1094026e83be95d4,delivered,1,1,1,,
exp-2b33b808a0f8,run-ebb905b917de9aa9,claim-4ef0c0bf88936421,sig-1094026e83be95d4,delivered,1,1,1,,
exp-2b33b808a0f8,run-25bb9ab7e7a7365a,claim-a9e66fd4a51f274a,sig-10ab458e3bf7d10c,delivered,1,1,1,,
exp-2b33b808a0f8,run-64dbfef590df5805,claim-a9e66fd4a51f274a,sig-10ab458e3bf7d10c,delivered,1,1,1,,
exp-2b33b808a0f8,run-b322099a86af125a,claim-a9e66fd4a51f274a,sig-10ab458e3bf7d10c,delivered,1,1,1,,
exp-2b33b808a0f8,run-05d091d23664cc1e,claim-38e7030cefad4279,sig-10edd453822031fe,delivered,1,1,1,,
exp-2b33b808a0f8,run-07debd3836121a4c,claim-38e7030cefad4279,sig-10edd453822031fe,delivered,1,1,1,,
exp-2b33b808a0f8,run-19ef64ede03e3f70,claim-38e7030cefad4279,sig-10edd453822031fe,delivered,1,1,1,,
exp-2b33b808a0f8,run-7dfc02679606cd15,claim-38e7030cefad4279,sig-10edd453822031fe,delivered,1,1,1,,
exp-2b33b808a0f8,run-cb9e6b2ad617099c,claim-38e7030cefad4279,sig-10edd453822031fe,delivered,1,1,1,,
exp-2b33b808a0f8,run-e791d1ca36891afd,claim-38e7030cefad4279,sig-10edd453822031fe,delivered,1,1,1,,
exp-2b33b808a0f8,run-17af457d3e773d12,claim-27f710b8f1a9eb72,sig-111edfa43ef24d8e,delivered,1,1,1,,
exp-2b33b808a0f8,run-1827ab6678b4100e,claim-27f710b8f1a9eb72,sig-111edfa43ef24d8e,delivered,1,1,1,,
exp-2b33b808a0f8,run-1b7414577607656b,claim-27f710b8f1a9eb72,sig-111edfa43ef24d8e,delivered,1,1,1,,
exp-2b33b808a0f8,run-30a6c9b3eb5dce42,claim-27f710b8f1a9eb72,sig-111edfa43ef24d8e,delivered,1,1,1,,
exp-2b33b808a0f8,run-40302b8b799e3bf1,claim-27f710b8f1a9eb72,sig-111edfa43ef24d8e,delivered,1,1,1,,
exp-2b33b808a0f8,run-5e07d16f1f5b2987,claim-27f710b8f1a9eb72,sig-111edfa43ef24d8e,delivered,1,1,1,,
exp-2b33b808a0f8,run-68434cd370855dde,claim-27f710b8f1a9eb72,sig-111edfa43ef24d8e,delivered,1,1,1,,
exp-2b33b808a0f8,run-760ccd016850aaab,claim-27f710b8f1a9eb72,sig-111edfa43ef24d8e,delivered,1,1,1,,
exp-2b33b808a0f8,run-a43e1603dbdaba0d,claim-27f710b8f1a9eb72,sig-111edfa43ef24d8e,delivered,1,1,1,,
exp-2b33b808a0f8,run-d079e2109bf6da9a,claim-27f710b8f1a9eb72,sig-111edfa43ef24d8e,delivered,1,1,1,,
exp-2b33b808a0f8,run-f1776cca757489d5,claim-27f710b8f1a9eb72,sig-111edfa43ef24d8e,delivered,1,1,1,,
exp-2b33b808a0f8,run-f55733a3b9a826e4,claim-27f710b8f1a9eb72,sig-111edfa43ef24d8e,delivered,1,1,1,,
exp-2b33b808a0f8,run-6587340871fe07d2,claim-4538fb379b4649d1,sig-1122726f496a52f4,delivered,1,1,1,,
exp-2b33b808a0f8,run-9ad54128801f5701,claim-4538fb379b4649d1,sig-1122726f496a52f4,delivered,1,1,1,,
exp-2b33b808a0f8,run-e975e5cc647b3523,claim-4538fb379b4649d1,sig-1122726f496a52f4,delivered,1,1,1,,
exp-2b33b808a0f8,run-1584d685946fcbab,claim-b7c9fd49f49af2f6,sig-1135f3dd051d08e2,delivered,1,1,1,,
exp-2b33b808a0f8,run-16a39058c7f3cf9e,claim-b7c9fd49f49af2f6,sig-1135f3dd051d08e2,delivered,1,1,1,,
exp-2b33b808a0f8,run-49d441481d22eaff,claim-b7c9fd49f49af2f6,sig-1135f3dd051d08e2,delivered,1,1,1,,
exp-2b33b808a0f8,run-82e3fe2420e8e987,claim-b7c9fd49f49af2f6,sig-1135f3dd051d08e2,delivered,1,1,1,,
exp-2b33b808a0f8,run-8fd820fb0fd3fa83,claim-b7c9fd49f49af2f6,sig-1135f3dd051d08e2,delivered,1,1,1,,
exp-2b33b808a0f8,run-b4f674eb9d401efd,claim-b7c9fd49f49af2f6,sig-1135f3dd051d08e2,delivered,1,1,1,,
exp-2b33b808a0f8,run-e397ddb5605064f3,claim-b7c9fd49f49af2f6,sig-1135f3dd051d08e2,delivered,1,1,1,,
exp-2b33b808a0f8,run-e69a6fbcad4061ce,claim-b7c9fd49f49af2f6,sig-1135f3dd051d08e2,delivered,1,1,1,,
exp-2b33b808a0f8,run-f1ea2e8a09c56c99,claim-b7c9fd49f49af2f6,sig-1135f3dd051d08e2,delivered,1,1,1,,
exp-2b33b808a0f8,run-0cf7e0daf535a696,claim-714e03bb3cec9b87,sig-1141cdcc75148076,delivered,1,1,1,,
exp-2b33b808a0f8,run-303c21611e8d6d35,claim-714e03bb3cec9b87,sig-1141cdcc75148076,delivered,1,1,1,,
exp-2b33b808a0f8,run-314cd6efe084d5fe,claim-714e03bb3cec9b87,sig-1141cdcc75148076,delivered,1,1,1,,
exp-2b33b808a0f8,run-3620dcf5bb5744a2,claim-714e03bb3cec9b87,sig-1141cdcc75148076,delivered,1,1,1,,
exp-2b33b808a0f8,run-3f6da378062ee821,claim-714e03bb3cec9b87,sig-1141cdcc75148076,delivered,1,1,1,,
exp-2b33b808a0f8,run-68d48029a60ec89f,claim-714e03bb3cec9b87,sig-1141cdcc75148076,delivered,1,1,1,,
exp-2b33b808a0f8,run-6ddc9f9b58c14914,claim-714e03bb3cec9b87,sig-1141cdcc75148076,delivered,1,1,1,,
exp-2b33b808a0f8,run-7b8861c80024d738,claim-714e03bb3cec9b87,sig-1141cdcc75148076,delivered,1,1,1,,
exp-2b33b808a0f8,run-7d86c321e8400460,claim-714e03bb3cec9b87,sig-1141cdcc75148076,delivered,1,1,1,,
exp-2b33b808a0f8,run-8edfe902496d790d,claim-714e03bb3cec9b87,sig-1141cdcc75148076,delivered,1,1,1,,
exp-2b33b808a0f8,run-cacf78bafbbad965,claim-714e03bb3cec9b87,sig-1141cdcc75148076,delivered,1,1,1,,
exp-2b33b808a0f8,run-cec16e049668dcae,claim-714e03bb3cec9b87,sig-1141cdcc75148076,delivered,1,1,1,,
exp-2b33b808a0f8,run-d0fd6be062307c7b,claim-714e03bb3cec9b87,sig-1141cdcc75148076,delivered,1,1,1,,
exp-2b33b808a0f8,run-de51ed580b1ab50d,claim-714e03bb3cec9b87,sig-1141cdcc75148076,delivered,1,1,1,,
exp-2b33b808a0f8,run-df03869a77162cae,claim-714e03bb3cec9b87,sig-1141cdcc75148076,delivered,1,1,1,,
exp-2b33b808a0f8,run-e302498980455d8f,claim-714e03bb3cec9b87,sig-1141cdcc75148076,delivered,1,1,1,,
exp-2b33b808a0f8,run-fd0875ba4dfb44d6,claim-714e03bb3cec9b87,sig-1141cdcc75148076,delivered,1,1,1,,
exp-2b33b808a0f8,run-fea9b296c7fc9671,claim-714e03bb3cec9b87,sig-1141cdcc75148076,delivered,1,1,1,,
exp-2b33b808a0f8,run-08aa8b26c1ded7ed,claim-93ce851f9cc5a84e,sig-1149aea62f6ff838,delivered,1,1,1,,
exp-2b33b808a0f8,run-5db7b7d90d3ff8ce,claim-93ce851f9cc5a84e,sig-1149aea62f6ff838,delivered,1,1,1,,
exp-2b33b808a0f8,run-67793a64b66d5a38,claim-93ce851f9cc5a84e,sig-1149aea62f6ff838,delivered,1,1,1,,
exp-2b33b808a0f8,run-7f00802c340e2617,claim-93ce851f9cc5a84e,sig-1149aea62f6ff838,delivered,1,1,1,,
exp-2b33b808a0f8,run-9e13e54cda7d586a,claim-93ce851f9cc5a84e,sig-1149aea62f6ff838,delivered,1,1,1,,
exp-2b33b808a0f8,run-b6164e0a3c9ee1c7,claim-93ce851f9cc5a84e,sig-1149aea62f6ff838,delivered,1,1,1,,
exp-2b33b808a0f8,run-bdbb3ee62a506ea8,claim-93ce851f9cc5a84e,sig-1149aea62f6ff838,delivered,1,1,1,,
exp-2b33b808a0f8,run-cf74c3eb23037fe3,claim-93ce851f9cc5a84e,sig-1149aea62f6ff838,delivered,1,1,1,,
exp-2b33b808a0f8,run-fd184a609106633b,claim-93ce851f9cc5a84e,sig-1149aea62f6ff838,delivered,1,1,1,,
exp-2b33b808a0f8,run-1ad5774f2ec38993,claim-3487684756fa6e71,sig-12ee3757832c19e5,delivered,1,1,1,,
exp-2b33b808a0f8,run-22c72107573a4b60,claim-3487684756fa6e71,sig-12ee3757832c19e5,delivered,1,1,1,,
exp-2b33b808a0f8,run-803b3c372bc924c5,claim-3487684756fa6e71,sig-12ee3757832c19e5,delivered,1,1,1,,
exp-2b33b808a0f8,run-89afe7e7549c985c,claim-3487684756fa6e71,sig-12ee3757832c19e5,delivered,1,1,1,,
exp-2b33b808a0f8,run-9119299991896d57,claim-3487684756fa6e71,sig-12ee3757832c19e5,delivered,1,1,1,,
exp-2b33b808a0f8,run-d03cdd5172e2e4bb,claim-3487684756fa6e71,sig-12ee3757832c19e5,delivered,1,1,1,,
exp-2b33b808a0f8,run-d7f33141b5694988,claim-3487684756fa6e71,sig-12ee3757832c19e5,delivered,1,1,1,,
exp-2b33b808a0f8,run-d7f754d1c6032500,claim-3487684756fa6e71,sig-12ee3757832c19e5,delivered,1,1,1,,
exp-2b33b808a0f8,run-ebb905b917de9aa9,claim-3487684756fa6e71,sig-12ee3757832c19e5,delivered,1,1,1,,
exp-2b33b808a0f8,run-36dc5599241ff74c,claim-fbe60487ea8a3f2d,sig-1316f2ae97a041bc,delivered,1,1,1,,
exp-2b33b808a0f8,run-54dd198bde19e6cf,claim-fbe60487ea8a3f2d,sig-1316f2ae97a041bc,delivered,1,1,1,,
exp-2b33b808a0f8,run-86e0fb3cb34a86b9,claim-fbe60487ea8a3f2d,sig-1316f2ae97a041bc,delivered,1,1,1,,
exp-2b33b808a0f8,run-c5596c6cf2999ecc,claim-fbe60487ea8a3f2d,sig-1316f2ae97a041bc,delivered,1,1,1,,
exp-2b33b808a0f8,run-cbf903a67be76d0a,claim-fbe60487ea8a3f2d,sig-1316f2ae97a041bc,delivered,1,1,1,,
exp-2b33b808a0f8,run-eb3dc172de7476ad,claim-fbe60487ea8a3f2d,sig-1316f2ae97a041bc,delivered,1,1,1,,
exp-2b33b808a0f8,run-374dc2e21f594ec4,claim-c101a018bf9cecfc,sig-1370f6711cb00666,delivered,1,1,1,,
exp-2b33b808a0f8,run-5f9908a782b1c6e3,claim-c101a018bf9cecfc,sig-1370f6711cb00666,delivered,1,1,1,,
exp-2b33b808a0f8,run-82a20b31b2b8e7ef,claim-c101a018bf9cecfc,sig-1370f6711cb00666,delivered,1,1,1,,
exp-2b33b808a0f8,run-2b7de8cfa05c2685,claim-dc6d3c983f8f710c,sig-138ac74e2319bf18,delivered,0,0,1,,
exp-2b33b808a0f8,run-4c1ebcfbe4f53149,claim-dc6d3c983f8f710c,sig-138ac74e2319bf18,delivered,0,0,1,,
exp-2b33b808a0f8,run-561879026bd8c4cc,claim-dc6d3c983f8f710c,sig-138ac74e2319bf18,delivered,0,0,1,,
exp-2b33b808a0f8,run-6696f865d45b6987,claim-dc6d3c983f8f710c,sig-138ac74e2319bf18,delivered,0,0,1,,
exp-2b33b808a0f8,run-6a5ea73285e50401,claim-dc6d3c983f8f710c,sig-138ac74e2319bf18,delivered,0,0,1,,
exp-2b33b808a0f8,run-8c6292478d058b13,claim-dc6d3c983f8f710c,sig-138ac74e2319bf18,delivered,0,0,1,,
exp-2b33b808a0f8,run-a42244e03c1b1264,claim-dc6d3c983f8f710c,sig-138ac74e2319bf18,delivered,0,0,1,,
exp-2b33b808a0f8,run-b788fe5ef4d59d69,claim-dc6d3c983f8f710c,sig-138ac74e2319bf18,delivered,0,0,1,,
exp-2b33b808a0f8,run-d5391398dafa86db,claim-dc6d3c983f8f710c,sig-138ac74e2319bf18,delivered,0,0,1,,
exp-2b33b808a0f8,run-eeb7dfd13c9983fc,claim-dc6d3c983f8f710c,sig-138ac74e2319bf18,delivered,0,0,1,,
exp-2b33b808a0f8,run-f183f5c9ad2b506d,claim-dc6d3c983f8f710c,sig-138ac74e2319bf18,delivered,0,0,1,,
exp-2b33b808a0f8,run-1654ed83a69b048a,claim-9515f274401a51ce,sig-1764887e198dfa33,delivered,1,1,1,,
exp-2b33b808a0f8,run-3df61f770d52dd70,claim-9515f274401a51ce,sig-1764887e198dfa33,delivered,1,1,1,,
exp-2b33b808a0f8,run-4171e29a7613b1bb,claim-9515f274401a51ce,sig-1764887e198dfa33,delivered,1,1,1,,
exp-2b33b808a0f8,run-48d6ce857c49a2d2,claim-9515f274401a51ce,sig-1764887e198dfa33,delivered,1,1,1,,
exp-2b33b808a0f8,run-4cfc7acc42bc677f,claim-9515f274401a51ce,sig-1764887e198dfa33,delivered,1,1,1,,
exp-2b33b808a0f8,run-8283757cadda12d5,claim-9515f274401a51ce,sig-1764887e198dfa33,delivered,1,1,1,,
exp-2b33b808a0f8,run-a191e82fe0552ab5,claim-9515f274401a51ce,sig-1764887e198dfa33,delivered,1,1,1,,
exp-2b33b808a0f8,run-b13893f95aaaa626,claim-9515f274401a51ce,sig-1764887e198dfa33,delivered,1,1,1,,
exp-2b33b808a0f8,run-fe5d76e33ccd3a62,claim-9515f274401a51ce,sig-1764887e198dfa33,delivered,1,1,1,,
exp-2b33b808a0f8,run-1619336f4c8443db,claim-90c0a7e7cb048695,sig-18394c355152fa19,delivered,1,1,1,,
exp-2b33b808a0f8,run-175d816b8367baac,claim-90c0a7e7cb048695,sig-18394c355152fa19,delivered,1,1,1,,
exp-2b33b808a0f8,run-21bdbb0a764f6a52,claim-90c0a7e7cb048695,sig-18394c355152fa19,delivered,1,1,1,,
exp-2b33b808a0f8,run-25bb9ab7e7a7365a,claim-90c0a7e7cb048695,sig-18394c355152fa19,delivered,1,1,1,,
exp-2b33b808a0f8,run-2c80b667b1e14131,claim-90c0a7e7cb048695,sig-18394c355152fa19,delivered,1,1,1,,
exp-2b33b808a0f8,run-3077d26358e3e6c2,claim-90c0a7e7cb048695,sig-18394c355152fa19,delivered,1,1,1,,
exp-2b33b808a0f8,run-30e0ad5088f869ef,claim-90c0a7e7cb048695,sig-18394c355152fa19,delivered,1,1,1,,
exp-2b33b808a0f8,run-5d1d938973316806,claim-90c0a7e7cb048695,sig-18394c355152fa19,delivered,1,1,1,,
exp-2b33b808a0f8,run-64dbfef590df5805,claim-90c0a7e7cb048695,sig-18394c355152fa19,delivered,1,1,1,,
exp-2b33b808a0f8,run-7c7ff2af92c151e9,claim-90c0a7e7cb048695,sig-18394c355152fa19,delivered,1,1,1,,
exp-2b33b808a0f8,run-9e13e54cda7d586a,claim-90c0a7e7cb048695,sig-18394c355152fa19,delivered,1,1,1,,
exp-2b33b808a0f8,run-a1dd10a320d74492,claim-90c0a7e7cb048695,sig-18394c355152fa19,delivered,1,1,1,,
exp-2b33b808a0f8,run-a684c987a3ec5dee,claim-90c0a7e7cb048695,sig-18394c355152fa19,delivered,1,1,1,,
exp-2b33b808a0f8,run-a6aad9d55897ddf3,claim-90c0a7e7cb048695,sig-18394c355152fa19,delivered,1,1,1,,
exp-2b33b808a0f8,run-b0542bb5dad78106,claim-90c0a7e7cb048695,sig-18394c355152fa19,delivered,1,1,1,,
exp-2b33b808a0f8,run-b322099a86af125a,claim-90c0a7e7cb048695,sig-18394c355152fa19,delivered,1,1,1,,
exp-2b33b808a0f8,run-b6164e0a3c9ee1c7,claim-90c0a7e7cb048695,sig-18394c355152fa19,delivered,1,1,1,,
exp-2b33b808a0f8,run-bc9a7105af8438b3,claim-90c0a7e7cb048695,sig-18394c355152fa19,delivered,1,1,1,,
exp-2b33b808a0f8,run-bdbb3ee62a506ea8,claim-90c0a7e7cb048695,sig-18394c355152fa19,delivered,1,1,1,,
exp-2b33b808a0f8,run-c898b60149672477,claim-90c0a7e7cb048695,sig-18394c355152fa19,delivered,1,1,1,,
exp-2b33b808a0f8,run-ced95cf1de255212,claim-90c0a7e7cb048695,sig-18394c355152fa19,delivered,1,1,1,,
exp-2b33b808a0f8,run-d60faf210ac29cea,claim-90c0a7e7cb048695,sig-18394c355152fa19,delivered,1,1,1,,
exp-2b33b808a0f8,run-d7b85c1dbc2e2b84,claim-90c0a7e7cb048695,sig-18394c355152fa19,delivered,1,1,1,,
exp-2b33b808a0f8,run-dc695ad65d795df3,claim-90c0a7e7cb048695,sig-18394c355152fa19,delivered,1,1,1,,
exp-2b33b808a0f8,run-f5d02c54d049405c,claim-90c0a7e7cb048695,sig-18394c355152fa19,delivered,1,1,1,,
exp-2b33b808a0f8,run-fd184a609106633b,claim-90c0a7e7cb048695,sig-18394c355152fa19,delivered,1,1,1,,
exp-2b33b808a0f8,run-fde91c8a36f73bc9,claim-90c0a7e7cb048695,sig-18394c355152fa19,delivered,1,1,1,,
exp-2b33b808a0f8,run-e791d1ca36891afd,claim-d9a2b20862e4eaf1,sig-1886b631f49205a5,delivered,1,1,1,,
exp-2b33b808a0f8,run-7b8861c80024d738,claim-701e6c6d74d382e8,sig-18b534220be9dc5b,delivered,1,1,1,,
exp-2b33b808a0f8,run-cacf78bafbbad965,claim-701e6c6d74d382e8,sig-18b534220be9dc5b,delivered,1,1,1,,
exp-2b33b808a0f8,run-cec16e049668dcae,claim-701e6c6d74d382e8,sig-18b534220be9dc5b,delivered,1,1,1,,
exp-2b33b808a0f8,run-25bb9ab7e7a7365a,claim-ec1e9957d88aea7e,sig-18c6b60be9c39b2b,delivered,1,1,1,,
exp-2b33b808a0f8,run-374dc2e21f594ec4,claim-ec1e9957d88aea7e,sig-18c6b60be9c39b2b,delivered,1,1,1,,
exp-2b33b808a0f8,run-5f9908a782b1c6e3,claim-ec1e9957d88aea7e,sig-18c6b60be9c39b2b,delivered,1,1,1,,
exp-2b33b808a0f8,run-64dbfef590df5805,claim-ec1e9957d88aea7e,sig-18c6b60be9c39b2b,delivered,1,1,1,,
exp-2b33b808a0f8,run-82a20b31b2b8e7ef,claim-ec1e9957d88aea7e,sig-18c6b60be9c39b2b,delivered,1,1,1,,
exp-2b33b808a0f8,run-b322099a86af125a,claim-ec1e9957d88aea7e,sig-18c6b60be9c39b2b,delivered,1,1,1,,
exp-2b33b808a0f8,run-0d5710fb6ccbec61,claim-5d17018819f1502f,sig-18c833f93b101489,delivered,1,1,1,,
exp-2b33b808a0f8,run-7ea589e15513aeaf,claim-5d17018819f1502f,sig-18c833f93b101489,delivered,1,1,1,,
exp-2b33b808a0f8,run-b2e91be99045ef34,claim-5d17018819f1502f,sig-18c833f93b101489,delivered,1,1,1,,
exp-2b33b808a0f8,run-33025bf9675b9c53,claim-1d4c9a2afa4280d2,sig-18cd7806af88726f,dropped,1,1,0,,
exp-2b33b808a0f8,run-3ca09ee4663ee36e,claim-1d4c9a2afa4280d2,sig-18cd7806af88726f,dropped,1,1,0,,
exp-2b33b808a0f8,run-50b2b7111a212006,claim-1d4c9a2afa4280d2,sig-18cd7806af88726f,dropped,1,1,0,,
exp-2b33b808a0f8,run-6fc1c1ab955868bf,claim-1d4c9a2afa4280d2,sig-18cd7806af88726f,dropped,1,1,0,,
exp-2b33b808a0f8,run-755195f7318a0011,claim-1d4c9a2afa4280d2,sig-18cd7806af88726f,dropped,1,1,0,,
exp-2b33b808a0f8,run-f0f90499d9da1b0c,claim-1d4c9a2afa4280d2,sig-18cd7806af88726f,dropped,1,1,0,,
exp-2b33b808a0f8,run-2231a5437da60871,claim-f8bae1eff92ebd13,sig-18cd8d63b7861b12,delivered,1,1,1,,
exp-2b33b808a0f8,run-54dfa16175253c38,claim-f8bae1eff92ebd13,sig-18cd8d63b7861b12,delivered,1,1,1,,
exp-2b33b808a0f8,run-6d394564f18187f9,claim-f8bae1eff92ebd13,sig-18cd8d63b7861b12,delivered,1,1,1,,
exp-2b33b808a0f8,run-802196ca10c28e03,claim-f8bae1eff92ebd13,sig-18cd8d63b7861b12,delivered,1,1,1,,
exp-2b33b808a0f8,run-e08a8eb7877cb862,claim-f8bae1eff92ebd13,sig-18cd8d63b7861b12,delivered,1,1,1,,
exp-2b33b808a0f8,run-fad00c5c2a4305ab,claim-f8bae1eff92ebd13,sig-18cd8d63b7861b12,delivered,1,1,1,,
exp-2b33b808a0f8,run-6ddc9f9b58c14914,claim-4bf325b69a844fc6,sig-193ed7fd0f118a3b,delivered,1,1,1,,
exp-2b33b808a0f8,run-de51ed580b1ab50d,claim-4bf325b69a844fc6,sig-193ed7fd0f118a3b,delivered,1,1,1,,
exp-2b33b808a0f8,run-fd0875ba4dfb44d6,claim-4bf325b69a844fc6,sig-193ed7fd0f118a3b,delivered,1,1,1,,
exp-2b33b808a0f8,run-024c8ebdc05e33a8,claim-afe921d2dea545a4,sig-1980226c40a92ba8,delivered,1,1,1,,
exp-2b33b808a0f8,run-da80cb0756bb72c1,claim-afe921d2dea545a4,sig-1980226c40a92ba8,delivered,1,1,1,,
exp-2b33b808a0f8,run-2b6895cdd016ae4c,claim-5647dbbe67851d17,sig-199d8b71bb22921d,delivered,1,1,1,,
exp-2b33b808a0f8,run-107e053141aef5a2,claim-6c62ecbdcfc6fa63,sig-1b672fcfeca8fb88,delivered,1,1,1,,
exp-2b33b808a0f8,run-2231a5437da60871,claim-6c62ecbdcfc6fa63,sig-1b672fcfeca8fb88,delivered,1,1,1,,
exp-2b33b808a0f8,run-54dfa16175253c38,claim-6c62ecbdcfc6fa63,sig-1b672fcfeca8fb88,delivered,1,1,1,,
exp-2b33b808a0f8,run-5f72dfbc37ae3836,claim-6c62ecbdcfc6fa63,sig-1b672fcfeca8fb88,delivered,1,1,1,,
exp-2b33b808a0f8,run-60c27be7bfd13181,claim-6c62ecbdcfc6fa63,sig-1b672fcfeca8fb88,delivered,1,1,1,,
exp-2b33b808a0f8,run-6d394564f18187f9,claim-6c62ecbdcfc6fa63,sig-1b672fcfeca8fb88,delivered,1,1,1,,
exp-2b33b808a0f8,run-7a43182838a92b4d,claim-6c62ecbdcfc6fa63,sig-1b672fcfeca8fb88,delivered,1,1,1,,
exp-2b33b808a0f8,run-802196ca10c28e03,claim-6c62ecbdcfc6fa63,sig-1b672fcfeca8fb88,delivered,1,1,1,,
exp-2b33b808a0f8,run-9fd3eacdb49f1187,claim-6c62ecbdcfc6fa63,sig-1b672fcfeca8fb88,delivered,1,1,1,,
exp-2b33b808a0f8,run-e08a8eb7877cb862,claim-6c62ecbdcfc6fa63,sig-1b672fcfeca8fb88,delivered,1,1,1,,
exp-2b33b808a0f8,run-fa92f9e908dcd179,claim-6c62ecbdcfc6fa63,sig-1b672fcfeca8fb88,delivered,1,1,1,,
exp-2b33b808a0f8,run-fad00c5c2a4305ab,claim-6c62ecbdcfc6fa63,sig-1b672fcfeca8fb88,delivered,1,1,1,,
exp-2b33b808a0f8,run-326bfbb0f8ea7d96,claim-ab2e8ae389f52dcf,sig-1bf21ada484d582a,delivered,1,1,1,,
exp-2b33b808a0f8,run-745eb0d732d3c8be,claim-ab2e8ae389f52dcf,sig-1bf21ada484d582a,delivered,1,1,1,,
exp-2b33b808a0f8,run-85eabeb58e5c97e7,claim-ab2e8ae389f52dcf,sig-1bf21ada484d582a,delivered,1,1,1,,
exp-2b33b808a0f8,run-ad7e5cf3555f7cf1,claim-ab2e8ae389f52dcf,sig-1bf21ada484d582a,delivered,1,1,1,,
exp-2b33b808a0f8,run-b7f8311340d0f5c0,claim-825f669bb3ce737e,sig-1d5723bc0aa12df8,dropped,1,1,0,,
exp-2b33b808a0f8,run-e09a9c6c7fbe74db,claim-825f669bb3ce737e,sig-1d5723bc0aa12df8,dropped,1,1,0,,
exp-2b33b808a0f8,run-ea2e4f2c800425a8,claim-825f669bb3ce737e,sig-1d5723bc0aa12df8,dropped,1,1,0,,
exp-2b33b808a0f8,run-1619336f4c8443db,claim-b268263e9f318924,sig-1d92d50869470e4e,delivered,1,1,1,,
exp-2b33b808a0f8,run-2c80b667b1e14131,claim-b268263e9f318924,sig-1d92d50869470e4e,delivered,1,1,1,,
exp-2b33b808a0f8,run-3077d26358e3e6c2,claim-b268263e9f318924,sig-1d92d50869470e4e,delivered,1,1,1,,
exp-2b33b808a0f8,run-7c7ff2af92c151e9,claim-b268263e9f318924,sig-1d92d50869470e4e,delivered,1,1,1,,
exp-2b33b808a0f8,run-a6aad9d55897ddf3,claim-b268263e9f318924,sig-1d92d50869470e4e,delivered,1,1,1,,
exp-2b33b808a0f8,run-c898b60149672477,claim-b268263e9f318924,sig-1d92d50869470e4e,delivered,1,1,1,,
exp-2b33b808a0f8,run-d60faf210ac29cea,claim-b268263e9f318924,sig-1d92d50869470e4e,delivered,1,1,1,,
exp-2b33b808a0f8,run-f5d02c54d049405c,claim-b268263e9f318924,sig-1d92d50869470e4e,delivered,1,1,1,,
exp-2b33b808a0f8,run-fde91c8a36f73bc9,claim-b268263e9f318924,sig-1d92d50869470e4e,delivered,1,1,1,,
exp-2b33b808a0f8,run-3d2d41ba2235d5fd,claim-d2d73c1e6b916eb2,sig-1d95dec49cef4508,delivered,1,1,1,,
exp-2b33b808a0f8,run-598aaa80449e6816,claim-d2d73c1e6b916eb2,sig-1d95dec49cef4508,delivered,1,1,1,,
exp-2b33b808a0f8,run-eac9a626a1d8c14b,claim-d2d73c1e6b916eb2,sig-1d95dec49cef4508,delivered,1,1,1,,
exp-2b33b808a0f8,run-080f51e2e1f6de5b,claim-637e6173022e54dd,sig-1d99df7caa10757a,delivered,1,1,1,,
exp-2b33b808a0f8,run-08239fa79adec9bb,claim-637e6173022e54dd,sig-1d99df7caa10757a,delivered,1,1,1,,
exp-2b33b808a0f8,run-22c666cf37db328f,claim-637e6173022e54dd,sig-1d99df7caa10757a,delivered,1,1,1,,
exp-2b33b808a0f8,run-2a9c3ec6dd6e9d8f,claim-637e6173022e54dd,sig-1d99df7caa10757a,delivered,1,1,1,,
exp-2b33b808a0f8,run-48010f9c27336ede,claim-637e6173022e54dd,sig-1d99df7caa10757a,delivered,1,1,1,,
exp-2b33b808a0f8,run-62573029114c0f29,claim-637e6173022e54dd,sig-1d99df7caa10757a,delivered,1,1,1,,
exp-2b33b808a0f8,run-637de2634f99fe17,claim-637e6173022e54dd,sig-1d99df7caa10757a,delivered,1,1,1,,
exp-2b33b808a0f8,run-ae142c1131d1a913,claim-637e6173022e54dd,sig-1d99df7caa10757a,delivered,1,1,1,,
exp-2b33b808a0f8,run-ae9c163f6630a5f8,claim-637e6173022e54dd,sig-1d99df7caa10757a,delivered,1,1,1,,
exp-2b33b808a0f8,run-c98546e59cb90ee4,claim-637e6173022e54dd,sig-1d99df7caa10757a,delivered,1,1,1,,
exp-2b33b808a0f8,run-d96c8c1fd86b590a,claim-637e6173022e54dd,sig-1d99df7caa10757a,delivered,1,1,1,,
exp-2b33b808a0f8,run-f2b06819f6cdf5c3,claim-637e6173022e54dd,sig-1d99df7caa10757a,delivered,1,1,1,,
exp-2b33b808a0f8,run-080f51e2e1f6de5b,claim-4f167df656bb6337,sig-1ddfcda80fb10a40,delivered,1,1,1,,
exp-2b33b808a0f8,run-08239fa79adec9bb,claim-4f167df656bb6337,sig-1ddfcda80fb10a40,delivered,1,1,1,,
exp-2b33b808a0f8,run-169749d452c80c28,claim-4f167df656bb6337,sig-1ddfcda80fb10a40,delivered,1,1,1,,
exp-2b33b808a0f8,run-22c666cf37db328f,claim-4f167df656bb6337,sig-1ddfcda80fb10a40,delivered,1,1,1,,
exp-2b33b808a0f8,run-2883d20895417f2d,claim-4f167df656bb6337,sig-1ddfcda80fb10a40,delivered,1,1,1,,
exp-2b33b808a0f8,run-2a9c3ec6dd6e9d8f,claim-4f167df656bb6337,sig-1ddfcda80fb10a40,delivered,1,1,1,,
exp-2b33b808a0f8,run-2b6895cdd016ae4c,claim-4f167df656bb6337,sig-1ddfcda80fb10a40,delivered,1,1,1,,
exp-2b33b808a0f8,run-2e6341eef0f780f9,claim-4f167df656bb6337,sig-1ddfcda80fb10a40,delivered,1,1,1,,
exp-2b33b808a0f8,run-31ef47d02bf73873,claim-4f167df656bb6337,sig-1ddfcda80fb10a40,delivered,1,1,1,,
exp-2b33b808a0f8,run-3a63d8383c08c8ac,claim-4f167df656bb6337,sig-1ddfcda80fb10a40,delivered,1,1,1,,
exp-2b33b808a0f8,run-41743e06e2fc2011,claim-4f167df656bb6337,sig-1ddfcda80fb10a40,delivered,1,1,1,,
exp-2b33b808a0f8,run-47b9d87d8c408db1,claim-4f167df656bb6337,sig-1ddfcda80fb10a40,delivered,1,1,1,,
exp-2b33b808a0f8,run-48010f9c27336ede,claim-4f167df656bb6337,sig-1ddfcda80fb10a40,delivered,1,1,1,,
exp-2b33b808a0f8,run-48f83c5035a70d6d,claim-4f167df656bb6337,sig-1ddfcda80fb10a40,delivered,1,1,1,,
exp-2b33b808a0f8,run-548b9449d2e5ac2b,claim-4f167df656bb6337,sig-1ddfcda80fb10a40,delivered,1,1,1,,
exp-2b33b808a0f8,run-5666f4cf16ada7ef,claim-4f167df656bb6337,sig-1ddfcda80fb10a40,delivered,1,1,1,,
exp-2b33b808a0f8,run-5f615659d79c5e37,claim-4f167df656bb6337,sig-1ddfcda80fb10a40,delivered,1,1,1,,
exp-2b33b808a0f8,run-62573029114c0f29,claim-4f167df656bb6337,sig-1ddfcda80fb10a40,delivered,1,1,1,,
exp-2b33b808a0f8,run-637de2634f99fe17,claim-4f167df656bb6337,sig-1ddfcda80fb10a40,delivered,1,1,1,,
exp-2b33b808a0f8,run-64c414548a26e255,claim-4f167df656bb6337,sig-1ddfcda80fb10a40,delivered,1,1,1,,
exp-2b33b808a0f8,run-7292d545a817f7b7,claim-4f167df656bb6337,sig-1ddfcda80fb10a40,delivered,1,1,1,,
exp-2b33b808a0f8,run-7a81aa198df7a360,claim-4f167df656bb6337,sig-1ddfcda80fb10a40,delivered,1,1,1,,
exp-2b33b808a0f8,run-809856b19e987477,claim-4f167df656bb6337,sig-1ddfcda80fb10a40,delivered,1,1,1,,
exp-2b33b808a0f8,run-82121d93599b573f,claim-4f167df656bb6337,sig-1ddfcda80fb10a40,delivered,1,1,1,,
exp-2b33b808a0f8,run-8f48500d07fefa0d,claim-4f167df656bb6337,sig-1ddfcda80fb10a40,delivered,1,1,1,,
exp-2b33b808a0f8,run-97bca49872a1b9c7,claim-4f167df656bb6337,sig-1ddfcda80fb10a40,delivered,1,1,1,,
exp-2b33b808a0f8,run-9a86c7d7c5a2206a,claim-4f167df656bb6337,sig-1ddfcda80fb10a40,delivered,1,1,1,,
exp-2b33b808a0f8,run-ae142c1131d1a913,claim-4f167df656bb6337,sig-1ddfcda80fb10a40,delivered,1,1,1,,
exp-2b33b808a0f8,run-ae9c163f6630a5f8,claim-4f167df656bb6337,sig-1ddfcda80fb10a40,delivered,1,1,1,,
exp-2b33b808a0f8,run-b092f115d5e62166,claim-4f167df656bb6337,sig-1ddfcda80fb10a40,delivered,1,1,1,,
exp-2b33b808a0f8,run-b2e669dbbe4fc670,claim-4f167df656bb6337,sig-1ddfcda80fb10a40,delivered,1,1,1,,
exp-2b33b808a0f8,run-baff06b1798fd2ab,claim-4f167df656bb6337,sig-1ddfcda80fb10a40,delivered,1,1,1,,
exp-2b33b808a0f8,run-bfc1fb37d31beee3,claim-4f167df656bb6337,sig-1ddfcda80fb10a40,delivered,1,1,1,,
exp-2b33b808a0f8,run-c98546e59cb90ee4,claim-4f167df656bb6337,sig-1ddfcda80fb10a40,delivered,1,1,1,,
exp-2b33b808a0f8,run-cfbfb19332bde82e,claim-4f167df656bb6337,sig-1ddfcda80fb10a40,delivered,1,1,1,,
exp-2b33b808a0f8,run-d96c8c1fd86b590a,claim-4f167df656bb6337,sig-1ddfcda80fb10a40,delivered,1,1,1,,
exp-2b33b808a0f8,run-f2913fb769b7d837,claim-4f167df656bb6337,sig-1ddfcda80fb10a40,delivered,1,1,1,,
exp-2b33b808a0f8,run-f2b06819f6cdf5c3,claim-4f167df656bb6337,sig-1ddfcda80fb10a40,delivered,1,1,1,,
exp-2b33b808a0f8,run-f3f30df9a4b8d9a5,claim-4f167df656bb6337,sig-1ddfcda80fb10a40,delivered,1,1,1,,
exp-2b33b808a0f8,run-f463dfc540bd3689,claim-4f167df656bb6337,sig-1ddfcda80fb10a40,delivered,1,1,1,,
exp-2b33b808a0f8,run-ff551810526d18de,claim-4f167df656bb6337,sig-1ddfcda80fb10a40,delivered,1,1,1,,
exp-2b33b808a0f8,run-16a39058c7f3cf9e,claim-2c9c6459ae9dd7f1,sig-1fa0b82cc7b0c918,delivered,1,1,1,,
exp-2b33b808a0f8,run-82e3fe2420e8e987,claim-2c9c6459ae9dd7f1,sig-1fa0b82cc7b0c918,delivered,1,1,1,,
exp-2b33b808a0f8,run-8fd820fb0fd3fa83,claim-2c9c6459ae9dd7f1,sig-1fa0b82cc7b0c918,delivered,1,1,1,,
exp-2b33b808a0f8,run-b4f674eb9d401efd,claim-2c9c6459ae9dd7f1,sig-1fa0b82cc7b0c918,delivered,1,1,1,,
exp-2b33b808a0f8,run-f1ea2e8a09c56c99,claim-2c9c6459ae9dd7f1,sig-1fa0b82cc7b0c918,delivered,1,1,1,,
exp-2b33b808a0f8,run-303c21611e8d6d35,claim-fcce8c2df25b909b,sig-1ff77f41aa89f66c,delivered,1,1,1,,
exp-2b33b808a0f8,run-314cd6efe084d5fe,claim-fcce8c2df25b909b,sig-1ff77f41aa89f66c,delivered,1,1,1,,
exp-2b33b808a0f8,run-3620dcf5bb5744a2,claim-fcce8c2df25b909b,sig-1ff77f41aa89f66c,delivered,1,1,1,,
exp-2b33b808a0f8,run-3f6da378062ee821,claim-fcce8c2df25b909b,sig-1ff77f41aa89f66c,delivered,1,1,1,,
exp-2b33b808a0f8,run-68d48029a60ec89f,claim-fcce8c2df25b909b,sig-1ff77f41aa89f66c,delivered,1,1,1,,
exp-2b33b808a0f8,run-d0fd6be062307c7b,claim-fcce8c2df25b909b,sig-1ff77f41aa89f66c,delivered,1,1,1,,
exp-2b33b808a0f8,run-b7f8311340d0f5c0,claim-e2c90a3e9537b547,sig-20c8187393b59866,delivered,1,1,1,,
exp-2b33b808a0f8,run-e09a9c6c7fbe74db,claim-e2c90a3e9537b547,sig-20c8187393b59866,delivered,1,1,1,,
exp-2b33b808a0f8,run-ea2e4f2c800425a8,claim-e2c90a3e9537b547,sig-20c8187393b59866,delivered,1,1,1,,
exp-2b33b808a0f8,run-0b241366a68aba6a,claim-e2f4cbaaf343e64f,sig-20e5ae76578cea1b,delivered,1,1,1,,
exp-2b33b808a0f8,run-2813894979f3f4f6,claim-e2f4cbaaf343e64f,sig-20e5ae76578cea1b,delivered,1,1,1,,
exp-2b33b808a0f8,run-43c4da5d1e40deed,claim-e2f4cbaaf343e64f,sig-20e5ae76578cea1b,delivered,1,1,1,,
exp-2b33b808a0f8,run-c256df132aaf443e,claim-e2f4cbaaf343e64f,sig-20e5ae76578cea1b,delivered,1,1,1,,
exp-2b33b808a0f8,run-d6bc8b2743ea5575,claim-e2f4cbaaf343e64f,sig-20e5ae76578cea1b,delivered,1,1,1,,
exp-2b33b808a0f8,run-1584d685946fcbab,claim-b565ae7698567787,sig-21531e719b480a40,delivered,1,1,1,,
exp-2b33b808a0f8,run-16a39058c7f3cf9e,claim-b565ae7698567787,sig-21531e719b480a40,delivered,1,1,1,,
exp-2b33b808a0f8,run-1b3af856ea0d78ba,claim-b565ae7698567787,sig-21531e719b480a40,delivered,1,1,1,,
exp-2b33b808a0f8,run-2e6341eef0f780f9,claim-b565ae7698567787,sig-21531e719b480a40,delivered,1,1,1,,
exp-2b33b808a0f8,run-49d441481d22eaff,claim-b565ae7698567787,sig-21531e719b480a40,delivered,1,1,1,,
exp-2b33b808a0f8,run-5f615659d79c5e37,claim-b565ae7698567787,sig-21531e719b480a40,delivered,1,1,1,,
exp-2b33b808a0f8,run-82e3fe2420e8e987,claim-b565ae7698567787,sig-21531e719b480a40,delivered,1,1,1,,
exp-2b33b808a0f8,run-8fd820fb0fd3fa83,claim-b565ae7698567787,sig-21531e719b480a40,delivered,1,1,1,,
exp-2b33b808a0f8,run-b4f674eb9d401efd,claim-b565ae7698567787,sig-21531e719b480a40,delivered,1,1,1,,
exp-2b33b808a0f8,run-e397ddb5605064f3,claim-b565ae7698567787,sig-21531e719b480a40,delivered,1,1,1,,
exp-2b33b808a0f8,run-e69a6fbcad4061ce,claim-b565ae7698567787,sig-21531e719b480a40,delivered,1,1,1,,
exp-2b33b808a0f8,run-f1ea2e8a09c56c99,claim-b565ae7698567787,sig-21531e719b480a40,delivered,1,1,1,,
exp-2b33b808a0f8,run-1619336f4c8443db,claim-2a836de363d15d3c,sig-218e78d4fe608db6,delivered,1,1,1,,
exp-2b33b808a0f8,run-2c80b667b1e14131,claim-2a836de363d15d3c,sig-218e78d4fe608db6,delivered,1,1,1,,
exp-2b33b808a0f8,run-3077d26358e3e6c2,claim-2a836de363d15d3c,sig-218e78d4fe608db6,delivered,1,1,1,,
exp-2b33b808a0f8,run-7c7ff2af92c151e9,claim-2a836de363d15d3c,sig-218e78d4fe608db6,delivered,1,1,1,,
exp-2b33b808a0f8,run-a1dd10a320d74492,claim-2a836de363d15d3c,sig-218e78d4fe608db6,delivered,1,1,1,,
exp-2b33b808a0f8,run-a6aad9d55897ddf3,claim-2a836de363d15d3c,sig-218e78d4fe608db6,delivered,1,1,1,,
exp-2b33b808a0f8,run-b0542bb5dad78106,claim-2a836de363d15d3c,sig-218e78d4fe608db6,delivered,1,1,1,,
exp-2b33b808a0f8,run-c898b60149672477,claim-2a836de363d15d3c,sig-218e78d4fe608db6,delivered,1,1,1,,
exp-2b33b808a0f8,run-d60faf210ac29cea,claim-2a836de363d15d3c,sig-218e78d4fe608db6,delivered,1,1,1,,
exp-2b33b808a0f8,run-f5d02c54d049405c,claim-2a836de363d15d3c,sig-218e78d4fe608db6,delivered,1,1,1,,
exp-2b33b808a0f8,run-fde91c8a36f73bc9,claim-2a836de363d15d3c,sig-218e78d4fe608db6,delivered,1,1,1,,
exp-2b33b808a0f8,run-1584d685946fcbab,claim-5ffa4e481923b015,sig-21e9a59b8ce5c6aa,delivered,1,1,1,,
exp-2b33b808a0f8,run-16a39058c7f3cf9e,claim-5ffa4e481923b015,sig-21e9a59b8ce5c6aa,delivered,1,1,1,,
exp-2b33b808a0f8,run-49d441481d22eaff,claim-5ffa4e481923b015,sig-21e9a59b8ce5c6aa,delivered,1,1,1,,
exp-2b33b808a0f8,run-82e3fe2420e8e987,claim-5ffa4e481923b015,sig-21e9a59b8ce5c6aa,delivered,1,1,1,,
exp-2b33b808a0f8,run-8fd820fb0fd3fa83,claim-5ffa4e481923b015,sig-21e9a59b8ce5c6aa,delivered,1,1,1,,
exp-2b33b808a0f8,run-b4f674eb9d401efd,claim-5ffa4e481923b015,sig-21e9a59b8ce5c6aa,delivered,1,1,1,,
exp-2b33b808a0f8,run-e397ddb5605064f3,claim-5ffa4e481923b015,sig-21e9a59b8ce5c6aa,delivered,1,1,1,,
exp-2b33b808a0f8,run-e69a6fbcad4061ce,claim-5ffa4e481923b015,sig-21e9a59b8ce5c6aa,delivered,1,1,1,,
exp-2b33b808a0f8,run-f1ea2e8a09c56c99,claim-5ffa4e481923b015,sig-21e9a59b8ce5c6aa,delivered,1,1,1,,
exp-2b33b808a0f8,run-85eabeb58e5c97e7,claim-e8e85822f64c907d,sig-23321e191af04d4d,delivered,1,1,1,,
exp-2b33b808a0f8,run-1654ed83a69b048a,claim-545059410cac6e5d,sig-246c5b9db53e8884,delivered,1,1,1,,
exp-2b33b808a0f8,run-4171e29a7613b1bb,claim-545059410cac6e5d,sig-246c5b9db53e8884,delivered,1,1,1,,
exp-2b33b808a0f8,run-4cfc7acc42bc677f,claim-545059410cac6e5d,sig-246c5b9db53e8884,delivered,1,1,1,,
exp-2b33b808a0f8,run-8283757cadda12d5,claim-545059410cac6e5d,sig-246c5b9db53e8884,delivered,1,1,1,,
exp-2b33b808a0f8,run-b13893f95aaaa626,claim-545059410cac6e5d,sig-246c5b9db53e8884,delivered,1,1,1,,
exp-2b33b808a0f8,run-fe5d76e33ccd3a62,claim-545059410cac6e5d,sig-246c5b9db53e8884,delivered,1,1,1,,
exp-2b33b808a0f8,run-41743e06e2fc2011,claim-2e8336b5b6adc4b3,sig-24ea10995512538f,delivered,1,1,1,,
exp-2b33b808a0f8,run-47b9d87d8c408db1,claim-2e8336b5b6adc4b3,sig-24ea10995512538f,delivered,1,1,1,,
exp-2b33b808a0f8,run-53706f05bed87dad,claim-2e8336b5b6adc4b3,sig-24ea10995512538f,delivered,1,1,1,,
exp-2b33b808a0f8,run-581d182fa373e4a8,claim-2e8336b5b6adc4b3,sig-24ea10995512538f,delivered,1,1,1,,
exp-2b33b808a0f8,run-581e601a136ff413,claim-2e8336b5b6adc4b3,sig-24ea10995512538f,delivered,1,1,1,,
exp-2b33b808a0f8,run-64c414548a26e255,claim-2e8336b5b6adc4b3,sig-24ea10995512538f,delivered,1,1,1,,
exp-2b33b808a0f8,run-97bca49872a1b9c7,claim-2e8336b5b6adc4b3,sig-24ea10995512538f,delivered,1,1,1,,
exp-2b33b808a0f8,run-9a86c7d7c5a2206a,claim-2e8336b5b6adc4b3,sig-24ea10995512538f,delivered,1,1,1,,
exp-2b33b808a0f8,run-9ddf9be03d779768,claim-2e8336b5b6adc4b3,sig-24ea10995512538f,delivered,1,1,1,,
exp-2b33b808a0f8,run-a34dc91443138554,claim-2e8336b5b6adc4b3,sig-24ea10995512538f,delivered,1,1,1,,
exp-2b33b808a0f8,run-c12d31a0c14e4ea4,claim-2e8336b5b6adc4b3,sig-24ea10995512538f,delivered,1,1,1,,
exp-2b33b808a0f8,run-cca66c90ef3b41c8,claim-2e8336b5b6adc4b3,sig-24ea10995512538f,delivered,1,1,1,,
exp-2b33b808a0f8,run-ed9ded3530a007da,claim-2e8336b5b6adc4b3,sig-24ea10995512538f,delivered,1,1,1,,
exp-2b33b808a0f8,run-f1da5d7783f85774,claim-2e8336b5b6adc4b3,sig-24ea10995512538f,delivered,1,1,1,,
exp-2b33b808a0f8,run-ff551810526d18de,claim-2e8336b5b6adc4b3,sig-24ea10995512538f,delivered,1,1,1,,
exp-2b33b808a0f8,run-1584d685946fcbab,claim-f4959899806f2e6c,sig-25136d9229a766dd,delivered,1,1,1,,
exp-2b33b808a0f8,run-16a39058c7f3cf9e,claim-f4959899806f2e6c,sig-25136d9229a766dd,delivered,1,1,1,,
exp-2b33b808a0f8,run-1b3af856ea0d78ba,claim-f4959899806f2e6c,sig-25136d9229a766dd,delivered,1,1,1,,
exp-2b33b808a0f8,run-2883d20895417f2d,claim-f4959899806f2e6c,sig-25136d9229a766dd,delivered,1,1,1,,
exp-2b33b808a0f8,run-2913a8bf3b14dd18,claim-f4959899806f2e6c,sig-25136d9229a766dd,delivered,1,1,1,,
exp-2b33b808a0f8,run-2c5ed9ccf72ab3ff,claim-f4959899806f2e6c,sig-25136d9229a766dd,delivered,1,1,1,,
exp-2b33b808a0f8,run-2e6341eef0f780f9,claim-f4959899806f2e6c,sig-25136d9229a766dd,delivered,1,1,1,,
exp-2b33b808a0f8,run-3a63d8383c08c8ac,claim-f4959899806f2e6c,sig-25136d9229a766dd,delivered,1,1,1,,
exp-2b33b808a0f8,run-421a9e310b9451d9,claim-f4959899806f2e6c,sig-25136d9229a766dd,delivered,1,1,1,,
exp-2b33b808a0f8,run-48f83c5035a70d6d,claim-f4959899806f2e6c,sig-25136d9229a766dd,delivered,1,1,1,,
exp-2b33b808a0f8,run-49d441481d22eaff,claim-f4959899806f2e6c,sig-25136d9229a766dd,delivered,1,1,1,,
exp-2b33b808a0f8,run-4a9abd6b049cfa48,claim-f4959899806f2e6c,sig-25136d9229a766dd,delivered,1,1,1,,
exp-2b33b808a0f8,run-4bc70e3c7d09ccca,claim-f4959899806f2e6c,sig-25136d9229a766dd,delivered,1,1,1,,
exp-2b33b808a0f8,run-4be88edbdd58b0b7,claim-f4959899806f2e6c,sig-25136d9229a766dd,delivered,1,1,1,,
exp-2b33b808a0f8,run-533b1ebf9907abc5,claim-f4959899806f2e6c,sig-25136d9229a766dd,delivered,1,1,1,,
exp-2b33b808a0f8,run-548b9449d2e5ac2b,claim-f4959899806f2e6c,sig-25136d9229a766dd,delivered,1,1,1,,
exp-2b33b808a0f8,run-5666f4cf16ada7ef,claim-f4959899806f2e6c,sig-25136d9229a766dd,delivered,1,1,1,,
exp-2b33b808a0f8,run-5ab8996c310b76bc,claim-f4959899806f2e6c,sig-25136d9229a766dd,delivered,1,1,1,,
exp-2b33b808a0f8,run-5f615659d79c5e37,claim-f4959899806f2e6c,sig-25136d9229a766dd,delivered,1,1,1,,
exp-2b33b808a0f8,run-82e3fe2420e8e987,claim-f4959899806f2e6c,sig-25136d9229a766dd,delivered,1,1,1,,
exp-2b33b808a0f8,run-8628fb2f21bdfa9a,claim-f4959899806f2e6c,sig-25136d9229a766dd,delivered,1,1,1,,
exp-2b33b808a0f8,run-8fd820fb0fd3fa83,claim-f4959899806f2e6c,sig-25136d9229a766dd,delivered,1,1,1,,
exp-2b33b808a0f8,run-98bc95649ddb8f4c,claim-f4959899806f2e6c,sig-25136d9229a766dd,delivered,1,1,1,,
exp-2b33b808a0f8,run-a2a07f1fba72c484,claim-f4959899806f2e6c,sig-25136d9229a766dd,delivered,1,1,1,,
exp-2b33b808a0f8,run-b092f115d5e62166,claim-f4959899806f2e6c,sig-25136d9229a766dd,delivered,1,1,1,,
exp-2b33b808a0f8,run-b2e669dbbe4fc670,claim-f4959899806f2e6c,sig-25136d9229a766dd,delivered,1,1,1,,
exp-2b33b808a0f8,run-b4f674eb9d401efd,claim-f4959899806f2e6c,sig-25136d9229a766dd,delivered,1,1,1,,
exp-2b33b808a0f8,run-c70b83220468c5cb,claim-f4959899806f2e6c,sig-25136d9229a766dd,delivered,1,1,1,,
exp-2b33b808a0f8,run-cfbfb19332bde82e,claim-f4959899806f2e6c,sig-25136d9229a766dd,delivered,1,1,1,,
exp-2b33b808a0f8,run-dda79e04e10eeb3f,claim-f4959899806f2e6c,sig-25136d9229a766dd,delivered,1,1,1,,
exp-2b33b808a0f8,run-e397ddb5605064f3,claim-f4959899806f2e6c,sig-25136d9229a766dd,delivered,1,1,1,,
exp-2b33b808a0f8,run-e69a6fbcad4061ce,claim-f4959899806f2e6c,sig-25136d9229a766dd,delivered,1,1,1,,
exp-2b33b808a0f8,run-f1ea2e8a09c56c99,claim-f4959899806f2e6c,sig-25136d9229a766dd,delivered,1,1,1,,
exp-2b33b808a0f8,run-f2913fb769b7d837,claim-f4959899806f2e6c,sig-25136d9229a766dd,delivered,1,1,1,,
exp-2b33b808a0f8,run-f31bacd7825a158b,claim-f4959899806f2e6c,sig-25136d9229a766dd,delivered,1,1,1,,
exp-2b33b808a0f8,run-f8641a2b2b522c65,claim-f4959899806f2e6c,sig-25136d9229a766dd,delivered,1,1,1,,
exp-2b33b808a0f8,run-05d091d23664cc1e,claim-4536b758ce2b1e2b,sig-25b3447f69638432,delivered,1,1,1,,
exp-2b33b808a0f8,run-0ed59ea471f8c823,claim-4536b758ce2b1e2b,sig-25b3447f69638432,delivered,1,1,1,,
exp-2b33b808a0f8,run-121bae4857799859,claim-4536b758ce2b1e2b,sig-25b3447f69638432,delivered,1,1,1,,
exp-2b33b808a0f8,run-156a83b4e0f32cfa,claim-4536b758ce2b1e2b,sig-25b3447f69638432,delivered,1,1,1,,
exp-2b33b808a0f8,run-169749d452c80c28,claim-4536b758ce2b1e2b,sig-25b3447f69638432,delivered,1,1,1,,
exp-2b33b808a0f8,run-1d989b2933796a16,claim-4536b758ce2b1e2b,sig-25b3447f69638432,delivered,1,1,1,,
exp-2b33b808a0f8,run-2883d20895417f2d,claim-4536b758ce2b1e2b,sig-25b3447f69638432,delivered,1,1,1,,
exp-2b33b808a0f8,run-2b6895cdd016ae4c,claim-4536b758ce2b1e2b,sig-25b3447f69638432,delivered,1,1,1,,
exp-2b33b808a0f8,run-2cd8b7888af1dfd8,claim-4536b758ce2b1e2b,sig-25b3447f69638432,delivered,1,1,1,,
exp-2b33b808a0f8,run-2e6341eef0f780f9,claim-4536b758ce2b1e2b,sig-25b3447f69638432,delivered,1,1,1,,
exp-2b33b808a0f8,run-31ef47d02bf73873,claim-4536b758ce2b1e2b,sig-25b3447f69638432,delivered,1,1,1,,
exp-2b33b808a0f8,run-382a40867248c3e0,claim-4536b758ce2b1e2b,sig-25b3447f69638432,delivered,1,1,1,,
exp-2b33b808a0f8,run-3a63d8383c08c8ac,claim-4536b758ce2b1e2b,sig-25b3447f69638432,delivered,1,1,1,,
exp-2b33b808a0f8,run-3d2d41ba2235d5fd,claim-4536b758ce2b1e2b,sig-25b3447f69638432,delivered,1,1,1,,
exp-2b33b808a0f8,run-3ee3b3533922c3cd,claim-4536b758ce2b1e2b,sig-25b3447f69638432,delivered,1,1,1,,
exp-2b33b808a0f8,run-4135fc9f33a52631,claim-4536b758ce2b1e2b,sig-25b3447f69638432,delivered,1,1,1,,
exp-2b33b808a0f8,run-41743e06e2fc2011,claim-4536b758ce2b1e2b,sig-25b3447f69638432,delivered,1,1,1,,
exp-2b33b808a0f8,run-47b9d87d8c408db1,claim-4536b758ce2b1e2b,sig-25b3447f69638432,delivered,1,1,1,,
exp-2b33b808a0f8,run-48f83c5035a70d6d,claim-4536b758ce2b1e2b,sig-25b3447f69638432,delivered,1,1,1,,
exp-2b33b808a0f8,run-548b9449d2e5ac2b,claim-4536b758ce2b1e2b,sig-25b3447f69638432,delivered,1,1,1,,
exp-2b33b808a0f8,run-5666f4cf16ada7ef,claim-4536b758ce2b1e2b,sig-25b3447f69638432,delivered,1,1,1,,
exp-2b33b808a0f8,run-598aaa80449e6816,claim-4536b758ce2b1e2b,sig-25b3447f69638432,delivered,1,1,1,,
exp-2b33b808a0f8,run-5f615659d79c5e37,claim-4536b758ce2b1e2b,sig-25b3447f69638432,delivered,1,1,1,,
exp-2b33b808a0f8,run-5f8c41dc5117d3f7,claim-4536b758ce2b1e2b,sig-25b3447f69638432,delivered,1,1,1,,
exp-2b33b808a0f8,run-626495f4dbb14cf3,claim-4536b758ce2b1e2b,sig-25b3447f69638432,delivered,1,1,1,,
exp-2b33b808a0f8,run-64c414548a26e255,claim-4536b758ce2b1e2b,sig-25b3447f69638432,delivered,1,1,1,,
exp-2b33b808a0f8,run-7292d545a817f7b7,claim-4536b758ce2b1e2b,sig-25b3447f69638432,delivered,1,1,1,,
exp-2b33b808a0f8,run-7a81aa198df7a360,claim-4536b758ce2b1e2b,sig-25b3447f69638432,delivered,1,1,1,,
exp-2b33b808a0f8,run-7dfc02679606cd15,claim-4536b758ce2b1e2b,sig-25b3447f69638432,delivered,1,1,1,,
exp-2b33b808a0f8,run-809856b19e987477,claim-4536b758ce2b1e2b,sig-25b3447f69638432,delivered,1,1,1,,
exp-2b33b808a0f8,run-82121d93599b573f,claim-4536b758ce2b1e2b,sig-25b3447f69638432,delivered,1,1,1,,
exp-2b33b808a0f8,run-82654eb217e99ef6,claim-4536b758ce2b1e2b,sig-25b3447f69638432,delivered,1,1,1,,
exp-2b33b808a0f8,run-8b6a0be310d169fd,claim-4536b758ce2b1e2b,sig-25b3447f69638432,delivered,1,1,1,,
exp-2b33b808a0f8,run-8c29734783624630,claim-4536b758ce2b1e2b,sig-25b3447f69638432,delivered,1,1,1,,
exp-2b33b808a0f8,run-8f48500d07fefa0d,claim-4536b758ce2b1e2b,sig-25b3447f69638432,delivered,1,1,1,,
exp-2b33b808a0f8,run-97bca49872a1b9c7,claim-4536b758ce2b1e2b,sig-25b3447f69638432,delivered,1,1,1,,
exp-2b33b808a0f8,run-9a86c7d7c5a2206a,claim-4536b758ce2b1e2b,sig-25b3447f69638432,delivered,1,1,1,,
exp-2b33b808a0f8,run-a91e83d95f4150ea,claim-4536b758ce2b1e2b,sig-25b3447f69638432,delivered,1,1,1,,
exp-2b33b808a0f8,run-aef2c0f3501e6b9f,claim-4536b758ce2b1e2b,sig-25b3447f69638432,delivered,1,1,1,,
exp-2b33b808a0f8,run-b092f115d5e62166,claim-4536b758ce2b1e2b,sig-25b3447f69638432,delivered,1,1,1,,
exp-2b33b808a0f8,run-b2e669dbbe4fc670,claim-4536b758ce2b1e2b,sig-25b3447f69638432,delivered,1,1,1,,
exp-2b33b808a0f8,run-baff06b1798fd2ab,claim-4536b758ce2b1e2b,sig-25b3447f69638432,delivered,1,1,1,,
exp-2b33b808a0f8,run-bf37e2d5cbe4f3b9,claim-4536b758ce2b1e2b,sig-25b3447f69638432,delivered,1,1,1,,
exp-2b33b808a0f8,run-bfc1fb37d31beee3,claim-4536b758ce2b1e2b,sig-25b3447f69638432,delivered,1,1,1,,
exp-2b33b808a0f8,run-c31fdf2665c43f45,claim-4536b758ce2b1e2b,sig-25b3447f69638432,delivered,1,1,1,,
exp-2b33b808a0f8,run-c6b4be2a2bcc1f45,claim-4536b758ce2b1e2b,sig-25b3447f69638432,delivered,1,1,1,,
exp-2b33b808a0f8,run-cb9e6b2ad617099c,claim-4536b758ce2b1e2b,sig-25b3447f69638432,delivered,1,1,1,,
exp-2b33b808a0f8,run-cc57ad8a8d2714d7,claim-4536b758ce2b1e2b,sig-25b3447f69638432,delivered,1,1,1,,
exp-2b33b808a0f8,run-cfbfb19332bde82e,claim-4536b758ce2b1e2b,sig-25b3447f69638432,delivered,1,1,1,,
exp-2b33b808a0f8,run-deef30be3782be8a,claim-4536b758ce2b1e2b,sig-25b3447f69638432,delivered,1,1,1,,
exp-2b33b808a0f8,run-eac9a626a1d8c14b,claim-4536b758ce2b1e2b,sig-25b3447f69638432,delivered,1,1,1,,
exp-2b33b808a0f8,run-efdb047898d3bc26,claim-4536b758ce2b1e2b,sig-25b3447f69638432,delivered,1,1,1,,
exp-2b33b808a0f8,run-f2913fb769b7d837,claim-4536b758ce2b1e2b,sig-25b3447f69638432,delivered,1,1,1,,
exp-2b33b808a0f8,run-f3f30df9a4b8d9a5,claim-4536b758ce2b1e2b,sig-25b3447f69638432,delivered,1,1,1,,
exp-2b33b808a0f8,run-f463dfc540bd3689,claim-4536b758ce2b1e2b,sig-25b3447f69638432,delivered,1,1,1,,
exp-2b33b808a0f8,run-ff551810526d18de,claim-4536b758ce2b1e2b,sig-25b3447f69638432,delivered,1,1,1,,
exp-2b33b808a0f8,run-16a39058c7f3cf9e,claim-3b8747d9c1add7a7,sig-25c567fa4de2f676,delivered,1,1,1,,
exp-2b33b808a0f8,run-1827ab6678b4100e,claim-3b8747d9c1add7a7,sig-25c567fa4de2f676,delivered,1,1,1,,
exp-2b33b808a0f8,run-82e3fe2420e8e987,claim-3b8747d9c1add7a7,sig-25c567fa4de2f676,delivered,1,1,1,,
exp-2b33b808a0f8,run-8fd820fb0fd3fa83,claim-3b8747d9c1add7a7,sig-25c567fa4de2f676,delivered,1,1,1,,
exp-2b33b808a0f8,run-b4f674eb9d401efd,claim-3b8747d9c1add7a7,sig-25c567fa4de2f676,delivered,1,1,1,,
exp-2b33b808a0f8,run-f1ea2e8a09c56c99,claim-3b8747d9c1add7a7,sig-25c567fa4de2f676,delivered,1,1,1,,
exp-2b33b808a0f8,run-0150d84e23782b10,claim-b232a55ad5fce408,sig-26807b33fcf10055,delivered,1,1,1,,
exp-2b33b808a0f8,run-03911a9fa173759b,claim-b232a55ad5fce408,sig-26807b33fcf10055,delivered,1,1,1,,
exp-2b33b808a0f8,run-08eb0ce23ff8c058,claim-b232a55ad5fce408,sig-26807b33fcf10055,delivered,1,1,1,,
exp-2b33b808a0f8,run-0ed59ea471f8c823,claim-b232a55ad5fce408,sig-26807b33fcf10055,delivered,1,1,1,,
exp-2b33b808a0f8,run-0fff7d537f846b2d,claim-b232a55ad5fce408,sig-26807b33fcf10055,delivered,1,1,1,,
exp-2b33b808a0f8,run-121bae4857799859,claim-b232a55ad5fce408,sig-26807b33fcf10055,delivered,1,1,1,,
exp-2b33b808a0f8,run-126bc4b511c1bdab,claim-b232a55ad5fce408,sig-26807b33fcf10055,delivered,1,1,1,,
exp-2b33b808a0f8,run-169749d452c80c28,claim-b232a55ad5fce408,sig-26807b33fcf10055,delivered,1,1,1,,
exp-2b33b808a0f8,run-1ccf8759fdd4aeaf,claim-b232a55ad5fce408,sig-26807b33fcf10055,delivered,1,1,1,,
exp-2b33b808a0f8,run-1cfdaa86b78a0a26,claim-b232a55ad5fce408,sig-26807b33fcf10055,delivered,1,1,1,,
exp-2b33b808a0f8,run-25eaa2510fbfbaff,claim-b232a55ad5fce408,sig-26807b33fcf10055,delivered,1,1,1,,
exp-2b33b808a0f8,run-2cd8b7888af1dfd8,claim-b232a55ad5fce408,sig-26807b33fcf10055,delivered,1,1,1,,
exp-2b33b808a0f8,run-31ef47d02bf73873,claim-b232a55ad5fce408,sig-26807b33fcf10055,delivered,1,1,1,,
exp-2b33b808a0f8,run-380eeaa24d9d57c1,claim-b232a55ad5fce408,sig-26807b33fcf10055,delivered,1,1,1,,
exp-2b33b808a0f8,run-3e6218c854422e8d,claim-b232a55ad5fce408,sig-26807b33fcf10055,delivered,1,1,1,,
exp-2b33b808a0f8,run-4135fc9f33a52631,claim-b232a55ad5fce408,sig-26807b33fcf10055,delivered,1,1,1,,
exp-2b33b808a0f8,run-5f8c41dc5117d3f7,claim-b232a55ad5fce408,sig-26807b33fcf10055,delivered,1,1,1,,
exp-2b33b808a0f8,run-602d62632c3acac1,claim-b232a55ad5fce408,sig-26807b33fcf10055,delivered,1,1,1,,
exp-2b33b808a0f8,run-626495f4dbb14cf3,claim-b232a55ad5fce408,sig-26807b33fcf10055,delivered,1,1,1,,
exp-2b33b808a0f8,run-7a81aa198df7a360,claim-b232a55ad5fce408,sig-26807b33fcf10055,delivered,1,1,1,,
exp-2b33b808a0f8,run-809856b19e987477,claim-b232a55ad5fce408,sig-26807b33fcf10055,delivered,1,1,1,,
exp-2b33b808a0f8,run-82121d93599b573f,claim-b232a55ad5fce408,sig-26807b33fcf10055,delivered,1,1,1,,
exp-2b33b808a0f8,run-82654eb217e99ef6,claim-b232a55ad5fce408,sig-26807b33fcf10055,delivered,1,1,1,,
exp-2b33b808a0f8,run-8b6a0be310d169fd,claim-b232a55ad5fce408,sig-26807b33fcf10055,delivered,1,1,1,,
exp-2b33b808a0f8,run-8c29734783624630,claim-b232a55ad5fce408,sig-26807b33fcf10055,delivered,1,1,1,,
exp-2b33b808a0f8,run-8f48500d07fefa0d,claim-b232a55ad5fce408,sig-26807b33fcf10055,delivered,1,1,1,,
exp-2b33b808a0f8,run-a314881a5962c263,claim-b232a55ad5fce408,sig-26807b33fcf10055,delivered,1,1,1,,
exp-2b33b808a0f8,run-a91e83d95f4150ea,claim-b232a55ad5fce408,sig-26807b33fcf10055,delivered,1,1,1,,
exp-2b33b808a0f8,run-aef2c0f3501e6b9f,claim-b232a55ad5fce408,sig-26807b33fcf10055,delivered,1,1,1,,
exp-2b33b808a0f8,run-bfc1fb37d31beee3,claim-b232a55ad5fce408,sig-26807b33fcf10055,delivered,1,1,1,,
exp-2b33b808a0f8,run-c31fdf2665c43f45,claim-b232a55ad5fce408,sig-26807b33fcf10055,delivered,1,1,1,,
exp-2b33b808a0f8,run-c6b4be2a2bcc1f45,claim-b232a55ad5fce408,sig-26807b33fcf10055,delivered,1,1,1,,
exp-2b33b808a0f8,run-cc57ad8a8d2714d7,claim-b232a55ad5fce408,sig-26807b33fcf10055,delivered,1,1,1,,
exp-2b33b808a0f8,run-cf376438c8a0f3d5,claim-b232a55ad5fce408,sig-26807b33fcf10055,delivered,1,1,1,,
exp-2b33b808a0f8,run-d2b9a396554a407b,claim-b232a55ad5fce408,sig-26807b33fcf10055,delivered,1,1,1,,
exp-2b33b808a0f8,run-deef30be3782be8a,claim-b232a55ad5fce408,sig-26807b33fcf10055,delivered,1,1,1,,
exp-2b33b808a0f8,run-f3f30df9a4b8d9a5,claim-b232a55ad5fce408,sig-26807b33fcf10055,delivered,1,1,1,,
exp-2b33b808a0f8,run-f463dfc540bd3689,claim-b232a55ad5fce408,sig-26807b33fcf10055,delivered,1,1,1,,
exp-2b33b808a0f8,run-fe2c6fd3e3730afe,claim-b232a55ad5fce408,sig-26807b33fcf10055,delivered,1,1,1,,
exp-2b33b808a0f8,run-024dd76a95551a07,claim-6dc7893b25ac7ec3,sig-270362639e2fad0f,delivered,1,1,1,,
exp-2b33b808a0f8,run-1946c1edcbdbbdda,claim-6dc7893b25ac7ec3,sig-270362639e2fad0f,delivered,1,1,1,,
exp-2b33b808a0f8,run-1bae4fcd56bdaa2f,claim-6dc7893b25ac7ec3,sig-270362639e2fad0f,delivered,1,1,1,,
exp-2b33b808a0f8,run-5227c4f1697e16f5,claim-6dc7893b25ac7ec3,sig-270362639e2fad0f,delivered,1,1,1,,
exp-2b33b808a0f8,run-9c2aac4f207303c4,claim-6dc7893b25ac7ec3,sig-270362639e2fad0f,delivered,1,1,1,,
exp-2b33b808a0f8,run-9d7b92b6a9bd860a,claim-6dc7893b25ac7ec3,sig-270362639e2fad0f,delivered,1,1,1,,
exp-2b33b808a0f8,run-dcd3f088d2742101,claim-6dc7893b25ac7ec3,sig-270362639e2fad0f,delivered,1,1,1,,
exp-2b33b808a0f8,run-df736f776a055b72,claim-6dc7893b25ac7ec3,sig-270362639e2fad0f,delivered,1,1,1,,
exp-2b33b808a0f8,run-f6d8a6bffd539b01,claim-6dc7893b25ac7ec3,sig-270362639e2fad0f,delivered,1,1,1,,
exp-2b33b808a0f8,run-13afd1c7ef164da6,claim-89ca04d25f0f019e,sig-273a4faf0933b890,delivered,1,1,1,,
exp-2b33b808a0f8,run-299407f942ccfe44,claim-89ca04d25f0f019e,sig-273a4faf0933b890,delivered,1,1,1,,
exp-2b33b808a0f8,run-622791b4d7dc0c20,claim-89ca04d25f0f019e,sig-273a4faf0933b890,delivered,1,1,1,,
exp-2b33b808a0f8,run-cb26f0bc1de44dfe,claim-89ca04d25f0f019e,sig-273a4faf0933b890,delivered,1,1,1,,
exp-2b33b808a0f8,run-217b27c32888985d,claim-f8723311bce98a94,sig-27544a838d26ba81,delivered,1,1,1,,
exp-2b33b808a0f8,run-3dcf417f7bfa03b2,claim-f8723311bce98a94,sig-27544a838d26ba81,delivered,1,1,1,,
exp-2b33b808a0f8,run-6fc1c1ab955868bf,claim-f8723311bce98a94,sig-27544a838d26ba81,delivered,1,1,1,,
exp-2b33b808a0f8,run-95f0926102c7f977,claim-f8723311bce98a94,sig-27544a838d26ba81,delivered,1,1,1,,
exp-2b33b808a0f8,run-9e50adaa1bc80ca9,claim-f8723311bce98a94,sig-27544a838d26ba81,delivered,1,1,1,,
exp-2b33b808a0f8,run-f4b4966e3d0cf978,claim-f8723311bce98a94,sig-27544a838d26ba81,delivered,1,1,1,,
exp-2b33b808a0f8,run-1ad5774f2ec38993,claim-06d41dc29e36d675,sig-27ace5ffcedce814,delivered,1,1,1,,
exp-2b33b808a0f8,run-1b7414577607656b,claim-06d41dc29e36d675,sig-27ace5ffcedce814,delivered,1,1,1,,
exp-2b33b808a0f8,run-22c72107573a4b60,claim-06d41dc29e36d675,sig-27ace5ffcedce814,delivered,1,1,1,,
exp-2b33b808a0f8,run-3996e6744fffc569,claim-06d41dc29e36d675,sig-27ace5ffcedce814,delivered,1,1,1,,
exp-2b33b808a0f8,run-5e07d16f1f5b2987,claim-06d41dc29e36d675,sig-27ace5ffcedce814,delivered,1,1,1,,
exp-2b33b808a0f8,run-6c88b2e46218c519,claim-06d41dc29e36d675,sig-27ace5ffcedce814,delivered,1,1,1,,
exp-2b33b808a0f8,run-760ccd016850aaab,claim-06d41dc29e36d675,sig-27ace5ffcedce814,delivered,1,1,1,,
exp-2b33b808a0f8,run-803b3c372bc924c5,claim-06d41dc29e36d675,sig-27ace5ffcedce814,delivered,1,1,1,,
exp-2b33b808a0f8,run-81291fb5e9520a72,claim-06d41dc29e36d675,sig-27ace5ffcedce814,delivered,1,1,1,,
exp-2b33b808a0f8,run-89afe7e7549c985c,claim-06d41dc29e36d675,sig-27ace5ffcedce814,delivered,1,1,1,,
exp-2b33b808a0f8,run-9119299991896d57,claim-06d41dc29e36d675,sig-27ace5ffcedce814,delivered,1,1,1,,
exp-2b33b808a0f8,run-d03cdd5172e2e4bb,claim-06d41dc29e36d675,sig-27ace5ffcedce814,delivered,1,1,1,,
exp-2b33b808a0f8,run-d7f33141b5694988,claim-06d41dc29e36d675,sig-27ace5ffcedce814,delivered,1,1,1,,
exp-2b33b808a0f8,run-d7f754d1c6032500,claim-06d41dc29e36d675,sig-27ace5ffcedce814,delivered,1,1,1,,
exp-2b33b808a0f8,run-ebb905b917de9aa9,claim-06d41dc29e36d675,sig-27ace5ffcedce814,delivered,1,1,1,,
exp-2b33b808a0f8,run-1b7414577607656b,claim-e87e81c553fe24ea,sig-28324b2c5eb35b58,delivered,1,1,1,,
exp-2b33b808a0f8,run-5e07d16f1f5b2987,claim-e87e81c553fe24ea,sig-28324b2c5eb35b58,delivered,1,1,1,,
exp-2b33b808a0f8,run-760ccd016850aaab,claim-e87e81c553fe24ea,sig-28324b2c5eb35b58,delivered,1,1,1,,
exp-2b33b808a0f8,run-36dc5599241ff74c,claim-a826ab797848332e,sig-28e6ab2dc001efae,delivered,1,1,1,,
exp-2b33b808a0f8,run-54dd198bde19e6cf,claim-a826ab797848332e,sig-28e6ab2dc001efae,delivered,1,1,1,,
exp-2b33b808a0f8,run-eb3dc172de7476ad,claim-a826ab797848332e,sig-28e6ab2dc001efae,delivered,1,1,1,,
exp-2b33b808a0f8,run-1827ab6678b4100e,claim-f450c43533e68003,sig-2905e47ff6dce748,delivered,1,1,1,,
exp-2b33b808a0f8,run-0150d84e23782b10,claim-df8d48ae841bd6c9,sig-2961370403509d9b,delivered,1,1,1,,
exp-2b33b808a0f8,run-1b3af856ea0d78ba,claim-df8d48ae841bd6c9,sig-2961370403509d9b,delivered,1,1,1,,
exp-2b33b808a0f8,run-1ccf8759fdd4aeaf,claim-df8d48ae841bd6c9,sig-2961370403509d9b,delivered,1,1,1,,
exp-2b33b808a0f8,run-299407f942ccfe44,claim-df8d48ae841bd6c9,sig-2961370403509d9b,delivered,1,1,1,,
exp-2b33b808a0f8,run-2e6341eef0f780f9,claim-df8d48ae841bd6c9,sig-2961370403509d9b,delivered,1,1,1,,
exp-2b33b808a0f8,run-380eeaa24d9d57c1,claim-df8d48ae841bd6c9,sig-2961370403509d9b,delivered,1,1,1,,
exp-2b33b808a0f8,run-5f615659d79c5e37,claim-df8d48ae841bd6c9,sig-2961370403509d9b,delivered,1,1,1,,
exp-2b33b808a0f8,run-622791b4d7dc0c20,claim-df8d48ae841bd6c9,sig-2961370403509d9b,delivered,1,1,1,,
exp-2b33b808a0f8,run-802196ca10c28e03,claim-df8d48ae841bd6c9,sig-2961370403509d9b,delivered,1,1,1,,
exp-2b33b808a0f8,run-a314881a5962c263,claim-df8d48ae841bd6c9,sig-2961370403509d9b,delivered,1,1,1,,
exp-2b33b808a0f8,run-cf376438c8a0f3d5,claim-df8d48ae841bd6c9,sig-2961370403509d9b,delivered,1,1,1,,
exp-2b33b808a0f8,run-fad00c5c2a4305ab,claim-df8d48ae841bd6c9,sig-2961370403509d9b,delivered,1,1,1,,
exp-2b33b808a0f8,run-3df61f770d52dd70,claim-1b49eeb942fc6f20,sig-2985ab637e124009,delivered,1,1,1,,
exp-2b33b808a0f8,run-48d6ce857c49a2d2,claim-1b49eeb942fc6f20,sig-2985ab637e124009,delivered,1,1,1,,
exp-2b33b808a0f8,run-a191e82fe0552ab5,claim-1b49eeb942fc6f20,sig-2985ab637e124009,delivered,1,1,1,,
exp-2b33b808a0f8,run-0f9dd47be805d0d2,claim-9b4756d315422571,sig-2a4e9e6427353c54,delivered,1,1,1,,
exp-2b33b808a0f8,run-217b27c32888985d,claim-9b4756d315422571,sig-2a4e9e6427353c54,delivered,1,1,1,,
exp-2b33b808a0f8,run-38e71c05cfcffb71,claim-9b4756d315422571,sig-2a4e9e6427353c54,delivered,1,1,1,,
exp-2b33b808a0f8,run-3ca09ee4663ee36e,claim-9b4756d315422571,sig-2a4e9e6427353c54,delivered,1,1,1,,
exp-2b33b808a0f8,run-3dcf417f7bfa03b2,claim-9b4756d315422571,sig-2a4e9e6427353c54,delivered,1,1,1,,
exp-2b33b808a0f8,run-6906bd9b7990509a,claim-9b4756d315422571,sig-2a4e9e6427353c54,delivered,1,1,1,,
exp-2b33b808a0f8,run-6fc1c1ab955868bf,claim-9b4756d315422571,sig-2a4e9e6427353c54,delivered,1,1,1,,
exp-2b33b808a0f8,run-8f35f254ebb2acd3,claim-9b4756d315422571,sig-2a4e9e6427353c54,delivered,1,1,1,,
exp-2b33b808a0f8,run-95f0926102c7f977,claim-9b4756d315422571,sig-2a4e9e6427353c54,delivered,1,1,1,,
exp-2b33b808a0f8,run-9e50adaa1bc80ca9,claim-9b4756d315422571,sig-2a4e9e6427353c54,delivered,1,1,1,,
exp-2b33b808a0f8,run-b7f8311340d0f5c0,claim-9b4756d315422571,sig-2a4e9e6427353c54,delivered,1,1,1,,
exp-2b33b808a0f8,run-e09a9c6c7fbe74db,claim-9b4756d315422571,sig-2a4e9e6427353c54,delivered,1,1,1,,
exp-2b33b808a0f8,run-ea2e4f2c800425a8,claim-9b4756d315422571,sig-2a4e9e6427353c54,delivered,1,1,1,,
exp-2b33b808a0f8,run-f4b4966e3d0cf978,claim-9b4756d315422571,sig-2a4e9e6427353c54,delivered,1,1,1,,
exp-2b33b808a0f8,run-024c8ebdc05e33a8,claim-e81fc28c65fc7486,sig-2a55f9fde44a42b2,delivered,1,1,1,,
exp-2b33b808a0f8,run-13a88125b47c3116,claim-e81fc28c65fc7486,sig-2a55f9fde44a42b2,delivered,1,1,1,,
exp-2b33b808a0f8,run-13afd1c7ef164da6,claim-e81fc28c65fc7486,sig-2a55f9fde44a42b2,delivered,1,1,1,,
exp-2b33b808a0f8,run-175d816b8367baac,claim-e81fc28c65fc7486,sig-2a55f9fde44a42b2,delivered,1,1,1,,
exp-2b33b808a0f8,run-1946c1edcbdbbdda,claim-e81fc28c65fc7486,sig-2a55f9fde44a42b2,delivered,1,1,1,,
exp-2b33b808a0f8,run-1bae4fcd56bdaa2f,claim-e81fc28c65fc7486,sig-2a55f9fde44a42b2,delivered,1,1,1,,
exp-2b33b808a0f8,run-21bdbb0a764f6a52,claim-e81fc28c65fc7486,sig-2a55f9fde44a42b2,delivered,1,1,1,,
exp-2b33b808a0f8,run-299407f942ccfe44,claim-e81fc28c65fc7486,sig-2a55f9fde44a42b2,delivered,1,1,1,,
exp-2b33b808a0f8,run-2ca84da882aaf57d,claim-e81fc28c65fc7486,sig-2a55f9fde44a42b2,delivered,1,1,1,,
exp-2b33b808a0f8,run-30e0ad5088f869ef,claim-e81fc28c65fc7486,sig-2a55f9fde44a42b2,delivered,1,1,1,,
exp-2b33b808a0f8,run-40d744a8e6f22616,claim-e81fc28c65fc7486,sig-2a55f9fde44a42b2,delivered,1,1,1,,
exp-2b33b808a0f8,run-427de9f5f80631bb,claim-e81fc28c65fc7486,sig-2a55f9fde44a42b2,delivered,1,1,1,,
exp-2b33b808a0f8,run-5227c4f1697e16f5,claim-e81fc28c65fc7486,sig-2a55f9fde44a42b2,delivered,1,1,1,,
exp-2b33b808a0f8,run-56a885c3be5ad659,claim-e81fc28c65fc7486,sig-2a55f9fde44a42b2,delivered,1,1,1,,
exp-2b33b808a0f8,run-5d1d938973316806,claim-e81fc28c65fc7486,sig-2a55f9fde44a42b2,delivered,1,1,1,,
exp-2b33b808a0f8,run-5f40de771364165d,claim-e81fc28c65fc7486,sig-2a55f9fde44a42b2,delivered,1,1,1,,
exp-2b33b808a0f8,run-622791b4d7dc0c20,claim-e81fc28c65fc7486,sig-2a55f9fde44a42b2,delivered,1,1,1,,
exp-2b33b808a0f8,run-65fb89d7c4ce4fff,claim-e81fc28c65fc7486,sig-2a55f9fde44a42b2,delivered,1,1,1,,
exp-2b33b808a0f8,run-6ea4b87277a7d89d,claim-e81fc28c65fc7486,sig-2a55f9fde44a42b2,delivered,1,1,1,,
exp-2b33b808a0f8,run-9c2aac4f207303c4,claim-e81fc28c65fc7486,sig-2a55f9fde44a42b2,delivered,1,1,1,,
exp-2b33b808a0f8,run-9c95744bf1e4fc1c,claim-e81fc28c65fc7486,sig-2a55f9fde44a42b2,delivered,1,1,1,,
exp-2b33b808a0f8,run-a684c987a3ec5dee,claim-e81fc28c65fc7486,sig-2a55f9fde44a42b2,delivered,1,1,1,,
exp-2b33b808a0f8,run-b9c91e3ca797b757,claim-e81fc28c65fc7486,sig-2a55f9fde44a42b2,delivered,1,1,1,,
exp-2b33b808a0f8,run-bc9a7105af8438b3,claim-e81fc28c65fc7486,sig-2a55f9fde44a42b2,delivered,1,1,1,,
exp-2b33b808a0f8,run-cb26f0bc1de44dfe,claim-e81fc28c65fc7486,sig-2a55f9fde44a42b2,delivered,1,1,1,,
exp-2b33b808a0f8,run-ced95cf1de255212,claim-e81fc28c65fc7486,sig-2a55f9fde44a42b2,delivered,1,1,1,,
exp-2b33b808a0f8,run-d7b85c1dbc2e2b84,claim-e81fc28c65fc7486,sig-2a55f9fde44a42b2,delivered,1,1,1,,
exp-2b33b808a0f8,run-da80cb0756bb72c1,claim-e81fc28c65fc7486,sig-2a55f9fde44a42b2,delivered,1,1,1,,
exp-2b33b808a0f8,run-dc695ad65d795df3,claim-e81fc28c65fc7486,sig-2a55f9fde44a42b2,delivered,1,1,1,,
exp-2b33b808a0f8,run-dcd3f088d2742101,claim-e81fc28c65fc7486,sig-2a55f9fde44a42b2,delivered,1,1,1,,
exp-2b33b808a0f8,run-df736f776a055b72,claim-e81fc28c65fc7486,sig-2a55f9fde44a42b2,delivered,1,1,1,,
exp-2b33b808a0f8,run-f1c7a1720441050f,claim-e81fc28c65fc7486,sig-2a55f9fde44a42b2,delivered,1,1,1,,
exp-2b33b808a0f8,run-fd7c4293eec328ed,claim-e81fc28c65fc7486,sig-2a55f9fde44a42b2,delivered,1,1,1,,
exp-2b33b808a0f8,run-1584d685946fcbab,claim-f450c43533e68003,sig-2b8741e1bc2a9fb1,delivered,1,1,1,,
exp-2b33b808a0f8,run-16a39058c7f3cf9e,claim-f450c43533e68003,sig-2b8741e1bc2a9fb1,delivered,1,1,1,,
exp-2b33b808a0f8,run-49d441481d22eaff,claim-f450c43533e68003,sig-2b8741e1bc2a9fb1,delivered,1,1,1,,
exp-2b33b808a0f8,run-82e3fe2420e8e987,claim-f450c43533e68003,sig-2b8741e1bc2a9fb1,delivered,1,1,1,,
exp-2b33b808a0f8,run-8fd820fb0fd3fa83,claim-f450c43533e68003,sig-2b8741e1bc2a9fb1,delivered,1,1,1,,
exp-2b33b808a0f8,run-b4f674eb9d401efd,claim-f450c43533e68003,sig-2b8741e1bc2a9fb1,delivered,1,1,1,,
exp-2b33b808a0f8,run-e397ddb5605064f3,claim-f450c43533e68003,sig-2b8741e1bc2a9fb1,delivered,1,1,1,,
exp-2b33b808a0f8,run-e69a6fbcad4061ce,claim-f450c43533e68003,sig-2b8741e1bc2a9fb1,delivered,1,1,1,,
exp-2b33b808a0f8,run-f1ea2e8a09c56c99,claim-f450c43533e68003,sig-2b8741e1bc2a9fb1,delivered,1,1,1,,
exp-2b33b808a0f8,run-b89fda5b70005cab,claim-b6d4a2ac88c6cb7e,sig-2baea143af4f2750,delivered,1,1,1,,
exp-2b33b808a0f8,run-d9ecb9bb93d66dae,claim-b6d4a2ac88c6cb7e,sig-2baea143af4f2750,delivered,1,1,1,,
exp-2b33b808a0f8,run-e2b8b5101f670dfe,claim-b6d4a2ac88c6cb7e,sig-2baea143af4f2750,delivered,1,1,1,,
exp-2b33b808a0f8,run-36f70902baf2605c,claim-958192b4b4b78683,sig-2bcc0ca478b980a2,delivered,1,1,1,,
exp-2b33b808a0f8,run-b89fda5b70005cab,claim-958192b4b4b78683,sig-2bcc0ca478b980a2,delivered,1,1,1,,
exp-2b33b808a0f8,run-bad7bc9b35ba648e,claim-958192b4b4b78683,sig-2bcc0ca478b980a2,delivered,1,1,1,,
exp-2b33b808a0f8,run-d9ecb9bb93d66dae,claim-958192b4b4b78683,sig-2bcc0ca478b980a2,delivered,1,1,1,,
exp-2b33b808a0f8,run-e2b8b5101f670dfe,claim-958192b4b4b78683,sig-2bcc0ca478b980a2,delivered,1,1,1,,
exp-2b33b808a0f8,run-ee78a1a347e718c6,claim-958192b4b4b78683,sig-2bcc0ca478b980a2,delivered,1,1,1,,
exp-2b33b808a0f8,run-6ddc9f9b58c14914,claim-1f7e656a190b080f,sig-2be78dcef5549721,delivered,1,1,1,,
exp-2b33b808a0f8,run-fd0875ba4dfb44d6,claim-1f7e656a190b080f,sig-2be78dcef5549721,delivered,1,1,1,,
exp-2b33b808a0f8,run-0fff7d537f846b2d,claim-105f843f29d4e4ae,sig-2d0a3c9ca33f32eb,dropped,1,1,0,,
exp-2b33b808a0f8,run-126bc4b511c1bdab,claim-105f843f29d4e4ae,sig-2d0a3c9ca33f32eb,dropped,1,1,0,,
exp-2b33b808a0f8,run-1cfdaa86b78a0a26,claim-105f843f29d4e4ae,sig-2d0a3c9ca33f32eb,dropped,1,1,0,,
exp-2b33b808a0f8,run-86e0fb3cb34a86b9,claim-105f843f29d4e4ae,sig-2d0a3c9ca33f32eb,dropped,1,1,0,,
exp-2b33b808a0f8,run-c5596c6cf2999ecc,claim-105f843f29d4e4ae,sig-2d0a3c9ca33f32eb,dropped,1,1,0,,
exp-2b33b808a0f8,run-cbf903a67be76d0a,claim-105f843f29d4e4ae,sig-2d0a3c9ca33f32eb,dropped,1,1,0,,
exp-2b33b808a0f8,run-080f51e2e1f6de5b,claim-0b193ea95e805559,sig-2dd8bbedd52fc817,delivered,1,1,1,,
exp-2b33b808a0f8,run-1584d685946fcbab,claim-0b193ea95e805559,sig-2dd8bbedd52fc817,delivered,1,1,1,,
exp-2b33b808a0f8,run-16a39058c7f3cf9e,claim-0b193ea95e805559,sig-2dd8bbedd52fc817,delivered,1,1,1,,
exp-2b33b808a0f8,run-1b3af856ea0d78ba,claim-0b193ea95e805559,sig-2dd8bbedd52fc817,delivered,1,1,1,,
exp-2b33b808a0f8,run-26c66a98702e0a01,claim-0b193ea95e805559,sig-2dd8bbedd52fc817,delivered,1,1,1,,
exp-2b33b808a0f8,run-2913a8bf3b14dd18,claim-0b193ea95e805559,sig-2dd8bbedd52fc817,delivered,1,1,1,,
exp-2b33b808a0f8,run-2b307fc83ae74fb5,claim-0b193ea95e805559,sig-2dd8bbedd52fc817,delivered,1,1,1,,
exp-2b33b808a0f8,run-2c5ed9ccf72ab3ff,claim-0b193ea95e805559,sig-2dd8bbedd52fc817,delivered,1,1,1,,
exp-2b33b808a0f8,run-421a9e310b9451d9,claim-0b193ea95e805559,sig-2dd8bbedd52fc817,delivered,1,1,1,,
exp-2b33b808a0f8,run-49d441481d22eaff,claim-0b193ea95e805559,sig-2dd8bbedd52fc817,delivered,1,1,1,,
exp-2b33b808a0f8,run-4a9abd6b049cfa48,claim-0b193ea95e805559,sig-2dd8bbedd52fc817,delivered,1,1,1,,
exp-2b33b808a0f8,run-4bc70e3c7d09ccca,claim-0b193ea95e805559,sig-2dd8bbedd52fc817,delivered,1,1,1,,
exp-2b33b808a0f8,run-4be88edbdd58b0b7,claim-0b193ea95e805559,sig-2dd8bbedd52fc817,delivered,1,1,1,,
exp-2b33b808a0f8,run-533b1ebf9907abc5,claim-0b193ea95e805559,sig-2dd8bbedd52fc817,delivered,1,1,1,,
exp-2b33b808a0f8,run-54c829c9332d7705,claim-0b193ea95e805559,sig-2dd8bbedd52fc817,delivered,1,1,1,,
exp-2b33b808a0f8,run-5ab8996c310b76bc,claim-0b193ea95e805559,sig-2dd8bbedd52fc817,delivered,1,1,1,,
exp-2b33b808a0f8,run-82e3fe2420e8e987,claim-0b193ea95e805559,sig-2dd8bbedd52fc817,delivered,1,1,1,,
exp-2b33b808a0f8,run-8628fb2f21bdfa9a,claim-0b193ea95e805559,sig-2dd8bbedd52fc817,delivered,1,1,1,,
exp-2b33b808a0f8,run-8fd820fb0fd3fa83,claim-0b193ea95e805559,sig-2dd8bbedd52fc817,delivered,1,1,1,,
exp-2b33b808a0f8,run-98bc95649ddb8f4c,claim-0b193ea95e805559,sig-2dd8bbedd52fc817,delivered,1,1,1,,
exp-2b33b808a0f8,run-a2a07f1fba72c484,claim-0b193ea95e805559,sig-2dd8bbedd52fc817,delivered,1,1,1,,
exp-2b33b808a0f8,run-ae142c1131d1a913,claim-0b193ea95e805559,sig-2dd8bbedd52fc817,delivered,1,1,1,,
exp-2b33b808a0f8,run-ae9c163f6630a5f8,claim-0b193ea95e805559,sig-2dd8bbedd52fc817,delivered,1,1,1,,
exp-2b33b808a0f8,run-b4f674eb9d401efd,claim-0b193ea95e805559,sig-2dd8bbedd52fc817,delivered,1,1,1,,
exp-2b33b808a0f8,run-c70b83220468c5cb,claim-0b193ea95e805559,sig-2dd8bbedd52fc817,delivered,1,1,1,,
exp-2b33b808a0f8,run-dda79e04e10eeb3f,claim-0b193ea95e805559,sig-2dd8bbedd52fc817,delivered,1,1,1,,
exp-2b33b808a0f8,run-e397ddb5605064f3,claim-0b193ea95e805559,sig-2dd8bbedd52fc817,delivered,1,1,1,,
exp-2b33b808a0f8,run-e69a6fbcad4061ce,claim-0b193ea95e805559,sig-2dd8bbedd52fc817,delivered,1,1,1,,
exp-2b33b808a0f8,run-f1ea2e8a09c56c99,claim-0b193ea95e805559,sig-2dd8bbedd52fc817,delivered,1,1,1,,
exp-2b33b808a0f8,run-f31bacd7825a158b,claim-0b193ea95e805559,sig-2dd8bbedd52fc817,delivered,1,1,1,,
exp-2b33b808a0f8,run-f8641a2b2b522c65,claim-0b193ea95e805559,sig-2dd8bbedd52fc817,delivered,1,1,1,,
exp-2b33b808a0f8,run-6ddc9f9b58c14914,claim-2e2299045fa7ddb3,sig-2dedeeb77059fea1,delivered,1,1,1,,
exp-2b33b808a0f8,run-fd0875ba4dfb44d6,claim-2e2299045fa7ddb3,sig-2dedeeb77059fea1,delivered,1,1,1,,
exp-2b33b808a0f8,run-374dc2e21f594ec4,claim-e3f683974e309dbb,sig-2e105741f86f5ec2,delivered,1,1,1,,
exp-2b33b808a0f8,run-5f9908a782b1c6e3,claim-e3f683974e309dbb,sig-2e105741f86f5ec2,delivered,1,1,1,,
exp-2b33b808a0f8,run-82a20b31b2b8e7ef,claim-e3f683974e309dbb,sig-2e105741f86f5ec2,delivered,1,1,1,,
exp-2b33b808a0f8,run-07debd3836121a4c,claim-d00da94479912437,sig-2e1139efa6117c7f,delivered,1,1,1,,
exp-2b33b808a0f8,run-19ef64ede03e3f70,claim-d00da94479912437,sig-2e1139efa6117c7f,delivered,1,1,1,,
exp-2b33b808a0f8,run-3d2d41ba2235d5fd,claim-d00da94479912437,sig-2e1139efa6117c7f,delivered,1,1,1,,
exp-2b33b808a0f8,run-598aaa80449e6816,claim-d00da94479912437,sig-2e1139efa6117c7f,delivered,1,1,1,,
exp-2b33b808a0f8,run-e791d1ca36891afd,claim-d00da94479912437,sig-2e1139efa6117c7f,delivered,1,1,1,,
exp-2b33b808a0f8,run-eac9a626a1d8c14b,claim-d00da94479912437,sig-2e1139efa6117c7f,delivered,1,1,1,,
exp-2b33b808a0f8,run-3d2d41ba2235d5fd,claim-e39b57d695e8b5e2,sig-2ec188bd8ef70e3a,delivered,1,1,1,,
exp-2b33b808a0f8,run-598aaa80449e6816,claim-e39b57d695e8b5e2,sig-2ec188bd8ef70e3a,delivered,1,1,1,,
exp-2b33b808a0f8,run-eac9a626a1d8c14b,claim-e39b57d695e8b5e2,sig-2ec188bd8ef70e3a,delivered,1,1,1,,
exp-2b33b808a0f8,run-26c66a98702e0a01,claim-072c6029e4756074,sig-2f438cf828dd5f59,delivered,1,1,1,,
exp-2b33b808a0f8,run-2913a8bf3b14dd18,claim-072c6029e4756074,sig-2f438cf828dd5f59,delivered,1,1,1,,
exp-2b33b808a0f8,run-2b307fc83ae74fb5,claim-072c6029e4756074,sig-2f438cf828dd5f59,delivered,1,1,1,,
exp-2b33b808a0f8,run-2c5ed9ccf72ab3ff,claim-072c6029e4756074,sig-2f438cf828dd5f59,delivered,1,1,1,,
exp-2b33b808a0f8,run-421a9e310b9451d9,claim-072c6029e4756074,sig-2f438cf828dd5f59,delivered,1,1,1,,
exp-2b33b808a0f8,run-4a9abd6b049cfa48,claim-072c6029e4756074,sig-2f438cf828dd5f59,delivered,1,1,1,,
exp-2b33b808a0f8,run-4bc70e3c7d09ccca,claim-072c6029e4756074,sig-2f438cf828dd5f59,delivered,1,1,1,,
exp-2b33b808a0f8,run-4be88edbdd58b0b7,claim-072c6029e4756074,sig-2f438cf828dd5f59,delivered,1,1,1,,
exp-2b33b808a0f8,run-533b1ebf9907abc5,claim-072c6029e4756074,sig-2f438cf828dd5f59,delivered,1,1,1,,
exp-2b33b808a0f8,run-54c829c9332d7705,claim-072c6029e4756074,sig-2f438cf828dd5f59,delivered,1,1,1,,
exp-2b33b808a0f8,run-5ab8996c310b76bc,claim-072c6029e4756074,sig-2f438cf828dd5f59,delivered,1,1,1,,
exp-2b33b808a0f8,run-8628fb2f21bdfa9a,claim-072c6029e4756074,sig-2f438cf828dd5f59,delivered,1,1,1,,
exp-2b33b808a0f8,run-98bc95649ddb8f4c,claim-072c6029e4756074,sig-2f438cf828dd5f59,delivered,1,1,1,,
exp-2b33b808a0f8,run-a2a07f1fba72c484,claim-072c6029e4756074,sig-2f438cf828dd5f59,delivered,1,1,1,,
exp-2b33b808a0f8,run-c70b83220468c5cb,claim-072c6029e4756074,sig-2f438cf828dd5f59,delivered,1,1,1,,
exp-2b33b808a0f8,run-dda79e04e10eeb3f,claim-072c6029e4756074,sig-2f438cf828dd5f59,delivered,1,1,1,,
exp-2b33b808a0f8,run-f31bacd7825a158b,claim-072c6029e4756074,sig-2f438cf828dd5f59,delivered,1,1,1,,
exp-2b33b808a0f8,run-f8641a2b2b522c65,claim-072c6029e4756074,sig-2f438cf828dd5f59,delivered,1,1,1,,
exp-2b33b808a0f8,run-60c27be7bfd13181,claim-f82b2e18ab2cb75a,sig-2f68889b75e74f51,delivered,1,1,1,,
exp-2b33b808a0f8,run-9fd3eacdb49f1187,claim-f82b2e18ab2cb75a,sig-2f68889b75e74f51,delivered,1,1,1,,
exp-2b33b808a0f8,run-53706f05bed87dad,claim-66ad6b2faf9acd8a,sig-2fe8d69123e2ea33,delivered,1,1,1,,
exp-2b33b808a0f8,run-581d182fa373e4a8,claim-66ad6b2faf9acd8a,sig-2fe8d69123e2ea33,delivered,1,1,1,,
exp-2b33b808a0f8,run-581e601a136ff413,claim-66ad6b2faf9acd8a,sig-2fe8d69123e2ea33,delivered,1,1,1,,
exp-2b33b808a0f8,run-a34dc91443138554,claim-66ad6b2faf9acd8a,sig-2fe8d69123e2ea33,delivered,1,1,1,,
exp-2b33b808a0f8,run-c12d31a0c14e4ea4,claim-66ad6b2faf9acd8a,sig-2fe8d69123e2ea33,delivered,1,1,1,,
exp-2b33b808a0f8,run-f1da5d7783f85774,claim-66ad6b2faf9acd8a,sig-2fe8d69123e2ea33,delivered,1,1,1,,
exp-2b33b808a0f8,run-05d091d23664cc1e,claim-ea3500ce5fcd6e09,sig-2fffc97b2b1954e5,delivered,1,1,1,,
exp-2b33b808a0f8,run-07debd3836121a4c,claim-ea3500ce5fcd6e09,sig-2fffc97b2b1954e5,delivered,1,1,1,,
exp-2b33b808a0f8,run-19ef64ede03e3f70,claim-ea3500ce5fcd6e09,sig-2fffc97b2b1954e5,delivered,1,1,1,,
exp-2b33b808a0f8,run-7dfc02679606cd15,claim-ea3500ce5fcd6e09,sig-2fffc97b2b1954e5,delivered,1,1,1,,
exp-2b33b808a0f8,run-cb9e6b2ad617099c,claim-ea3500ce5fcd6e09,sig-2fffc97b2b1954e5,delivered,1,1,1,,
exp-2b33b808a0f8,run-e791d1ca36891afd,claim-ea3500ce5fcd6e09,sig-2fffc97b2b1954e5,delivered,1,1,1,,
exp-2b33b808a0f8,run-6587340871fe07d2,claim-958b9c876728ec7c,sig-3046e7bcbc04c935,delivered,1,1,1,,
exp-2b33b808a0f8,run-9ad54128801f5701,claim-958b9c876728ec7c,sig-3046e7bcbc04c935,delivered,1,1,1,,
exp-2b33b808a0f8,run-e975e5cc647b3523,claim-958b9c876728ec7c,sig-3046e7bcbc04c935,delivered,1,1,1,,
exp-2b33b808a0f8,run-0f9dd47be805d0d2,claim-cf3d503aff23024d,sig-30537b06ae5a9cc5,delivered,1,1,1,,
exp-2b33b808a0f8,run-217b27c32888985d,claim-cf3d503aff23024d,sig-30537b06ae5a9cc5,delivered,1,1,1,,
exp-2b33b808a0f8,run-38e71c05cfcffb71,claim-cf3d503aff23024d,sig-30537b06ae5a9cc5,delivered,1,1,1,,
exp-2b33b808a0f8,run-3ca09ee4663ee36e,claim-cf3d503aff23024d,sig-30537b06ae5a9cc5,delivered,1,1,1,,
exp-2b33b808a0f8,run-3dcf417f7bfa03b2,claim-cf3d503aff23024d,sig-30537b06ae5a9cc5,delivered,1,1,1,,
exp-2b33b808a0f8,run-6906bd9b7990509a,claim-cf3d503aff23024d,sig-30537b06ae5a9cc5,delivered,1,1,1,,
exp-2b33b808a0f8,run-6fc1c1ab955868bf,claim-cf3d503aff23024d,sig-30537b06ae5a9cc5,delivered,1,1,1,,
exp-2b33b808a0f8,run-8f35f254ebb2acd3,claim-cf3d503aff23024d,sig-30537b06ae5a9cc5,delivered,1,1,1,,
exp-2b33b808a0f8,run-95f0926102c7f977,claim-cf3d503aff23024d,sig-30537b06ae5a9cc5,delivered,1,1,1,,
exp-2b33b808a0f8,run-9e50adaa1bc80ca9,claim-cf3d503aff23024d,sig-30537b06ae5a9cc5,delivered,1,1,1,,
exp-2b33b808a0f8,run-b7f8311340d0f5c0,claim-cf3d503aff23024d,sig-30537b06ae5a9cc5,delivered,1,1,1,,
exp-2b33b808a0f8,run-e09a9c6c7fbe74db,claim-cf3d503aff23024d,sig-30537b06ae5a9cc5,delivered,1,1,1,,
exp-2b33b808a0f8,run-ea2e4f2c800425a8,claim-cf3d503aff23024d,sig-30537b06ae5a9cc5,delivered,1,1,1,,
exp-2b33b808a0f8,run-f4b4966e3d0cf978,claim-cf3d503aff23024d,sig-30537b06ae5a9cc5,delivered,1,1,1,,
exp-2b33b808a0f8,run-08239fa79adec9bb,claim-bee3b25a4888ad75,sig-30a0268caec5a993,delivered,1,1,1,,
exp-2b33b808a0f8,run-08eb0ce23ff8c058,claim-bee3b25a4888ad75,sig-30a0268caec5a993,delivered,1,1,1,,
exp-2b33b808a0f8,run-169749d452c80c28,claim-bee3b25a4888ad75,sig-30a0268caec5a993,delivered,1,1,1,,
exp-2b33b808a0f8,run-22c666cf37db328f,claim-bee3b25a4888ad75,sig-30a0268caec5a993,delivered,1,1,1,,
exp-2b33b808a0f8,run-26c66a98702e0a01,claim-bee3b25a4888ad75,sig-30a0268caec5a993,delivered,1,1,1,,
exp-2b33b808a0f8,run-2a9c3ec6dd6e9d8f,claim-bee3b25a4888ad75,sig-30a0268caec5a993,delivered,1,1,1,,
exp-2b33b808a0f8,run-2b307fc83ae74fb5,claim-bee3b25a4888ad75,sig-30a0268caec5a993,delivered,1,1,1,,
exp-2b33b808a0f8,run-31ef47d02bf73873,claim-bee3b25a4888ad75,sig-30a0268caec5a993,delivered,1,1,1,,
exp-2b33b808a0f8,run-48010f9c27336ede,claim-bee3b25a4888ad75,sig-30a0268caec5a993,delivered,1,1,1,,
exp-2b33b808a0f8,run-54c829c9332d7705,claim-bee3b25a4888ad75,sig-30a0268caec5a993,delivered,1,1,1,,
exp-2b33b808a0f8,run-62573029114c0f29,claim-bee3b25a4888ad75,sig-30a0268caec5a993,delivered,1,1,1,,
exp-2b33b808a0f8,run-637de2634f99fe17,claim-bee3b25a4888ad75,sig-30a0268caec5a993,delivered,1,1,1,,
exp-2b33b808a0f8,run-7a81aa198df7a360,claim-bee3b25a4888ad75,sig-30a0268caec5a993,delivered,1,1,1,,
exp-2b33b808a0f8,run-809856b19e987477,claim-bee3b25a4888ad75,sig-30a0268caec5a993,delivered,1,1,1,,
exp-2b33b808a0f8,run-82121d93599b573f,claim-bee3b25a4888ad75,sig-30a0268caec5a993,delivered,1,1,1,,
exp-2b33b808a0f8,run-8f48500d07fefa0d,claim-bee3b25a4888ad75,sig-30a0268caec5a993,delivered,1,1,1,,
exp-2b33b808a0f8,run-bfc1fb37d31beee3,claim-bee3b25a4888ad75,sig-30a0268caec5a993,delivered,1,1,1,,
exp-2b33b808a0f8,run-c98546e59cb90ee4,claim-bee3b25a4888ad75,sig-30a0268caec5a993,delivered,1,1,1,,
exp-2b33b808a0f8,run-d2b9a396554a407b,claim-bee3b25a4888ad75,sig-30a0268caec5a993,delivered,1,1,1,,
exp-2b33b808a0f8,run-d96c8c1fd86b590a,claim-bee3b25a4888ad75,sig-30a0268caec5a993,delivered,1,1,1,,
exp-2b33b808a0f8,run-f2b06819f6cdf5c3,claim-bee3b25a4888ad75,sig-30a0268caec5a993,delivered,1,1,1,,
exp-2b33b808a0f8,run-f3f30df9a4b8d9a5,claim-bee3b25a4888ad75,sig-30a0268caec5a993,delivered,1,1,1,,
exp-2b33b808a0f8,run-f463dfc540bd3689,claim-bee3b25a4888ad75,sig-30a0268caec5a993,delivered,1,1,1,,
exp-2b33b808a0f8,run-fe2c6fd3e3730afe,claim-bee3b25a4888ad75,sig-30a0268caec5a993,delivered,1,1,1,,
exp-2b33b808a0f8,run-67793a64b66d5a38,claim-3d93dc37b0ee3a3f,sig-30bfd3d189a848f9,delivered,1,1,1,,
exp-2b33b808a0f8,run-08eb0ce23ff8c058,claim-6536571af47d329f,sig-31bb74f2cf195687,delivered,1,1,1,,
exp-2b33b808a0f8,run-54dd198bde19e6cf,claim-6536571af47d329f,sig-31bb74f2cf195687,delivered,1,1,1,,
exp-2b33b808a0f8,run-5f72dfbc37ae3836,claim-6536571af47d329f,sig-31bb74f2cf195687,delivered,1,1,1,,
exp-2b33b808a0f8,run-60c27be7bfd13181,claim-6536571af47d329f,sig-31bb74f2cf195687,delivered,1,1,1,,
exp-2b33b808a0f8,run-6ddc9f9b58c14914,claim-6536571af47d329f,sig-31bb74f2cf195687,delivered,1,1,1,,
exp-2b33b808a0f8,run-9fd3eacdb49f1187,claim-6536571af47d329f,sig-31bb74f2cf195687,delivered,1,1,1,,
exp-2b33b808a0f8,run-d2b9a396554a407b,claim-6536571af47d329f,sig-31bb74f2cf195687,delivered,1,1,1,,
exp-2b33b808a0f8,run-de51ed580b1ab50d,claim-6536571af47d329f,sig-31bb74f2cf195687,delivered,1,1,1,,
exp-2b33b808a0f8,run-eb3dc172de7476ad,claim-6536571af47d329f,sig-31bb74f2cf195687,delivered,1,1,1,,
exp-2b33b808a0f8,run-fa92f9e908dcd179,claim-6536571af47d329f,sig-31bb74f2cf195687,delivered,1,1,1,,
exp-2b33b808a0f8,run-fd0875ba4dfb44d6,claim-6536571af47d329f,sig-31bb74f2cf195687,delivered,1,1,1,,
exp-2b33b808a0f8,run-fe2c6fd3e3730afe,claim-6536571af47d329f,sig-31bb74f2cf195687,delivered,1,1,1,,
exp-2b33b808a0f8,run-06c033c5a4b3310b,claim-df7462dd98d13973,sig-31ee8da11d81de88,delivered,1,1,1,,
exp-2b33b808a0f8,run-f4f7ab268273a712,claim-df7462dd98d13973,sig-31ee8da11d81de88,delivered,1,1,1,,
exp-2b33b808a0f8,run-f8a130cde8a86849,claim-df7462dd98d13973,sig-31ee8da11d81de88,delivered,1,1,1,,
exp-2b33b808a0f8,run-8afa7a95f562dcea,claim-ffea572f1dec63c9,sig-32a02ee36d32a410,delivered,0,0,1,,
exp-2b33b808a0f8,run-22c666cf37db328f,claim-bd8e4d225989b926,sig-32fa5c0f816fac6a,delivered,1,1,1,,
exp-2b33b808a0f8,run-26c66a98702e0a01,claim-bd8e4d225989b926,sig-32fa5c0f816fac6a,delivered,1,1,1,,
exp-2b33b808a0f8,run-2a9c3ec6dd6e9d8f,claim-bd8e4d225989b926,sig-32fa5c0f816fac6a,delivered,1,1,1,,
exp-2b33b808a0f8,run-2b307fc83ae74fb5,claim-bd8e4d225989b926,sig-32fa5c0f816fac6a,delivered,1,1,1,,
exp-2b33b808a0f8,run-54c829c9332d7705,claim-bd8e4d225989b926,sig-32fa5c0f816fac6a,delivered,1,1,1,,
exp-2b33b808a0f8,run-637de2634f99fe17,claim-bd8e4d225989b926,sig-32fa5c0f816fac6a,delivered,1,1,1,,
exp-2b33b808a0f8,run-1827ab6678b4100e,claim-a60cdd8bfe461f17,sig-354213d91f02f310,delivered,1,1,1,,
exp-2b33b808a0f8,run-314cd6efe084d5fe,claim-4252293b9c5df619,sig-35768f0139c30ba6,delivered,1,1,1,,
exp-2b33b808a0f8,run-3f6da378062ee821,claim-4252293b9c5df619,sig-35768f0139c30ba6,delivered,1,1,1,,
exp-2b33b808a0f8,run-2883d20895417f2d,claim-b565ae7698567787,sig-35b4559747ffcd8f,delivered,1,1,1,,
exp-2b33b808a0f8,run-2913a8bf3b14dd18,claim-b565ae7698567787,sig-35b4559747ffcd8f,delivered,1,1,1,,
exp-2b33b808a0f8,run-2c5ed9ccf72ab3ff,claim-b565ae7698567787,sig-35b4559747ffcd8f,delivered,1,1,1,,
exp-2b33b808a0f8,run-3a63d8383c08c8ac,claim-b565ae7698567787,sig-35b4559747ffcd8f,delivered,1,1,1,,
exp-2b33b808a0f8,run-421a9e310b9451d9,claim-b565ae7698567787,sig-35b4559747ffcd8f,delivered,1,1,1,,
exp-2b33b808a0f8,run-48f83c5035a70d6d,claim-b565ae7698567787,sig-35b4559747ffcd8f,delivered,1,1,1,,
exp-2b33b808a0f8,run-4a9abd6b049cfa48,claim-b565ae7698567787,sig-35b4559747ffcd8f,delivered,1,1,1,,
exp-2b33b808a0f8,run-4bc70e3c7d09ccca,claim-b565ae7698567787,sig-35b4559747ffcd8f,delivered,1,1,1,,
exp-2b33b808a0f8,run-4be88edbdd58b0b7,claim-b565ae7698567787,sig-35b4559747ffcd8f,delivered,1,1,1,,
exp-2b33b808a0f8,run-533b1ebf9907abc5,claim-b565ae7698567787,sig-35b4559747ffcd8f,delivered,1,1,1,,
exp-2b33b808a0f8,run-548b9449d2e5ac2b,claim-b565ae7698567787,sig-35b4559747ffcd8f,delivered,1,1,1,,
exp-2b33b808a0f8,run-5666f4cf16ada7ef,claim-b565ae7698567787,sig-35b4559747ffcd8f,delivered,1,1,1,,
exp-2b33b808a0f8,run-5ab8996c310b76bc,claim-b565ae7698567787,sig-35b4559747ffcd8f,delivered,1,1,1,,
exp-2b33b808a0f8,run-8628fb2f21bdfa9a,claim-b565ae7698567787,sig-35b4559747ffcd8f,delivered,1,1,1,,
exp-2b33b808a0f8,run-98bc95649ddb8f4c,claim-b565ae7698567787,sig-35b4559747ffcd8f,delivered,1,1,1,,
exp-2b33b808a0f8,run-a2a07f1fba72c484,claim-b565ae7698567787,sig-35b4559747ffcd8f,delivered,1,1,1,,
exp-2b33b808a0f8,run-b092f115d5e62166,claim-b565ae7698567787,sig-35b4559747ffcd8f,delivered,1,1,1,,
exp-2b33b808a0f8,run-b2e669dbbe4fc670,claim-b565ae7698567787,sig-35b4559747ffcd8f,delivered,1,1,1,,
exp-2b33b808a0f8,run-c70b83220468c5cb,claim-b565ae7698567787,sig-35b4559747ffcd8f,delivered,1,1,1,,
exp-2b33b808a0f8,run-cfbfb19332bde82e,claim-b565ae7698567787,sig-35b4559747ffcd8f,delivered,1,1,1,,
exp-2b33b808a0f8,run-dda79e04e10eeb3f,claim-b565ae7698567787,sig-35b4559747ffcd8f,delivered,1,1,1,,
exp-2b33b808a0f8,run-f2913fb769b7d837,claim-b565ae7698567787,sig-35b4559747ffcd8f,delivered,1,1,1,,
exp-2b33b808a0f8,run-f31bacd7825a158b,claim-b565ae7698567787,sig-35b4559747ffcd8f,delivered,1,1,1,,
exp-2b33b808a0f8,run-f8641a2b2b522c65,claim-b565ae7698567787,sig-35b4559747ffcd8f,delivered,1,1,1,,
exp-2b33b808a0f8,run-3d2d41ba2235d5fd,claim-3bccb349fffc1ba1,sig-360c1dc24deab855,delivered,1,1,1,,
exp-2b33b808a0f8,run-598aaa80449e6816,claim-3bccb349fffc1ba1,sig-360c1dc24deab855,delivered,1,1,1,,
exp-2b33b808a0f8,run-eac9a626a1d8c14b,claim-3bccb349fffc1ba1,sig-360c1dc24deab855,delivered,1,1,1,,
exp-2b33b808a0f8,run-1ad5774f2ec38993,claim-ea7734829299366b,sig-36358ee322562652,delivered,1,1,1,,
exp-2b33b808a0f8,run-1b7414577607656b,claim-ea7734829299366b,sig-36358ee322562652,delivered,1,1,1,,
exp-2b33b808a0f8,run-22c72107573a4b60,claim-ea7734829299366b,sig-36358ee322562652,delivered,1,1,1,,
exp-2b33b808a0f8,run-3996e6744fffc569,claim-ea7734829299366b,sig-36358ee322562652,delivered,1,1,1,,
exp-2b33b808a0f8,run-5e07d16f1f5b2987,claim-ea7734829299366b,sig-36358ee322562652,delivered,1,1,1,,
exp-2b33b808a0f8,run-6c88b2e46218c519,claim-ea7734829299366b,sig-36358ee322562652,delivered,1,1,1,,
exp-2b33b808a0f8,run-760ccd016850aaab,claim-ea7734829299366b,sig-36358ee322562652,delivered,1,1,1,,
exp-2b33b808a0f8,run-803b3c372bc924c5,claim-ea7734829299366b,sig-36358ee322562652,delivered,1,1,1,,
exp-2b33b808a0f8,run-81291fb5e9520a72,claim-ea7734829299366b,sig-36358ee322562652,delivered,1,1,1,,
exp-2b33b808a0f8,run-89afe7e7549c985c,claim-ea7734829299366b,sig-36358ee322562652,delivered,1,1,1,,
exp-2b33b808a0f8,run-9119299991896d57,claim-ea7734829299366b,sig-36358ee322562652,delivered,1,1,1,,
exp-2b33b808a0f8,run-b89fda5b70005cab,claim-ea7734829299366b,sig-36358ee322562652,delivered,1,1,1,,
exp-2b33b808a0f8,run-d03cdd5172e2e4bb,claim-ea7734829299366b,sig-36358ee322562652,delivered,1,1,1,,
exp-2b33b808a0f8,run-d7f33141b5694988,claim-ea7734829299366b,sig-36358ee322562652,delivered,1,1,1,,
exp-2b33b808a0f8,run-d7f754d1c6032500,claim-ea7734829299366b,sig-36358ee322562652,delivered,1,1,1,,
exp-2b33b808a0f8,run-d9ecb9bb93d66dae,claim-ea7734829299366b,sig-36358ee322562652,delivered,1,1,1,,
exp-2b33b808a0f8,run-e2b8b5101f670dfe,claim-ea7734829299366b,sig-36358ee322562652,delivered,1,1,1,,
exp-2b33b808a0f8,run-ebb905b917de9aa9,claim-ea7734829299366b,sig-36358ee322562652,delivered,1,1,1,,
exp-2b33b808a0f8,run-024dd76a95551a07,claim-b0a49b1647321153,sig-37973d4960a2bd46,delivered,1,1,1,,
exp-2b33b808a0f8,run-1946c1edcbdbbdda,claim-b0a49b1647321153,sig-37973d4960a2bd46,delivered,1,1,1,,
exp-2b33b808a0f8,run-1bae4fcd56bdaa2f,claim-b0a49b1647321153,sig-37973d4960a2bd46,delivered,1,1,1,,
exp-2b33b808a0f8,run-5227c4f1697e16f5,claim-b0a49b1647321153,sig-37973d4960a2bd46,delivered,1,1,1,,
exp-2b33b808a0f8,run-9c2aac4f207303c4,claim-b0a49b1647321153,sig-37973d4960a2bd46,delivered,1,1,1,,
exp-2b33b808a0f8,run-dcd3f088d2742101,claim-b0a49b1647321153,sig-37973d4960a2bd46,delivered,1,1,1,,
exp-2b33b808a0f8,run-df736f776a055b72,claim-b0a49b1647321153,sig-37973d4960a2bd46,delivered,1,1,1,,
exp-2b33b808a0f8,run-156a83b4e0f32cfa,claim-fcce8c2df25b909b,sig-3805b97bc7849776,delivered,1,1,1,,
exp-2b33b808a0f8,run-1619336f4c8443db,claim-fcce8c2df25b909b,sig-3805b97bc7849776,delivered,1,1,1,,
exp-2b33b808a0f8,run-19ef64ede03e3f70,claim-fcce8c2df25b909b,sig-3805b97bc7849776,delivered,1,1,1,,
exp-2b33b808a0f8,run-1d989b2933796a16,claim-fcce8c2df25b909b,sig-3805b97bc7849776,delivered,1,1,1,,
exp-2b33b808a0f8,run-2c80b667b1e14131,claim-fcce8c2df25b909b,sig-3805b97bc7849776,delivered,1,1,1,,
exp-2b33b808a0f8,run-3077d26358e3e6c2,claim-fcce8c2df25b909b,sig-3805b97bc7849776,delivered,1,1,1,,
exp-2b33b808a0f8,run-374dc2e21f594ec4,claim-fcce8c2df25b909b,sig-3805b97bc7849776,delivered,1,1,1,,
exp-2b33b808a0f8,run-382a40867248c3e0,claim-fcce8c2df25b909b,sig-3805b97bc7849776,delivered,1,1,1,,
exp-2b33b808a0f8,run-3ee3b3533922c3cd,claim-fcce8c2df25b909b,sig-3805b97bc7849776,delivered,1,1,1,,
exp-2b33b808a0f8,run-5f9908a782b1c6e3,claim-fcce8c2df25b909b,sig-3805b97bc7849776,delivered,1,1,1,,
exp-2b33b808a0f8,run-6ddc9f9b58c14914,claim-fcce8c2df25b909b,sig-3805b97bc7849776,delivered,1,1,1,,
exp-2b33b808a0f8,run-7b8861c80024d738,claim-fcce8c2df25b909b,sig-3805b97bc7849776,delivered,1,1,1,,
exp-2b33b808a0f8,run-7c7ff2af92c151e9,claim-fcce8c2df25b909b,sig-3805b97bc7849776,delivered,1,1,1,,
exp-2b33b808a0f8,run-82a20b31b2b8e7ef,claim-fcce8c2df25b909b,sig-3805b97bc7849776,delivered,1,1,1,,
exp-2b33b808a0f8,run-a6aad9d55897ddf3,claim-fcce8c2df25b909b,sig-3805b97bc7849776,delivered,1,1,1,,
exp-2b33b808a0f8,run-bf37e2d5cbe4f3b9,claim-fcce8c2df25b909b,sig-3805b97bc7849776,delivered,1,1,1,,
exp-2b33b808a0f8,run-c898b60149672477,claim-fcce8c2df25b909b,sig-3805b97bc7849776,delivered,1,1,1,,
exp-2b33b808a0f8,run-cacf78bafbbad965,claim-fcce8c2df25b909b,sig-3805b97bc7849776,delivered,1,1,1,,
exp-2b33b808a0f8,run-cec16e049668dcae,claim-fcce8c2df25b909b,sig-3805b97bc7849776,delivered,1,1,1,,
exp-2b33b808a0f8,run-e791d1ca36891afd,claim-fcce8c2df25b909b,sig-3805b97bc7849776,delivered,1,1,1,,
exp-2b33b808a0f8,run-efdb047898d3bc26,claim-fcce8c2df25b909b,sig-3805b97bc7849776,delivered,1,1,1,,
exp-2b33b808a0f8,run-f5d02c54d049405c,claim-fcce8c2df25b909b,sig-3805b97bc7849776,delivered,1,1,1,,
exp-2b33b808a0f8,run-fd0875ba4dfb44d6,claim-fcce8c2df25b909b,sig-3805b97bc7849776,delivered,1,1,1,,
exp-2b33b808a0f8,run-fde91c8a36f73bc9,claim-fcce8c2df25b909b,sig-3805b97bc7849776,delivered,1,1,1,,
exp-2b33b808a0f8,run-156a83b4e0f32cfa,claim-729318bf1714782a,sig-3867552d7d6cef31,delivered,1,1,1,,
exp-2b33b808a0f8,run-1d989b2933796a16,claim-729318bf1714782a,sig-3867552d7d6cef31,delivered,1,1,1,,
exp-2b33b808a0f8,run-382a40867248c3e0,claim-729318bf1714782a,sig-3867552d7d6cef31,delivered,1,1,1,,
exp-2b33b808a0f8,run-3ee3b3533922c3cd,claim-729318bf1714782a,sig-3867552d7d6cef31,delivered,1,1,1,,
exp-2b33b808a0f8,run-bf37e2d5cbe4f3b9,claim-729318bf1714782a,sig-3867552d7d6cef31,delivered,1,1,1,,
exp-2b33b808a0f8,run-efdb047898d3bc26,claim-729318bf1714782a,sig-3867552d7d6cef31,delivered,1,1,1,,
exp-2b33b808a0f8,run-13afd1c7ef164da6,claim-24b72d22077bd973,sig-38824398bc11de9d,delivered,1,1,1,,
exp-2b33b808a0f8,run-299407f942ccfe44,claim-24b72d22077bd973,sig-38824398bc11de9d,delivered,1,1,1,,
exp-2b33b808a0f8,run-5db7b7d90d3ff8ce,claim-24b72d22077bd973,sig-38824398bc11de9d,delivered,1,1,1,,
exp-2b33b808a0f8,run-622791b4d7dc0c20,claim-24b72d22077bd973,sig-38824398bc11de9d,delivered,1,1,1,,
exp-2b33b808a0f8,run-67793a64b66d5a38,claim-24b72d22077bd973,sig-38824398bc11de9d,delivered,1,1,1,,
exp-2b33b808a0f8,run-7f00802c340e2617,claim-24b72d22077bd973,sig-38824398bc11de9d,delivered,1,1,1,,
exp-2b33b808a0f8,run-cb26f0bc1de44dfe,claim-24b72d22077bd973,sig-38824398bc11de9d,delivered,1,1,1,,
exp-2b33b808a0f8,run-cf74c3eb23037fe3,claim-24b72d22077bd973,sig-38824398bc11de9d,delivered,1,1,1,,
exp-2b33b808a0f8,run-6587340871fe07d2,claim-30f2b75b70add393,sig-38ee84f1365d5270,delivered,1,1,1,,
exp-2b33b808a0f8,run-9ad54128801f5701,claim-30f2b75b70add393,sig-38ee84f1365d5270,delivered,1,1,1,,
exp-2b33b808a0f8,run-e975e5cc647b3523,claim-30f2b75b70add393,sig-38ee84f1365d5270,delivered,1,1,1,,
exp-2b33b808a0f8,run-156a83b4e0f32cfa,claim-afe921d2dea545a4,sig-3905fa8521c7a6e4,delivered,1,1,1,,
exp-2b33b808a0f8,run-1b3af856ea0d78ba,claim-afe921d2dea545a4,sig-3905fa8521c7a6e4,delivered,1,1,1,,
exp-2b33b808a0f8,run-1d989b2933796a16,claim-afe921d2dea545a4,sig-3905fa8521c7a6e4,delivered,1,1,1,,
exp-2b33b808a0f8,run-25eaa2510fbfbaff,claim-afe921d2dea545a4,sig-3905fa8521c7a6e4,delivered,1,1,1,,
exp-2b33b808a0f8,run-2e6341eef0f780f9,claim-afe921d2dea545a4,sig-3905fa8521c7a6e4,delivered,1,1,1,,
exp-2b33b808a0f8,run-303c21611e8d6d35,claim-afe921d2dea545a4,sig-3905fa8521c7a6e4,delivered,1,1,1,,
exp-2b33b808a0f8,run-314cd6efe084d5fe,claim-afe921d2dea545a4,sig-3905fa8521c7a6e4,delivered,1,1,1,,
exp-2b33b808a0f8,run-3620dcf5bb5744a2,claim-afe921d2dea545a4,sig-3905fa8521c7a6e4,delivered,1,1,1,,
exp-2b33b808a0f8,run-374dc2e21f594ec4,claim-afe921d2dea545a4,sig-3905fa8521c7a6e4,delivered,1,1,1,,
exp-2b33b808a0f8,run-382a40867248c3e0,claim-afe921d2dea545a4,sig-3905fa8521c7a6e4,delivered,1,1,1,,
exp-2b33b808a0f8,run-3e6218c854422e8d,claim-afe921d2dea545a4,sig-3905fa8521c7a6e4,delivered,1,1,1,,
exp-2b33b808a0f8,run-3ee3b3533922c3cd,claim-afe921d2dea545a4,sig-3905fa8521c7a6e4,delivered,1,1,1,,
exp-2b33b808a0f8,run-3f6da378062ee821,claim-afe921d2dea545a4,sig-3905fa8521c7a6e4,delivered,1,1,1,,
exp-2b33b808a0f8,run-4135fc9f33a52631,claim-afe921d2dea545a4,sig-3905fa8521c7a6e4,delivered,1,1,1,,
exp-2b33b808a0f8,run-548b9449d2e5ac2b,claim-afe921d2dea545a4,sig-3905fa8521c7a6e4,delivered,1,1,1,,
exp-2b33b808a0f8,run-5f615659d79c5e37,claim-afe921d2dea545a4,sig-3905fa8521c7a6e4,delivered,1,1,1,,
exp-2b33b808a0f8,run-5f9908a782b1c6e3,claim-afe921d2dea545a4,sig-3905fa8521c7a6e4,delivered,1,1,1,,
exp-2b33b808a0f8,run-602d62632c3acac1,claim-afe921d2dea545a4,sig-3905fa8521c7a6e4,delivered,1,1,1,,
exp-2b33b808a0f8,run-7b8861c80024d738,claim-afe921d2dea545a4,sig-3905fa8521c7a6e4,delivered,1,1,1,,
exp-2b33b808a0f8,run-82a20b31b2b8e7ef,claim-afe921d2dea545a4,sig-3905fa8521c7a6e4,delivered,1,1,1,,
exp-2b33b808a0f8,run-8b6a0be310d169fd,claim-afe921d2dea545a4,sig-3905fa8521c7a6e4,delivered,1,1,1,,
exp-2b33b808a0f8,run-bf37e2d5cbe4f3b9,claim-afe921d2dea545a4,sig-3905fa8521c7a6e4,delivered,1,1,1,,
exp-2b33b808a0f8,run-cacf78bafbbad965,claim-afe921d2dea545a4,sig-3905fa8521c7a6e4,delivered,1,1,1,,
exp-2b33b808a0f8,run-cec16e049668dcae,claim-afe921d2dea545a4,sig-3905fa8521c7a6e4,delivered,1,1,1,,
exp-2b33b808a0f8,run-cfbfb19332bde82e,claim-afe921d2dea545a4,sig-3905fa8521c7a6e4,delivered,1,1,1,,
exp-2b33b808a0f8,run-d0fd6be062307c7b,claim-afe921d2dea545a4,sig-3905fa8521c7a6e4,delivered,1,1,1,,
exp-2b33b808a0f8,run-efdb047898d3bc26,claim-afe921d2dea545a4,sig-3905fa8521c7a6e4,delivered,1,1,1,,
exp-2b33b808a0f8,run-f2913fb769b7d837,claim-afe921d2dea545a4,sig-3905fa8521c7a6e4,delivered,1,1,1,,
exp-2b33b808a0f8,run-8afa7a95f562dcea,claim-e2f4cbaaf343e64f,sig-397d053da24b7c3f,delivered,1,1,1,,
exp-2b33b808a0f8,run-6587340871fe07d2,claim-482dcce093571f79,sig-39a6795c788263d4,delivered,1,1,1,,
exp-2b33b808a0f8,run-9ad54128801f5701,claim-482dcce093571f79,sig-39a6795c788263d4,delivered,1,1,1,,
exp-2b33b808a0f8,run-e975e5cc647b3523,claim-482dcce093571f79,sig-39a6795c788263d4,delivered,1,1,1,,
exp-2b33b808a0f8,run-13a88125b47c3116,claim-6ed3d5af534656c4,sig-39a9b36c8b6d0565,delivered,1,1,1,,
exp-2b33b808a0f8,run-299407f942ccfe44,claim-6ed3d5af534656c4,sig-39a9b36c8b6d0565,delivered,1,1,1,,
exp-2b33b808a0f8,run-56a885c3be5ad659,claim-6ed3d5af534656c4,sig-39a9b36c8b6d0565,delivered,1,1,1,,
exp-2b33b808a0f8,run-ebcbbda81e609372,claim-6ed3d5af534656c4,sig-39a9b36c8b6d0565,delivered,1,1,1,,
exp-2b33b808a0f8,run-85eabeb58e5c97e7,claim-9b4756d315422571,sig-39f8ab4e2013c5da,delivered,1,1,1,,
exp-2b33b808a0f8,run-0150d84e23782b10,claim-b576bdaa57856f92,sig-3a63859218c752c6,delivered,1,1,1,,
exp-2b33b808a0f8,run-024dd76a95551a07,claim-b576bdaa57856f92,sig-3a63859218c752c6,delivered,1,1,1,,
exp-2b33b808a0f8,run-03911a9fa173759b,claim-b576bdaa57856f92,sig-3a63859218c752c6,delivered,1,1,1,,
exp-2b33b808a0f8,run-080f51e2e1f6de5b,claim-b576bdaa57856f92,sig-3a63859218c752c6,delivered,1,1,1,,
exp-2b33b808a0f8,run-08239fa79adec9bb,claim-b576bdaa57856f92,sig-3a63859218c752c6,delivered,1,1,1,,
exp-2b33b808a0f8,run-13a88125b47c3116,claim-b576bdaa57856f92,sig-3a63859218c752c6,delivered,1,1,1,,
exp-2b33b808a0f8,run-13afd1c7ef164da6,claim-b576bdaa57856f92,sig-3a63859218c752c6,delivered,1,1,1,,
exp-2b33b808a0f8,run-175d816b8367baac,claim-b576bdaa57856f92,sig-3a63859218c752c6,delivered,1,1,1,,
exp-2b33b808a0f8,run-1ccf8759fdd4aeaf,claim-b576bdaa57856f92,sig-3a63859218c752c6,delivered,1,1,1,,
exp-2b33b808a0f8,run-22c666cf37db328f,claim-b576bdaa57856f92,sig-3a63859218c752c6,delivered,1,1,1,,
exp-2b33b808a0f8,run-26c66a98702e0a01,claim-b576bdaa57856f92,sig-3a63859218c752c6,delivered,1,1,1,,
exp-2b33b808a0f8,run-299407f942ccfe44,claim-b576bdaa57856f92,sig-3a63859218c752c6,delivered,1,1,1,,
exp-2b33b808a0f8,run-2a9c3ec6dd6e9d8f,claim-b576bdaa57856f92,sig-3a63859218c752c6,delivered,1,1,1,,
exp-2b33b808a0f8,run-2b307fc83ae74fb5,claim-b576bdaa57856f92,sig-3a63859218c752c6,delivered,1,1,1,,
exp-2b33b808a0f8,run-2ca84da882aaf57d,claim-b576bdaa57856f92,sig-3a63859218c752c6,delivered,1,1,1,,
exp-2b33b808a0f8,run-380eeaa24d9d57c1,claim-b576bdaa57856f92,sig-3a63859218c752c6,delivered,1,1,1,,
exp-2b33b808a0f8,run-40d744a8e6f22616,claim-b576bdaa57856f92,sig-3a63859218c752c6,delivered,1,1,1,,
exp-2b33b808a0f8,run-48010f9c27336ede,claim-b576bdaa57856f92,sig-3a63859218c752c6,delivered,1,1,1,,
exp-2b33b808a0f8,run-53706f05bed87dad,claim-b576bdaa57856f92,sig-3a63859218c752c6,delivered,1,1,1,,
exp-2b33b808a0f8,run-54c829c9332d7705,claim-b576bdaa57856f92,sig-3a63859218c752c6,delivered,1,1,1,,
exp-2b33b808a0f8,run-56a885c3be5ad659,claim-b576bdaa57856f92,sig-3a63859218c752c6,delivered,1,1,1,,
exp-2b33b808a0f8,run-581d182fa373e4a8,claim-b576bdaa57856f92,sig-3a63859218c752c6,delivered,1,1,1,,
exp-2b33b808a0f8,run-581e601a136ff413,claim-b576bdaa57856f92,sig-3a63859218c752c6,delivered,1,1,1,,
exp-2b33b808a0f8,run-5f40de771364165d,claim-b576bdaa57856f92,sig-3a63859218c752c6,delivered,1,1,1,,
exp-2b33b808a0f8,run-602d62632c3acac1,claim-b576bdaa57856f92,sig-3a63859218c752c6,delivered,1,1,1,,
exp-2b33b808a0f8,run-622791b4d7dc0c20,claim-b576bdaa57856f92,sig-3a63859218c752c6,delivered,1,1,1,,
exp-2b33b808a0f8,run-62573029114c0f29,claim-b576bdaa57856f92,sig-3a63859218c752c6,delivered,1,1,1,,
exp-2b33b808a0f8,run-637de2634f99fe17,claim-b576bdaa57856f92,sig-3a63859218c752c6,delivered,1,1,1,,
exp-2b33b808a0f8,run-6ea4b87277a7d89d,claim-b576bdaa57856f92,sig-3a63859218c752c6,delivered,1,1,1,,
exp-2b33b808a0f8,run-9c95744bf1e4fc1c,claim-b576bdaa57856f92,sig-3a63859218c752c6,delivered,1,1,1,,
exp-2b33b808a0f8,run-9d7b92b6a9bd860a,claim-b576bdaa57856f92,sig-3a63859218c752c6,delivered,1,1,1,,
exp-2b33b808a0f8,run-9ddf9be03d779768,claim-b576bdaa57856f92,sig-3a63859218c752c6,delivered,1,1,1,,
exp-2b33b808a0f8,run-a314881a5962c263,claim-b576bdaa57856f92,sig-3a63859218c752c6,delivered,1,1,1,,
exp-2b33b808a0f8,run-a34dc91443138554,claim-b576bdaa57856f92,sig-3a63859218c752c6,delivered,1,1,1,,
exp-2b33b808a0f8,run-ae142c1131d1a913,claim-b576bdaa57856f92,sig-3a63859218c752c6,delivered,1,1,1,,
exp-2b33b808a0f8,run-ae9c163f6630a5f8,claim-b576bdaa57856f92,sig-3a63859218c752c6,delivered,1,1,1,,
exp-2b33b808a0f8,run-b9c91e3ca797b757,claim-b576bdaa57856f92,sig-3a63859218c752c6,delivered,1,1,1,,
exp-2b33b808a0f8,run-c12d31a0c14e4ea4,claim-b576bdaa57856f92,sig-3a63859218c752c6,delivered,1,1,1,,
exp-2b33b808a0f8,run-c98546e59cb90ee4,claim-b576bdaa57856f92,sig-3a63859218c752c6,delivered,1,1,1,,
exp-2b33b808a0f8,run-cb26f0bc1de44dfe,claim-b576bdaa57856f92,sig-3a63859218c752c6,delivered,1,1,1,,
exp-2b33b808a0f8,run-cca66c90ef3b41c8,claim-b576bdaa57856f92,sig-3a63859218c752c6,delivered,1,1,1,,
exp-2b33b808a0f8,run-cf376438c8a0f3d5,claim-b576bdaa57856f92,sig-3a63859218c752c6,delivered,1,1,1,,
exp-2b33b808a0f8,run-d7b85c1dbc2e2b84,claim-b576bdaa57856f92,sig-3a63859218c752c6,delivered,1,1,1,,
exp-2b33b808a0f8,run-d96c8c1fd86b590a,claim-b576bdaa57856f92,sig-3a63859218c752c6,delivered,1,1,1,,
exp-2b33b808a0f8,run-dc695ad65d795df3,claim-b576bdaa57856f92,sig-3a63859218c752c6,delivered,1,1,1,,
exp-2b33b808a0f8,run-ecc7ecbcc7f2b4d6,claim-b576bdaa57856f92,sig-3a63859218c752c6,delivered,1,1,1,,
exp-2b33b808a0f8,run-ed9ded3530a007da,claim-b576bdaa57856f92,sig-3a63859218c752c6,delivered,1,1,1,,
exp-2b33b808a0f8,run-f1c7a1720441050f,claim-b576bdaa57856f92,sig-3a63859218c752c6,delivered,1,1,1,,
exp-2b33b808a0f8,run-f1da5d7783f85774,claim-b576bdaa57856f92,sig-3a63859218c752c6,delivered,1,1,1,,
exp-2b33b808a0f8,run-f2b06819f6cdf5c3,claim-b576bdaa57856f92,sig-3a63859218c752c6,delivered,1,1,1,,
exp-2b33b808a0f8,run-f6d8a6bffd539b01,claim-b576bdaa57856f92,sig-3a63859218c752c6,delivered,1,1,1,,
exp-2b33b808a0f8,run-9e13e54cda7d586a,claim-77ce0eb2c4c03821,sig-3a6884f010c7c4ad,delivered,1,1,1,,
exp-2b33b808a0f8,run-b6164e0a3c9ee1c7,claim-77ce0eb2c4c03821,sig-3a6884f010c7c4ad,delivered,1,1,1,,
exp-2b33b808a0f8,run-bdbb3ee62a506ea8,claim-77ce0eb2c4c03821,sig-3a6884f010c7c4ad,delivered,1,1,1,,
exp-2b33b808a0f8,run-107e053141aef5a2,claim-b232a55ad5fce408,sig-3a6e155c4a1b8ba6,delivered,1,1,1,,
exp-2b33b808a0f8,run-5f72dfbc37ae3836,claim-b232a55ad5fce408,sig-3a6e155c4a1b8ba6,delivered,1,1,1,,
exp-2b33b808a0f8,run-60c27be7bfd13181,claim-b232a55ad5fce408,sig-3a6e155c4a1b8ba6,delivered,1,1,1,,
exp-2b33b808a0f8,run-7a43182838a92b4d,claim-b232a55ad5fce408,sig-3a6e155c4a1b8ba6,delivered,1,1,1,,
exp-2b33b808a0f8,run-9fd3eacdb49f1187,claim-b232a55ad5fce408,sig-3a6e155c4a1b8ba6,delivered,1,1,1,,
exp-2b33b808a0f8,run-fa92f9e908dcd179,claim-b232a55ad5fce408,sig-3a6e155c4a1b8ba6,delivered,1,1,1,,
exp-2b33b808a0f8,run-0f9dd47be805d0d2,claim-3118d11dcd34bba4,sig-3a9a2df0e9ba8c02,delivered,1,1,1,,
exp-2b33b808a0f8,run-38e71c05cfcffb71,claim-3118d11dcd34bba4,sig-3a9a2df0e9ba8c02,delivered,1,1,1,,
exp-2b33b808a0f8,run-6906bd9b7990509a,claim-3118d11dcd34bba4,sig-3a9a2df0e9ba8c02,delivered,1,1,1,,
exp-2b33b808a0f8,run-b7f8311340d0f5c0,claim-3118d11dcd34bba4,sig-3a9a2df0e9ba8c02,delivered,1,1,1,,
exp-2b33b808a0f8,run-e09a9c6c7fbe74db,claim-3118d11dcd34bba4,sig-3a9a2df0e9ba8c02,delivered,1,1,1,,
exp-2b33b808a0f8,run-ea2e4f2c800425a8,claim-3118d11dcd34bba4,sig-3a9a2df0e9ba8c02,delivered,1,1,1,,
exp-2b33b808a0f8,run-2913a8bf3b14dd18,claim-b8dbd5d925176bc1,sig-3ac1f867135b4c52,delivered,1,1,1,,
exp-2b33b808a0f8,run-2c5ed9ccf72ab3ff,claim-b8dbd5d925176bc1,sig-3ac1f867135b4c52,delivered,1,1,1,,
exp-2b33b808a0f8,run-421a9e310b9451d9,claim-b8dbd5d925176bc1,sig-3ac1f867135b4c52,delivered,1,1,1,,
exp-2b33b808a0f8,run-4a9abd6b049cfa48,claim-b8dbd5d925176bc1,sig-3ac1f867135b4c52,delivered,1,1,1,,
exp-2b33b808a0f8,run-4bc70e3c7d09ccca,claim-b8dbd5d925176bc1,sig-3ac1f867135b4c52,delivered,1,1,1,,
exp-2b33b808a0f8,run-4be88edbdd58b0b7,claim-b8dbd5d925176bc1,sig-3ac1f867135b4c52,delivered,1,1,1,,
exp-2b33b808a0f8,run-533b1ebf9907abc5,claim-b8dbd5d925176bc1,sig-3ac1f867135b4c52,delivered,1,1,1,,
exp-2b33b808a0f8,run-5ab8996c310b76bc,claim-b8dbd5d925176bc1,sig-3ac1f867135b4c52,delivered,1,1,1,,
exp-2b33b808a0f8,run-8628fb2f21bdfa9a,claim-b8dbd5d925176bc1,sig-3ac1f867135b4c52,delivered,1,1,1,,
exp-2b33b808a0f8,run-98bc95649ddb8f4c,claim-b8dbd5d925176bc1,sig-3ac1f867135b4c52,delivered,1,1,1,,
exp-2b33b808a0f8,run-a2a07f1fba72c484,claim-b8dbd5d925176bc1,sig-3ac1f867135b4c52,delivered,1,1,1,,
exp-2b33b808a0f8,run-c70b83220468c5cb,claim-b8dbd5d925176bc1,sig-3ac1f867135b4c52,delivered,1,1,1,,
exp-2b33b808a0f8,run-dda79e04e10eeb3f,claim-b8dbd5d925176bc1,sig-3ac1f867135b4c52,delivered,1,1,1,,
exp-2b33b808a0f8,run-f31bacd7825a158b,claim-b8dbd5d925176bc1,sig-3ac1f867135b4c52,delivered,1,1,1,,
exp-2b33b808a0f8,run-f8641a2b2b522c65,claim-b8dbd5d925176bc1,sig-3ac1f867135b4c52,delivered,1,1,1,,
exp-2b33b808a0f8,run-13a88125b47c3116,claim-0bac7e0b982e6eec,sig-3ae55b8dcf1a3704,delivered,1,1,1,,
exp-2b33b808a0f8,run-13afd1c7ef164da6,claim-0bac7e0b982e6eec,sig-3ae55b8dcf1a3704,delivered,1,1,1,,
exp-2b33b808a0f8,run-299407f942ccfe44,claim-0bac7e0b982e6eec,sig-3ae55b8dcf1a3704,delivered,1,1,1,,
exp-2b33b808a0f8,run-40d744a8e6f22616,claim-0bac7e0b982e6eec,sig-3ae55b8dcf1a3704,delivered,1,1,1,,
exp-2b33b808a0f8,run-427de9f5f80631bb,claim-0bac7e0b982e6eec,sig-3ae55b8dcf1a3704,delivered,1,1,1,,
exp-2b33b808a0f8,run-56a885c3be5ad659,claim-0bac7e0b982e6eec,sig-3ae55b8dcf1a3704,delivered,1,1,1,,
exp-2b33b808a0f8,run-65fb89d7c4ce4fff,claim-0bac7e0b982e6eec,sig-3ae55b8dcf1a3704,delivered,1,1,1,,
exp-2b33b808a0f8,run-b9c91e3ca797b757,claim-0bac7e0b982e6eec,sig-3ae55b8dcf1a3704,delivered,1,1,1,,
exp-2b33b808a0f8,run-cb26f0bc1de44dfe,claim-0bac7e0b982e6eec,sig-3ae55b8dcf1a3704,delivered,1,1,1,,
exp-2b33b808a0f8,run-2231a5437da60871,claim-f1ca7113675429dd,sig-3aec0dc371f7a76d,delivered,1,1,1,,
exp-2b33b808a0f8,run-54dfa16175253c38,claim-f1ca7113675429dd,sig-3aec0dc371f7a76d,delivered,1,1,1,,
exp-2b33b808a0f8,run-6d394564f18187f9,claim-f1ca7113675429dd,sig-3aec0dc371f7a76d,delivered,1,1,1,,
exp-2b33b808a0f8,run-802196ca10c28e03,claim-f1ca7113675429dd,sig-3aec0dc371f7a76d,delivered,1,1,1,,
exp-2b33b808a0f8,run-e08a8eb7877cb862,claim-f1ca7113675429dd,sig-3aec0dc371f7a76d,delivered,1,1,1,,
exp-2b33b808a0f8,run-fad00c5c2a4305ab,claim-f1ca7113675429dd,sig-3aec0dc371f7a76d,delivered,1,1,1,,
exp-2b33b808a0f8,run-f6d8a6bffd539b01,claim-920d098eeee29465,sig-3dbceb9499e218d4,delivered,1,1,1,,
exp-2b33b808a0f8,run-024c8ebdc05e33a8,claim-3ae82f5b59a482b8,sig-3e2d228c0aa89ce3,delivered,0,1,1,0,
exp-2b33b808a0f8,run-da80cb0756bb72c1,claim-3ae82f5b59a482b8,sig-3e2d228c0aa89ce3,delivered,0,1,1,0,
exp-2b33b808a0f8,run-07debd3836121a4c,claim-5b774c7a5fd0f54e,sig-3e43cb9a759a756c,delivered,1,1,1,,
exp-2b33b808a0f8,run-19ef64ede03e3f70,claim-5b774c7a5fd0f54e,sig-3e43cb9a759a756c,delivered,1,1,1,,
exp-2b33b808a0f8,run-e791d1ca36891afd,claim-5b774c7a5fd0f54e,sig-3e43cb9a759a756c,delivered,1,1,1,,
exp-2b33b808a0f8,run-0f9dd47be805d0d2,claim-e725a7259ae6330f,sig-3f362ca96d44b606,delivered,1,1,1,,
exp-2b33b808a0f8,run-38e71c05cfcffb71,claim-e725a7259ae6330f,sig-3f362ca96d44b606,delivered,1,1,1,,
exp-2b33b808a0f8,run-6906bd9b7990509a,claim-e725a7259ae6330f,sig-3f362ca96d44b606,delivered,1,1,1,,
exp-2b33b808a0f8,run-7ebc93e6754f1bb3,claim-e725a7259ae6330f,sig-3f362ca96d44b606,delivered,1,1,1,,
exp-2b33b808a0f8,run-87f02234f88d5831,claim-e725a7259ae6330f,sig-3f362ca96d44b606,delivered,1,1,1,,
exp-2b33b808a0f8,run-8f35f254ebb2acd3,claim-e725a7259ae6330f,sig-3f362ca96d44b606,delivered,1,1,1,,
exp-2b33b808a0f8,run-1619336f4c8443db,claim-729318bf1714782a,sig-3f9920b096559a74,delivered,1,1,1,,
exp-2b33b808a0f8,run-2c80b667b1e14131,claim-729318bf1714782a,sig-3f9920b096559a74,delivered,1,1,1,,
exp-2b33b808a0f8,run-3077d26358e3e6c2,claim-729318bf1714782a,sig-3f9920b096559a74,delivered,1,1,1,,
exp-2b33b808a0f8,run-7c7ff2af92c151e9,claim-729318bf1714782a,sig-3f9920b096559a74,delivered,1,1,1,,
exp-2b33b808a0f8,run-a6aad9d55897ddf3,claim-729318bf1714782a,sig-3f9920b096559a74,delivered,1,1,1,,
exp-2b33b808a0f8,run-c898b60149672477,claim-729318bf1714782a,sig-3f9920b096559a74,delivered,1,1,1,,
exp-2b33b808a0f8,run-d60faf210ac29cea,claim-729318bf1714782a,sig-3f9920b096559a74,delivered,1,1,1,,
exp-2b33b808a0f8,run-f5d02c54d049405c,claim-729318bf1714782a,sig-3f9920b096559a74,delivered,1,1,1,,
exp-2b33b808a0f8,run-fde91c8a36f73bc9,claim-729318bf1714782a,sig-3f9920b096559a74,delivered,1,1,1,,
exp-2b33b808a0f8,run-0218897335c9fc07,claim-c4877a5cc7a9f05f,sig-400afe017c2c3c0d,delivered,1,1,1,,
exp-2b33b808a0f8,run-024c8ebdc05e33a8,claim-c4877a5cc7a9f05f,sig-400afe017c2c3c0d,delivered,1,1,1,,
exp-2b33b808a0f8,run-05bc48ddb286d994,claim-c4877a5cc7a9f05f,sig-400afe017c2c3c0d,delivered,1,1,1,,
exp-2b33b808a0f8,run-0ed59ea471f8c823,claim-c4877a5cc7a9f05f,sig-400afe017c2c3c0d,delivered,1,1,1,,
exp-2b33b808a0f8,run-121bae4857799859,claim-c4877a5cc7a9f05f,sig-400afe017c2c3c0d,delivered,1,1,1,,
exp-2b33b808a0f8,run-2cd8b7888af1dfd8,claim-c4877a5cc7a9f05f,sig-400afe017c2c3c0d,delivered,1,1,1,,
exp-2b33b808a0f8,run-2e5d894151df8e29,claim-c4877a5cc7a9f05f,sig-400afe017c2c3c0d,delivered,1,1,1,,
exp-2b33b808a0f8,run-47f6297369f81ccd,claim-c4877a5cc7a9f05f,sig-400afe017c2c3c0d,delivered,1,1,1,,
exp-2b33b808a0f8,run-548b9449d2e5ac2b,claim-c4877a5cc7a9f05f,sig-400afe017c2c3c0d,delivered,1,1,1,,
exp-2b33b808a0f8,run-5f8c41dc5117d3f7,claim-c4877a5cc7a9f05f,sig-400afe017c2c3c0d,delivered,1,1,1,,
exp-2b33b808a0f8,run-626495f4dbb14cf3,claim-c4877a5cc7a9f05f,sig-400afe017c2c3c0d,delivered,1,1,1,,
exp-2b33b808a0f8,run-66a8f123be374114,claim-c4877a5cc7a9f05f,sig-400afe017c2c3c0d,delivered,1,1,1,,
exp-2b33b808a0f8,run-82654eb217e99ef6,claim-c4877a5cc7a9f05f,sig-400afe017c2c3c0d,delivered,1,1,1,,
exp-2b33b808a0f8,run-8c29734783624630,claim-c4877a5cc7a9f05f,sig-400afe017c2c3c0d,delivered,1,1,1,,
exp-2b33b808a0f8,run-9f21a8e6490902ba,claim-c4877a5cc7a9f05f,sig-400afe017c2c3c0d,delivered,1,1,1,,
exp-2b33b808a0f8,run-a91e83d95f4150ea,claim-c4877a5cc7a9f05f,sig-400afe017c2c3c0d,delivered,1,1,1,,
exp-2b33b808a0f8,run-aef2c0f3501e6b9f,claim-c4877a5cc7a9f05f,sig-400afe017c2c3c0d,delivered,1,1,1,,
exp-2b33b808a0f8,run-c31fdf2665c43f45,claim-c4877a5cc7a9f05f,sig-400afe017c2c3c0d,delivered,1,1,1,,
exp-2b33b808a0f8,run-cc57ad8a8d2714d7,claim-c4877a5cc7a9f05f,sig-400afe017c2c3c0d,delivered,1,1,1,,
exp-2b33b808a0f8,run-cfbfb19332bde82e,claim-c4877a5cc7a9f05f,sig-400afe017c2c3c0d,delivered,1,1,1,,
exp-2b33b808a0f8,run-da80cb0756bb72c1,claim-c4877a5cc7a9f05f,sig-400afe017c2c3c0d,delivered,1,1,1,,
exp-2b33b808a0f8,run-deef30be3782be8a,claim-c4877a5cc7a9f05f,sig-400afe017c2c3c0d,delivered,1,1,1,,
exp-2b33b808a0f8,run-f2913fb769b7d837,claim-c4877a5cc7a9f05f,sig-400afe017c2c3c0d,delivered,1,1,1,,
exp-2b33b808a0f8,run-fd7c4293eec328ed,claim-c4877a5cc7a9f05f,sig-400afe017c2c3c0d,delivered,1,1,1,,
exp-2b33b808a0f8,run-08239fa79adec9bb,claim-db58e68a276f73f2,sig-40b44bf62818b285,delivered,1,1,1,,
exp-2b33b808a0f8,run-22c666cf37db328f,claim-db58e68a276f73f2,sig-40b44bf62818b285,delivered,1,1,1,,
exp-2b33b808a0f8,run-25eaa2510fbfbaff,claim-db58e68a276f73f2,sig-40b44bf62818b285,delivered,1,1,1,,
exp-2b33b808a0f8,run-26c66a98702e0a01,claim-db58e68a276f73f2,sig-40b44bf62818b285,delivered,1,1,1,,
exp-2b33b808a0f8,run-2913a8bf3b14dd18,claim-db58e68a276f73f2,sig-40b44bf62818b285,delivered,1,1,1,,
exp-2b33b808a0f8,run-2a9c3ec6dd6e9d8f,claim-db58e68a276f73f2,sig-40b44bf62818b285,delivered,1,1,1,,
exp-2b33b808a0f8,run-2b307fc83ae74fb5,claim-db58e68a276f73f2,sig-40b44bf62818b285,delivered,1,1,1,,
exp-2b33b808a0f8,run-2c5ed9ccf72ab3ff,claim-db58e68a276f73f2,sig-40b44bf62818b285,delivered,1,1,1,,
exp-2b33b808a0f8,run-3e6218c854422e8d,claim-db58e68a276f73f2,sig-40b44bf62818b285,delivered,1,1,1,,
exp-2b33b808a0f8,run-421a9e310b9451d9,claim-db58e68a276f73f2,sig-40b44bf62818b285,delivered,1,1,1,,
exp-2b33b808a0f8,run-4a9abd6b049cfa48,claim-db58e68a276f73f2,sig-40b44bf62818b285,delivered,1,1,1,,
exp-2b33b808a0f8,run-4bc70e3c7d09ccca,claim-db58e68a276f73f2,sig-40b44bf62818b285,delivered,1,1,1,,
exp-2b33b808a0f8,run-4be88edbdd58b0b7,claim-db58e68a276f73f2,sig-40b44bf62818b285,delivered,1,1,1,,
exp-2b33b808a0f8,run-533b1ebf9907abc5,claim-db58e68a276f73f2,sig-40b44bf62818b285,delivered,1,1,1,,
exp-2b33b808a0f8,run-54c829c9332d7705,claim-db58e68a276f73f2,sig-40b44bf62818b285,delivered,1,1,1,,
exp-2b33b808a0f8,run-602d62632c3acac1,claim-db58e68a276f73f2,sig-40b44bf62818b285,delivered,1,1,1,,
exp-2b33b808a0f8,run-637de2634f99fe17,claim-db58e68a276f73f2,sig-40b44bf62818b285,delivered,1,1,1,,
exp-2b33b808a0f8,run-98bc95649ddb8f4c,claim-db58e68a276f73f2,sig-40b44bf62818b285,delivered,1,1,1,,
exp-2b33b808a0f8,run-a2a07f1fba72c484,claim-db58e68a276f73f2,sig-40b44bf62818b285,delivered,1,1,1,,
exp-2b33b808a0f8,run-c70b83220468c5cb,claim-db58e68a276f73f2,sig-40b44bf62818b285,delivered,1,1,1,,
exp-2b33b808a0f8,run-c98546e59cb90ee4,claim-db58e68a276f73f2,sig-40b44bf62818b285,delivered,1,1,1,,
exp-2b33b808a0f8,run-d96c8c1fd86b590a,claim-db58e68a276f73f2,sig-40b44bf62818b285,delivered,1,1,1,,
exp-2b33b808a0f8,run-dda79e04e10eeb3f,claim-db58e68a276f73f2,sig-40b44bf62818b285,delivered,1,1,1,,
exp-2b33b808a0f8,run-f31bacd7825a158b,claim-db58e68a276f73f2,sig-40b44bf62818b285,delivered,1,1,1,,
exp-2b33b808a0f8,run-374dc2e21f594ec4,claim-a20f82f809611ae5,sig-4126a337fa89df29,delivered,1,1,1,,
exp-2b33b808a0f8,run-5f9908a782b1c6e3,claim-a20f82f809611ae5,sig-4126a337fa89df29,delivered,1,1,1,,
exp-2b33b808a0f8,run-82a20b31b2b8e7ef,claim-a20f82f809611ae5,sig-4126a337fa89df29,delivered,1,1,1,,
exp-2b33b808a0f8,run-3df61f770d52dd70,claim-0084b471ddf01afe,sig-41b04b655d63c040,delivered,1,1,1,,
exp-2b33b808a0f8,run-48d6ce857c49a2d2,claim-0084b471ddf01afe,sig-41b04b655d63c040,delivered,1,1,1,,
exp-2b33b808a0f8,run-a191e82fe0552ab5,claim-0084b471ddf01afe,sig-41b04b655d63c040,delivered,1,1,1,,
exp-2b33b808a0f8,run-08aa8b26c1ded7ed,claim-9e3e3b1f0965fab2,sig-42ed39a572c65bfd,delivered,1,1,1,,
exp-2b33b808a0f8,run-67793a64b66d5a38,claim-9e3e3b1f0965fab2,sig-42ed39a572c65bfd,delivered,1,1,1,,
exp-2b33b808a0f8,run-fd184a609106633b,claim-9e3e3b1f0965fab2,sig-42ed39a572c65bfd,delivered,1,1,1,,
exp-2b33b808a0f8,run-2883d20895417f2d,claim-e83ef9caaef8cc7e,sig-43086708d407b709,delivered,1,1,1,,
exp-2b33b808a0f8,run-2913a8bf3b14dd18,claim-e83ef9caaef8cc7e,sig-43086708d407b709,delivered,1,1,1,,
exp-2b33b808a0f8,run-2c5ed9ccf72ab3ff,claim-e83ef9caaef8cc7e,sig-43086708d407b709,delivered,1,1,1,,
exp-2b33b808a0f8,run-3a63d8383c08c8ac,claim-e83ef9caaef8cc7e,sig-43086708d407b709,delivered,1,1,1,,
exp-2b33b808a0f8,run-421a9e310b9451d9,claim-e83ef9caaef8cc7e,sig-43086708d407b709,delivered,1,1,1,,
exp-2b33b808a0f8,run-48f83c5035a70d6d,claim-e83ef9caaef8cc7e,sig-43086708d407b709,delivered,1,1,1,,
exp-2b33b808a0f8,run-4a9abd6b049cfa48,claim-e83ef9caaef8cc7e,sig-43086708d407b709,delivered,1,1,1,,
exp-2b33b808a0f8,run-4bc70e3c7d09ccca,claim-e83ef9caaef8cc7e,sig-43086708d407b709,delivered,1,1,1,,
exp-2b33b808a0f8,run-4be88edbdd58b0b7,claim-e83ef9caaef8cc7e,sig-43086708d407b709,delivered,1,1,1,,
exp-2b33b808a0f8,run-533b1ebf9907abc5,claim-e83ef9caaef8cc7e,sig-43086708d407b709,delivered,1,1,1,,
exp-2b33b808a0f8,run-548b9449d2e5ac2b,claim-e83ef9caaef8cc7e,sig-43086708d407b709,delivered,1,1,1,,
exp-2b33b808a0f8,run-5666f4cf16ada7ef,claim-e83ef9caaef8cc7e,sig-43086708d407b709,delivered,1,1,1,,
exp-2b33b808a0f8,run-5ab8996c310b76bc,claim-e83ef9caaef8cc7e,sig-43086708d407b709,delivered,1,1,1,,
exp-2b33b808a0f8,run-8628fb2f21bdfa9a,claim-e83ef9caaef8cc7e,sig-43086708d407b709,delivered,1,1,1,,
exp-2b33b808a0f8,run-98bc95649ddb8f4c,claim-e83ef9caaef8cc7e,sig-43086708d407b709,delivered,1,1,1,,
exp-2b33b808a0f8,run-a2a07f1fba72c484,claim-e83ef9caaef8cc7e,sig-43086708d407b709,delivered,1,1,1,,
exp-2b33b808a0f8,run-b092f115d5e62166,claim-e83ef9caaef8cc7e,sig-43086708d407b709,delivered,1,1,1,,
exp-2b33b808a0f8,run-b2e669dbbe4fc670,claim-e83ef9caaef8cc7e,sig-43086708d407b709,delivered,1,1,1,,
exp-2b33b808a0f8,run-c70b83220468c5cb,claim-e83ef9caaef8cc7e,sig-43086708d407b709,delivered,1,1,1,,
exp-2b33b808a0f8,run-cfbfb19332bde82e,claim-e83ef9caaef8cc7e,sig-43086708d407b709,delivered,1,1,1,,
exp-2b33b808a0f8,run-dda79e04e10eeb3f,claim-e83ef9caaef8cc7e,sig-43086708d407b709,delivered,1,1,1,,
exp-2b33b808a0f8,run-f2913fb769b7d837,claim-e83ef9caaef8cc7e,sig-43086708d407b709,delivered,1,1,1,,
exp-2b33b808a0f8,run-f31bacd7825a158b,claim-e83ef9caaef8cc7e,sig-43086708d407b709,delivered,1,1,1,,
exp-2b33b808a0f8,run-f8641a2b2b522c65,claim-e83ef9caaef8cc7e,sig-43086708d407b709,delivered,1,1,1,,
exp-2b33b808a0f8,run-05d091d23664cc1e,claim-d00da94479912437,sig-437909bf4f790e02,delivered,1,1,1,,
exp-2b33b808a0f8,run-1619336f4c8443db,claim-d00da94479912437,sig-437909bf4f790e02,delivered,1,1,1,,
exp-2b33b808a0f8,run-2c80b667b1e14131,claim-d00da94479912437,sig-437909bf4f790e02,delivered,1,1,1,,
exp-2b33b808a0f8,run-7c7ff2af92c151e9,claim-d00da94479912437,sig-437909bf4f790e02,delivered,1,1,1,,
exp-2b33b808a0f8,run-7dfc02679606cd15,claim-d00da94479912437,sig-437909bf4f790e02,delivered,1,1,1,,
exp-2b33b808a0f8,run-a6aad9d55897ddf3,claim-d00da94479912437,sig-437909bf4f790e02,delivered,1,1,1,,
exp-2b33b808a0f8,run-c898b60149672477,claim-d00da94479912437,sig-437909bf4f790e02,delivered,1,1,1,,
exp-2b33b808a0f8,run-cb9e6b2ad617099c,claim-d00da94479912437,sig-437909bf4f790e02,delivered,1,1,1,,
exp-2b33b808a0f8,run-d60faf210ac29cea,claim-d00da94479912437,sig-437909bf4f790e02,delivered,1,1,1,,
exp-2b33b808a0f8,run-f5d02c54d049405c,claim-d00da94479912437,sig-437909bf4f790e02,delivered,1,1,1,,
exp-2b33b808a0f8,run-fde91c8a36f73bc9,claim-d00da94479912437,sig-437909bf4f790e02,delivered,1,1,1,,
exp-2b33b808a0f8,run-06c033c5a4b3310b,claim-1f8bfe40cefce135,sig-4467b5b1c35b9710,delivered,1,1,1,,
exp-2b33b808a0f8,run-0f9dd47be805d0d2,claim-1f8bfe40cefce135,sig-4467b5b1c35b9710,delivered,1,1,1,,
exp-2b33b808a0f8,run-326bfbb0f8ea7d96,claim-1f8bfe40cefce135,sig-4467b5b1c35b9710,delivered,1,1,1,,
exp-2b33b808a0f8,run-33025bf9675b9c53,claim-1f8bfe40cefce135,sig-4467b5b1c35b9710,delivered,1,1,1,,
exp-2b33b808a0f8,run-38e71c05cfcffb71,claim-1f8bfe40cefce135,sig-4467b5b1c35b9710,delivered,1,1,1,,
exp-2b33b808a0f8,run-3ca09ee4663ee36e,claim-1f8bfe40cefce135,sig-4467b5b1c35b9710,delivered,1,1,1,,
exp-2b33b808a0f8,run-50b2b7111a212006,claim-1f8bfe40cefce135,sig-4467b5b1c35b9710,delivered,1,1,1,,
exp-2b33b808a0f8,run-652d659454d8ad9e,claim-1f8bfe40cefce135,sig-4467b5b1c35b9710,delivered,1,1,1,,
exp-2b33b808a0f8,run-688fc7e2f44ed2f2,claim-1f8bfe40cefce135,sig-4467b5b1c35b9710,delivered,1,1,1,,
exp-2b33b808a0f8,run-6906bd9b7990509a,claim-1f8bfe40cefce135,sig-4467b5b1c35b9710,delivered,1,1,1,,
exp-2b33b808a0f8,run-6fc1c1ab955868bf,claim-1f8bfe40cefce135,sig-4467b5b1c35b9710,delivered,1,1,1,,
exp-2b33b808a0f8,run-745eb0d732d3c8be,claim-1f8bfe40cefce135,sig-4467b5b1c35b9710,delivered,1,1,1,,
exp-2b33b808a0f8,run-755195f7318a0011,claim-1f8bfe40cefce135,sig-4467b5b1c35b9710,delivered,1,1,1,,
exp-2b33b808a0f8,run-7ebc93e6754f1bb3,claim-1f8bfe40cefce135,sig-4467b5b1c35b9710,delivered,1,1,1,,
exp-2b33b808a0f8,run-85eabeb58e5c97e7,claim-1f8bfe40cefce135,sig-4467b5b1c35b9710,delivered,1,1,1,,
exp-2b33b808a0f8,run-87f02234f88d5831,claim-1f8bfe40cefce135,sig-4467b5b1c35b9710,delivered,1,1,1,,
exp-2b33b808a0f8,run-8f35f254ebb2acd3,claim-1f8bfe40cefce135,sig-4467b5b1c35b9710,delivered,1,1,1,,
exp-2b33b808a0f8,run-ad7e5cf3555f7cf1,claim-1f8bfe40cefce135,sig-4467b5b1c35b9710,delivered,1,1,1,,
exp-2b33b808a0f8,run-b7f8311340d0f5c0,claim-1f8bfe40cefce135,sig-4467b5b1c35b9710,delivered,1,1,1,,
exp-2b33b808a0f8,run-cbfe7f989bdcbfd8,claim-1f8bfe40cefce135,sig-4467b5b1c35b9710,delivered,1,1,1,,
exp-2b33b808a0f8,run-e09a9c6c7fbe74db,claim-1f8bfe40cefce135,sig-4467b5b1c35b9710,delivered,1,1,1,,
exp-2b33b808a0f8,run-ea2e4f2c800425a8,claim-1f8bfe40cefce135,sig-4467b5b1c35b9710,delivered,1,1,1,,
exp-2b33b808a0f8,run-f0f90499d9da1b0c,claim-1f8bfe40cefce135,sig-4467b5b1c35b9710,delivered,1,1,1,,
exp-2b33b808a0f8,run-f4f7ab268273a712,claim-1f8bfe40cefce135,sig-4467b5b1c35b9710,delivered,1,1,1,,
exp-2b33b808a0f8,run-f8a130cde8a86849,claim-1f8bfe40cefce135,sig-4467b5b1c35b9710,delivered,1,1,1,,
exp-2b33b808a0f8,run-1584d685946fcbab,claim-149cb719cd6d25dd,sig-447fae72ac402f91,delivered,1,1,1,,
exp-2b33b808a0f8,run-16a39058c7f3cf9e,claim-149cb719cd6d25dd,sig-447fae72ac402f91,delivered,1,1,1,,
exp-2b33b808a0f8,run-1b3af856ea0d78ba,claim-149cb719cd6d25dd,sig-447fae72ac402f91,delivered,1,1,1,,
exp-2b33b808a0f8,run-2883d20895417f2d,claim-149cb719cd6d25dd,sig-447fae72ac402f91,delivered,1,1,1,,
exp-2b33b808a0f8,run-2913a8bf3b14dd18,claim-149cb719cd6d25dd,sig-447fae72ac402f91,delivered,1,1,1,,
exp-2b33b808a0f8,run-2c5ed9ccf72ab3ff,claim-149cb719cd6d25dd,sig-447fae72ac402f91,delivered,1,1,1,,
exp-2b33b808a0f8,run-3a63d8383c08c8ac,claim-149cb719cd6d25dd,sig-447fae72ac402f91,delivered,1,1,1,,
exp-2b33b808a0f8,run-421a9e310b9451d9,claim-149cb719cd6d25dd,sig-447fae72ac402f91,delivered,1,1,1,,
exp-2b33b808a0f8,run-48f83c5035a70d6d,claim-149cb719cd6d25dd,sig-447fae72ac402f91,delivered,1,1,1,,
exp-2b33b808a0f8,run-49d441481d22eaff,claim-149cb719cd6d25dd,sig-447fae72ac402f91,delivered,1,1,1,,
exp-2b33b808a0f8,run-4a9abd6b049cfa48,claim-149cb719cd6d25dd,sig-447fae72ac402f91,delivered,1,1,1,,
exp-2b33b808a0f8,run-4bc70e3c7d09ccca,claim-149cb719cd6d25dd,sig-447fae72ac402f91,delivered,1,1,1,,
exp-2b33b808a0f8,run-4be88edbdd58b0b7,claim-149cb719cd6d25dd,sig-447fae72ac402f91,delivered,1,1,1,,
exp-2b33b808a0f8,run-533b1ebf9907abc5,claim-149cb719cd6d25dd,sig-447fae72ac402f91,delivered,1,1,1,,
exp-2b33b808a0f8,run-548b9449d2e5ac2b,claim-149cb719cd6d25dd,sig-447fae72ac402f91,delivered,1,1,1,,
exp-2b33b808a0f8,run-5666f4cf16ada7ef,claim-149cb719cd6d25dd,sig-447fae72ac402f91,delivered,1,1,1,,
exp-2b33b808a0f8,run-5ab8996c310b76bc,claim-149cb719cd6d25dd,sig-447fae72ac402f91,delivered,1,1,1,,
exp-2b33b808a0f8,run-82e3fe2420e8e987,claim-149cb719cd6d25dd,sig-447fae72ac402f91,delivered,1,1,1,,
exp-2b33b808a0f8,run-8628fb2f21bdfa9a,claim-149cb719cd6d25dd,sig-447fae72ac402f91,delivered,1,1,1,,
exp-2b33b808a0f8,run-8fd820fb0fd3fa83,claim-149cb719cd6d25dd,sig-447fae72ac402f91,delivered,1,1,1,,
exp-2b33b808a0f8,run-98bc95649ddb8f4c,claim-149cb719cd6d25dd,sig-447fae72ac402f91,delivered,1,1,1,,
exp-2b33b808a0f8,run-a2a07f1fba72c484,claim-149cb719cd6d25dd,sig-447fae72ac402f91,delivered,1,1,1,,
exp-2b33b808a0f8,run-b092f115d5e62166,claim-149cb719cd6d25dd,sig-447fae72ac402f91,delivered,1,1,1,,
exp-2b33b808a0f8,run-b2e669dbbe4fc670,claim-149cb719cd6d25dd,sig-447fae72ac402f91,delivered,1,1,1,,
exp-2b33b808a0f8,run-b4f674eb9d401efd,claim-149cb719cd6d25dd,sig-447fae72ac402f91,delivered,1,1,1,,
exp-2b33b808a0f8,run-c70b83220468c5cb,claim-149cb719cd6d25dd,sig-447fae72ac402f91,delivered,1,1,1,,
exp-2b33b808a0f8,run-cfbfb19332bde82e,claim-149cb719cd6d25dd,sig-447fae72ac402f91,delivered,1,1,1,,
exp-2b33b808a0f8,run-dda79e04e10eeb3f,claim-149cb719cd6d25dd,sig-447fae72ac402f91,delivered,1,1,1,,
exp-2b33b808a0f8,run-e397ddb5605064f3,claim-149cb719cd6d25dd,sig-447fae72ac402f91,delivered,1,1,1,,
exp-2b33b808a0f8,run-e69a6fbcad4061ce,claim-149cb719cd6d25dd,sig-447fae72ac402f91,delivered,1,1,1,,
exp-2b33b808a0f8,run-f1ea2e8a09c56c99,claim-149cb719cd6d25dd,sig-447fae72ac402f91,delivered,1,1,1,,
exp-2b33b808a0f8,run-f2913fb769b7d837,claim-149cb719cd6d25dd,sig-447fae72ac402f91,delivered,1,1,1,,
exp-2b33b808a0f8,run-f31bacd7825a158b,claim-149cb719cd6d25dd,sig-447fae72ac402f91,delivered,1,1,1,,
exp-2b33b808a0f8,run-f8641a2b2b522c65,claim-149cb719cd6d25dd,sig-447fae72ac402f91,delivered,1,1,1,,
exp-2b33b808a0f8,run-2b6895cdd016ae4c,claim-857b2ec84fe748b5,sig-44915f48fb5be14b,delivered,1,1,1,,
exp-2b33b808a0f8,run-6ddc9f9b58c14914,claim-39473ea2ca61fe49,sig-4501452aa1eb0116,delivered,1,1,1,,
exp-2b33b808a0f8,run-fd0875ba4dfb44d6,claim-39473ea2ca61fe49,sig-4501452aa1eb0116,delivered,1,1,1,,
exp-2b33b808a0f8,run-9e13e54cda7d586a,claim-5ccba8b1d9927834,sig-456775fcf111adb6,delivered,1,1,1,,
exp-2b33b808a0f8,run-b6164e0a3c9ee1c7,claim-5ccba8b1d9927834,sig-456775fcf111adb6,delivered,1,1,1,,
exp-2b33b808a0f8,run-bdbb3ee62a506ea8,claim-5ccba8b1d9927834,sig-456775fcf111adb6,delivered,1,1,1,,
exp-2b33b808a0f8,run-080f51e2e1f6de5b,claim-26b121ce1a076eb9,sig-45726667cae61668,delivered,1,1,1,,
exp-2b33b808a0f8,run-08239fa79adec9bb,claim-26b121ce1a076eb9,sig-45726667cae61668,delivered,1,1,1,,
exp-2b33b808a0f8,run-169749d452c80c28,claim-26b121ce1a076eb9,sig-45726667cae61668,delivered,1,1,1,,
exp-2b33b808a0f8,run-22c666cf37db328f,claim-26b121ce1a076eb9,sig-45726667cae61668,delivered,1,1,1,,
exp-2b33b808a0f8,run-2883d20895417f2d,claim-26b121ce1a076eb9,sig-45726667cae61668,delivered,1,1,1,,
exp-2b33b808a0f8,run-2a9c3ec6dd6e9d8f,claim-26b121ce1a076eb9,sig-45726667cae61668,delivered,1,1,1,,
exp-2b33b808a0f8,run-2b6895cdd016ae4c,claim-26b121ce1a076eb9,sig-45726667cae61668,delivered,1,1,1,,
exp-2b33b808a0f8,run-31ef47d02bf73873,claim-26b121ce1a076eb9,sig-45726667cae61668,delivered,1,1,1,,
exp-2b33b808a0f8,run-3a63d8383c08c8ac,claim-26b121ce1a076eb9,sig-45726667cae61668,delivered,1,1,1,,
exp-2b33b808a0f8,run-41743e06e2fc2011,claim-26b121ce1a076eb9,sig-45726667cae61668,delivered,1,1,1,,
exp-2b33b808a0f8,run-47b9d87d8c408db1,claim-26b121ce1a076eb9,sig-45726667cae61668,delivered,1,1,1,,
exp-2b33b808a0f8,run-48010f9c27336ede,claim-26b121ce1a076eb9,sig-45726667cae61668,delivered,1,1,1,,
exp-2b33b808a0f8,run-48f83c5035a70d6d,claim-26b121ce1a076eb9,sig-45726667cae61668,delivered,1,1,1,,
exp-2b33b808a0f8,run-548b9449d2e5ac2b,claim-26b121ce1a076eb9,sig-45726667cae61668,delivered,1,1,1,,
exp-2b33b808a0f8,run-5666f4cf16ada7ef,claim-26b121ce1a076eb9,sig-45726667cae61668,delivered,1,1,1,,
exp-2b33b808a0f8,run-62573029114c0f29,claim-26b121ce1a076eb9,sig-45726667cae61668,delivered,1,1,1,,
exp-2b33b808a0f8,run-637de2634f99fe17,claim-26b121ce1a076eb9,sig-45726667cae61668,delivered,1,1,1,,
exp-2b33b808a0f8,run-64c414548a26e255,claim-26b121ce1a076eb9,sig-45726667cae61668,delivered,1,1,1,,
exp-2b33b808a0f8,run-7292d545a817f7b7,claim-26b121ce1a076eb9,sig-45726667cae61668,delivered,1,1,1,,
exp-2b33b808a0f8,run-7a81aa198df7a360,claim-26b121ce1a076eb9,sig-45726667cae61668,delivered,1,1,1,,
exp-2b33b808a0f8,run-809856b19e987477,claim-26b121ce1a076eb9,sig-45726667cae61668,delivered,1,1,1,,
exp-2b33b808a0f8,run-82121d93599b573f,claim-26b121ce1a076eb9,sig-45726667cae61668,delivered,1,1,1,,
exp-2b33b808a0f8,run-8f48500d07fefa0d,claim-26b121ce1a076eb9,sig-45726667cae61668,delivered,1,1,1,,
exp-2b33b808a0f8,run-97bca49872a1b9c7,claim-26b121ce1a076eb9,sig-45726667cae61668,delivered,1,1,1,,
exp-2b33b808a0f8,run-9a86c7d7c5a2206a,claim-26b121ce1a076eb9,sig-45726667cae61668,delivered,1,1,1,,
exp-2b33b808a0f8,run-ae142c1131d1a913,claim-26b121ce1a076eb9,sig-45726667cae61668,delivered,1,1,1,,
exp-2b33b808a0f8,run-ae9c163f6630a5f8,claim-26b121ce1a076eb9,sig-45726667cae61668,delivered,1,1,1,,
exp-2b33b808a0f8,run-b092f115d5e62166,claim-26b121ce1a076eb9,sig-45726667cae61668,delivered,1,1,1,,
exp-2b33b808a0f8,run-b2e669dbbe4fc670,claim-26b121ce1a076eb9,sig-45726667cae61668,delivered,1,1,1,,
exp-2b33b808a0f8,run-baff06b1798fd2ab,claim-26b121ce1a076eb9,sig-45726667cae61668,delivered,1,1,1,,
exp-2b33b808a0f8,run-bfc1fb37d31beee3,claim-26b121ce1a076eb9,sig-45726667cae61668,delivered,1,1,1,,
exp-2b33b808a0f8,run-c98546e59cb90ee4,claim-26b121ce1a076eb9,sig-45726667cae61668,delivered,1,1,1,,
exp-2b33b808a0f8,run-cfbfb19332bde82e,claim-26b121ce1a076eb9,sig-45726667cae61668,delivered,1,1,1,,
exp-2b33b808a0f8,run-d96c8c1fd86b590a,claim-26b121ce1a076eb9,sig-45726667cae61668,delivered,1,1,1,,
exp-2b33b808a0f8,run-f2913fb769b7d837,claim-26b121ce1a076eb9,sig-45726667cae61668,delivered,1,1,1,,
exp-2b33b808a0f8,run-f2b06819f6cdf5c3,claim-26b121ce1a076eb9,sig-45726667cae61668,delivered,1,1,1,,
exp-2b33b808a0f8,run-f3f30df9a4b8d9a5,claim-26b121ce1a076eb9,sig-45726667cae61668,delivered,1,1,1,,
exp-2b33b808a0f8,run-f463dfc540bd3689,claim-26b121ce1a076eb9,sig-45726667cae61668,delivered,1,1,1,,
exp-2b33b808a0f8,run-ff551810526d18de,claim-26b121ce1a076eb9,sig-45726667cae61668,delivered,1,1,1,,
exp-2b33b808a0f8,run-561879026bd8c4cc,claim-62549d5a13a5ea26,sig-4695e82ecfab2f61,delivered,1,1,1,,
exp-2b33b808a0f8,run-6696f865d45b6987,claim-62549d5a13a5ea26,sig-4695e82ecfab2f61,delivered,1,1,1,,
exp-2b33b808a0f8,run-8c6292478d058b13,claim-62549d5a13a5ea26,sig-4695e82ecfab2f61,delivered,1,1,1,,
exp-2b33b808a0f8,run-b788fe5ef4d59d69,claim-62549d5a13a5ea26,sig-4695e82ecfab2f61,delivered,1,1,1,,
exp-2b33b808a0f8,run-eeb7dfd13c9983fc,claim-62549d5a13a5ea26,sig-4695e82ecfab2f61,delivered,1,1,1,,
exp-2b33b808a0f8,run-53706f05bed87dad,claim-f1aae5b30c1dbde6,sig-470fa0c12a9788b9,delivered,1,1,1,,
exp-2b33b808a0f8,run-581d182fa373e4a8,claim-f1aae5b30c1dbde6,sig-470fa0c12a9788b9,delivered,1,1,1,,
exp-2b33b808a0f8,run-581e601a136ff413,claim-f1aae5b30c1dbde6,sig-470fa0c12a9788b9,delivered,1,1,1,,
exp-2b33b808a0f8,run-9ddf9be03d779768,claim-f1aae5b30c1dbde6,sig-470fa0c12a9788b9,delivered,1,1,1,,
exp-2b33b808a0f8,run-a34dc91443138554,claim-f1aae5b30c1dbde6,sig-470fa0c12a9788b9,delivered,1,1,1,,
exp-2b33b808a0f8,run-c12d31a0c14e4ea4,claim-f1aae5b30c1dbde6,sig-470fa0c12a9788b9,delivered,1,1,1,,
exp-2b33b808a0f8,run-cca66c90ef3b41c8,claim-f1aae5b30c1dbde6,sig-470fa0c12a9788b9,delivered,1,1,1,,
exp-2b33b808a0f8,run-ed9ded3530a007da,claim-f1aae5b30c1dbde6,sig-470fa0c12a9788b9,delivered,1,1,1,,
exp-2b33b808a0f8,run-f1da5d7783f85774,claim-f1aae5b30c1dbde6,sig-470fa0c12a9788b9,delivered,1,1,1,,
exp-2b33b808a0f8,run-86e0fb3cb34a86b9,claim-ddbc882c539048f6,sig-48422967d88ef989,delivered,1,1,1,,
exp-2b33b808a0f8,run-c5596c6cf2999ecc,claim-ddbc882c539048f6,sig-48422967d88ef989,delivered,1,1,1,,
exp-2b33b808a0f8,run-cbf903a67be76d0a,claim-ddbc882c539048f6,sig-48422967d88ef989,delivered,1,1,1,,
exp-2b33b808a0f8,run-26c66a98702e0a01,claim-42f55741044b7f70,sig-4898e4e2bf17474b,delivered,1,1,1,,
exp-2b33b808a0f8,run-2b307fc83ae74fb5,claim-42f55741044b7f70,sig-4898e4e2bf17474b,delivered,1,1,1,,
exp-2b33b808a0f8,run-54c829c9332d7705,claim-42f55741044b7f70,sig-4898e4e2bf17474b,delivered,1,1,1,,
exp-2b33b808a0f8,run-169749d452c80c28,claim-7803ebeefceccf40,sig-499d86b83551e08f,delivered,1,1,1,,
exp-2b33b808a0f8,run-22c666cf37db328f,claim-7803ebeefceccf40,sig-499d86b83551e08f,delivered,1,1,1,,
exp-2b33b808a0f8,run-26c66a98702e0a01,claim-7803ebeefceccf40,sig-499d86b83551e08f,delivered,1,1,1,,
exp-2b33b808a0f8,run-2a9c3ec6dd6e9d8f,claim-7803ebeefceccf40,sig-499d86b83551e08f,delivered,1,1,1,,
exp-2b33b808a0f8,run-2b307fc83ae74fb5,claim-7803ebeefceccf40,sig-499d86b83551e08f,delivered,1,1,1,,
exp-2b33b808a0f8,run-54c829c9332d7705,claim-7803ebeefceccf40,sig-499d86b83551e08f,delivered,1,1,1,,
exp-2b33b808a0f8,run-637de2634f99fe17,claim-7803ebeefceccf40,sig-499d86b83551e08f,delivered,1,1,1,,
exp-2b33b808a0f8,run-7a81aa198df7a360,claim-7803ebeefceccf40,sig-499d86b83551e08f,delivered,1,1,1,,
exp-2b33b808a0f8,run-bfc1fb37d31beee3,claim-7803ebeefceccf40,sig-499d86b83551e08f,delivered,1,1,1,,
exp-2b33b808a0f8,run-2231a5437da60871,claim-a2629b870c884acf,sig-49a0cd546cc39d46,delivered,1,1,1,,
exp-2b33b808a0f8,run-36dc5599241ff74c,claim-a2629b870c884acf,sig-49a0cd546cc39d46,delivered,1,1,1,,
exp-2b33b808a0f8,run-54dd198bde19e6cf,claim-a2629b870c884acf,sig-49a0cd546cc39d46,delivered,1,1,1,,
exp-2b33b808a0f8,run-54dfa16175253c38,claim-a2629b870c884acf,sig-49a0cd546cc39d46,delivered,1,1,1,,
exp-2b33b808a0f8,run-6d394564f18187f9,claim-a2629b870c884acf,sig-49a0cd546cc39d46,delivered,1,1,1,,
exp-2b33b808a0f8,run-802196ca10c28e03,claim-a2629b870c884acf,sig-49a0cd546cc39d46,delivered,1,1,1,,
exp-2b33b808a0f8,run-e08a8eb7877cb862,claim-a2629b870c884acf,sig-49a0cd546cc39d46,delivered,1,1,1,,
exp-2b33b808a0f8,run-eb3dc172de7476ad,claim-a2629b870c884acf,sig-49a0cd546cc39d46,delivered,1,1,1,,
exp-2b33b808a0f8,run-fad00c5c2a4305ab,claim-a2629b870c884acf,sig-49a0cd546cc39d46,delivered,1,1,1,,
exp-2b33b808a0f8,run-36dc5599241ff74c,claim-540dd5d29774ec7f,sig-4a497d1bf8d08d45,delivered,1,1,1,,
exp-2b33b808a0f8,run-54dd198bde19e6cf,claim-540dd5d29774ec7f,sig-4a497d1bf8d08d45,delivered,1,1,1,,
exp-2b33b808a0f8,run-86e0fb3cb34a86b9,claim-540dd5d29774ec7f,sig-4a497d1bf8d08d45,delivered,1,1,1,,
exp-2b33b808a0f8,run-c5596c6cf2999ecc,claim-540dd5d29774ec7f,sig-4a497d1bf8d08d45,delivered,1,1,1,,
exp-2b33b808a0f8,run-cbf903a67be76d0a,claim-540dd5d29774ec7f,sig-4a497d1bf8d08d45,delivered,1,1,1,,
exp-2b33b808a0f8,run-eb3dc172de7476ad,claim-540dd5d29774ec7f,sig-4a497d1bf8d08d45,delivered,1,1,1,,
exp-2b33b808a0f8,run-08aa8b26c1ded7ed,claim-643a06fc655572af,sig-4aa34001b4e1aebf,delivered,1,1,1,,
exp-2b33b808a0f8,run-27bf28105ca06fd4,claim-643a06fc655572af,sig-4aa34001b4e1aebf,delivered,1,1,1,,
exp-2b33b808a0f8,run-2db70520b400e899,claim-643a06fc655572af,sig-4aa34001b4e1aebf,delivered,1,1,1,,
exp-2b33b808a0f8,run-67793a64b66d5a38,claim-643a06fc655572af,sig-4aa34001b4e1aebf,delivered,1,1,1,,
exp-2b33b808a0f8,run-b0542bb5dad78106,claim-643a06fc655572af,sig-4aa34001b4e1aebf,delivered,1,1,1,,
exp-2b33b808a0f8,run-fd184a609106633b,claim-643a06fc655572af,sig-4aa34001b4e1aebf,delivered,1,1,1,,
exp-2b33b808a0f8,run-27bf28105ca06fd4,claim-4323dc911130f886,sig-4ad30c2921a6cc01,delivered,1,1,1,,
exp-2b33b808a0f8,run-2db70520b400e899,claim-4323dc911130f886,sig-4ad30c2921a6cc01,delivered,1,1,1,,
exp-2b33b808a0f8,run-92029ec55433f4ad,claim-4323dc911130f886,sig-4ad30c2921a6cc01,delivered,1,1,1,,
exp-2b33b808a0f8,run-a1dd10a320d74492,claim-4323dc911130f886,sig-4ad30c2921a6cc01,delivered,1,1,1,,
exp-2b33b808a0f8,run-b0542bb5dad78106,claim-4323dc911130f886,sig-4ad30c2921a6cc01,delivered,1,1,1,,
exp-2b33b808a0f8,run-fb3ce97f197123d1,claim-4323dc911130f886,sig-4ad30c2921a6cc01,delivered,1,1,1,,
exp-2b33b808a0f8,run-1619336f4c8443db,claim-66a1f4a4d9c69bee,sig-4b971db425b38dbb,delivered,1,1,1,,
exp-2b33b808a0f8,run-2c80b667b1e14131,claim-66a1f4a4d9c69bee,sig-4b971db425b38dbb,delivered,1,1,1,,
exp-2b33b808a0f8,run-3077d26358e3e6c2,claim-66a1f4a4d9c69bee,sig-4b971db425b38dbb,delivered,1,1,1,,
exp-2b33b808a0f8,run-7c7ff2af92c151e9,claim-66a1f4a4d9c69bee,sig-4b971db425b38dbb,delivered,1,1,1,,
exp-2b33b808a0f8,run-a6aad9d55897ddf3,claim-66a1f4a4d9c69bee,sig-4b971db425b38dbb,delivered,1,1,1,,
exp-2b33b808a0f8,run-c898b60149672477,claim-66a1f4a4d9c69bee,sig-4b971db425b38dbb,delivered,1,1,1,,
exp-2b33b808a0f8,run-d60faf210ac29cea,claim-66a1f4a4d9c69bee,sig-4b971db425b38dbb,delivered,1,1,1,,
exp-2b33b808a0f8,run-f5d02c54d049405c,claim-66a1f4a4d9c69bee,sig-4b971db425b38dbb,delivered,1,1,1,,
exp-2b33b808a0f8,run-fde91c8a36f73bc9,claim-66a1f4a4d9c69bee,sig-4b971db425b38dbb,delivered,1,1,1,,
exp-2b33b808a0f8,run-17af457d3e773d12,claim-b165955aa314a2ce,sig-4bf13139f313a3ae,delivered,1,1,1,,
exp-2b33b808a0f8,run-1827ab6678b4100e,claim-b165955aa314a2ce,sig-4bf13139f313a3ae,delivered,1,1,1,,
exp-2b33b808a0f8,run-1ad5774f2ec38993,claim-b165955aa314a2ce,sig-4bf13139f313a3ae,delivered,1,1,1,,
exp-2b33b808a0f8,run-22c72107573a4b60,claim-b165955aa314a2ce,sig-4bf13139f313a3ae,delivered,1,1,1,,
exp-2b33b808a0f8,run-30a6c9b3eb5dce42,claim-b165955aa314a2ce,sig-4bf13139f313a3ae,delivered,1,1,1,,
exp-2b33b808a0f8,run-40302b8b799e3bf1,claim-b165955aa314a2ce,sig-4bf13139f313a3ae,delivered,1,1,1,,
exp-2b33b808a0f8,run-68434cd370855dde,claim-b165955aa314a2ce,sig-4bf13139f313a3ae,delivered,1,1,1,,
exp-2b33b808a0f8,run-803b3c372bc924c5,claim-b165955aa314a2ce,sig-4bf13139f313a3ae,delivered,1,1,1,,
exp-2b33b808a0f8,run-89afe7e7549c985c,claim-b165955aa314a2ce,sig-4bf13139f313a3ae,delivered,1,1,1,,
exp-2b33b808a0f8,run-9119299991896d57,claim-b165955aa314a2ce,sig-4bf13139f313a3ae,delivered,1,1,1,,
exp-2b33b808a0f8,run-a43e1603dbdaba0d,claim-b165955aa314a2ce,sig-4bf13139f313a3ae,delivered,1,1,1,,
exp-2b33b808a0f8,run-d079e2109bf6da9a,claim-b165955aa314a2ce,sig-4bf13139f313a3ae,delivered,1,1,1,,
exp-2b33b808a0f8,run-d7f33141b5694988,claim-b165955aa314a2ce,sig-4bf13139f313a3ae,delivered,1,1,1,,
exp-2b33b808a0f8,run-f1776cca757489d5,claim-b165955aa314a2ce,sig-4bf13139f313a3ae,delivered,1,1,1,,
exp-2b33b808a0f8,run-f55733a3b9a826e4,claim-b165955aa314a2ce,sig-4bf13139f313a3ae,delivered,1,1,1,,
exp-2b33b808a0f8,run-36f70902baf2605c,claim-20bbd58d198ea03f,sig-4c1427099590ac76,delivered,1,1,1,,
exp-2b33b808a0f8,run-ebcbbda81e609372,claim-20bbd58d198ea03f,sig-4c1427099590ac76,delivered,1,1,1,,
exp-2b33b808a0f8,run-188a8d0550ccc9f1,claim-8333436a0541309d,sig-4cba19ddc1d68386,delivered,1,1,1,,
exp-2b33b808a0f8,run-217b27c32888985d,claim-8333436a0541309d,sig-4cba19ddc1d68386,delivered,1,1,1,,
exp-2b33b808a0f8,run-3ceaa0e4676003ac,claim-8333436a0541309d,sig-4cba19ddc1d68386,delivered,1,1,1,,
exp-2b33b808a0f8,run-3dcf417f7bfa03b2,claim-8333436a0541309d,sig-4cba19ddc1d68386,delivered,1,1,1,,
exp-2b33b808a0f8,run-85fcaf049510f0ee,claim-8333436a0541309d,sig-4cba19ddc1d68386,delivered,1,1,1,,
exp-2b33b808a0f8,run-95f0926102c7f977,claim-8333436a0541309d,sig-4cba19ddc1d68386,delivered,1,1,1,,
exp-2b33b808a0f8,run-9e50adaa1bc80ca9,claim-8333436a0541309d,sig-4cba19ddc1d68386,delivered,1,1,1,,
exp-2b33b808a0f8,run-b59197931236a821,claim-8333436a0541309d,sig-4cba19ddc1d68386,delivered,1,1,1,,
exp-2b33b808a0f8,run-f4b4966e3d0cf978,claim-8333436a0541309d,sig-4cba19ddc1d68386,delivered,1,1,1,,
exp-2b33b808a0f8,run-7ebc93e6754f1bb3,claim-3118d11dcd34bba4,sig-4d336b4bd21985f0,delivered,1,1,1,,
exp-2b33b808a0f8,run-87f02234f88d5831,claim-3118d11dcd34bba4,sig-4d336b4bd21985f0,delivered,1,1,1,,
exp-2b33b808a0f8,run-8f35f254ebb2acd3,claim-3118d11dcd34bba4,sig-4d336b4bd21985f0,delivered,1,1,1,,
exp-2b33b808a0f8,run-1619336f4c8443db,claim-f72c10602744d5e8,sig-4d970a176c2ca1d1,delivered,1,1,1,,
exp-2b33b808a0f8,run-25bb9ab7e7a7365a,claim-f72c10602744d5e8,sig-4d970a176c2ca1d1,delivered,1,1,1,,
exp-2b33b808a0f8,run-2c80b667b1e14131,claim-f72c10602744d5e8,sig-4d970a176c2ca1d1,delivered,1,1,1,,
exp-2b33b808a0f8,run-3077d26358e3e6c2,claim-f72c10602744d5e8,sig-4d970a176c2ca1d1,delivered,1,1,1,,
exp-2b33b808a0f8,run-64dbfef590df5805,claim-f72c10602744d5e8,sig-4d970a176c2ca1d1,delivered,1,1,1,,
exp-2b33b808a0f8,run-7c7ff2af92c151e9,claim-f72c10602744d5e8,sig-4d970a176c2ca1d1,delivered,1,1,1,,
exp-2b33b808a0f8,run-a1dd10a320d74492,claim-f72c10602744d5e8,sig-4d970a176c2ca1d1,delivered,1,1,1,,
exp-2b33b808a0f8,run-a6aad9d55897ddf3,claim-f72c10602744d5e8,sig-4d970a176c2ca1d1,delivered,1,1,1,,
exp-2b33b808a0f8,run-b0542bb5dad78106,claim-f72c10602744d5e8,sig-4d970a176c2ca1d1,delivered,1,1,1,,
exp-2b33b808a0f8,run-b322099a86af125a,claim-f72c10602744d5e8,sig-4d970a176c2ca1d1,delivered,1,1,1,,
exp-2b33b808a0f8,run-c898b60149672477,claim-f72c10602744d5e8,sig-4d970a176c2ca1d1,delivered,1,1,1,,
exp-2b33b808a0f8,run-d60faf210ac29cea,claim-f72c10602744d5e8,sig-4d970a176c2ca1d1,delivered,1,1,1,,
exp-2b33b808a0f8,run-f5d02c54d049405c,claim-f72c10602744d5e8,sig-4d970a176c2ca1d1,delivered,1,1,1,,
exp-2b33b808a0f8,run-fde91c8a36f73bc9,claim-f72c10602744d5e8,sig-4d970a176c2ca1d1,delivered,1,1,1,,
exp-2b33b808a0f8,run-2883d20895417f2d,claim-b8dbd5d925176bc1,sig-4de7d2140bc7d4bf,delivered,1,1,1,,
exp-2b33b808a0f8,run-3a63d8383c08c8ac,claim-b8dbd5d925176bc1,sig-4de7d2140bc7d4bf,delivered,1,1,1,,
exp-2b33b808a0f8,run-48f83c5035a70d6d,claim-b8dbd5d925176bc1,sig-4de7d2140bc7d4bf,delivered,1,1,1,,
exp-2b33b808a0f8,run-1654ed83a69b048a,claim-edebf6dc22d49062,sig-4decd130f33ccf0d,delivered,1,1,1,,
exp-2b33b808a0f8,run-3df61f770d52dd70,claim-edebf6dc22d49062,sig-4decd130f33ccf0d,delivered,1,1,1,,
exp-2b33b808a0f8,run-4171e29a7613b1bb,claim-edebf6dc22d49062,sig-4decd130f33ccf0d,delivered,1,1,1,,
exp-2b33b808a0f8,run-48d6ce857c49a2d2,claim-edebf6dc22d49062,sig-4decd130f33ccf0d,delivered,1,1,1,,
exp-2b33b808a0f8,run-4cfc7acc42bc677f,claim-edebf6dc22d49062,sig-4decd130f33ccf0d,delivered,1,1,1,,
exp-2b33b808a0f8,run-8283757cadda12d5,claim-edebf6dc22d49062,sig-4decd130f33ccf0d,delivered,1,1,1,,
exp-2b33b808a0f8,run-a191e82fe0552ab5,claim-edebf6dc22d49062,sig-4decd130f33ccf0d,delivered,1,1,1,,
exp-2b33b808a0f8,run-b13893f95aaaa626,claim-edebf6dc22d49062,sig-4decd130f33ccf0d,delivered,1,1,1,,
exp-2b33b808a0f8,run-b89fda5b70005cab,claim-edebf6dc22d49062,sig-4decd130f33ccf0d,delivered,1,1,1,,
exp-2b33b808a0f8,run-d9ecb9bb93d66dae,claim-edebf6dc22d49062,sig-4decd130f33ccf0d,delivered,1,1,1,,
exp-2b33b808a0f8,run-e2b8b5101f670dfe,claim-edebf6dc22d49062,sig-4decd130f33ccf0d,delivered,1,1,1,,
exp-2b33b808a0f8,run-fe5d76e33ccd3a62,claim-edebf6dc22d49062,sig-4decd130f33ccf0d,delivered,1,1,1,,
exp-2b33b808a0f8,run-156a83b4e0f32cfa,claim-4bf325b69a844fc6,sig-4dfce16e0fb7746a,delivered,1,1,1,,
exp-2b33b808a0f8,run-1d989b2933796a16,claim-4bf325b69a844fc6,sig-4dfce16e0fb7746a,delivered,1,1,1,,
exp-2b33b808a0f8,run-382a40867248c3e0,claim-4bf325b69a844fc6,sig-4dfce16e0fb7746a,delivered,1,1,1,,
exp-2b33b808a0f8,run-3d2d41ba2235d5fd,claim-4bf325b69a844fc6,sig-4dfce16e0fb7746a,delivered,1,1,1,,
exp-2b33b808a0f8,run-3ee3b3533922c3cd,claim-4bf325b69a844fc6,sig-4dfce16e0fb7746a,delivered,1,1,1,,
exp-2b33b808a0f8,run-598aaa80449e6816,claim-4bf325b69a844fc6,sig-4dfce16e0fb7746a,delivered,1,1,1,,
exp-2b33b808a0f8,run-bf37e2d5cbe4f3b9,claim-4bf325b69a844fc6,sig-4dfce16e0fb7746a,delivered,1,1,1,,
exp-2b33b808a0f8,run-eac9a626a1d8c14b,claim-4bf325b69a844fc6,sig-4dfce16e0fb7746a,delivered,1,1,1,,
exp-2b33b808a0f8,run-efdb047898d3bc26,claim-4bf325b69a844fc6,sig-4dfce16e0fb7746a,delivered,1,1,1,,
exp-2b33b808a0f8,run-3df61f770d52dd70,claim-378babd290f6ab3a,sig-509aca5c23fcc34e,delivered,1,1,1,,
exp-2b33b808a0f8,run-06c033c5a4b3310b,claim-9b4756d315422571,sig-513b366036772af1,delivered,1,1,1,,
exp-2b33b808a0f8,run-f4f7ab268273a712,claim-9b4756d315422571,sig-513b366036772af1,delivered,1,1,1,,
exp-2b33b808a0f8,run-f8a130cde8a86849,claim-9b4756d315422571,sig-513b366036772af1,delivered,1,1,1,,
exp-2b33b808a0f8,run-07debd3836121a4c,claim-128ba76c0395a1c3,sig-51deb5ab739c7317,delivered,1,1,1,,
exp-2b33b808a0f8,run-156a83b4e0f32cfa,claim-128ba76c0395a1c3,sig-51deb5ab739c7317,delivered,1,1,1,,
exp-2b33b808a0f8,run-19ef64ede03e3f70,claim-128ba76c0395a1c3,sig-51deb5ab739c7317,delivered,1,1,1,,
exp-2b33b808a0f8,run-1d989b2933796a16,claim-128ba76c0395a1c3,sig-51deb5ab739c7317,delivered,1,1,1,,
exp-2b33b808a0f8,run-374dc2e21f594ec4,claim-128ba76c0395a1c3,sig-51deb5ab739c7317,delivered,1,1,1,,
exp-2b33b808a0f8,run-382a40867248c3e0,claim-128ba76c0395a1c3,sig-51deb5ab739c7317,delivered,1,1,1,,
exp-2b33b808a0f8,run-3d2d41ba2235d5fd,claim-128ba76c0395a1c3,sig-51deb5ab739c7317,delivered,1,1,1,,
exp-2b33b808a0f8,run-3ee3b3533922c3cd,claim-128ba76c0395a1c3,sig-51deb5ab739c7317,delivered,1,1,1,,
exp-2b33b808a0f8,run-598aaa80449e6816,claim-128ba76c0395a1c3,sig-51deb5ab739c7317,delivered,1,1,1,,
exp-2b33b808a0f8,run-5f9908a782b1c6e3,claim-128ba76c0395a1c3,sig-51deb5ab739c7317,delivered,1,1,1,,
exp-2b33b808a0f8,run-82a20b31b2b8e7ef,claim-128ba76c0395a1c3,sig-51deb5ab739c7317,delivered,1,1,1,,
exp-2b33b808a0f8,run-bf37e2d5cbe4f3b9,claim-128ba76c0395a1c3,sig-51deb5ab739c7317,delivered,1,1,1,,
exp-2b33b808a0f8,run-e791d1ca36891afd,claim-128ba76c0395a1c3,sig-51deb5ab739c7317,delivered,1,1,1,,
exp-2b33b808a0f8,run-eac9a626a1d8c14b,claim-128ba76c0395a1c3,sig-51deb5ab739c7317,delivered,1,1,1,,
exp-2b33b808a0f8,run-efdb047898d3bc26,claim-128ba76c0395a1c3,sig-51deb5ab739c7317,delivered,1,1,1,,
exp-2b33b808a0f8,run-30a6c9b3eb5dce42,claim-50e2d97fcc833929,sig-51e477a7a484f8cb,delivered,1,1,1,,
exp-2b33b808a0f8,run-3996e6744fffc569,claim-50e2d97fcc833929,sig-51e477a7a484f8cb,delivered,1,1,1,,
exp-2b33b808a0f8,run-68434cd370855dde,claim-50e2d97fcc833929,sig-51e477a7a484f8cb,delivered,1,1,1,,
exp-2b33b808a0f8,run-6c88b2e46218c519,claim-50e2d97fcc833929,sig-51e477a7a484f8cb,delivered,1,1,1,,
exp-2b33b808a0f8,run-81291fb5e9520a72,claim-50e2d97fcc833929,sig-51e477a7a484f8cb,delivered,1,1,1,,
exp-2b33b808a0f8,run-d03cdd5172e2e4bb,claim-50e2d97fcc833929,sig-51e477a7a484f8cb,delivered,1,1,1,,
exp-2b33b808a0f8,run-d7f754d1c6032500,claim-50e2d97fcc833929,sig-51e477a7a484f8cb,delivered,1,1,1,,
exp-2b33b808a0f8,run-ebb905b917de9aa9,claim-50e2d97fcc833929,sig-51e477a7a484f8cb,delivered,1,1,1,,
exp-2b33b808a0f8,run-f55733a3b9a826e4,claim-50e2d97fcc833929,sig-51e477a7a484f8cb,delivered,1,1,1,,
exp-2b33b808a0f8,run-1827ab6678b4100e,claim-74544a970917e8ed,sig-52053f89cdf16e48,delivered,1,1,1,,
exp-2b33b808a0f8,run-27bf28105ca06fd4,claim-66a1f4a4d9c69bee,sig-5222dce3eab81e7a,delivered,1,1,1,,
exp-2b33b808a0f8,run-2db70520b400e899,claim-66a1f4a4d9c69bee,sig-5222dce3eab81e7a,delivered,1,1,1,,
exp-2b33b808a0f8,run-92029ec55433f4ad,claim-66a1f4a4d9c69bee,sig-5222dce3eab81e7a,delivered,1,1,1,,
exp-2b33b808a0f8,run-a1dd10a320d74492,claim-66a1f4a4d9c69bee,sig-5222dce3eab81e7a,delivered,1,1,1,,
exp-2b33b808a0f8,run-b0542bb5dad78106,claim-66a1f4a4d9c69bee,sig-5222dce3eab81e7a,delivered,1,1,1,,
exp-2b33b808a0f8,run-fb3ce97f197123d1,claim-66a1f4a4d9c69bee,sig-5222dce3eab81e7a,delivered,1,1,1,,
exp-2b33b808a0f8,run-16a39058c7f3cf9e,claim-072c6029e4756074,sig-528d7eeb57e1f8f2,delivered,1,1,1,,
exp-2b33b808a0f8,run-1b3af856ea0d78ba,claim-072c6029e4756074,sig-528d7eeb57e1f8f2,delivered,1,1,1,,
exp-2b33b808a0f8,run-82e3fe2420e8e987,claim-072c6029e4756074,sig-528d7eeb57e1f8f2,delivered,1,1,1,,
exp-2b33b808a0f8,run-8fd820fb0fd3fa83,claim-072c6029e4756074,sig-528d7eeb57e1f8f2,delivered,1,1,1,,
exp-2b33b808a0f8,run-b4f674eb9d401efd,claim-072c6029e4756074,sig-528d7eeb57e1f8f2,delivered,1,1,1,,
exp-2b33b808a0f8,run-f1ea2e8a09c56c99,claim-072c6029e4756074,sig-528d7eeb57e1f8f2,delivered,1,1,1,,
exp-2b33b808a0f8,run-08eb0ce23ff8c058,claim-7803ebeefceccf40,sig-528dfbd382112fd8,delivered,1,1,1,,
exp-2b33b808a0f8,run-0ed59ea471f8c823,claim-7803ebeefceccf40,sig-528dfbd382112fd8,delivered,1,1,1,,
exp-2b33b808a0f8,run-121bae4857799859,claim-7803ebeefceccf40,sig-528dfbd382112fd8,delivered,1,1,1,,
exp-2b33b808a0f8,run-2cd8b7888af1dfd8,claim-7803ebeefceccf40,sig-528dfbd382112fd8,delivered,1,1,1,,
exp-2b33b808a0f8,run-5f72dfbc37ae3836,claim-7803ebeefceccf40,sig-528dfbd382112fd8,delivered,1,1,1,,
exp-2b33b808a0f8,run-5f8c41dc5117d3f7,claim-7803ebeefceccf40,sig-528dfbd382112fd8,delivered,1,1,1,,
exp-2b33b808a0f8,run-60c27be7bfd13181,claim-7803ebeefceccf40,sig-528dfbd382112fd8,delivered,1,1,1,,
exp-2b33b808a0f8,run-626495f4dbb14cf3,claim-7803ebeefceccf40,sig-528dfbd382112fd8,delivered,1,1,1,,
exp-2b33b808a0f8,run-82654eb217e99ef6,claim-7803ebeefceccf40,sig-528dfbd382112fd8,delivered,1,1,1,,
exp-2b33b808a0f8,run-8c29734783624630,claim-7803ebeefceccf40,sig-528dfbd382112fd8,delivered,1,1,1,,
exp-2b33b808a0f8,run-9fd3eacdb49f1187,claim-7803ebeefceccf40,sig-528dfbd382112fd8,delivered,1,1,1,,
exp-2b33b808a0f8,run-a91e83d95f4150ea,claim-7803ebeefceccf40,sig-528dfbd382112fd8,delivered,1,1,1,,
exp-2b33b808a0f8,run-aef2c0f3501e6b9f,claim-7803ebeefceccf40,sig-528dfbd382112fd8,delivered,1,1,1,,
exp-2b33b808a0f8,run-c31fdf2665c43f45,claim-7803ebeefceccf40,sig-528dfbd382112fd8,delivered,1,1,1,,
exp-2b33b808a0f8,run-cc57ad8a8d2714d7,claim-7803ebeefceccf40,sig-528dfbd382112fd8,delivered,1,1,1,,
exp-2b33b808a0f8,run-d2b9a396554a407b,claim-7803ebeefceccf40,sig-528dfbd382112fd8,delivered,1,1,1,,
exp-2b33b808a0f8,run-deef30be3782be8a,claim-7803ebeefceccf40,sig-528dfbd382112fd8,delivered,1,1,1,,
exp-2b33b808a0f8,run-fa92f9e908dcd179,claim-7803ebeefceccf40,sig-528dfbd382112fd8,delivered,1,1,1,,
exp-2b33b808a0f8,run-fe2c6fd3e3730afe,claim-7803ebeefceccf40,sig-528dfbd382112fd8,delivered,1,1,1,,
exp-2b33b808a0f8,run-5db7b7d90d3ff8ce,claim-5dbe99e7e8d1ce70,sig-5307ba92b2510fc0,delivered,1,1,1,,
exp-2b33b808a0f8,run-7f00802c340e2617,claim-5dbe99e7e8d1ce70,sig-5307ba92b2510fc0,delivered,1,1,1,,
exp-2b33b808a0f8,run-cf74c3eb23037fe3,claim-5dbe99e7e8d1ce70,sig-5307ba92b2510fc0,delivered,1,1,1,,
exp-2b33b808a0f8,run-156a83b4e0f32cfa,claim-d2d73c1e6b916eb2,sig-5340f3259e668266,delivered,1,1,1,,
exp-2b33b808a0f8,run-1d989b2933796a16,claim-d2d73c1e6b916eb2,sig-5340f3259e668266,delivered,1,1,1,,
exp-2b33b808a0f8,run-382a40867248c3e0,claim-d2d73c1e6b916eb2,sig-5340f3259e668266,delivered,1,1,1,,
exp-2b33b808a0f8,run-3ee3b3533922c3cd,claim-d2d73c1e6b916eb2,sig-5340f3259e668266,delivered,1,1,1,,
exp-2b33b808a0f8,run-bf37e2d5cbe4f3b9,claim-d2d73c1e6b916eb2,sig-5340f3259e668266,delivered,1,1,1,,
exp-2b33b808a0f8,run-efdb047898d3bc26,claim-d2d73c1e6b916eb2,sig-5340f3259e668266,delivered,1,1,1,,
exp-2b33b808a0f8,run-25eaa2510fbfbaff,claim-1f5aa82c73817981,sig-53fedfee0389b0cc,delivered,1,1,1,,
exp-2b33b808a0f8,run-3e6218c854422e8d,claim-1f5aa82c73817981,sig-53fedfee0389b0cc,delivered,1,1,1,,
exp-2b33b808a0f8,run-4135fc9f33a52631,claim-1f5aa82c73817981,sig-53fedfee0389b0cc,delivered,1,1,1,,
exp-2b33b808a0f8,run-602d62632c3acac1,claim-1f5aa82c73817981,sig-53fedfee0389b0cc,delivered,1,1,1,,
exp-2b33b808a0f8,run-8b6a0be310d169fd,claim-1f5aa82c73817981,sig-53fedfee0389b0cc,delivered,1,1,1,,
exp-2b33b808a0f8,run-9e13e54cda7d586a,claim-6687c00b39adbe2c,sig-54022860db28ae0b,delivered,1,1,1,,
exp-2b33b808a0f8,run-b6164e0a3c9ee1c7,claim-6687c00b39adbe2c,sig-54022860db28ae0b,delivered,1,1,1,,
exp-2b33b808a0f8,run-bdbb3ee62a506ea8,claim-6687c00b39adbe2c,sig-54022860db28ae0b,delivered,1,1,1,,
exp-2b33b808a0f8,run-0d5710fb6ccbec61,claim-a2ffb69434167d83,sig-543112c23bd5a012,delivered,1,1,1,,
exp-2b33b808a0f8,run-7ea589e15513aeaf,claim-a2ffb69434167d83,sig-543112c23bd5a012,delivered,1,1,1,,
exp-2b33b808a0f8,run-b2e91be99045ef34,claim-a2ffb69434167d83,sig-543112c23bd5a012,delivered,1,1,1,,
exp-2b33b808a0f8,run-2b6895cdd016ae4c,claim-e579c3e9d0581abd,sig-5463d89005503862,delivered,1,1,1,,
exp-2b33b808a0f8,run-7292d545a817f7b7,claim-e579c3e9d0581abd,sig-5463d89005503862,delivered,1,1,1,,
exp-2b33b808a0f8,run-baff06b1798fd2ab,claim-e579c3e9d0581abd,sig-5463d89005503862,delivered,1,1,1,,
exp-2b33b808a0f8,run-1ad5774f2ec38993,claim-dba0771827d80c33,sig-5530ce66388f8e82,delivered,1,1,1,,
exp-2b33b808a0f8,run-36f70902baf2605c,claim-dba0771827d80c33,sig-5530ce66388f8e82,delivered,1,1,1,,
exp-2b33b808a0f8,run-803b3c372bc924c5,claim-dba0771827d80c33,sig-5530ce66388f8e82,delivered,1,1,1,,
exp-2b33b808a0f8,run-89afe7e7549c985c,claim-dba0771827d80c33,sig-5530ce66388f8e82,delivered,1,1,1,,
exp-2b33b808a0f8,run-9119299991896d57,claim-dba0771827d80c33,sig-5530ce66388f8e82,delivered,1,1,1,,
exp-2b33b808a0f8,run-b89fda5b70005cab,claim-dba0771827d80c33,sig-5530ce66388f8e82,delivered,1,1,1,,
exp-2b33b808a0f8,run-d03cdd5172e2e4bb,claim-dba0771827d80c33,sig-5530ce66388f8e82,delivered,1,1,1,,
exp-2b33b808a0f8,run-d7f33141b5694988,claim-dba0771827d80c33,sig-5530ce66388f8e82,delivered,1,1,1,,
exp-2b33b808a0f8,run-d7f754d1c6032500,claim-dba0771827d80c33,sig-5530ce66388f8e82,delivered,1,1,1,,
exp-2b33b808a0f8,run-d9ecb9bb93d66dae,claim-dba0771827d80c33,sig-5530ce66388f8e82,delivered,1,1,1,,
exp-2b33b808a0f8,run-ebb905b917de9aa9,claim-dba0771827d80c33,sig-5530ce66388f8e82,delivered,1,1,1,,
exp-2b33b808a0f8,run-ebcbbda81e609372,claim-dba0771827d80c33,sig-5530ce66388f8e82,delivered,1,1,1,,
exp-2b33b808a0f8,run-0fff7d537f846b2d,claim-bd8e4d225989b926,sig-5588e733d82b5cb4,delivered,1,1,1,,
exp-2b33b808a0f8,run-126bc4b511c1bdab,claim-bd8e4d225989b926,sig-5588e733d82b5cb4,delivered,1,1,1,,
exp-2b33b808a0f8,run-1cfdaa86b78a0a26,claim-bd8e4d225989b926,sig-5588e733d82b5cb4,delivered,1,1,1,,
exp-2b33b808a0f8,run-08aa8b26c1ded7ed,claim-3350a6ad66d231d3,sig-5591c392decc67fe,delivered,1,1,1,,
exp-2b33b808a0f8,run-67793a64b66d5a38,claim-3350a6ad66d231d3,sig-5591c392decc67fe,delivered,1,1,1,,
exp-2b33b808a0f8,run-fd184a609106633b,claim-3350a6ad66d231d3,sig-5591c392decc67fe,delivered,1,1,1,,
exp-2b33b808a0f8,run-0f9dd47be805d0d2,claim-7b9d1a2c1dada104,sig-55faf2f0250c562a,delivered,1,1,1,,
exp-2b33b808a0f8,run-38e71c05cfcffb71,claim-7b9d1a2c1dada104,sig-55faf2f0250c562a,delivered,1,1,1,,
exp-2b33b808a0f8,run-6906bd9b7990509a,claim-7b9d1a2c1dada104,sig-55faf2f0250c562a,delivered,1,1,1,,
exp-2b33b808a0f8,run-107e053141aef5a2,claim-cca55cd3ccff5029,sig-57800b98a8a2e237,delivered,1,1,1,,
exp-2b33b808a0f8,run-5f72dfbc37ae3836,claim-cca55cd3ccff5029,sig-57800b98a8a2e237,delivered,1,1,1,,
exp-2b33b808a0f8,run-60c27be7bfd13181,claim-cca55cd3ccff5029,sig-57800b98a8a2e237,delivered,1,1,1,,
exp-2b33b808a0f8,run-7a43182838a92b4d,claim-cca55cd3ccff5029,sig-57800b98a8a2e237,delivered,1,1,1,,
exp-2b33b808a0f8,run-86e0fb3cb34a86b9,claim-cca55cd3ccff5029,sig-57800b98a8a2e237,delivered,1,1,1,,
exp-2b33b808a0f8,run-9fd3eacdb49f1187,claim-cca55cd3ccff5029,sig-57800b98a8a2e237,delivered,1,1,1,,
exp-2b33b808a0f8,run-c5596c6cf2999ecc,claim-cca55cd3ccff5029,sig-57800b98a8a2e237,delivered,1,1,1,,
exp-2b33b808a0f8,run-cbf903a67be76d0a,claim-cca55cd3ccff5029,sig-57800b98a8a2e237,delivered,1,1,1,,
exp-2b33b808a0f8,run-fa92f9e908dcd179,claim-cca55cd3ccff5029,sig-57800b98a8a2e237,delivered,1,1,1,,
exp-2b33b808a0f8,run-561879026bd8c4cc,claim-6553f84983e59d95,sig-57efaede1120533a,delivered,0,0,1,,
exp-2b33b808a0f8,run-6696f865d45b6987,claim-6553f84983e59d95,sig-57efaede1120533a,delivered,0,0,1,,
exp-2b33b808a0f8,run-8c6292478d058b13,claim-6553f84983e59d95,sig-57efaede1120533a,delivered,0,0,1,,
exp-2b33b808a0f8,run-b788fe5ef4d59d69,claim-6553f84983e59d95,sig-57efaede1120533a,delivered,0,0,1,,
exp-2b33b808a0f8,run-eeb7dfd13c9983fc,claim-6553f84983e59d95,sig-57efaede1120533a,delivered,0,0,1,,
exp-2b33b808a0f8,run-107e053141aef5a2,claim-4e93d27b3d96cfe5,sig-583c21ff22b60f26,delivered,1,1,1,,
exp-2b33b808a0f8,run-5f72dfbc37ae3836,claim-4e93d27b3d96cfe5,sig-583c21ff22b60f26,delivered,1,1,1,,
exp-2b33b808a0f8,run-60c27be7bfd13181,claim-4e93d27b3d96cfe5,sig-583c21ff22b60f26,delivered,1,1,1,,
exp-2b33b808a0f8,run-7a43182838a92b4d,claim-4e93d27b3d96cfe5,sig-583c21ff22b60f26,delivered,1,1,1,,
exp-2b33b808a0f8,run-86e0fb3cb34a86b9,claim-4e93d27b3d96cfe5,sig-583c21ff22b60f26,delivered,1,1,1,,
exp-2b33b808a0f8,run-9fd3eacdb49f1187,claim-4e93d27b3d96cfe5,sig-583c21ff22b60f26,delivered,1,1,1,,
exp-2b33b808a0f8,run-c5596c6cf2999ecc,claim-4e93d27b3d96cfe5,sig-583c21ff22b60f26,delivered,1,1,1,,
exp-2b33b808a0f8,run-cbf903a67be76d0a,claim-4e93d27b3d96cfe5,sig-583c21ff22b60f26,delivered,1,1,1,,
exp-2b33b808a0f8,run-fa92f9e908dcd179,claim-4e93d27b3d96cfe5,sig-583c21ff22b60f26,delivered,1,1,1,,
exp-2b33b808a0f8,run-05d091d23664cc1e,claim-850c241402dc0b60,sig-5899dce17f84a84d,delivered,1,1,1,,
exp-2b33b808a0f8,run-07debd3836121a4c,claim-850c241402dc0b60,sig-5899dce17f84a84d,delivered,1,1,1,,
exp-2b33b808a0f8,run-156a83b4e0f32cfa,claim-850c241402dc0b60,sig-5899dce17f84a84d,delivered,1,1,1,,
exp-2b33b808a0f8,run-19ef64ede03e3f70,claim-850c241402dc0b60,sig-5899dce17f84a84d,delivered,1,1,1,,
exp-2b33b808a0f8,run-1d989b2933796a16,claim-850c241402dc0b60,sig-5899dce17f84a84d,delivered,1,1,1,,
exp-2b33b808a0f8,run-382a40867248c3e0,claim-850c241402dc0b60,sig-5899dce17f84a84d,delivered,1,1,1,,
exp-2b33b808a0f8,run-3d2d41ba2235d5fd,claim-850c241402dc0b60,sig-5899dce17f84a84d,delivered,1,1,1,,
exp-2b33b808a0f8,run-3ee3b3533922c3cd,claim-850c241402dc0b60,sig-5899dce17f84a84d,delivered,1,1,1,,
exp-2b33b808a0f8,run-598aaa80449e6816,claim-850c241402dc0b60,sig-5899dce17f84a84d,delivered,1,1,1,,
exp-2b33b808a0f8,run-7dfc02679606cd15,claim-850c241402dc0b60,sig-5899dce17f84a84d,delivered,1,1,1,,
exp-2b33b808a0f8,run-bf37e2d5cbe4f3b9,claim-850c241402dc0b60,sig-5899dce17f84a84d,delivered,1,1,1,,
exp-2b33b808a0f8,run-cb9e6b2ad617099c,claim-850c241402dc0b60,sig-5899dce17f84a84d,delivered,1,1,1,,
exp-2b33b808a0f8,run-e791d1ca36891afd,claim-850c241402dc0b60,sig-5899dce17f84a84d,delivered,1,1,1,,
exp-2b33b808a0f8,run-eac9a626a1d8c14b,claim-850c241402dc0b60,sig-5899dce17f84a84d,delivered,1,1,1,,
exp-2b33b808a0f8,run-efdb047898d3bc26,claim-850c241402dc0b60,sig-5899dce17f84a84d,delivered,1,1,1,,
exp-2b33b808a0f8,run-3620dcf5bb5744a2,claim-c1bec18aa27f79ba,sig-58aa681de3f71a90,delivered,1,1,1,,
exp-2b33b808a0f8,run-68d48029a60ec89f,claim-c1bec18aa27f79ba,sig-58aa681de3f71a90,delivered,1,1,1,,
exp-2b33b808a0f8,run-d0fd6be062307c7b,claim-c1bec18aa27f79ba,sig-58aa681de3f71a90,delivered,1,1,1,,
exp-2b33b808a0f8,run-df03869a77162cae,claim-c1bec18aa27f79ba,sig-58aa681de3f71a90,delivered,1,1,1,,
exp-2b33b808a0f8,run-e302498980455d8f,claim-c1bec18aa27f79ba,sig-58aa681de3f71a90,delivered,1,1,1,,
exp-2b33b808a0f8,run-fea9b296c7fc9671,claim-c1bec18aa27f79ba,sig-58aa681de3f71a90,delivered,1,1,1,,
exp-2b33b808a0f8,run-1ad5774f2ec38993,claim-1c9e45d4f7d5d3e9,sig-593da4e0eb7d4e54,delivered,1,1,1,,
exp-2b33b808a0f8,run-22c72107573a4b60,claim-1c9e45d4f7d5d3e9,sig-593da4e0eb7d4e54,delivered,1,1,1,,
exp-2b33b808a0f8,run-803b3c372bc924c5,claim-1c9e45d4f7d5d3e9,sig-593da4e0eb7d4e54,delivered,1,1,1,,
exp-2b33b808a0f8,run-89afe7e7549c985c,claim-1c9e45d4f7d5d3e9,sig-593da4e0eb7d4e54,delivered,1,1,1,,
exp-2b33b808a0f8,run-9119299991896d57,claim-1c9e45d4f7d5d3e9,sig-593da4e0eb7d4e54,delivered,1,1,1,,
exp-2b33b808a0f8,run-d7f33141b5694988,claim-1c9e45d4f7d5d3e9,sig-593da4e0eb7d4e54,delivered,1,1,1,,
exp-2b33b808a0f8,run-1827ab6678b4100e,claim-27478d5c43dc1d90,sig-5a9a87f239ed6db1,delivered,1,1,1,,
exp-2b33b808a0f8,run-3620dcf5bb5744a2,claim-6835dd660940a973,sig-5b20cd8a3a40e7a7,delivered,1,1,1,,
exp-2b33b808a0f8,run-68d48029a60ec89f,claim-6835dd660940a973,sig-5b20cd8a3a40e7a7,delivered,1,1,1,,
exp-2b33b808a0f8,run-d0fd6be062307c7b,claim-6835dd660940a973,sig-5b20cd8a3a40e7a7,delivered,1,1,1,,
exp-2b33b808a0f8,run-df03869a77162cae,claim-6835dd660940a973,sig-5b20cd8a3a40e7a7,delivered,1,1,1,,
exp-2b33b808a0f8,run-e302498980455d8f,claim-6835dd660940a973,sig-5b20cd8a3a40e7a7,delivered,1,1,1,,
exp-2b33b808a0f8,run-fea9b296c7fc9671,claim-6835dd660940a973,sig-5b20cd8a3a40e7a7,delivered,1,1,1,,
exp-2b33b808a0f8,run-5db7b7d90d3ff8ce,claim-97f57d5ee00954eb,sig-5bf685c93b398cd5,delivered,1,1,1,,
exp-2b33b808a0f8,run-7f00802c340e2617,claim-97f57d5ee00954eb,sig-5bf685c93b398cd5,delivered,1,1,1,,
exp-2b33b808a0f8,run-cf74c3eb23037fe3,claim-97f57d5ee00954eb,sig-5bf685c93b398cd5,delivered,1,1,1,,
exp-2b33b808a0f8,run-1584d685946fcbab,claim-d9ee2680442d6ef0,sig-5c94d407cebe60ea,delivered,1,1,1,,
exp-2b33b808a0f8,run-16a39058c7f3cf9e,claim-d9ee2680442d6ef0,sig-5c94d407cebe60ea,delivered,1,1,1,,
exp-2b33b808a0f8,run-49d441481d22eaff,claim-d9ee2680442d6ef0,sig-5c94d407cebe60ea,delivered,1,1,1,,
exp-2b33b808a0f8,run-82e3fe2420e8e987,claim-d9ee2680442d6ef0,sig-5c94d407cebe60ea,delivered,1,1,1,,
exp-2b33b808a0f8,run-8fd820fb0fd3fa83,claim-d9ee2680442d6ef0,sig-5c94d407cebe60ea,delivered,1,1,1,,
exp-2b33b808a0f8,run-b4f674eb9d401efd,claim-d9ee2680442d6ef0,sig-5c94d407cebe60ea,delivered,1,1,1,,
exp-2b33b808a0f8,run-e397ddb5605064f3,claim-d9ee2680442d6ef0,sig-5c94d407cebe60ea,delivered,1,1,1,,
exp-2b33b808a0f8,run-e69a6fbcad4061ce,claim-d9ee2680442d6ef0,sig-5c94d407cebe60ea,delivered,1,1,1,,
exp-2b33b808a0f8,run-f1ea2e8a09c56c99,claim-d9ee2680442d6ef0,sig-5c94d407cebe60ea,delivered,1,1,1,,
exp-2b33b808a0f8,run-0150d84e23782b10,claim-f2aee143644456b5,sig-5c9a99929913e6b1,delivered,1,1,1,,
exp-2b33b808a0f8,run-024c8ebdc05e33a8,claim-f2aee143644456b5,sig-5c9a99929913e6b1,delivered,1,1,1,,
exp-2b33b808a0f8,run-03911a9fa173759b,claim-f2aee143644456b5,sig-5c9a99929913e6b1,delivered,1,1,1,,
exp-2b33b808a0f8,run-080f51e2e1f6de5b,claim-f2aee143644456b5,sig-5c9a99929913e6b1,delivered,1,1,1,,
exp-2b33b808a0f8,run-08239fa79adec9bb,claim-f2aee143644456b5,sig-5c9a99929913e6b1,delivered,1,1,1,,
exp-2b33b808a0f8,run-08eb0ce23ff8c058,claim-f2aee143644456b5,sig-5c9a99929913e6b1,delivered,1,1,1,,
exp-2b33b808a0f8,run-0fff7d537f846b2d,claim-f2aee143644456b5,sig-5c9a99929913e6b1,delivered,1,1,1,,
exp-2b33b808a0f8,run-126bc4b511c1bdab,claim-f2aee143644456b5,sig-5c9a99929913e6b1,delivered,1,1,1,,
exp-2b33b808a0f8,run-13a88125b47c3116,claim-f2aee143644456b5,sig-5c9a99929913e6b1,delivered,1,1,1,,
exp-2b33b808a0f8,run-1b3af856ea0d78ba,claim-f2aee143644456b5,sig-5c9a99929913e6b1,delivered,1,1,1,,
exp-2b33b808a0f8,run-1ccf8759fdd4aeaf,claim-f2aee143644456b5,sig-5c9a99929913e6b1,delivered,1,1,1,,
exp-2b33b808a0f8,run-1cfdaa86b78a0a26,claim-f2aee143644456b5,sig-5c9a99929913e6b1,delivered,1,1,1,,
exp-2b33b808a0f8,run-22c666cf37db328f,claim-f2aee143644456b5,sig-5c9a99929913e6b1,delivered,1,1,1,,
exp-2b33b808a0f8,run-25eaa2510fbfbaff,claim-f2aee143644456b5,sig-5c9a99929913e6b1,delivered,1,1,1,,
exp-2b33b808a0f8,run-26c66a98702e0a01,claim-f2aee143644456b5,sig-5c9a99929913e6b1,delivered,1,1,1,,
exp-2b33b808a0f8,run-2913a8bf3b14dd18,claim-f2aee143644456b5,sig-5c9a99929913e6b1,delivered,1,1,1,,
exp-2b33b808a0f8,run-299407f942ccfe44,claim-f2aee143644456b5,sig-5c9a99929913e6b1,delivered,1,1,1,,
exp-2b33b808a0f8,run-2a9c3ec6dd6e9d8f,claim-f2aee143644456b5,sig-5c9a99929913e6b1,delivered,1,1,1,,
exp-2b33b808a0f8,run-2b307fc83ae74fb5,claim-f2aee143644456b5,sig-5c9a99929913e6b1,delivered,1,1,1,,
exp-2b33b808a0f8,run-2c5ed9ccf72ab3ff,claim-f2aee143644456b5,sig-5c9a99929913e6b1,delivered,1,1,1,,
exp-2b33b808a0f8,run-2ca84da882aaf57d,claim-f2aee143644456b5,sig-5c9a99929913e6b1,delivered,1,1,1,,
exp-2b33b808a0f8,run-2e6341eef0f780f9,claim-f2aee143644456b5,sig-5c9a99929913e6b1,delivered,1,1,1,,
exp-2b33b808a0f8,run-380eeaa24d9d57c1,claim-f2aee143644456b5,sig-5c9a99929913e6b1,delivered,1,1,1,,
exp-2b33b808a0f8,run-3e6218c854422e8d,claim-f2aee143644456b5,sig-5c9a99929913e6b1,delivered,1,1,1,,
exp-2b33b808a0f8,run-421a9e310b9451d9,claim-f2aee143644456b5,sig-5c9a99929913e6b1,delivered,1,1,1,,
exp-2b33b808a0f8,run-48010f9c27336ede,claim-f2aee143644456b5,sig-5c9a99929913e6b1,delivered,1,1,1,,
exp-2b33b808a0f8,run-4a9abd6b049cfa48,claim-f2aee143644456b5,sig-5c9a99929913e6b1,delivered,1,1,1,,
exp-2b33b808a0f8,run-4bc70e3c7d09ccca,claim-f2aee143644456b5,sig-5c9a99929913e6b1,delivered,1,1,1,,
exp-2b33b808a0f8,run-4be88edbdd58b0b7,claim-f2aee143644456b5,sig-5c9a99929913e6b1,delivered,1,1,1,,
exp-2b33b808a0f8,run-533b1ebf9907abc5,claim-f2aee143644456b5,sig-5c9a99929913e6b1,delivered,1,1,1,,
exp-2b33b808a0f8,run-54c829c9332d7705,claim-f2aee143644456b5,sig-5c9a99929913e6b1,delivered,1,1,1,,
exp-2b33b808a0f8,run-56a885c3be5ad659,claim-f2aee143644456b5,sig-5c9a99929913e6b1,delivered,1,1,1,,
exp-2b33b808a0f8,run-5ab8996c310b76bc,claim-f2aee143644456b5,sig-5c9a99929913e6b1,delivered,1,1,1,,
exp-2b33b808a0f8,run-5f615659d79c5e37,claim-f2aee143644456b5,sig-5c9a99929913e6b1,delivered,1,1,1,,
exp-2b33b808a0f8,run-602d62632c3acac1,claim-f2aee143644456b5,sig-5c9a99929913e6b1,delivered,1,1,1,,
exp-2b33b808a0f8,run-622791b4d7dc0c20,claim-f2aee143644456b5,sig-5c9a99929913e6b1,delivered,1,1,1,,
exp-2b33b808a0f8,run-62573029114c0f29,claim-f2aee143644456b5,sig-5c9a99929913e6b1,delivered,1,1,1,,
exp-2b33b808a0f8,run-637de2634f99fe17,claim-f2aee143644456b5,sig-5c9a99929913e6b1,delivered,1,1,1,,
exp-2b33b808a0f8,run-6ea4b87277a7d89d,claim-f2aee143644456b5,sig-5c9a99929913e6b1,delivered,1,1,1,,
exp-2b33b808a0f8,run-8628fb2f21bdfa9a,claim-f2aee143644456b5,sig-5c9a99929913e6b1,delivered,1,1,1,,
exp-2b33b808a0f8,run-98bc95649ddb8f4c,claim-f2aee143644456b5,sig-5c9a99929913e6b1,delivered,1,1,1,,
exp-2b33b808a0f8,run-a2a07f1fba72c484,claim-f2aee143644456b5,sig-5c9a99929913e6b1,delivered,1,1,1,,
exp-2b33b808a0f8,run-a314881a5962c263,claim-f2aee143644456b5,sig-5c9a99929913e6b1,delivered,1,1,1,,
exp-2b33b808a0f8,run-a5cfa0e1e29cea11,claim-f2aee143644456b5,sig-5c9a99929913e6b1,delivered,1,1,1,,
exp-2b33b808a0f8,run-ae142c1131d1a913,claim-f2aee143644456b5,sig-5c9a99929913e6b1,delivered,1,1,1,,
exp-2b33b808a0f8,run-ae9c163f6630a5f8,claim-f2aee143644456b5,sig-5c9a99929913e6b1,delivered,1,1,1,,
exp-2b33b808a0f8,run-c70b83220468c5cb,claim-f2aee143644456b5,sig-5c9a99929913e6b1,delivered,1,1,1,,
exp-2b33b808a0f8,run-c98546e59cb90ee4,claim-f2aee143644456b5,sig-5c9a99929913e6b1,delivered,1,1,1,,
exp-2b33b808a0f8,run-cc4aa8875144e42e,claim-f2aee143644456b5,sig-5c9a99929913e6b1,delivered,1,1,1,,
exp-2b33b808a0f8,run-cf376438c8a0f3d5,claim-f2aee143644456b5,sig-5c9a99929913e6b1,delivered,1,1,1,,
exp-2b33b808a0f8,run-d1062de1551992e2,claim-f2aee143644456b5,sig-5c9a99929913e6b1,delivered,1,1,1,,
exp-2b33b808a0f8,run-d2b9a396554a407b,claim-f2aee143644456b5,sig-5c9a99929913e6b1,delivered,1,1,1,,
exp-2b33b808a0f8,run-d96c8c1fd86b590a,claim-f2aee143644456b5,sig-5c9a99929913e6b1,delivered,1,1,1,,
exp-2b33b808a0f8,run-da80cb0756bb72c1,claim-f2aee143644456b5,sig-5c9a99929913e6b1,delivered,1,1,1,,
exp-2b33b808a0f8,run-db0288cd0d7d2c01,claim-f2aee143644456b5,sig-5c9a99929913e6b1,delivered,1,1,1,,
exp-2b33b808a0f8,run-dda79e04e10eeb3f,claim-f2aee143644456b5,sig-5c9a99929913e6b1,delivered,1,1,1,,
exp-2b33b808a0f8,run-ebcbbda81e609372,claim-f2aee143644456b5,sig-5c9a99929913e6b1,delivered,1,1,1,,
exp-2b33b808a0f8,run-f1c7a1720441050f,claim-f2aee143644456b5,sig-5c9a99929913e6b1,delivered,1,1,1,,
exp-2b33b808a0f8,run-f2b06819f6cdf5c3,claim-f2aee143644456b5,sig-5c9a99929913e6b1,delivered,1,1,1,,
exp-2b33b808a0f8,run-f31bacd7825a158b,claim-f2aee143644456b5,sig-5c9a99929913e6b1,delivered,1,1,1,,
exp-2b33b808a0f8,run-f8641a2b2b522c65,claim-f2aee143644456b5,sig-5c9a99929913e6b1,delivered,1,1,1,,
exp-2b33b808a0f8,run-fd7c4293eec328ed,claim-f2aee143644456b5,sig-5c9a99929913e6b1,delivered,1,1,1,,
exp-2b33b808a0f8,run-fe2c6fd3e3730afe,claim-f2aee143644456b5,sig-5c9a99929913e6b1,delivered,1,1,1,,
exp-2b33b808a0f8,run-0f9dd47be805d0d2,claim-e48c2b603db210b2,sig-5d5d2f95afb337ff,delivered,1,1,1,,
exp-2b33b808a0f8,run-38e71c05cfcffb71,claim-e48c2b603db210b2,sig-5d5d2f95afb337ff,delivered,1,1,1,,
exp-2b33b808a0f8,run-652d659454d8ad9e,claim-e48c2b603db210b2,sig-5d5d2f95afb337ff,delivered,1,1,1,,
exp-2b33b808a0f8,run-688fc7e2f44ed2f2,claim-e48c2b603db210b2,sig-5d5d2f95afb337ff,delivered,1,1,1,,
exp-2b33b808a0f8,run-6906bd9b7990509a,claim-e48c2b603db210b2,sig-5d5d2f95afb337ff,delivered,1,1,1,,
exp-2b33b808a0f8,run-7ebc93e6754f1bb3,claim-e48c2b603db210b2,sig-5d5d2f95afb337ff,delivered,1,1,1,,
exp-2b33b808a0f8,run-87f02234f88d5831,claim-e48c2b603db210b2,sig-5d5d2f95afb337ff,delivered,1,1,1,,
exp-2b33b808a0f8,run-8f35f254ebb2acd3,claim-e48c2b603db210b2,sig-5d5d2f95afb337ff,delivered,1,1,1,,
exp-2b33b808a0f8,run-b7f8311340d0f5c0,claim-e48c2b603db210b2,sig-5d5d2f95afb337ff,delivered,1,1,1,,
exp-2b33b808a0f8,run-cbfe7f989bdcbfd8,claim-e48c2b603db210b2,sig-5d5d2f95afb337ff,delivered,1,1,1,,
exp-2b33b808a0f8,run-e09a9c6c7fbe74db,claim-e48c2b603db210b2,sig-5d5d2f95afb337ff,delivered,1,1,1,,
exp-2b33b808a0f8,run-ea2e4f2c800425a8,claim-e48c2b603db210b2,sig-5d5d2f95afb337ff,delivered,1,1,1,,
exp-2b33b808a0f8,run-0f9dd47be805d0d2,claim-a3871b4ffae43db5,sig-5df5dc0429e85a6a,delivered,1,1,1,,
exp-2b33b808a0f8,run-38e71c05cfcffb71,claim-a3871b4ffae43db5,sig-5df5dc0429e85a6a,delivered,1,1,1,,
exp-2b33b808a0f8,run-6906bd9b7990509a,claim-a3871b4ffae43db5,sig-5df5dc0429e85a6a,delivered,1,1,1,,
exp-2b33b808a0f8,run-1b7414577607656b,claim-73b487e488ad5e50,sig-5e17dccc77322af6,delivered,1,1,1,,
exp-2b33b808a0f8,run-5e07d16f1f5b2987,claim-73b487e488ad5e50,sig-5e17dccc77322af6,delivered,1,1,1,,
exp-2b33b808a0f8,run-760ccd016850aaab,claim-73b487e488ad5e50,sig-5e17dccc77322af6,delivered,1,1,1,,
exp-2b33b808a0f8,run-326bfbb0f8ea7d96,claim-8612f16ff97876a6,sig-5e9ebbe758bbd657,delivered,1,1,1,,
exp-2b33b808a0f8,run-745eb0d732d3c8be,claim-8612f16ff97876a6,sig-5e9ebbe758bbd657,delivered,1,1,1,,
exp-2b33b808a0f8,run-85eabeb58e5c97e7,claim-8612f16ff97876a6,sig-5e9ebbe758bbd657,delivered,1,1,1,,
exp-2b33b808a0f8,run-ad7e5cf3555f7cf1,claim-8612f16ff97876a6,sig-5e9ebbe758bbd657,delivered,1,1,1,,
exp-2b33b808a0f8,run-0150d84e23782b10,claim-637e6173022e54dd,sig-5eb51f9900372d43,delivered,1,1,1,,
exp-2b33b808a0f8,run-024dd76a95551a07,claim-637e6173022e54dd,sig-5eb51f9900372d43,delivered,1,1,1,,
exp-2b33b808a0f8,run-03911a9fa173759b,claim-637e6173022e54dd,sig-5eb51f9900372d43,delivered,1,1,1,,
exp-2b33b808a0f8,run-0cf7e0daf535a696,claim-637e6173022e54dd,sig-5eb51f9900372d43,delivered,1,1,1,,
exp-2b33b808a0f8,run-1ccf8759fdd4aeaf,claim-637e6173022e54dd,sig-5eb51f9900372d43,delivered,1,1,1,,
exp-2b33b808a0f8,run-314cd6efe084d5fe,claim-637e6173022e54dd,sig-5eb51f9900372d43,delivered,1,1,1,,
exp-2b33b808a0f8,run-380eeaa24d9d57c1,claim-637e6173022e54dd,sig-5eb51f9900372d43,delivered,1,1,1,,
exp-2b33b808a0f8,run-3f6da378062ee821,claim-637e6173022e54dd,sig-5eb51f9900372d43,delivered,1,1,1,,
exp-2b33b808a0f8,run-53706f05bed87dad,claim-637e6173022e54dd,sig-5eb51f9900372d43,delivered,1,1,1,,
exp-2b33b808a0f8,run-54dfa16175253c38,claim-637e6173022e54dd,sig-5eb51f9900372d43,delivered,1,1,1,,
exp-2b33b808a0f8,run-581d182fa373e4a8,claim-637e6173022e54dd,sig-5eb51f9900372d43,delivered,1,1,1,,
exp-2b33b808a0f8,run-581e601a136ff413,claim-637e6173022e54dd,sig-5eb51f9900372d43,delivered,1,1,1,,
exp-2b33b808a0f8,run-602d62632c3acac1,claim-637e6173022e54dd,sig-5eb51f9900372d43,delivered,1,1,1,,
exp-2b33b808a0f8,run-6d394564f18187f9,claim-637e6173022e54dd,sig-5eb51f9900372d43,delivered,1,1,1,,
exp-2b33b808a0f8,run-7b8861c80024d738,claim-637e6173022e54dd,sig-5eb51f9900372d43,delivered,1,1,1,,
exp-2b33b808a0f8,run-7d86c321e8400460,claim-637e6173022e54dd,sig-5eb51f9900372d43,delivered,1,1,1,,
exp-2b33b808a0f8,run-8edfe902496d790d,claim-637e6173022e54dd,sig-5eb51f9900372d43,delivered,1,1,1,,
exp-2b33b808a0f8,run-9d7b92b6a9bd860a,claim-637e6173022e54dd,sig-5eb51f9900372d43,delivered,1,1,1,,
exp-2b33b808a0f8,run-9ddf9be03d779768,claim-637e6173022e54dd,sig-5eb51f9900372d43,delivered,1,1,1,,
exp-2b33b808a0f8,run-a314881a5962c263,claim-637e6173022e54dd,sig-5eb51f9900372d43,delivered,1,1,1,,
exp-2b33b808a0f8,run-a34dc91443138554,claim-637e6173022e54dd,sig-5eb51f9900372d43,delivered,1,1,1,,
exp-2b33b808a0f8,run-c12d31a0c14e4ea4,claim-637e6173022e54dd,sig-5eb51f9900372d43,delivered,1,1,1,,
exp-2b33b808a0f8,run-cacf78bafbbad965,claim-637e6173022e54dd,sig-5eb51f9900372d43,delivered,1,1,1,,
exp-2b33b808a0f8,run-cca66c90ef3b41c8,claim-637e6173022e54dd,sig-5eb51f9900372d43,delivered,1,1,1,,
exp-2b33b808a0f8,run-cec16e049668dcae,claim-637e6173022e54dd,sig-5eb51f9900372d43,delivered,1,1,1,,
exp-2b33b808a0f8,run-cf376438c8a0f3d5,claim-637e6173022e54dd,sig-5eb51f9900372d43,delivered,1,1,1,,
exp-2b33b808a0f8,run-e08a8eb7877cb862,claim-637e6173022e54dd,sig-5eb51f9900372d43,delivered,1,1,1,,
exp-2b33b808a0f8,run-ecc7ecbcc7f2b4d6,claim-637e6173022e54dd,sig-5eb51f9900372d43,delivered,1,1,1,,
exp-2b33b808a0f8,run-ed9ded3530a007da,claim-637e6173022e54dd,sig-5eb51f9900372d43,delivered,1,1,1,,
exp-2b33b808a0f8,run-f1da5d7783f85774,claim-637e6173022e54dd,sig-5eb51f9900372d43,delivered,1,1,1,,
exp-2b33b808a0f8,run-f6d8a6bffd539b01,claim-637e6173022e54dd,sig-5eb51f9900372d43,delivered,1,1,1,,
exp-2b33b808a0f8,run-0cf7e0daf535a696,claim-b576bdaa57856f92,sig-5eb813a9bbd3c071,delivered,1,1,1,,
exp-2b33b808a0f8,run-314cd6efe084d5fe,claim-b576bdaa57856f92,sig-5eb813a9bbd3c071,delivered,1,1,1,,
exp-2b33b808a0f8,run-3f6da378062ee821,claim-b576bdaa57856f92,sig-5eb813a9bbd3c071,delivered,1,1,1,,
exp-2b33b808a0f8,run-7b8861c80024d738,claim-b576bdaa57856f92,sig-5eb813a9bbd3c071,delivered,1,1,1,,
exp-2b33b808a0f8,run-7d86c321e8400460,claim-b576bdaa57856f92,sig-5eb813a9bbd3c071,delivered,1,1,1,,
exp-2b33b808a0f8,run-8edfe902496d790d,claim-b576bdaa57856f92,sig-5eb813a9bbd3c071,delivered,1,1,1,,
exp-2b33b808a0f8,run-cacf78bafbbad965,claim-b576bdaa57856f92,sig-5eb813a9bbd3c071,delivered,1,1,1,,
exp-2b33b808a0f8,run-cec16e049668dcae,claim-b576bdaa57856f92,sig-5eb813a9bbd3c071,delivered,1,1,1,,
exp-2b33b808a0f8,run-26c66a98702e0a01,claim-c58bb2d8f4035612,sig-5f0cc56f1b5d4eed,delivered,1,1,1,,
exp-2b33b808a0f8,run-2b307fc83ae74fb5,claim-c58bb2d8f4035612,sig-5f0cc56f1b5d4eed,delivered,1,1,1,,
exp-2b33b808a0f8,run-54c829c9332d7705,claim-c58bb2d8f4035612,sig-5f0cc56f1b5d4eed,delivered,1,1,1,,
exp-2b33b808a0f8,run-85eabeb58e5c97e7,claim-d7b16baa7dab6ded,sig-5fd10214fb8fb89e,delivered,1,1,1,,
exp-2b33b808a0f8,run-13a88125b47c3116,claim-b821f04fe480c71f,sig-60a277c1e1006975,delivered,1,1,1,,
exp-2b33b808a0f8,run-13afd1c7ef164da6,claim-b821f04fe480c71f,sig-60a277c1e1006975,delivered,1,1,1,,
exp-2b33b808a0f8,run-1654ed83a69b048a,claim-b821f04fe480c71f,sig-60a277c1e1006975,delivered,1,1,1,,
exp-2b33b808a0f8,run-19ef64ede03e3f70,claim-b821f04fe480c71f,sig-60a277c1e1006975,delivered,1,1,1,,
exp-2b33b808a0f8,run-299407f942ccfe44,claim-b821f04fe480c71f,sig-60a277c1e1006975,delivered,1,1,1,,
exp-2b33b808a0f8,run-3df61f770d52dd70,claim-b821f04fe480c71f,sig-60a277c1e1006975,delivered,1,1,1,,
exp-2b33b808a0f8,run-40d744a8e6f22616,claim-b821f04fe480c71f,sig-60a277c1e1006975,delivered,1,1,1,,
exp-2b33b808a0f8,run-4171e29a7613b1bb,claim-b821f04fe480c71f,sig-60a277c1e1006975,delivered,1,1,1,,
exp-2b33b808a0f8,run-56a885c3be5ad659,claim-b821f04fe480c71f,sig-60a277c1e1006975,delivered,1,1,1,,
exp-2b33b808a0f8,run-65fb89d7c4ce4fff,claim-b821f04fe480c71f,sig-60a277c1e1006975,delivered,1,1,1,,
exp-2b33b808a0f8,run-8283757cadda12d5,claim-b821f04fe480c71f,sig-60a277c1e1006975,delivered,1,1,1,,
exp-2b33b808a0f8,run-b13893f95aaaa626,claim-b821f04fe480c71f,sig-60a277c1e1006975,delivered,1,1,1,,
exp-2b33b808a0f8,run-b9c91e3ca797b757,claim-b821f04fe480c71f,sig-60a277c1e1006975,delivered,1,1,1,,
exp-2b33b808a0f8,run-cb26f0bc1de44dfe,claim-b821f04fe480c71f,sig-60a277c1e1006975,delivered,1,1,1,,
exp-2b33b808a0f8,run-e791d1ca36891afd,claim-b821f04fe480c71f,sig-60a277c1e1006975,delivered,1,1,1,,
exp-2b33b808a0f8,run-13afd1c7ef164da6,claim-a8f0ce486ded8b21,sig-6177d9ee3c375791,delivered,1,1,1,,
exp-2b33b808a0f8,run-40d744a8e6f22616,claim-a8f0ce486ded8b21,sig-6177d9ee3c375791,delivered,1,1,1,,
exp-2b33b808a0f8,run-b9c91e3ca797b757,claim-a8f0ce486ded8b21,sig-6177d9ee3c375791,delivered,1,1,1,,
exp-2b33b808a0f8,run-cb26f0bc1de44dfe,claim-a8f0ce486ded8b21,sig-6177d9ee3c375791,delivered,1,1,1,,
exp-2b33b808a0f8,run-3996e6744fffc569,claim-bd62c1815b27bc73,sig-623000be23897012,delivered,1,1,1,,
exp-2b33b808a0f8,run-6c88b2e46218c519,claim-bd62c1815b27bc73,sig-623000be23897012,delivered,1,1,1,,
exp-2b33b808a0f8,run-81291fb5e9520a72,claim-bd62c1815b27bc73,sig-623000be23897012,delivered,1,1,1,,
exp-2b33b808a0f8,run-b89fda5b70005cab,claim-bd62c1815b27bc73,sig-623000be23897012,delivered,1,1,1,,
exp-2b33b808a0f8,run-d9ecb9bb93d66dae,claim-bd62c1815b27bc73,sig-623000be23897012,delivered,1,1,1,,
exp-2b33b808a0f8,run-e2b8b5101f670dfe,claim-bd62c1815b27bc73,sig-623000be23897012,delivered,1,1,1,,
exp-2b33b808a0f8,run-024c8ebdc05e33a8,claim-034b2911e137d6fe,sig-62846f9004f7c890,delivered,0,1,1,0,
exp-2b33b808a0f8,run-a5cfa0e1e29cea11,claim-034b2911e137d6fe,sig-62846f9004f7c890,delivered,0,1,1,0,
exp-2b33b808a0f8,run-da80cb0756bb72c1,claim-034b2911e137d6fe,sig-62846f9004f7c890,delivered,0,1,1,0,
exp-2b33b808a0f8,run-0d5710fb6ccbec61,claim-dba0771827d80c33,sig-62c47f8cfca675d7,delivered,1,1,1,,
exp-2b33b808a0f8,run-7ea589e15513aeaf,claim-dba0771827d80c33,sig-62c47f8cfca675d7,delivered,1,1,1,,
exp-2b33b808a0f8,run-b2e91be99045ef34,claim-dba0771827d80c33,sig-62c47f8cfca675d7,delivered,1,1,1,,
exp-2b33b808a0f8,run-0b241366a68aba6a,claim-da3b336ba5cab91c,sig-62e9bed56a8c8b5d,delivered,1,1,1,,
exp-2b33b808a0f8,run-2813894979f3f4f6,claim-da3b336ba5cab91c,sig-62e9bed56a8c8b5d,delivered,1,1,1,,
exp-2b33b808a0f8,run-43c4da5d1e40deed,claim-da3b336ba5cab91c,sig-62e9bed56a8c8b5d,delivered,1,1,1,,
exp-2b33b808a0f8,run-8afa7a95f562dcea,claim-da3b336ba5cab91c,sig-62e9bed56a8c8b5d,delivered,1,1,1,,
exp-2b33b808a0f8,run-c256df132aaf443e,claim-da3b336ba5cab91c,sig-62e9bed56a8c8b5d,delivered,1,1,1,,
exp-2b33b808a0f8,run-d6bc8b2743ea5575,claim-da3b336ba5cab91c,sig-62e9bed56a8c8b5d,delivered,1,1,1,,
exp-2b33b808a0f8,run-08aa8b26c1ded7ed,claim-7a56539c7cf2614c,sig-637d67b7a9a03b35,delivered,1,1,1,,
exp-2b33b808a0f8,run-5db7b7d90d3ff8ce,claim-7a56539c7cf2614c,sig-637d67b7a9a03b35,delivered,1,1,1,,
exp-2b33b808a0f8,run-67793a64b66d5a38,claim-7a56539c7cf2614c,sig-637d67b7a9a03b35,delivered,1,1,1,,
exp-2b33b808a0f8,run-7f00802c340e2617,claim-7a56539c7cf2614c,sig-637d67b7a9a03b35,delivered,1,1,1,,
exp-2b33b808a0f8,run-9e13e54cda7d586a,claim-7a56539c7cf2614c,sig-637d67b7a9a03b35,delivered,1,1,1,,
exp-2b33b808a0f8,run-b6164e0a3c9ee1c7,claim-7a56539c7cf2614c,sig-637d67b7a9a03b35,delivered,1,1,1,,
exp-2b33b808a0f8,run-bdbb3ee62a506ea8,claim-7a56539c7cf2614c,sig-637d67b7a9a03b35,delivered,1,1,1,,
exp-2b33b808a0f8,run-cf74c3eb23037fe3,claim-7a56539c7cf2614c,sig-637d67b7a9a03b35,delivered,1,1,1,,
exp-2b33b808a0f8,run-fd184a609106633b,claim-7a56539c7cf2614c,sig-637d67b7a9a03b35,delivered,1,1,1,,
exp-2b33b808a0f8,run-374dc2e21f594ec4,claim-433a0b1af11b4126,sig-63a29574c337378c,delivered,1,1,1,,
exp-2b33b808a0f8,run-5f9908a782b1c6e3,claim-433a0b1af11b4126,sig-63a29574c337378c,delivered,1,1,1,,
exp-2b33b808a0f8,run-82a20b31b2b8e7ef,claim-433a0b1af11b4126,sig-63a29574c337378c,delivered,1,1,1,,
exp-2b33b808a0f8,run-19ef64ede03e3f70,claim-8d19bb31d9e13ca6,sig-63abe88482aa7288,delivered,1,1,1,,
exp-2b33b808a0f8,run-e791d1ca36891afd,claim-8d19bb31d9e13ca6,sig-63abe88482aa7288,delivered,1,1,1,,
exp-2b33b808a0f8,run-107e053141aef5a2,claim-6835dd660940a973,sig-63c1ce736229d9c9,delivered,1,1,1,,
exp-2b33b808a0f8,run-2231a5437da60871,claim-6835dd660940a973,sig-63c1ce736229d9c9,delivered,1,1,1,,
exp-2b33b808a0f8,run-54dfa16175253c38,claim-6835dd660940a973,sig-63c1ce736229d9c9,delivered,1,1,1,,
exp-2b33b808a0f8,run-5f72dfbc37ae3836,claim-6835dd660940a973,sig-63c1ce736229d9c9,delivered,1,1,1,,
exp-2b33b808a0f8,run-60c27be7bfd13181,claim-6835dd660940a973,sig-63c1ce736229d9c9,delivered,1,1,1,,
exp-2b33b808a0f8,run-6d394564f18187f9,claim-6835dd660940a973,sig-63c1ce736229d9c9,delivered,1,1,1,,
exp-2b33b808a0f8,run-7a43182838a92b4d,claim-6835dd660940a973,sig-63c1ce736229d9c9,delivered,1,1,1,,
exp-2b33b808a0f8,run-802196ca10c28e03,claim-6835dd660940a973,sig-63c1ce736229d9c9,delivered,1,1,1,,
exp-2b33b808a0f8,run-9fd3eacdb49f1187,claim-6835dd660940a973,sig-63c1ce736229d9c9,delivered,1,1,1,,
exp-2b33b808a0f8,run-e08a8eb7877cb862,claim-6835dd660940a973,sig-63c1ce736229d9c9,delivered,1,1,1,,
exp-2b33b808a0f8,run-fa92f9e908dcd179,claim-6835dd660940a973,sig-63c1ce736229d9c9,delivered,1,1,1,,
exp-2b33b808a0f8,run-fad00c5c2a4305ab,claim-6835dd660940a973,sig-63c1ce736229d9c9,delivered,1,1,1,,
exp-2b33b808a0f8,run-156a83b4e0f32cfa,claim-15a9a459a2f0ffa0,sig-63c37af8703a9cd0,delivered,1,1,1,,
exp-2b33b808a0f8,run-1619336f4c8443db,claim-15a9a459a2f0ffa0,sig-63c37af8703a9cd0,delivered,1,1,1,,
exp-2b33b808a0f8,run-19ef64ede03e3f70,claim-15a9a459a2f0ffa0,sig-63c37af8703a9cd0,delivered,1,1,1,,
exp-2b33b808a0f8,run-1d989b2933796a16,claim-15a9a459a2f0ffa0,sig-63c37af8703a9cd0,delivered,1,1,1,,
exp-2b33b808a0f8,run-2c80b667b1e14131,claim-15a9a459a2f0ffa0,sig-63c37af8703a9cd0,delivered,1,1,1,,
exp-2b33b808a0f8,run-3077d26358e3e6c2,claim-15a9a459a2f0ffa0,sig-63c37af8703a9cd0,delivered,1,1,1,,
exp-2b33b808a0f8,run-382a40867248c3e0,claim-15a9a459a2f0ffa0,sig-63c37af8703a9cd0,delivered,1,1,1,,
exp-2b33b808a0f8,run-3ee3b3533922c3cd,claim-15a9a459a2f0ffa0,sig-63c37af8703a9cd0,delivered,1,1,1,,
exp-2b33b808a0f8,run-7c7ff2af92c151e9,claim-15a9a459a2f0ffa0,sig-63c37af8703a9cd0,delivered,1,1,1,,
exp-2b33b808a0f8,run-a6aad9d55897ddf3,claim-15a9a459a2f0ffa0,sig-63c37af8703a9cd0,delivered,1,1,1,,
exp-2b33b808a0f8,run-bf37e2d5cbe4f3b9,claim-15a9a459a2f0ffa0,sig-63c37af8703a9cd0,delivered,1,1,1,,
exp-2b33b808a0f8,run-c898b60149672477,claim-15a9a459a2f0ffa0,sig-63c37af8703a9cd0,delivered,1,1,1,,
exp-2b33b808a0f8,run-e791d1ca36891afd,claim-15a9a459a2f0ffa0,sig-63c37af8703a9cd0,delivered,1,1,1,,
exp-2b33b808a0f8,run-efdb047898d3bc26,claim-15a9a459a2f0ffa0,sig-63c37af8703a9cd0,delivered,1,1,1,,
exp-2b33b808a0f8,run-f5d02c54d049405c,claim-15a9a459a2f0ffa0,sig-63c37af8703a9cd0,delivered,1,1,1,,
exp-2b33b808a0f8,run-fde91c8a36f73bc9,claim-15a9a459a2f0ffa0,sig-63c37af8703a9cd0,delivered,1,1,1,,
exp-2b33b808a0f8,run-12fb92d02cac28d4,claim-b8d2b58f931ef984,sig-646a4e58c9de43ce,delivered,1,1,1,,
exp-2b33b808a0f8,run-151b3dd024910f90,claim-b8d2b58f931ef984,sig-646a4e58c9de43ce,delivered,1,1,1,,
exp-2b33b808a0f8,run-3c31f70eb83b2a7b,claim-b8d2b58f931ef984,sig-646a4e58c9de43ce,delivered,1,1,1,,
exp-2b33b808a0f8,run-687c36eb4319093b,claim-b8d2b58f931ef984,sig-646a4e58c9de43ce,delivered,1,1,1,,
exp-2b33b808a0f8,run-842fb0083a059689,claim-b8d2b58f931ef984,sig-646a4e58c9de43ce,delivered,1,1,1,,
exp-2b33b808a0f8,run-941a417fbfa17bc2,claim-b8d2b58f931ef984,sig-646a4e58c9de43ce,delivered,1,1,1,,
exp-2b33b808a0f8,run-1619336f4c8443db,claim-dc6c121148771259,sig-64c44c6f1aaab606,delivered,1,1,1,,
exp-2b33b808a0f8,run-2c80b667b1e14131,claim-dc6c121148771259,sig-64c44c6f1aaab606,delivered,1,1,1,,
exp-2b33b808a0f8,run-3077d26358e3e6c2,claim-dc6c121148771259,sig-64c44c6f1aaab606,delivered,1,1,1,,
exp-2b33b808a0f8,run-374dc2e21f594ec4,claim-dc6c121148771259,sig-64c44c6f1aaab606,delivered,1,1,1,,
exp-2b33b808a0f8,run-5f9908a782b1c6e3,claim-dc6c121148771259,sig-64c44c6f1aaab606,delivered,1,1,1,,
exp-2b33b808a0f8,run-7c7ff2af92c151e9,claim-dc6c121148771259,sig-64c44c6f1aaab606,delivered,1,1,1,,
exp-2b33b808a0f8,run-82a20b31b2b8e7ef,claim-dc6c121148771259,sig-64c44c6f1aaab606,delivered,1,1,1,,
exp-2b33b808a0f8,run-a6aad9d55897ddf3,claim-dc6c121148771259,sig-64c44c6f1aaab606,delivered,1,1,1,,
exp-2b33b808a0f8,run-c898b60149672477,claim-dc6c121148771259,sig-64c44c6f1aaab606,delivered,1,1,1,,
exp-2b33b808a0f8,run-f5d02c54d049405c,claim-dc6c121148771259,sig-64c44c6f1aaab606,delivered,1,1,1,,
exp-2b33b808a0f8,run-fde91c8a36f73bc9,claim-dc6c121148771259,sig-64c44c6f1aaab606,delivered,1,1,1,,
exp-2b33b808a0f8,run-1ad5774f2ec38993,claim-6ebd9bdf13e1bca4,sig-65aae94bdb8b1ff0,delivered,1,1,1,,
exp-2b33b808a0f8,run-22c72107573a4b60,claim-6ebd9bdf13e1bca4,sig-65aae94bdb8b1ff0,delivered,1,1,1,,
exp-2b33b808a0f8,run-803b3c372bc924c5,claim-6ebd9bdf13e1bca4,sig-65aae94bdb8b1ff0,delivered,1,1,1,,
exp-2b33b808a0f8,run-89afe7e7549c985c,claim-6ebd9bdf13e1bca4,sig-65aae94bdb8b1ff0,delivered,1,1,1,,
exp-2b33b808a0f8,run-9119299991896d57,claim-6ebd9bdf13e1bca4,sig-65aae94bdb8b1ff0,delivered,1,1,1,,
exp-2b33b808a0f8,run-d03cdd5172e2e4bb,claim-6ebd9bdf13e1bca4,sig-65aae94bdb8b1ff0,delivered,1,1,1,,
exp-2b33b808a0f8,run-d7f33141b5694988,claim-6ebd9bdf13e1bca4,sig-65aae94bdb8b1ff0,delivered,1,1,1,,
exp-2b33b808a0f8,run-d7f754d1c6032500,claim-6ebd9bdf13e1bca4,sig-65aae94bdb8b1ff0,delivered,1,1,1,,
exp-2b33b808a0f8,run-ebb905b917de9aa9,claim-6ebd9bdf13e1bca4,sig-65aae94bdb8b1ff0,delivered,1,1,1,,
exp-2b33b808a0f8,run-561879026bd8c4cc,claim-58912513953f80e7,sig-666bfe14b2c48221,delivered,1,1,1,,
exp-2b33b808a0f8,run-6696f865d45b6987,claim-58912513953f80e7,sig-666bfe14b2c48221,delivered,1,1,1,,
exp-2b33b808a0f8,run-8c6292478d058b13,claim-58912513953f80e7,sig-666bfe14b2c48221,delivered,1,1,1,,
exp-2b33b808a0f8,run-b788fe5ef4d59d69,claim-58912513953f80e7,sig-666bfe14b2c48221,delivered,1,1,1,,
exp-2b33b808a0f8,run-eeb7dfd13c9983fc,claim-58912513953f80e7,sig-666bfe14b2c48221,delivered,1,1,1,,
exp-2b33b808a0f8,run-0d5710fb6ccbec61,claim-6b00b8e80c57ec06,sig-66911d511f348c25,delivered,1,1,1,,
exp-2b33b808a0f8,run-7ea589e15513aeaf,claim-6b00b8e80c57ec06,sig-66911d511f348c25,delivered,1,1,1,,
exp-2b33b808a0f8,run-b2e91be99045ef34,claim-6b00b8e80c57ec06,sig-66911d511f348c25,delivered,1,1,1,,
exp-2b33b808a0f8,run-0cf7e0daf535a696,claim-6437bc63c173aa81,sig-66bb1d8db5d14be3,delivered,1,1,1,,
exp-2b33b808a0f8,run-314cd6efe084d5fe,claim-6437bc63c173aa81,sig-66bb1d8db5d14be3,delivered,1,1,1,,
exp-2b33b808a0f8,run-3f6da378062ee821,claim-6437bc63c173aa81,sig-66bb1d8db5d14be3,delivered,1,1,1,,
exp-2b33b808a0f8,run-7b8861c80024d738,claim-6437bc63c173aa81,sig-66bb1d8db5d14be3,delivered,1,1,1,,
exp-2b33b808a0f8,run-7d86c321e8400460,claim-6437bc63c173aa81,sig-66bb1d8db5d14be3,delivered,1,1,1,,
exp-2b33b808a0f8,run-8edfe902496d790d,claim-6437bc63c173aa81,sig-66bb1d8db5d14be3,delivered,1,1,1,,
exp-2b33b808a0f8,run-cacf78bafbbad965,claim-6437bc63c173aa81,sig-66bb1d8db5d14be3,delivered,1,1,1,,
exp-2b33b808a0f8,run-cec16e049668dcae,claim-6437bc63c173aa81,sig-66bb1d8db5d14be3,delivered,1,1,1,,
exp-2b33b808a0f8,run-1827ab6678b4100e,claim-f041c752479de234,sig-67f457832a1a8512,delivered,1,1,1,,
exp-2b33b808a0f8,run-36f70902baf2605c,claim-f041c752479de234,sig-67f457832a1a8512,delivered,1,1,1,,
exp-2b33b808a0f8,run-40302b8b799e3bf1,claim-f041c752479de234,sig-67f457832a1a8512,delivered,1,1,1,,
exp-2b33b808a0f8,run-68434cd370855dde,claim-f041c752479de234,sig-67f457832a1a8512,delivered,1,1,1,,
exp-2b33b808a0f8,run-a43e1603dbdaba0d,claim-f041c752479de234,sig-67f457832a1a8512,delivered,1,1,1,,
exp-2b33b808a0f8,run-ebcbbda81e609372,claim-f041c752479de234,sig-67f457832a1a8512,delivered,1,1,1,,
exp-2b33b808a0f8,run-f1776cca757489d5,claim-f041c752479de234,sig-67f457832a1a8512,delivered,1,1,1,,
exp-2b33b808a0f8,run-3d2d41ba2235d5fd,claim-7ceac37f815295d9,sig-681110c0ac6ea3f2,delivered,1,1,1,,
exp-2b33b808a0f8,run-598aaa80449e6816,claim-7ceac37f815295d9,sig-681110c0ac6ea3f2,delivered,1,1,1,,
exp-2b33b808a0f8,run-eac9a626a1d8c14b,claim-7ceac37f815295d9,sig-681110c0ac6ea3f2,delivered,1,1,1,,
exp-2b33b808a0f8,run-652d659454d8ad9e,claim-7b9d1a2c1dada104,sig-686c055a40da41ad,delivered,1,1,1,,
exp-2b33b808a0f8,run-688fc7e2f44ed2f2,claim-7b9d1a2c1dada104,sig-686c055a40da41ad,delivered,1,1,1,,
exp-2b33b808a0f8,run-7ebc93e6754f1bb3,claim-7b9d1a2c1dada104,sig-686c055a40da41ad,delivered,1,1,1,,
exp-2b33b808a0f8,run-87f02234f88d5831,claim-7b9d1a2c1dada104,sig-686c055a40da41ad,delivered,1,1,1,,
exp-2b33b808a0f8,run-8f35f254ebb2acd3,claim-7b9d1a2c1dada104,sig-686c055a40da41ad,delivered,1,1,1,,
exp-2b33b808a0f8,run-b7f8311340d0f5c0,claim-7b9d1a2c1dada104,sig-686c055a40da41ad,delivered,1,1,1,,
exp-2b33b808a0f8,run-cbfe7f989bdcbfd8,claim-7b9d1a2c1dada104,sig-686c055a40da41ad,delivered,1,1,1,,
exp-2b33b808a0f8,run-e09a9c6c7fbe74db,claim-7b9d1a2c1dada104,sig-686c055a40da41ad,delivered,1,1,1,,
exp-2b33b808a0f8,run-ea2e4f2c800425a8,claim-7b9d1a2c1dada104,sig-686c055a40da41ad,delivered,1,1,1,,
exp-2b33b808a0f8,run-25bb9ab7e7a7365a,claim-5fdd8aee937cf537,sig-68e91db5dd5df221,delivered,1,1,1,,
exp-2b33b808a0f8,run-374dc2e21f594ec4,claim-5fdd8aee937cf537,sig-68e91db5dd5df221,delivered,1,1,1,,
exp-2b33b808a0f8,run-5f9908a782b1c6e3,claim-5fdd8aee937cf537,sig-68e91db5dd5df221,delivered,1,1,1,,
exp-2b33b808a0f8,run-64dbfef590df5805,claim-5fdd8aee937cf537,sig-68e91db5dd5df221,delivered,1,1,1,,
exp-2b33b808a0f8,run-82a20b31b2b8e7ef,claim-5fdd8aee937cf537,sig-68e91db5dd5df221,delivered,1,1,1,,
exp-2b33b808a0f8,run-b322099a86af125a,claim-5fdd8aee937cf537,sig-68e91db5dd5df221,delivered,1,1,1,,
exp-2b33b808a0f8,run-169749d452c80c28,claim-afe921d2dea545a4,sig-68ea3f25a8f567ab,delivered,1,1,1,,
exp-2b33b808a0f8,run-2913a8bf3b14dd18,claim-afe921d2dea545a4,sig-68ea3f25a8f567ab,delivered,1,1,1,,
exp-2b33b808a0f8,run-2c5ed9ccf72ab3ff,claim-afe921d2dea545a4,sig-68ea3f25a8f567ab,delivered,1,1,1,,
exp-2b33b808a0f8,run-421a9e310b9451d9,claim-afe921d2dea545a4,sig-68ea3f25a8f567ab,delivered,1,1,1,,
exp-2b33b808a0f8,run-4a9abd6b049cfa48,claim-afe921d2dea545a4,sig-68ea3f25a8f567ab,delivered,1,1,1,,
exp-2b33b808a0f8,run-4bc70e3c7d09ccca,claim-afe921d2dea545a4,sig-68ea3f25a8f567ab,delivered,1,1,1,,
exp-2b33b808a0f8,run-4be88edbdd58b0b7,claim-afe921d2dea545a4,sig-68ea3f25a8f567ab,delivered,1,1,1,,
exp-2b33b808a0f8,run-533b1ebf9907abc5,claim-afe921d2dea545a4,sig-68ea3f25a8f567ab,delivered,1,1,1,,
exp-2b33b808a0f8,run-5ab8996c310b76bc,claim-afe921d2dea545a4,sig-68ea3f25a8f567ab,delivered,1,1,1,,
exp-2b33b808a0f8,run-7a81aa198df7a360,claim-afe921d2dea545a4,sig-68ea3f25a8f567ab,delivered,1,1,1,,
exp-2b33b808a0f8,run-8628fb2f21bdfa9a,claim-afe921d2dea545a4,sig-68ea3f25a8f567ab,delivered,1,1,1,,
exp-2b33b808a0f8,run-98bc95649ddb8f4c,claim-afe921d2dea545a4,sig-68ea3f25a8f567ab,delivered,1,1,1,,
exp-2b33b808a0f8,run-a2a07f1fba72c484,claim-afe921d2dea545a4,sig-68ea3f25a8f567ab,delivered,1,1,1,,
exp-2b33b808a0f8,run-bfc1fb37d31beee3,claim-afe921d2dea545a4,sig-68ea3f25a8f567ab,delivered,1,1,1,,
exp-2b33b808a0f8,run-c70b83220468c5cb,claim-afe921d2dea545a4,sig-68ea3f25a8f567ab,delivered,1,1,1,,
exp-2b33b808a0f8,run-dda79e04e10eeb3f,claim-afe921d2dea545a4,sig-68ea3f25a8f567ab,delivered,1,1,1,,
exp-2b33b808a0f8,run-f31bacd7825a158b,claim-afe921d2dea545a4,sig-68ea3f25a8f567ab,delivered,1,1,1,,
exp-2b33b808a0f8,run-f8641a2b2b522c65,claim-afe921d2dea545a4,sig-68ea3f25a8f567ab,delivered,1,1,1,,
exp-2b33b808a0f8,run-217b27c32888985d,claim-41daa3b05913e5ec,sig-69166ff8c7c44c99,delivered,1,1,1,,
exp-2b33b808a0f8,run-3ca09ee4663ee36e,claim-41daa3b05913e5ec,sig-69166ff8c7c44c99,delivered,1,1,1,,
exp-2b33b808a0f8,run-3dcf417f7bfa03b2,claim-41daa3b05913e5ec,sig-69166ff8c7c44c99,delivered,1,1,1,,
exp-2b33b808a0f8,run-6fc1c1ab955868bf,claim-41daa3b05913e5ec,sig-69166ff8c7c44c99,delivered,1,1,1,,
exp-2b33b808a0f8,run-95f0926102c7f977,claim-41daa3b05913e5ec,sig-69166ff8c7c44c99,delivered,1,1,1,,
exp-2b33b808a0f8,run-9e50adaa1bc80ca9,claim-41daa3b05913e5ec,sig-69166ff8c7c44c99,delivered,1,1,1,,
exp-2b33b808a0f8,run-f4b4966e3d0cf978,claim-41daa3b05913e5ec,sig-69166ff8c7c44c99,delivered,1,1,1,,
exp-2b33b808a0f8,run-07debd3836121a4c,claim-d354c4dd8ccfeeba,sig-69a0e764530c3ff6,delivered,1,1,1,,
exp-2b33b808a0f8,run-156a83b4e0f32cfa,claim-d354c4dd8ccfeeba,sig-69a0e764530c3ff6,delivered,1,1,1,,
exp-2b33b808a0f8,run-19ef64ede03e3f70,claim-d354c4dd8ccfeeba,sig-69a0e764530c3ff6,delivered,1,1,1,,
exp-2b33b808a0f8,run-1d989b2933796a16,claim-d354c4dd8ccfeeba,sig-69a0e764530c3ff6,delivered,1,1,1,,
exp-2b33b808a0f8,run-374dc2e21f594ec4,claim-d354c4dd8ccfeeba,sig-69a0e764530c3ff6,delivered,1,1,1,,
exp-2b33b808a0f8,run-382a40867248c3e0,claim-d354c4dd8ccfeeba,sig-69a0e764530c3ff6,delivered,1,1,1,,
exp-2b33b808a0f8,run-3d2d41ba2235d5fd,claim-d354c4dd8ccfeeba,sig-69a0e764530c3ff6,delivered,1,1,1,,
exp-2b33b808a0f8,run-3ee3b3533922c3cd,claim-d354c4dd8ccfeeba,sig-69a0e764530c3ff6,delivered,1,1,1,,
exp-2b33b808a0f8,run-598aaa80449e6816,claim-d354c4dd8ccfeeba,sig-69a0e764530c3ff6,delivered,1,1,1,,
exp-2b33b808a0f8,run-5f9908a782b1c6e3,claim-d354c4dd8ccfeeba,sig-69a0e764530c3ff6,delivered,1,1,1,,
exp-2b33b808a0f8,run-82a20b31b2b8e7ef,claim-d354c4dd8ccfeeba,sig-69a0e764530c3ff6,delivered,1,1,1,,
exp-2b33b808a0f8,run-bf37e2d5cbe4f3b9,claim-d354c4dd8ccfeeba,sig-69a0e764530c3ff6,delivered,1,1,1,,
exp-2b33b808a0f8,run-e791d1ca36891afd,claim-d354c4dd8ccfeeba,sig-69a0e764530c3ff6,delivered,1,1,1,,
exp-2b33b808a0f8,run-eac9a626a1d8c14b,claim-d354c4dd8ccfeeba,sig-69a0e764530c3ff6,delivered,1,1,1,,
exp-2b33b808a0f8,run-efdb047898d3bc26,claim-d354c4dd8ccfeeba,sig-69a0e764530c3ff6,delivered,1,1,1,,
exp-2b33b808a0f8,run-17af457d3e773d12,claim-709ffc5339fb2781,sig-69ce3c3ad474f626,delivered,1,1,1,,
exp-2b33b808a0f8,run-1ad5774f2ec38993,claim-709ffc5339fb2781,sig-69ce3c3ad474f626,delivered,1,1,1,,
exp-2b33b808a0f8,run-1b7414577607656b,claim-709ffc5339fb2781,sig-69ce3c3ad474f626,delivered,1,1,1,,
exp-2b33b808a0f8,run-22c72107573a4b60,claim-709ffc5339fb2781,sig-69ce3c3ad474f626,delivered,1,1,1,,
exp-2b33b808a0f8,run-30a6c9b3eb5dce42,claim-709ffc5339fb2781,sig-69ce3c3ad474f626,delivered,1,1,1,,
exp-2b33b808a0f8,run-3996e6744fffc569,claim-709ffc5339fb2781,sig-69ce3c3ad474f626,delivered,1,1,1,,
exp-2b33b808a0f8,run-40302b8b799e3bf1,claim-709ffc5339fb2781,sig-69ce3c3ad474f626,delivered,1,1,1,,
exp-2b33b808a0f8,run-5e07d16f1f5b2987,claim-709ffc5339fb2781,sig-69ce3c3ad474f626,delivered,1,1,1,,
exp-2b33b808a0f8,run-68434cd370855dde,claim-709ffc5339fb2781,sig-69ce3c3ad474f626,delivered,1,1,1,,
exp-2b33b808a0f8,run-6c88b2e46218c519,claim-709ffc5339fb2781,sig-69ce3c3ad474f626,delivered,1,1,1,,
exp-2b33b808a0f8,run-760ccd016850aaab,claim-709ffc5339fb2781,sig-69ce3c3ad474f626,delivered,1,1,1,,
exp-2b33b808a0f8,run-803b3c372bc924c5,claim-709ffc5339fb2781,sig-69ce3c3ad474f626,delivered,1,1,1,,
exp-2b33b808a0f8,run-81291fb5e9520a72,claim-709ffc5339fb2781,sig-69ce3c3ad474f626,delivered,1,1,1,,
exp-2b33b808a0f8,run-89afe7e7549c985c,claim-709ffc5339fb2781,sig-69ce3c3ad474f626,delivered,1,1,1,,
exp-2b33b808a0f8,run-9119299991896d57,claim-709ffc5339fb2781,sig-69ce3c3ad474f626,delivered,1,1,1,,
exp-2b33b808a0f8,run-a43e1603dbdaba0d,claim-709ffc5339fb2781,sig-69ce3c3ad474f626,delivered,1,1,1,,
exp-2b33b808a0f8,run-d03cdd5172e2e4bb,claim-709ffc5339fb2781,sig-69ce3c3ad474f626,delivered,1,1,1,,
exp-2b33b808a0f8,run-d079e2109bf6da9a,claim-709ffc5339fb2781,sig-69ce3c3ad474f626,delivered,1,1,1,,
exp-2b33b808a0f8,run-d7f33141b5694988,claim-709ffc5339fb2781,sig-69ce3c3ad474f626,delivered,1,1,1,,
exp-2b33b808a0f8,run-d7f754d1c6032500,claim-709ffc5339fb2781,sig-69ce3c3ad474f626,delivered,1,1,1,,
exp-2b33b808a0f8,run-ebb905b917de9aa9,claim-709ffc5339fb2781,sig-69ce3c3ad474f626,delivered,1,1,1,,
exp-2b33b808a0f8,run-f1776cca757489d5,claim-709ffc5339fb2781,sig-69ce3c3ad474f626,delivered,1,1,1,,
exp-2b33b808a0f8,run-f55733a3b9a826e4,claim-709ffc5339fb2781,sig-69ce3c3ad474f626,delivered,1,1,1,,
exp-2b33b808a0f8,run-0d5710fb6ccbec61,claim-fad2c735b27ee1f8,sig-6a16651a4f768364,delivered,1,1,1,,
exp-2b33b808a0f8,run-7ea589e15513aeaf,claim-fad2c735b27ee1f8,sig-6a16651a4f768364,delivered,1,1,1,,
exp-2b33b808a0f8,run-b2e91be99045ef34,claim-fad2c735b27ee1f8,sig-6a16651a4f768364,delivered,1,1,1,,
exp-2b33b808a0f8,run-024c8ebdc05e33a8,claim-89ca04d25f0f019e,sig-6a234c808605e4f4,delivered,1,1,1,,
exp-2b33b808a0f8,run-13a88125b47c3116,claim-89ca04d25f0f019e,sig-6a234c808605e4f4,delivered,1,1,1,,
exp-2b33b808a0f8,run-1946c1edcbdbbdda,claim-89ca04d25f0f019e,sig-6a234c808605e4f4,delivered,1,1,1,,
exp-2b33b808a0f8,run-30e0ad5088f869ef,claim-89ca04d25f0f019e,sig-6a234c808605e4f4,delivered,1,1,1,,
exp-2b33b808a0f8,run-427de9f5f80631bb,claim-89ca04d25f0f019e,sig-6a234c808605e4f4,delivered,1,1,1,,
exp-2b33b808a0f8,run-5227c4f1697e16f5,claim-89ca04d25f0f019e,sig-6a234c808605e4f4,delivered,1,1,1,,
exp-2b33b808a0f8,run-5d1d938973316806,claim-89ca04d25f0f019e,sig-6a234c808605e4f4,delivered,1,1,1,,
exp-2b33b808a0f8,run-65fb89d7c4ce4fff,claim-89ca04d25f0f019e,sig-6a234c808605e4f4,delivered,1,1,1,,
exp-2b33b808a0f8,run-9c2aac4f207303c4,claim-89ca04d25f0f019e,sig-6a234c808605e4f4,delivered,1,1,1,,
exp-2b33b808a0f8,run-a684c987a3ec5dee,claim-89ca04d25f0f019e,sig-6a234c808605e4f4,delivered,1,1,1,,
exp-2b33b808a0f8,run-b9c91e3ca797b757,claim-89ca04d25f0f019e,sig-6a234c808605e4f4,delivered,1,1,1,,
exp-2b33b808a0f8,run-bc9a7105af8438b3,claim-89ca04d25f0f019e,sig-6a234c808605e4f4,delivered,1,1,1,,
exp-2b33b808a0f8,run-da80cb0756bb72c1,claim-89ca04d25f0f019e,sig-6a234c808605e4f4,delivered,1,1,1,,
exp-2b33b808a0f8,run-dcd3f088d2742101,claim-89ca04d25f0f019e,sig-6a234c808605e4f4,delivered,1,1,1,,
exp-2b33b808a0f8,run-fd7c4293eec328ed,claim-89ca04d25f0f019e,sig-6a234c808605e4f4,delivered,1,1,1,,
exp-2b33b808a0f8,run-6587340871fe07d2,claim-3f4f2dd4fb7529b6,sig-6b24d5d04bcbd4e3,delivered,1,1,1,,
exp-2b33b808a0f8,run-9ad54128801f5701,claim-3f4f2dd4fb7529b6,sig-6b24d5d04bcbd4e3,delivered,1,1,1,,
exp-2b33b808a0f8,run-e975e5cc647b3523,claim-3f4f2dd4fb7529b6,sig-6b24d5d04bcbd4e3,delivered,1,1,1,,
exp-2b33b808a0f8,run-107e053141aef5a2,claim-f2aee143644456b5,sig-6b765cf6ebebdf80,delivered,1,1,1,,
exp-2b33b808a0f8,run-2231a5437da60871,claim-f2aee143644456b5,sig-6b765cf6ebebdf80,delivered,1,1,1,,
exp-2b33b808a0f8,run-36dc5599241ff74c,claim-f2aee143644456b5,sig-6b765cf6ebebdf80,delivered,1,1,1,,
exp-2b33b808a0f8,run-54dd198bde19e6cf,claim-f2aee143644456b5,sig-6b765cf6ebebdf80,delivered,1,1,1,,
exp-2b33b808a0f8,run-5f72dfbc37ae3836,claim-f2aee143644456b5,sig-6b765cf6ebebdf80,delivered,1,1,1,,
exp-2b33b808a0f8,run-60c27be7bfd13181,claim-f2aee143644456b5,sig-6b765cf6ebebdf80,delivered,1,1,1,,
exp-2b33b808a0f8,run-7a43182838a92b4d,claim-f2aee143644456b5,sig-6b765cf6ebebdf80,delivered,1,1,1,,
exp-2b33b808a0f8,run-802196ca10c28e03,claim-f2aee143644456b5,sig-6b765cf6ebebdf80,delivered,1,1,1,,
exp-2b33b808a0f8,run-86e0fb3cb34a86b9,claim-f2aee143644456b5,sig-6b765cf6ebebdf80,delivered,1,1,1,,
exp-2b33b808a0f8,run-9fd3eacdb49f1187,claim-f2aee143644456b5,sig-6b765cf6ebebdf80,delivered,1,1,1,,
exp-2b33b808a0f8,run-c5596c6cf2999ecc,claim-f2aee143644456b5,sig-6b765cf6ebebdf80,delivered,1,1,1,,
exp-2b33b808a0f8,run-cbf903a67be76d0a,claim-f2aee143644456b5,sig-6b765cf6ebebdf80,delivered,1,1,1,,
exp-2b33b808a0f8,run-eb3dc172de7476ad,claim-f2aee143644456b5,sig-6b765cf6ebebdf80,delivered,1,1,1,,
exp-2b33b808a0f8,run-fa92f9e908dcd179,claim-f2aee143644456b5,sig-6b765cf6ebebdf80,delivered,1,1,1,,
exp-2b33b808a0f8,run-fad00c5c2a4305ab,claim-f2aee143644456b5,sig-6b765cf6ebebdf80,delivered,1,1,1,,
exp-2b33b808a0f8,run-13afd1c7ef164da6,claim-c76beccb5096c454,sig-6bce600c243db1fd,delivered,1,1,1,,
exp-2b33b808a0f8,run-40d744a8e6f22616,claim-c76beccb5096c454,sig-6bce600c243db1fd,delivered,1,1,1,,
exp-2b33b808a0f8,run-5f40de771364165d,claim-c76beccb5096c454,sig-6bce600c243db1fd,delivered,1,1,1,,
exp-2b33b808a0f8,run-9c95744bf1e4fc1c,claim-c76beccb5096c454,sig-6bce600c243db1fd,delivered,1,1,1,,
exp-2b33b808a0f8,run-b9c91e3ca797b757,claim-c76beccb5096c454,sig-6bce600c243db1fd,delivered,1,1,1,,
exp-2b33b808a0f8,run-cb26f0bc1de44dfe,claim-c76beccb5096c454,sig-6bce600c243db1fd,delivered,1,1,1,,
exp-2b33b808a0f8,run-1654ed83a69b048a,claim-87ca185de9022b4c,sig-6bef6c6921e80436,delivered,1,1,1,,
exp-2b33b808a0f8,run-3df61f770d52dd70,claim-87ca185de9022b4c,sig-6bef6c6921e80436,delivered,1,1,1,,
exp-2b33b808a0f8,run-4171e29a7613b1bb,claim-87ca185de9022b4c,sig-6bef6c6921e80436,delivered,1,1,1,,
exp-2b33b808a0f8,run-8283757cadda12d5,claim-87ca185de9022b4c,sig-6bef6c6921e80436,delivered,1,1,1,,
exp-2b33b808a0f8,run-b13893f95aaaa626,claim-87ca185de9022b4c,sig-6bef6c6921e80436,delivered,1,1,1,,
exp-2b33b808a0f8,run-6ddc9f9b58c14914,claim-7d01f98ac4ababb2,sig-6c6cb613ac7206f9,delivered,1,1,1,,
exp-2b33b808a0f8,run-de51ed580b1ab50d,claim-7d01f98ac4ababb2,sig-6c6cb613ac7206f9,delivered,1,1,1,,
exp-2b33b808a0f8,run-fd0875ba4dfb44d6,claim-7d01f98ac4ababb2,sig-6c6cb613ac7206f9,delivered,1,1,1,,
exp-2b33b808a0f8,run-188a8d0550ccc9f1,claim-1f8bfe40cefce135,sig-6c80a31e9147d392,delivered,1,1,1,,
exp-2b33b808a0f8,run-217b27c32888985d,claim-1f8bfe40cefce135,sig-6c80a31e9147d392,delivered,1,1,1,,
exp-2b33b808a0f8,run-3ceaa0e4676003ac,claim-1f8bfe40cefce135,sig-6c80a31e9147d392,delivered,1,1,1,,
exp-2b33b808a0f8,run-3dcf417f7bfa03b2,claim-1f8bfe40cefce135,sig-6c80a31e9147d392,delivered,1,1,1,,
exp-2b33b808a0f8,run-85fcaf049510f0ee,claim-1f8bfe40cefce135,sig-6c80a31e9147d392,delivered,1,1,1,,
exp-2b33b808a0f8,run-95f0926102c7f977,claim-1f8bfe40cefce135,sig-6c80a31e9147d392,delivered,1,1,1,,
exp-2b33b808a0f8,run-9e50adaa1bc80ca9,claim-1f8bfe40cefce135,sig-6c80a31e9147d392,delivered,1,1,1,,
exp-2b33b808a0f8,run-b59197931236a821,claim-1f8bfe40cefce135,sig-6c80a31e9147d392,delivered,1,1,1,,
exp-2b33b808a0f8,run-f4b4966e3d0cf978,claim-1f8bfe40cefce135,sig-6c80a31e9147d392,delivered,1,1,1,,
exp-2b33b808a0f8,run-08aa8b26c1ded7ed,claim-0269140bc22c9d24,sig-6c874dfd5b890de5,delivered,1,1,1,,
exp-2b33b808a0f8,run-27bf28105ca06fd4,claim-0269140bc22c9d24,sig-6c874dfd5b890de5,delivered,1,1,1,,
exp-2b33b808a0f8,run-2db70520b400e899,claim-0269140bc22c9d24,sig-6c874dfd5b890de5,delivered,1,1,1,,
exp-2b33b808a0f8,run-5db7b7d90d3ff8ce,claim-0269140bc22c9d24,sig-6c874dfd5b890de5,delivered,1,1,1,,
exp-2b33b808a0f8,run-67793a64b66d5a38,claim-0269140bc22c9d24,sig-6c874dfd5b890de5,delivered,1,1,1,,
exp-2b33b808a0f8,run-7f00802c340e2617,claim-0269140bc22c9d24,sig-6c874dfd5b890de5,delivered,1,1,1,,
exp-2b33b808a0f8,run-92029ec55433f4ad,claim-0269140bc22c9d24,sig-6c874dfd5b890de5,delivered,1,1,1,,
exp-2b33b808a0f8,run-9e13e54cda7d586a,claim-0269140bc22c9d24,sig-6c874dfd5b890de5,delivered,1,1,1,,
exp-2b33b808a0f8,run-a1dd10a320d74492,claim-0269140bc22c9d24,sig-6c874dfd5b890de5,delivered,1,1,1,,
exp-2b33b808a0f8,run-b0542bb5dad78106,claim-0269140bc22c9d24,sig-6c874dfd5b890de5,delivered,1,1,1,,
exp-2b33b808a0f8,run-b6164e0a3c9ee1c7,claim-0269140bc22c9d24,sig-6c874dfd5b890de5,delivered,1,1,1,,
exp-2b33b808a0f8,run-bdbb3ee62a506ea8,claim-0269140bc22c9d24,sig-6c874dfd5b890de5,delivered,1,1,1,,
exp-2b33b808a0f8,run-cf74c3eb23037fe3,claim-0269140bc22c9d24,sig-6c874dfd5b890de5,delivered,1,1,1,,
exp-2b33b808a0f8,run-fb3ce97f197123d1,claim-0269140bc22c9d24,sig-6c874dfd5b890de5,delivered,1,1,1,,
exp-2b33b808a0f8,run-fd184a609106633b,claim-0269140bc22c9d24,sig-6c874dfd5b890de5,delivered,1,1,1,,
exp-2b33b808a0f8,run-08eb0ce23ff8c058,claim-bdd71b4be152e236,sig-6cf94f90fb194cf6,delivered,1,1,1,,
exp-2b33b808a0f8,run-0ed59ea471f8c823,claim-bdd71b4be152e236,sig-6cf94f90fb194cf6,delivered,1,1,1,,
exp-2b33b808a0f8,run-121bae4857799859,claim-bdd71b4be152e236,sig-6cf94f90fb194cf6,delivered,1,1,1,,
exp-2b33b808a0f8,run-2cd8b7888af1dfd8,claim-bdd71b4be152e236,sig-6cf94f90fb194cf6,delivered,1,1,1,,
exp-2b33b808a0f8,run-5f72dfbc37ae3836,claim-bdd71b4be152e236,sig-6cf94f90fb194cf6,delivered,1,1,1,,
exp-2b33b808a0f8,run-5f8c41dc5117d3f7,claim-bdd71b4be152e236,sig-6cf94f90fb194cf6,delivered,1,1,1,,
exp-2b33b808a0f8,run-60c27be7bfd13181,claim-bdd71b4be152e236,sig-6cf94f90fb194cf6,delivered,1,1,1,,
exp-2b33b808a0f8,run-626495f4dbb14cf3,claim-bdd71b4be152e236,sig-6cf94f90fb194cf6,delivered,1,1,1,,
exp-2b33b808a0f8,run-82654eb217e99ef6,claim-bdd71b4be152e236,sig-6cf94f90fb194cf6,delivered,1,1,1,,
exp-2b33b808a0f8,run-8c29734783624630,claim-bdd71b4be152e236,sig-6cf94f90fb194cf6,delivered,1,1,1,,
exp-2b33b808a0f8,run-9fd3eacdb49f1187,claim-bdd71b4be152e236,sig-6cf94f90fb194cf6,delivered,1,1,1,,
exp-2b33b808a0f8,run-a91e83d95f4150ea,claim-bdd71b4be152e236,sig-6cf94f90fb194cf6,delivered,1,1,1,,
exp-2b33b808a0f8,run-aef2c0f3501e6b9f,claim-bdd71b4be152e236,sig-6cf94f90fb194cf6,delivered,1,1,1,,
exp-2b33b808a0f8,run-c31fdf2665c43f45,claim-bdd71b4be152e236,sig-6cf94f90fb194cf6,delivered,1,1,1,,
exp-2b33b808a0f8,run-cc57ad8a8d2714d7,claim-bdd71b4be152e236,sig-6cf94f90fb194cf6,delivered,1,1,1,,
exp-2b33b808a0f8,run-d2b9a396554a407b,claim-bdd71b4be152e236,sig-6cf94f90fb194cf6,delivered,1,1,1,,
exp-2b33b808a0f8,run-deef30be3782be8a,claim-bdd71b4be152e236,sig-6cf94f90fb194cf6,delivered,1,1,1,,
exp-2b33b808a0f8,run-fa92f9e908dcd179,claim-bdd71b4be152e236,sig-6cf94f90fb194cf6,delivered,1,1,1,,
exp-2b33b808a0f8,run-fe2c6fd3e3730afe,claim-bdd71b4be152e236,sig-6cf94f90fb194cf6,delivered,1,1,1,,
exp-2b33b808a0f8,run-22c666cf37db328f,claim-105f843f29d4e4ae,sig-6d6f168254ee558c,delivered,1,1,1,,
exp-2b33b808a0f8,run-26c66a98702e0a01,claim-105f843f29d4e4ae,sig-6d6f168254ee558c,delivered,1,1,1,,
exp-2b33b808a0f8,run-2a9c3ec6dd6e9d8f,claim-105f843f29d4e4ae,sig-6d6f168254ee558c,delivered,1,1,1,,
exp-2b33b808a0f8,run-2b307fc83ae74fb5,claim-105f843f29d4e4ae,sig-6d6f168254ee558c,delivered,1,1,1,,
exp-2b33b808a0f8,run-54c829c9332d7705,claim-105f843f29d4e4ae,sig-6d6f168254ee558c,delivered,1,1,1,,
exp-2b33b808a0f8,run-637de2634f99fe17,claim-105f843f29d4e4ae,sig-6d6f168254ee558c,delivered,1,1,1,,
exp-2b33b808a0f8,run-024dd76a95551a07,claim-34f97883c9398f71,sig-6d99dbefd392250b,delivered,1,1,1,,
exp-2b33b808a0f8,run-08eb0ce23ff8c058,claim-34f97883c9398f71,sig-6d99dbefd392250b,delivered,1,1,1,,
exp-2b33b808a0f8,run-175d816b8367baac,claim-34f97883c9398f71,sig-6d99dbefd392250b,delivered,1,1,1,,
exp-2b33b808a0f8,run-25bb9ab7e7a7365a,claim-34f97883c9398f71,sig-6d99dbefd392250b,delivered,1,1,1,,
exp-2b33b808a0f8,run-64dbfef590df5805,claim-34f97883c9398f71,sig-6d99dbefd392250b,delivered,1,1,1,,
exp-2b33b808a0f8,run-9d7b92b6a9bd860a,claim-34f97883c9398f71,sig-6d99dbefd392250b,delivered,1,1,1,,
exp-2b33b808a0f8,run-a5cfa0e1e29cea11,claim-34f97883c9398f71,sig-6d99dbefd392250b,delivered,1,1,1,,
exp-2b33b808a0f8,run-b322099a86af125a,claim-34f97883c9398f71,sig-6d99dbefd392250b,delivered,1,1,1,,
exp-2b33b808a0f8,run-d1062de1551992e2,claim-34f97883c9398f71,sig-6d99dbefd392250b,delivered,1,1,1,,
exp-2b33b808a0f8,run-d2b9a396554a407b,claim-34f97883c9398f71,sig-6d99dbefd392250b,delivered,1,1,1,,
exp-2b33b808a0f8,run-d7b85c1dbc2e2b84,claim-34f97883c9398f71,sig-6d99dbefd392250b,delivered,1,1,1,,
exp-2b33b808a0f8,run-dc695ad65d795df3,claim-34f97883c9398f71,sig-6d99dbefd392250b,delivered,1,1,1,,
exp-2b33b808a0f8,run-ecc7ecbcc7f2b4d6,claim-34f97883c9398f71,sig-6d99dbefd392250b,delivered,1,1,1,,
exp-2b33b808a0f8,run-f6d8a6bffd539b01,claim-34f97883c9398f71,sig-6d99dbefd392250b,delivered,1,1,1,,
exp-2b33b808a0f8,run-fe2c6fd3e3730afe,claim-34f97883c9398f71,sig-6d99dbefd392250b,delivered,1,1,1,,
exp-2b33b808a0f8,run-1619336f4c8443db,claim-b821f04fe480c71f,sig-6dc5fd795629028c,delivered,1,1,1,,
exp-2b33b808a0f8,run-175d816b8367baac,claim-b821f04fe480c71f,sig-6dc5fd795629028c,delivered,1,1,1,,
exp-2b33b808a0f8,run-2c80b667b1e14131,claim-b821f04fe480c71f,sig-6dc5fd795629028c,delivered,1,1,1,,
exp-2b33b808a0f8,run-3077d26358e3e6c2,claim-b821f04fe480c71f,sig-6dc5fd795629028c,delivered,1,1,1,,
exp-2b33b808a0f8,run-7c7ff2af92c151e9,claim-b821f04fe480c71f,sig-6dc5fd795629028c,delivered,1,1,1,,
exp-2b33b808a0f8,run-9e13e54cda7d586a,claim-b821f04fe480c71f,sig-6dc5fd795629028c,delivered,1,1,1,,
exp-2b33b808a0f8,run-a6aad9d55897ddf3,claim-b821f04fe480c71f,sig-6dc5fd795629028c,delivered,1,1,1,,
exp-2b33b808a0f8,run-b6164e0a3c9ee1c7,claim-b821f04fe480c71f,sig-6dc5fd795629028c,delivered,1,1,1,,
exp-2b33b808a0f8,run-bdbb3ee62a506ea8,claim-b821f04fe480c71f,sig-6dc5fd795629028c,delivered,1,1,1,,
exp-2b33b808a0f8,run-c898b60149672477,claim-b821f04fe480c71f,sig-6dc5fd795629028c,delivered,1,1,1,,
exp-2b33b808a0f8,run-d60faf210ac29cea,claim-b821f04fe480c71f,sig-6dc5fd795629028c,delivered,1,1,1,,
exp-2b33b808a0f8,run-d7b85c1dbc2e2b84,claim-b821f04fe480c71f,sig-6dc5fd795629028c,delivered,1,1,1,,
exp-2b33b808a0f8,run-dc695ad65d795df3,claim-b821f04fe480c71f,sig-6dc5fd795629028c,delivered,1,1,1,,
exp-2b33b808a0f8,run-f5d02c54d049405c,claim-b821f04fe480c71f,sig-6dc5fd795629028c,delivered,1,1,1,,
exp-2b33b808a0f8,run-fd184a609106633b,claim-b821f04fe480c71f,sig-6dc5fd795629028c,delivered,1,1,1,,
exp-2b33b808a0f8,run-fde91c8a36f73bc9,claim-b821f04fe480c71f,sig-6dc5fd795629028c,delivered,1,1,1,,
exp-2b33b808a0f8,run-47b9d87d8c408db1,claim-a22882d941be5305,sig-6eacf5850f6fed99,delivered,1,1,1,,
exp-2b33b808a0f8,run-97bca49872a1b9c7,claim-a22882d941be5305,sig-6eacf5850f6fed99,delivered,1,1,1,,
exp-2b33b808a0f8,run-b7f8311340d0f5c0,claim-e75c09a10e0128fc,sig-6ed6c5a0122dc490,delivered,1,1,1,,
exp-2b33b808a0f8,run-e09a9c6c7fbe74db,claim-e75c09a10e0128fc,sig-6ed6c5a0122dc490,delivered,1,1,1,,
exp-2b33b808a0f8,run-ea2e4f2c800425a8,claim-e75c09a10e0128fc,sig-6ed6c5a0122dc490,delivered,1,1,1,,
exp-2b33b808a0f8,run-54dfa16175253c38,claim-c3fcf95d414e030a,sig-7062c0a02ed50a19,delivered,1,1,1,,
exp-2b33b808a0f8,run-6d394564f18187f9,claim-c3fcf95d414e030a,sig-7062c0a02ed50a19,delivered,1,1,1,,
exp-2b33b808a0f8,run-e08a8eb7877cb862,claim-c3fcf95d414e030a,sig-7062c0a02ed50a19,delivered,1,1,1,,
exp-2b33b808a0f8,run-0fff7d537f846b2d,claim-31e4d80cf6e7167a,sig-7062d2ed5a759aab,delivered,1,1,1,,
exp-2b33b808a0f8,run-126bc4b511c1bdab,claim-31e4d80cf6e7167a,sig-7062d2ed5a759aab,delivered,1,1,1,,
exp-2b33b808a0f8,run-1cfdaa86b78a0a26,claim-31e4d80cf6e7167a,sig-7062d2ed5a759aab,delivered,1,1,1,,
exp-2b33b808a0f8,run-22c666cf37db328f,claim-31e4d80cf6e7167a,sig-7062d2ed5a759aab,delivered,1,1,1,,
exp-2b33b808a0f8,run-26c66a98702e0a01,claim-31e4d80cf6e7167a,sig-7062d2ed5a759aab,delivered,1,1,1,,
exp-2b33b808a0f8,run-2a9c3ec6dd6e9d8f,claim-31e4d80cf6e7167a,sig-7062d2ed5a759aab,delivered,1,1,1,,
exp-2b33b808a0f8,run-2b307fc83ae74fb5,claim-31e4d80cf6e7167a,sig-7062d2ed5a759aab,delivered,1,1,1,,
exp-2b33b808a0f8,run-48010f9c27336ede,claim-31e4d80cf6e7167a,sig-7062d2ed5a759aab,delivered,1,1,1,,
exp-2b33b808a0f8,run-54c829c9332d7705,claim-31e4d80cf6e7167a,sig-7062d2ed5a759aab,delivered,1,1,1,,
exp-2b33b808a0f8,run-62573029114c0f29,claim-31e4d80cf6e7167a,sig-7062d2ed5a759aab,delivered,1,1,1,,
exp-2b33b808a0f8,run-637de2634f99fe17,claim-31e4d80cf6e7167a,sig-7062d2ed5a759aab,delivered,1,1,1,,
exp-2b33b808a0f8,run-a5cfa0e1e29cea11,claim-31e4d80cf6e7167a,sig-7062d2ed5a759aab,delivered,1,1,1,,
exp-2b33b808a0f8,run-d1062de1551992e2,claim-31e4d80cf6e7167a,sig-7062d2ed5a759aab,delivered,1,1,1,,
exp-2b33b808a0f8,run-f2b06819f6cdf5c3,claim-31e4d80cf6e7167a,sig-7062d2ed5a759aab,delivered,1,1,1,,
exp-2b33b808a0f8,run-175d816b8367baac,claim-48cb6d4e13cd7964,sig-7238eef26724e819,delivered,1,1,1,,
exp-2b33b808a0f8,run-25bb9ab7e7a7365a,claim-48cb6d4e13cd7964,sig-7238eef26724e819,delivered,1,1,1,,
exp-2b33b808a0f8,run-64dbfef590df5805,claim-48cb6d4e13cd7964,sig-7238eef26724e819,delivered,1,1,1,,
exp-2b33b808a0f8,run-b322099a86af125a,claim-48cb6d4e13cd7964,sig-7238eef26724e819,delivered,1,1,1,,
exp-2b33b808a0f8,run-d7b85c1dbc2e2b84,claim-48cb6d4e13cd7964,sig-7238eef26724e819,delivered,1,1,1,,
exp-2b33b808a0f8,run-dc695ad65d795df3,claim-48cb6d4e13cd7964,sig-7238eef26724e819,delivered,1,1,1,,
exp-2b33b808a0f8,run-fd184a609106633b,claim-48cb6d4e13cd7964,sig-7238eef26724e819,delivered,1,1,1,,
exp-2b33b808a0f8,run-024dd76a95551a07,claim-920d098eeee29465,sig-72bb63cba4753e46,delivered,1,1,1,,
exp-2b33b808a0f8,run-1946c1edcbdbbdda,claim-920d098eeee29465,sig-72bb63cba4753e46,delivered,1,1,1,,
exp-2b33b808a0f8,run-1bae4fcd56bdaa2f,claim-920d098eeee29465,sig-72bb63cba4753e46,delivered,1,1,1,,
exp-2b33b808a0f8,run-5227c4f1697e16f5,claim-920d098eeee29465,sig-72bb63cba4753e46,delivered,1,1,1,,
exp-2b33b808a0f8,run-9c2aac4f207303c4,claim-920d098eeee29465,sig-72bb63cba4753e46,delivered,1,1,1,,
exp-2b33b808a0f8,run-dcd3f088d2742101,claim-920d098eeee29465,sig-72bb63cba4753e46,delivered,1,1,1,,
exp-2b33b808a0f8,run-df736f776a055b72,claim-920d098eeee29465,sig-72bb63cba4753e46,delivered,1,1,1,,
exp-2b33b808a0f8,run-024c8ebdc05e33a8,claim-6536571af47d329f,sig-72f6586a416b893d,delivered,1,1,1,,
exp-2b33b808a0f8,run-a5cfa0e1e29cea11,claim-6536571af47d329f,sig-72f6586a416b893d,delivered,1,1,1,,
exp-2b33b808a0f8,run-da80cb0756bb72c1,claim-6536571af47d329f,sig-72f6586a416b893d,delivered,1,1,1,,
exp-2b33b808a0f8,run-0f9dd47be805d0d2,claim-df7462dd98d13973,sig-7334d5f136cdbdc0,delivered,1,1,1,,
exp-2b33b808a0f8,run-217b27c32888985d,claim-df7462dd98d13973,sig-7334d5f136cdbdc0,delivered,1,1,1,,
exp-2b33b808a0f8,run-38e71c05cfcffb71,claim-df7462dd98d13973,sig-7334d5f136cdbdc0,delivered,1,1,1,,
exp-2b33b808a0f8,run-3ca09ee4663ee36e,claim-df7462dd98d13973,sig-7334d5f136cdbdc0,delivered,1,1,1,,
exp-2b33b808a0f8,run-3dcf417f7bfa03b2,claim-df7462dd98d13973,sig-7334d5f136cdbdc0,delivered,1,1,1,,
exp-2b33b808a0f8,run-6906bd9b7990509a,claim-df7462dd98d13973,sig-7334d5f136cdbdc0,delivered,1,1,1,,
exp-2b33b808a0f8,run-6fc1c1ab955868bf,claim-df7462dd98d13973,sig-7334d5f136cdbdc0,delivered,1,1,1,,
exp-2b33b808a0f8,run-8f35f254ebb2acd3,claim-df7462dd98d13973,sig-7334d5f136cdbdc0,delivered,1,1,1,,
exp-2b33b808a0f8,run-95f0926102c7f977,claim-df7462dd98d13973,sig-7334d5f136cdbdc0,delivered,1,1,1,,
exp-2b33b808a0f8,run-9e50adaa1bc80ca9,claim-df7462dd98d13973,sig-7334d5f136cdbdc0,delivered,1,1,1,,
exp-2b33b808a0f8,run-b7f8311340d0f5c0,claim-df7462dd98d13973,sig-7334d5f136cdbdc0,delivered,1,1,1,,
exp-2b33b808a0f8,run-e09a9c6c7fbe74db,claim-df7462dd98d13973,sig-7334d5f136cdbdc0,delivered,1,1,1,,
exp-2b33b808a0f8,run-ea2e4f2c800425a8,claim-df7462dd98d13973,sig-7334d5f136cdbdc0,delivered,1,1,1,,
exp-2b33b808a0f8,run-f4b4966e3d0cf978,claim-df7462dd98d13973,sig-7334d5f136cdbdc0,delivered,1,1,1,,
exp-2b33b808a0f8,run-b7f8311340d0f5c0,claim-6d1154397868b646,sig-7380f7c5fa543205,delivered,1,1,1,,
exp-2b33b808a0f8,run-e09a9c6c7fbe74db,claim-6d1154397868b646,sig-7380f7c5fa543205,delivered,1,1,1,,
exp-2b33b808a0f8,run-ea2e4f2c800425a8,claim-6d1154397868b646,sig-7380f7c5fa543205,delivered,1,1,1,,
exp-2b33b808a0f8,run-175d816b8367baac,claim-7fe31ebb30384314,sig-73b4d65162eaab6b,delivered,1,1,1,,
exp-2b33b808a0f8,run-21bdbb0a764f6a52,claim-7fe31ebb30384314,sig-73b4d65162eaab6b,delivered,1,1,1,,
exp-2b33b808a0f8,run-30e0ad5088f869ef,claim-7fe31ebb30384314,sig-73b4d65162eaab6b,delivered,1,1,1,,
exp-2b33b808a0f8,run-5d1d938973316806,claim-7fe31ebb30384314,sig-73b4d65162eaab6b,delivered,1,1,1,,
exp-2b33b808a0f8,run-a684c987a3ec5dee,claim-7fe31ebb30384314,sig-73b4d65162eaab6b,delivered,1,1,1,,
exp-2b33b808a0f8,run-bc9a7105af8438b3,claim-7fe31ebb30384314,sig-73b4d65162eaab6b,delivered,1,1,1,,
exp-2b33b808a0f8,run-ced95cf1de255212,claim-7fe31ebb30384314,sig-73b4d65162eaab6b,delivered,1,1,1,,
exp-2b33b808a0f8,run-d7b85c1dbc2e2b84,claim-7fe31ebb30384314,sig-73b4d65162eaab6b,delivered,1,1,1,,
exp-2b33b808a0f8,run-dc695ad65d795df3,claim-7fe31ebb30384314,sig-73b4d65162eaab6b,delivered,1,1,1,,
exp-2b33b808a0f8,run-33025bf9675b9c53,claim-da6bb2286d6d9380,sig-744077dcea0ee386,delivered,1,1,1,,
exp-2b33b808a0f8,run-3ca09ee4663ee36e,claim-da6bb2286d6d9380,sig-744077dcea0ee386,delivered,1,1,1,,
exp-2b33b808a0f8,run-50b2b7111a212006,claim-da6bb2286d6d9380,sig-744077dcea0ee386,delivered,1,1,1,,
exp-2b33b808a0f8,run-27bf28105ca06fd4,claim-8e133ff5512f4b4c,sig-74af862930eacd74,delivered,1,1,1,,
exp-2b33b808a0f8,run-2db70520b400e899,claim-8e133ff5512f4b4c,sig-74af862930eacd74,delivered,1,1,1,,
exp-2b33b808a0f8,run-92029ec55433f4ad,claim-8e133ff5512f4b4c,sig-74af862930eacd74,delivered,1,1,1,,
exp-2b33b808a0f8,run-a1dd10a320d74492,claim-8e133ff5512f4b4c,sig-74af862930eacd74,delivered,1,1,1,,
exp-2b33b808a0f8,run-b0542bb5dad78106,claim-8e133ff5512f4b4c,sig-74af862930eacd74,delivered,1,1,1,,
exp-2b33b808a0f8,run-fb3ce97f197123d1,claim-8e133ff5512f4b4c,sig-74af862930eacd74,delivered,1,1,1,,
exp-2b33b808a0f8,run-25bb9ab7e7a7365a,claim-c861994bb2dc12c0,sig-762590be031e44d5,delivered,1,1,1,,
exp-2b33b808a0f8,run-3df61f770d52dd70,claim-c861994bb2dc12c0,sig-762590be031e44d5,delivered,1,1,1,,
exp-2b33b808a0f8,run-48d6ce857c49a2d2,claim-c861994bb2dc12c0,sig-762590be031e44d5,delivered,1,1,1,,
exp-2b33b808a0f8,run-64dbfef590df5805,claim-c861994bb2dc12c0,sig-762590be031e44d5,delivered,1,1,1,,
exp-2b33b808a0f8,run-a191e82fe0552ab5,claim-c861994bb2dc12c0,sig-762590be031e44d5,delivered,1,1,1,,
exp-2b33b808a0f8,run-b322099a86af125a,claim-c861994bb2dc12c0,sig-762590be031e44d5,delivered,1,1,1,,
exp-2b33b808a0f8,run-25eaa2510fbfbaff,claim-ea7bad6ea315b12d,sig-767fe142be69a818,delivered,1,1,1,,
exp-2b33b808a0f8,run-3e6218c854422e8d,claim-ea7bad6ea315b12d,sig-767fe142be69a818,delivered,1,1,1,,
exp-2b33b808a0f8,run-36f70902baf2605c,claim-de28166ea2aaaa9a,sig-76bc1db1df5c5e7e,delivered,1,1,1,,
exp-2b33b808a0f8,run-68434cd370855dde,claim-de28166ea2aaaa9a,sig-76bc1db1df5c5e7e,delivered,1,1,1,,
exp-2b33b808a0f8,run-b89fda5b70005cab,claim-de28166ea2aaaa9a,sig-76bc1db1df5c5e7e,delivered,1,1,1,,
exp-2b33b808a0f8,run-d03cdd5172e2e4bb,claim-de28166ea2aaaa9a,sig-76bc1db1df5c5e7e,delivered,1,1,1,,
exp-2b33b808a0f8,run-d7f754d1c6032500,claim-de28166ea2aaaa9a,sig-76bc1db1df5c5e7e,delivered,1,1,1,,
exp-2b33b808a0f8,run-d9ecb9bb93d66dae,claim-de28166ea2aaaa9a,sig-76bc1db1df5c5e7e,delivered,1,1,1,,
exp-2b33b808a0f8,run-ebb905b917de9aa9,claim-de28166ea2aaaa9a,sig-76bc1db1df5c5e7e,delivered,1,1,1,,
exp-2b33b808a0f8,run-1ad5774f2ec38993,claim-f13def8817a51a6a,sig-77495981cf282646,delivered,1,1,1,,
exp-2b33b808a0f8,run-22c72107573a4b60,claim-f13def8817a51a6a,sig-77495981cf282646,delivered,1,1,1,,
exp-2b33b808a0f8,run-803b3c372bc924c5,claim-f13def8817a51a6a,sig-77495981cf282646,delivered,1,1,1,,
exp-2b33b808a0f8,run-89afe7e7549c985c,claim-f13def8817a51a6a,sig-77495981cf282646,delivered,1,1,1,,
exp-2b33b808a0f8,run-9119299991896d57,claim-f13def8817a51a6a,sig-77495981cf282646,delivered,1,1,1,,
exp-2b33b808a0f8,run-d03cdd5172e2e4bb,claim-f13def8817a51a6a,sig-77495981cf282646,delivered,1,1,1,,
exp-2b33b808a0f8,run-d7f33141b5694988,claim-f13def8817a51a6a,sig-77495981cf282646,delivered,1,1,1,,
exp-2b33b808a0f8,run-d7f754d1c6032500,claim-f13def8817a51a6a,sig-77495981cf282646,delivered,1,1,1,,
exp-2b33b808a0f8,run-ebb905b917de9aa9,claim-f13def8817a51a6a,sig-77495981cf282646,delivered,1,1,1,,
exp-2b33b808a0f8,run-169749d452c80c28,claim-b8b94ef16903cd53,sig-77e819f8e34654a4,delivered,1,1,1,,
exp-2b33b808a0f8,run-2883d20895417f2d,claim-b8b94ef16903cd53,sig-77e819f8e34654a4,delivered,1,1,1,,
exp-2b33b808a0f8,run-2b6895cdd016ae4c,claim-b8b94ef16903cd53,sig-77e819f8e34654a4,delivered,1,1,1,,
exp-2b33b808a0f8,run-31ef47d02bf73873,claim-b8b94ef16903cd53,sig-77e819f8e34654a4,delivered,1,1,1,,
exp-2b33b808a0f8,run-3a63d8383c08c8ac,claim-b8b94ef16903cd53,sig-77e819f8e34654a4,delivered,1,1,1,,
exp-2b33b808a0f8,run-41743e06e2fc2011,claim-b8b94ef16903cd53,sig-77e819f8e34654a4,delivered,1,1,1,,
exp-2b33b808a0f8,run-47b9d87d8c408db1,claim-b8b94ef16903cd53,sig-77e819f8e34654a4,delivered,1,1,1,,
exp-2b33b808a0f8,run-48f83c5035a70d6d,claim-b8b94ef16903cd53,sig-77e819f8e34654a4,delivered,1,1,1,,
exp-2b33b808a0f8,run-548b9449d2e5ac2b,claim-b8b94ef16903cd53,sig-77e819f8e34654a4,delivered,1,1,1,,
exp-2b33b808a0f8,run-5666f4cf16ada7ef,claim-b8b94ef16903cd53,sig-77e819f8e34654a4,delivered,1,1,1,,
exp-2b33b808a0f8,run-64c414548a26e255,claim-b8b94ef16903cd53,sig-77e819f8e34654a4,delivered,1,1,1,,
exp-2b33b808a0f8,run-7292d545a817f7b7,claim-b8b94ef16903cd53,sig-77e819f8e34654a4,delivered,1,1,1,,
exp-2b33b808a0f8,run-7a81aa198df7a360,claim-b8b94ef16903cd53,sig-77e819f8e34654a4,delivered,1,1,1,,
exp-2b33b808a0f8,run-809856b19e987477,claim-b8b94ef16903cd53,sig-77e819f8e34654a4,delivered,1,1,1,,
exp-2b33b808a0f8,run-82121d93599b573f,claim-b8b94ef16903cd53,sig-77e819f8e34654a4,delivered,1,1,1,,
exp-2b33b808a0f8,run-8f48500d07fefa0d,claim-b8b94ef16903cd53,sig-77e819f8e34654a4,delivered,1,1,1,,
exp-2b33b808a0f8,run-97bca49872a1b9c7,claim-b8b94ef16903cd53,sig-77e819f8e34654a4,delivered,1,1,1,,
exp-2b33b808a0f8,run-9a86c7d7c5a2206a,claim-b8b94ef16903cd53,sig-77e819f8e34654a4,delivered,1,1,1,,
exp-2b33b808a0f8,run-b092f115d5e62166,claim-b8b94ef16903cd53,sig-77e819f8e34654a4,delivered,1,1,1,,
exp-2b33b808a0f8,run-b2e669dbbe4fc670,claim-b8b94ef16903cd53,sig-77e819f8e34654a4,delivered,1,1,1,,
exp-2b33b808a0f8,run-baff06b1798fd2ab,claim-b8b94ef16903cd53,sig-77e819f8e34654a4,delivered,1,1,1,,
exp-2b33b808a0f8,run-bfc1fb37d31beee3,claim-b8b94ef16903cd53,sig-77e819f8e34654a4,delivered,1,1,1,,
exp-2b33b808a0f8,run-cfbfb19332bde82e,claim-b8b94ef16903cd53,sig-77e819f8e34654a4,delivered,1,1,1,,
exp-2b33b808a0f8,run-f2913fb769b7d837,claim-b8b94ef16903cd53,sig-77e819f8e34654a4,delivered,1,1,1,,
exp-2b33b808a0f8,run-f3f30df9a4b8d9a5,claim-b8b94ef16903cd53,sig-77e819f8e34654a4,delivered,1,1,1,,
exp-2b33b808a0f8,run-f463dfc540bd3689,claim-b8b94ef16903cd53,sig-77e819f8e34654a4,delivered,1,1,1,,
exp-2b33b808a0f8,run-ff551810526d18de,claim-b8b94ef16903cd53,sig-77e819f8e34654a4,delivered,1,1,1,,
exp-2b33b808a0f8,run-25bb9ab7e7a7365a,claim-94b43b1c9edee443,sig-7856a447d728b121,delivered,1,1,1,,
exp-2b33b808a0f8,run-64dbfef590df5805,claim-94b43b1c9edee443,sig-7856a447d728b121,delivered,1,1,1,,
exp-2b33b808a0f8,run-b0542bb5dad78106,claim-94b43b1c9edee443,sig-7856a447d728b121,delivered,1,1,1,,
exp-2b33b808a0f8,run-b322099a86af125a,claim-94b43b1c9edee443,sig-7856a447d728b121,delivered,1,1,1,,
exp-2b33b808a0f8,run-fd184a609106633b,claim-94b43b1c9edee443,sig-7856a447d728b121,delivered,1,1,1,,
exp-2b33b808a0f8,run-0150d84e23782b10,claim-1f5aa82c73817981,sig-78ecd2a543160678,delivered,1,1,1,,
exp-2b33b808a0f8,run-03911a9fa173759b,claim-1f5aa82c73817981,sig-78ecd2a543160678,delivered,1,1,1,,
exp-2b33b808a0f8,run-0fff7d537f846b2d,claim-1f5aa82c73817981,sig-78ecd2a543160678,delivered,1,1,1,,
exp-2b33b808a0f8,run-126bc4b511c1bdab,claim-1f5aa82c73817981,sig-78ecd2a543160678,delivered,1,1,1,,
exp-2b33b808a0f8,run-1ccf8759fdd4aeaf,claim-1f5aa82c73817981,sig-78ecd2a543160678,delivered,1,1,1,,
exp-2b33b808a0f8,run-1cfdaa86b78a0a26,claim-1f5aa82c73817981,sig-78ecd2a543160678,delivered,1,1,1,,
exp-2b33b808a0f8,run-380eeaa24d9d57c1,claim-1f5aa82c73817981,sig-78ecd2a543160678,delivered,1,1,1,,
exp-2b33b808a0f8,run-809856b19e987477,claim-1f5aa82c73817981,sig-78ecd2a543160678,delivered,1,1,1,,
exp-2b33b808a0f8,run-82121d93599b573f,claim-1f5aa82c73817981,sig-78ecd2a543160678,delivered,1,1,1,,
exp-2b33b808a0f8,run-a314881a5962c263,claim-1f5aa82c73817981,sig-78ecd2a543160678,delivered,1,1,1,,
exp-2b33b808a0f8,run-cf376438c8a0f3d5,claim-1f5aa82c73817981,sig-78ecd2a543160678,delivered,1,1,1,,
exp-2b33b808a0f8,run-f3f30df9a4b8d9a5,claim-1f5aa82c73817981,sig-78ecd2a543160678,delivered,1,1,1,,
exp-2b33b808a0f8,run-08eb0ce23ff8c058,claim-b7ff2fb4dcd929f3,sig-7904b48a5f55de6d,delivered,1,1,1,,
exp-2b33b808a0f8,run-0ed59ea471f8c823,claim-b7ff2fb4dcd929f3,sig-7904b48a5f55de6d,delivered,1,1,1,,
exp-2b33b808a0f8,run-121bae4857799859,claim-b7ff2fb4dcd929f3,sig-7904b48a5f55de6d,delivered,1,1,1,,
exp-2b33b808a0f8,run-2cd8b7888af1dfd8,claim-b7ff2fb4dcd929f3,sig-7904b48a5f55de6d,delivered,1,1,1,,
exp-2b33b808a0f8,run-53706f05bed87dad,claim-b7ff2fb4dcd929f3,sig-7904b48a5f55de6d,delivered,1,1,1,,
exp-2b33b808a0f8,run-581d182fa373e4a8,claim-b7ff2fb4dcd929f3,sig-7904b48a5f55de6d,delivered,1,1,1,,
exp-2b33b808a0f8,run-581e601a136ff413,claim-b7ff2fb4dcd929f3,sig-7904b48a5f55de6d,delivered,1,1,1,,
exp-2b33b808a0f8,run-5f8c41dc5117d3f7,claim-b7ff2fb4dcd929f3,sig-7904b48a5f55de6d,delivered,1,1,1,,
exp-2b33b808a0f8,run-626495f4dbb14cf3,claim-b7ff2fb4dcd929f3,sig-7904b48a5f55de6d,delivered,1,1,1,,
exp-2b33b808a0f8,run-82654eb217e99ef6,claim-b7ff2fb4dcd929f3,sig-7904b48a5f55de6d,delivered,1,1,1,,
exp-2b33b808a0f8,run-8c29734783624630,claim-b7ff2fb4dcd929f3,sig-7904b48a5f55de6d,delivered,1,1,1,,
exp-2b33b808a0f8,run-a34dc91443138554,claim-b7ff2fb4dcd929f3,sig-7904b48a5f55de6d,delivered,1,1,1,,
exp-2b33b808a0f8,run-a91e83d95f4150ea,claim-b7ff2fb4dcd929f3,sig-7904b48a5f55de6d,delivered,1,1,1,,
exp-2b33b808a0f8,run-aef2c0f3501e6b9f,claim-b7ff2fb4dcd929f3,sig-7904b48a5f55de6d,delivered,1,1,1,,
exp-2b33b808a0f8,run-c12d31a0c14e4ea4,claim-b7ff2fb4dcd929f3,sig-7904b48a5f55de6d,delivered,1,1,1,,
exp-2b33b808a0f8,run-c31fdf2665c43f45,claim-b7ff2fb4dcd929f3,sig-7904b48a5f55de6d,delivered,1,1,1,,
exp-2b33b808a0f8,run-cc57ad8a8d2714d7,claim-b7ff2fb4dcd929f3,sig-7904b48a5f55de6d,delivered,1,1,1,,
exp-2b33b808a0f8,run-d2b9a396554a407b,claim-b7ff2fb4dcd929f3,sig-7904b48a5f55de6d,delivered,1,1,1,,
exp-2b33b808a0f8,run-deef30be3782be8a,claim-b7ff2fb4dcd929f3,sig-7904b48a5f55de6d,delivered,1,1,1,,
exp-2b33b808a0f8,run-f1da5d7783f85774,claim-b7ff2fb4dcd929f3,sig-7904b48a5f55de6d,delivered,1,1,1,,
exp-2b33b808a0f8,run-fe2c6fd3e3730afe,claim-b7ff2fb4dcd929f3,sig-7904b48a5f55de6d,delivered,1,1,1,,
exp-2b33b808a0f8,run-0f9dd47be805d0d2,claim-d7b16baa7dab6ded,sig-7917167f069c35e6,delivered,1,1,1,,
exp-2b33b808a0f8,run-38e71c05cfcffb71,claim-d7b16baa7dab6ded,sig-7917167f069c35e6,delivered,1,1,1,,
exp-2b33b808a0f8,run-6906bd9b7990509a,claim-d7b16baa7dab6ded,sig-7917167f069c35e6,delivered,1,1,1,,
exp-2b33b808a0f8,run-8f35f254ebb2acd3,claim-d7b16baa7dab6ded,sig-7917167f069c35e6,delivered,1,1,1,,
exp-2b33b808a0f8,run-13afd1c7ef164da6,claim-9f8d9232572742d7,sig-7969a096f6a155b3,delivered,1,1,1,,
exp-2b33b808a0f8,run-299407f942ccfe44,claim-9f8d9232572742d7,sig-7969a096f6a155b3,delivered,1,1,1,,
exp-2b33b808a0f8,run-54dfa16175253c38,claim-9f8d9232572742d7,sig-7969a096f6a155b3,delivered,1,1,1,,
exp-2b33b808a0f8,run-5db7b7d90d3ff8ce,claim-9f8d9232572742d7,sig-7969a096f6a155b3,delivered,1,1,1,,
exp-2b33b808a0f8,run-622791b4d7dc0c20,claim-9f8d9232572742d7,sig-7969a096f6a155b3,delivered,1,1,1,,
exp-2b33b808a0f8,run-67793a64b66d5a38,claim-9f8d9232572742d7,sig-7969a096f6a155b3,delivered,1,1,1,,
exp-2b33b808a0f8,run-6d394564f18187f9,claim-9f8d9232572742d7,sig-7969a096f6a155b3,delivered,1,1,1,,
exp-2b33b808a0f8,run-7f00802c340e2617,claim-9f8d9232572742d7,sig-7969a096f6a155b3,delivered,1,1,1,,
exp-2b33b808a0f8,run-92029ec55433f4ad,claim-9f8d9232572742d7,sig-7969a096f6a155b3,delivered,1,1,1,,
exp-2b33b808a0f8,run-cb26f0bc1de44dfe,claim-9f8d9232572742d7,sig-7969a096f6a155b3,delivered,1,1,1,,
exp-2b33b808a0f8,run-cf74c3eb23037fe3,claim-9f8d9232572742d7,sig-7969a096f6a155b3,delivered,1,1,1,,
exp-2b33b808a0f8,run-e08a8eb7877cb862,claim-9f8d9232572742d7,sig-7969a096f6a155b3,delivered,1,1,1,,
exp-2b33b808a0f8,run-f6d8a6bffd539b01,claim-0ec1951b3ffdeff2,sig-7a4312b3bd62531f,delivered,1,1,1,,
exp-2b33b808a0f8,run-6ddc9f9b58c14914,claim-758ee059bc4e2234,sig-7a4d08c0e93feb87,delivered,1,1,1,,
exp-2b33b808a0f8,run-fd0875ba4dfb44d6,claim-758ee059bc4e2234,sig-7a4d08c0e93feb87,delivered,1,1,1,,
exp-2b33b808a0f8,run-1619336f4c8443db,claim-8d19bb31d9e13ca6,sig-7a54931d133b93ce,delivered,1,1,1,,
exp-2b33b808a0f8,run-2c80b667b1e14131,claim-8d19bb31d9e13ca6,sig-7a54931d133b93ce,delivered,1,1,1,,
exp-2b33b808a0f8,run-3077d26358e3e6c2,claim-8d19bb31d9e13ca6,sig-7a54931d133b93ce,delivered,1,1,1,,
exp-2b33b808a0f8,run-7c7ff2af92c151e9,claim-8d19bb31d9e13ca6,sig-7a54931d133b93ce,delivered,1,1,1,,
exp-2b33b808a0f8,run-a1dd10a320d74492,claim-8d19bb31d9e13ca6,sig-7a54931d133b93ce,delivered,1,1,1,,
exp-2b33b808a0f8,run-a6aad9d55897ddf3,claim-8d19bb31d9e13ca6,sig-7a54931d133b93ce,delivered,1,1,1,,
exp-2b33b808a0f8,run-b0542bb5dad78106,claim-8d19bb31d9e13ca6,sig-7a54931d133b93ce,delivered,1,1,1,,
exp-2b33b808a0f8,run-c898b60149672477,claim-8d19bb31d9e13ca6,sig-7a54931d133b93ce,delivered,1,1,1,,
exp-2b33b808a0f8,run-d60faf210ac29cea,claim-8d19bb31d9e13ca6,sig-7a54931d133b93ce,delivered,1,1,1,,
exp-2b33b808a0f8,run-f5d02c54d049405c,claim-8d19bb31d9e13ca6,sig-7a54931d133b93ce,delivered,1,1,1,,
exp-2b33b808a0f8,run-fde91c8a36f73bc9,claim-8d19bb31d9e13ca6,sig-7a54931d133b93ce,delivered,1,1,1,,
exp-2b33b808a0f8,run-080f51e2e1f6de5b,claim-643f9817aa0dd6a1,sig-7ae5499f08bd3c1a,delivered,1,1,1,,
exp-2b33b808a0f8,run-4a9abd6b049cfa48,claim-643f9817aa0dd6a1,sig-7ae5499f08bd3c1a,delivered,1,1,1,,
exp-2b33b808a0f8,run-4bc70e3c7d09ccca,claim-643f9817aa0dd6a1,sig-7ae5499f08bd3c1a,delivered,1,1,1,,
exp-2b33b808a0f8,run-533b1ebf9907abc5,claim-643f9817aa0dd6a1,sig-7ae5499f08bd3c1a,delivered,1,1,1,,
exp-2b33b808a0f8,run-5ab8996c310b76bc,claim-643f9817aa0dd6a1,sig-7ae5499f08bd3c1a,delivered,1,1,1,,
exp-2b33b808a0f8,run-8628fb2f21bdfa9a,claim-643f9817aa0dd6a1,sig-7ae5499f08bd3c1a,delivered,1,1,1,,
exp-2b33b808a0f8,run-a2a07f1fba72c484,claim-643f9817aa0dd6a1,sig-7ae5499f08bd3c1a,delivered,1,1,1,,
exp-2b33b808a0f8,run-ae142c1131d1a913,claim-643f9817aa0dd6a1,sig-7ae5499f08bd3c1a,delivered,1,1,1,,
exp-2b33b808a0f8,run-ae9c163f6630a5f8,claim-643f9817aa0dd6a1,sig-7ae5499f08bd3c1a,delivered,1,1,1,,
exp-2b33b808a0f8,run-c70b83220468c5cb,claim-643f9817aa0dd6a1,sig-7ae5499f08bd3c1a,delivered,1,1,1,,
exp-2b33b808a0f8,run-dda79e04e10eeb3f,claim-643f9817aa0dd6a1,sig-7ae5499f08bd3c1a,delivered,1,1,1,,
exp-2b33b808a0f8,run-f8641a2b2b522c65,claim-643f9817aa0dd6a1,sig-7ae5499f08bd3c1a,delivered,1,1,1,,
exp-2b33b808a0f8,run-1b7414577607656b,claim-f041c752479de234,sig-7b39b27a893f4d72,delivered,1,1,1,,
exp-2b33b808a0f8,run-5e07d16f1f5b2987,claim-f041c752479de234,sig-7b39b27a893f4d72,delivered,1,1,1,,
exp-2b33b808a0f8,run-0b241366a68aba6a,claim-ffea572f1dec63c9,sig-7b6f57281ca66e9c,delivered,0,0,1,,
exp-2b33b808a0f8,run-2813894979f3f4f6,claim-ffea572f1dec63c9,sig-7b6f57281ca66e9c,delivered,0,0,1,,
exp-2b33b808a0f8,run-43c4da5d1e40deed,claim-ffea572f1dec63c9,sig-7b6f57281ca66e9c,delivered,0,0,1,,
exp-2b33b808a0f8,run-c256df132aaf443e,claim-ffea572f1dec63c9,sig-7b6f57281ca66e9c,delivered,0,0,1,,
exp-2b33b808a0f8,run-d6bc8b2743ea5575,claim-ffea572f1dec63c9,sig-7b6f57281ca66e9c,delivered,0,0,1,,
exp-2b33b808a0f8,run-25bb9ab7e7a7365a,claim-b268263e9f318924,sig-7bb95efee3eb5c9a,delivered,1,1,1,,
exp-2b33b808a0f8,run-64dbfef590df5805,claim-b268263e9f318924,sig-7bb95efee3eb5c9a,delivered,1,1,1,,
exp-2b33b808a0f8,run-b322099a86af125a,claim-b268263e9f318924,sig-7bb95efee3eb5c9a,delivered,1,1,1,,
exp-2b33b808a0f8,run-2b6895cdd016ae4c,claim-6d1905526e74c007,sig-7bbb05aa87c929e0,delivered,1,1,1,,
exp-2b33b808a0f8,run-156a83b4e0f32cfa,claim-7d01f98ac4ababb2,sig-7be5625a7beddbbc,delivered,1,1,1,,
exp-2b33b808a0f8,run-1d989b2933796a16,claim-7d01f98ac4ababb2,sig-7be5625a7beddbbc,delivered,1,1,1,,
exp-2b33b808a0f8,run-374dc2e21f594ec4,claim-7d01f98ac4ababb2,sig-7be5625a7beddbbc,delivered,1,1,1,,
exp-2b33b808a0f8,run-382a40867248c3e0,claim-7d01f98ac4ababb2,sig-7be5625a7beddbbc,delivered,1,1,1,,
exp-2b33b808a0f8,run-3ee3b3533922c3cd,claim-7d01f98ac4ababb2,sig-7be5625a7beddbbc,delivered,1,1,1,,
exp-2b33b808a0f8,run-5f9908a782b1c6e3,claim-7d01f98ac4ababb2,sig-7be5625a7beddbbc,delivered,1,1,1,,
exp-2b33b808a0f8,run-82a20b31b2b8e7ef,claim-7d01f98ac4ababb2,sig-7be5625a7beddbbc,delivered,1,1,1,,
exp-2b33b808a0f8,run-bf37e2d5cbe4f3b9,claim-7d01f98ac4ababb2,sig-7be5625a7beddbbc,delivered,1,1,1,,
exp-2b33b808a0f8,run-efdb047898d3bc26,claim-7d01f98ac4ababb2,sig-7be5625a7beddbbc,delivered,1,1,1,,
exp-2b33b808a0f8,run-06c033c5a4b3310b,claim-bd67aee31a4c1d6f,sig-7c7c5ae9296419d1,delivered,1,1,1,,
exp-2b33b808a0f8,run-6fc1c1ab955868bf,claim-bd67aee31a4c1d6f,sig-7c7c5ae9296419d1,delivered,1,1,1,,
exp-2b33b808a0f8,run-755195f7318a0011,claim-bd67aee31a4c1d6f,sig-7c7c5ae9296419d1,delivered,1,1,1,,
exp-2b33b808a0f8,run-f0f90499d9da1b0c,claim-bd67aee31a4c1d6f,sig-7c7c5ae9296419d1,delivered,1,1,1,,
exp-2b33b808a0f8,run-f4f7ab268273a712,claim-bd67aee31a4c1d6f,sig-7c7c5ae9296419d1,delivered,1,1,1,,
exp-2b33b808a0f8,run-f8a130cde8a86849,claim-bd67aee31a4c1d6f,sig-7c7c5ae9296419d1,delivered,1,1,1,,
exp-2b33b808a0f8,run-0d5710fb6ccbec61,claim-06d41dc29e36d675,sig-7d6dabcd758eb0b4,delivered,1,1,1,,
exp-2b33b808a0f8,run-36f70902baf2605c,claim-06d41dc29e36d675,sig-7d6dabcd758eb0b4,delivered,1,1,1,,
exp-2b33b808a0f8,run-7ea589e15513aeaf,claim-06d41dc29e36d675,sig-7d6dabcd758eb0b4,delivered,1,1,1,,
exp-2b33b808a0f8,run-b2e91be99045ef34,claim-06d41dc29e36d675,sig-7d6dabcd758eb0b4,delivered,1,1,1,,
exp-2b33b808a0f8,run-b89fda5b70005cab,claim-06d41dc29e36d675,sig-7d6dabcd758eb0b4,delivered,1,1,1,,
exp-2b33b808a0f8,run-bad7bc9b35ba648e,claim-06d41dc29e36d675,sig-7d6dabcd758eb0b4,delivered,1,1,1,,
exp-2b33b808a0f8,run-cc4aa8875144e42e,claim-06d41dc29e36d675,sig-7d6dabcd758eb0b4,delivered,1,1,1,,
exp-2b33b808a0f8,run-d9ecb9bb93d66dae,claim-06d41dc29e36d675,sig-7d6dabcd758eb0b4,delivered,1,1,1,,
exp-2b33b808a0f8,run-db0288cd0d7d2c01,claim-06d41dc29e36d675,sig-7d6dabcd758eb0b4,delivered,1,1,1,,
exp-2b33b808a0f8,run-e2b8b5101f670dfe,claim-06d41dc29e36d675,sig-7d6dabcd758eb0b4,delivered,1,1,1,,
exp-2b33b808a0f8,run-ebcbbda81e609372,claim-06d41dc29e36d675,sig-7d6dabcd758eb0b4,delivered,1,1,1,,
exp-2b33b808a0f8,run-ee78a1a347e718c6,claim-06d41dc29e36d675,sig-7d6dabcd758eb0b4,delivered,1,1,1,,
exp-2b33b808a0f8,run-6587340871fe07d2,claim-66588bbae11e0538,sig-7dabd49da8434e94,delivered,1,1,1,,
exp-2b33b808a0f8,run-9ad54128801f5701,claim-66588bbae11e0538,sig-7dabd49da8434e94,delivered,1,1,1,,
exp-2b33b808a0f8,run-e975e5cc647b3523,claim-66588bbae11e0538,sig-7dabd49da8434e94,delivered,1,1,1,,
exp-2b33b808a0f8,run-2b6895cdd016ae4c,claim-d0a1afec5001a624,sig-7f8dfe72322dd189,delivered,1,1,1,,
exp-2b33b808a0f8,run-47b9d87d8c408db1,claim-d0a1afec5001a624,sig-7f8dfe72322dd189,delivered,1,1,1,,
exp-2b33b808a0f8,run-97bca49872a1b9c7,claim-d0a1afec5001a624,sig-7f8dfe72322dd189,delivered,1,1,1,,
exp-2b33b808a0f8,run-2b6895cdd016ae4c,claim-5bb208a0d00436bb,sig-7fb4e01217f06c78,delivered,1,1,1,,
exp-2b33b808a0f8,run-47b9d87d8c408db1,claim-5bb208a0d00436bb,sig-7fb4e01217f06c78,delivered,1,1,1,,
exp-2b33b808a0f8,run-97bca49872a1b9c7,claim-5bb208a0d00436bb,sig-7fb4e01217f06c78,delivered,1,1,1,,
exp-2b33b808a0f8,run-3620dcf5bb5744a2,claim-c101a018bf9cecfc,sig-7ff830fba6444adb,delivered,1,1,1,,
exp-2b33b808a0f8,run-68d48029a60ec89f,claim-c101a018bf9cecfc,sig-7ff830fba6444adb,delivered,1,1,1,,
exp-2b33b808a0f8,run-d0fd6be062307c7b,claim-c101a018bf9cecfc,sig-7ff830fba6444adb,delivered,1,1,1,,
exp-2b33b808a0f8,run-6587340871fe07d2,claim-675f40ec0ffe5041,sig-80d218db1e05e69f,delivered,1,1,1,,
exp-2b33b808a0f8,run-9ad54128801f5701,claim-675f40ec0ffe5041,sig-80d218db1e05e69f,delivered,1,1,1,,
exp-2b33b808a0f8,run-e975e5cc647b3523,claim-675f40ec0ffe5041,sig-80d218db1e05e69f,delivered,1,1,1,,
exp-2b33b808a0f8,run-107e053141aef5a2,claim-fbbf19ce4301d0e1,sig-812de52d121fd27e,delivered,1,1,1,,
exp-2b33b808a0f8,run-5f72dfbc37ae3836,claim-fbbf19ce4301d0e1,sig-812de52d121fd27e,delivered,1,1,1,,
exp-2b33b808a0f8,run-60c27be7bfd13181,claim-fbbf19ce4301d0e1,sig-812de52d121fd27e,delivered,1,1,1,,
exp-2b33b808a0f8,run-7a43182838a92b4d,claim-fbbf19ce4301d0e1,sig-812de52d121fd27e,delivered,1,1,1,,
exp-2b33b808a0f8,run-9fd3eacdb49f1187,claim-fbbf19ce4301d0e1,sig-812de52d121fd27e,delivered,1,1,1,,
exp-2b33b808a0f8,run-fa92f9e908dcd179,claim-fbbf19ce4301d0e1,sig-812de52d121fd27e,delivered,1,1,1,,
exp-2b33b808a0f8,run-024dd76a95551a07,claim-1bde49630ea3e085,sig-8183ef3b4127941e,delivered,1,1,1,,
exp-2b33b808a0f8,run-175d816b8367baac,claim-1bde49630ea3e085,sig-8183ef3b4127941e,delivered,1,1,1,,
exp-2b33b808a0f8,run-25bb9ab7e7a7365a,claim-1bde49630ea3e085,sig-8183ef3b4127941e,delivered,1,1,1,,
exp-2b33b808a0f8,run-64dbfef590df5805,claim-1bde49630ea3e085,sig-8183ef3b4127941e,delivered,1,1,1,,
exp-2b33b808a0f8,run-9d7b92b6a9bd860a,claim-1bde49630ea3e085,sig-8183ef3b4127941e,delivered,1,1,1,,
exp-2b33b808a0f8,run-a5cfa0e1e29cea11,claim-1bde49630ea3e085,sig-8183ef3b4127941e,delivered,1,1,1,,
exp-2b33b808a0f8,run-b322099a86af125a,claim-1bde49630ea3e085,sig-8183ef3b4127941e,delivered,1,1,1,,
exp-2b33b808a0f8,run-d1062de1551992e2,claim-1bde49630ea3e085,sig-8183ef3b4127941e,delivered,1,1,1,,
exp-2b33b808a0f8,run-d7b85c1dbc2e2b84,claim-1bde49630ea3e085,sig-8183ef3b4127941e,delivered,1,1,1,,
exp-2b33b808a0f8,run-dc695ad65d795df3,claim-1bde49630ea3e085,sig-8183ef3b4127941e,delivered,1,1,1,,
exp-2b33b808a0f8,run-ecc7ecbcc7f2b4d6,claim-1bde49630ea3e085,sig-8183ef3b4127941e,delivered,1,1,1,,
exp-2b33b808a0f8,run-f6d8a6bffd539b01,claim-1bde49630ea3e085,sig-8183ef3b4127941e,delivered,1,1,1,,
exp-2b33b808a0f8,run-08aa8b26c1ded7ed,claim-9515f274401a51ce,sig-82c7d98b5fad91f0,delivered,1,1,1,,
exp-2b33b808a0f8,run-5db7b7d90d3ff8ce,claim-9515f274401a51ce,sig-82c7d98b5fad91f0,delivered,1,1,1,,
exp-2b33b808a0f8,run-67793a64b66d5a38,claim-9515f274401a51ce,sig-82c7d98b5fad91f0,delivered,1,1,1,,
exp-2b33b808a0f8,run-7f00802c340e2617,claim-9515f274401a51ce,sig-82c7d98b5fad91f0,delivered,1,1,1,,
exp-2b33b808a0f8,run-92029ec55433f4ad,claim-9515f274401a51ce,sig-82c7d98b5fad91f0,delivered,1,1,1,,
exp-2b33b808a0f8,run-9e13e54cda7d586a,claim-9515f274401a51ce,sig-82c7d98b5fad91f0,delivered,1,1,1,,
exp-2b33b808a0f8,run-a1dd10a320d74492,claim-9515f274401a51ce,sig-82c7d98b5fad91f0,delivered,1,1,1,,
exp-2b33b808a0f8,run-b6164e0a3c9ee1c7,claim-9515f274401a51ce,sig-82c7d98b5fad91f0,delivered,1,1,1,,
exp-2b33b808a0f8,run-bdbb3ee62a506ea8,claim-9515f274401a51ce,sig-82c7d98b5fad91f0,delivered,1,1,1,,
exp-2b33b808a0f8,run-cf74c3eb23037fe3,claim-9515f274401a51ce,sig-82c7d98b5fad91f0,delivered,1,1,1,,
exp-2b33b808a0f8,run-fb3ce97f197123d1,claim-9515f274401a51ce,sig-82c7d98b5fad91f0,delivered,1,1,1,,
exp-2b33b808a0f8,run-fd184a609106633b,claim-9515f274401a51ce,sig-82c7d98b5fad91f0,delivered,1,1,1,,
exp-2b33b808a0f8,run-188a8d0550ccc9f1,claim-a3871b4ffae43db5,sig-82dfed38b1372e39,delivered,1,1,1,,
exp-2b33b808a0f8,run-217b27c32888985d,claim-a3871b4ffae43db5,sig-82dfed38b1372e39,delivered,1,1,1,,
exp-2b33b808a0f8,run-3ceaa0e4676003ac,claim-a3871b4ffae43db5,sig-82dfed38b1372e39,delivered,1,1,1,,
exp-2b33b808a0f8,run-3dcf417f7bfa03b2,claim-a3871b4ffae43db5,sig-82dfed38b1372e39,delivered,1,1,1,,
exp-2b33b808a0f8,run-85fcaf049510f0ee,claim-a3871b4ffae43db5,sig-82dfed38b1372e39,delivered,1,1,1,,
exp-2b33b808a0f8,run-95f0926102c7f977,claim-a3871b4ffae43db5,sig-82dfed38b1372e39,delivered,1,1,1,,
exp-2b33b808a0f8,run-9e50adaa1bc80ca9,claim-a3871b4ffae43db5,sig-82dfed38b1372e39,delivered,1,1,1,,
exp-2b33b808a0f8,run-b59197931236a821,claim-a3871b4ffae43db5,sig-82dfed38b1372e39,delivered,1,1,1,,
exp-2b33b808a0f8,run-f4b4966e3d0cf978,claim-a3871b4ffae43db5,sig-82dfed38b1372e39,delivered,1,1,1,,
exp-2b33b808a0f8,run-12fb92d02cac28d4,claim-f9d05ab37e92da22,sig-835a2a926b842f29,delivered,1,1,1,,
exp-2b33b808a0f8,run-151b3dd024910f90,claim-f9d05ab37e92da22,sig-835a2a926b842f29,delivered,1,1,1,,
exp-2b33b808a0f8,run-3c31f70eb83b2a7b,claim-f9d05ab37e92da22,sig-835a2a926b842f29,delivered,1,1,1,,
exp-2b33b808a0f8,run-687c36eb4319093b,claim-f9d05ab37e92da22,sig-835a2a926b842f29,delivered,1,1,1,,
exp-2b33b808a0f8,run-842fb0083a059689,claim-f9d05ab37e92da22,sig-835a2a926b842f29,delivered,1,1,1,,
exp-2b33b808a0f8,run-941a417fbfa17bc2,claim-f9d05ab37e92da22,sig-835a2a926b842f29,delivered,1,1,1,,
exp-2b33b808a0f8,run-107e053141aef5a2,claim-ace0630cd07c00a5,sig-8367f598b111b7a0,delivered,1,1,1,,
exp-2b33b808a0f8,run-2231a5437da60871,claim-ace0630cd07c00a5,sig-8367f598b111b7a0,delivered,1,1,1,,
exp-2b33b808a0f8,run-54dfa16175253c38,claim-ace0630cd07c00a5,sig-8367f598b111b7a0,delivered,1,1,1,,
exp-2b33b808a0f8,run-5f72dfbc37ae3836,claim-ace0630cd07c00a5,sig-8367f598b111b7a0,delivered,1,1,1,,
exp-2b33b808a0f8,run-60c27be7bfd13181,claim-ace0630cd07c00a5,sig-8367f598b111b7a0,delivered,1,1,1,,
exp-2b33b808a0f8,run-6d394564f18187f9,claim-ace0630cd07c00a5,sig-8367f598b111b7a0,delivered,1,1,1,,
exp-2b33b808a0f8,run-7a43182838a92b4d,claim-ace0630cd07c00a5,sig-8367f598b111b7a0,delivered,1,1,1,,
exp-2b33b808a0f8,run-802196ca10c28e03,claim-ace0630cd07c00a5,sig-8367f598b111b7a0,delivered,1,1,1,,
exp-2b33b808a0f8,run-9fd3eacdb49f1187,claim-ace0630cd07c00a5,sig-8367f598b111b7a0,delivered,1,1,1,,
exp-2b33b808a0f8,run-e08a8eb7877cb862,claim-ace0630cd07c00a5,sig-8367f598b111b7a0,delivered,1,1,1,,
exp-2b33b808a0f8,run-fa92f9e908dcd179,claim-ace0630cd07c00a5,sig-8367f598b111b7a0,delivered,1,1,1,,
exp-2b33b808a0f8,run-fad00c5c2a4305ab,claim-ace0630cd07c00a5,sig-8367f598b111b7a0,delivered,1,1,1,,
exp-2b33b808a0f8,run-2231a5437da60871,claim-4f167df656bb6337,sig-838982b8e23f8450,delivered,1,1,1,,
exp-2b33b808a0f8,run-36dc5599241ff74c,claim-4f167df656bb6337,sig-838982b8e23f8450,delivered,1,1,1,,
exp-2b33b808a0f8,run-54dd198bde19e6cf,claim-4f167df656bb6337,sig-838982b8e23f8450,delivered,1,1,1,,
exp-2b33b808a0f8,run-54dfa16175253c38,claim-4f167df656bb6337,sig-838982b8e23f8450,delivered,1,1,1,,
exp-2b33b808a0f8,run-6d394564f18187f9,claim-4f167df656bb6337,sig-838982b8e23f8450,delivered,1,1,1,,
exp-2b33b808a0f8,run-802196ca10c28e03,claim-4f167df656bb6337,sig-838982b8e23f8450,delivered,1,1,1,,
exp-2b33b808a0f8,run-e08a8eb7877cb862,claim-4f167df656bb6337,sig-838982b8e23f8450,delivered,1,1,1,,
exp-2b33b808a0f8,run-eb3dc172de7476ad,claim-4f167df656bb6337,sig-838982b8e23f8450,delivered,1,1,1,,
exp-2b33b808a0f8,run-fad00c5c2a4305ab,claim-4f167df656bb6337,sig-838982b8e23f8450,delivered,1,1,1,,
exp-2b33b808a0f8,run-374dc2e21f594ec4,claim-da116e4664dfbb48,sig-839f614ddc8b7965,delivered,1,1,1,,
exp-2b33b808a0f8,run-5f9908a782b1c6e3,claim-da116e4664dfbb48,sig-839f614ddc8b7965,delivered,1,1,1,,
exp-2b33b808a0f8,run-82a20b31b2b8e7ef,claim-da116e4664dfbb48,sig-839f614ddc8b7965,delivered,1,1,1,,
exp-2b33b808a0f8,run-25bb9ab7e7a7365a,claim-6239ea5fb6c4769f,sig-83a6003ffed2458f,delivered,1,1,1,,
exp-2b33b808a0f8,run-374dc2e21f594ec4,claim-6239ea5fb6c4769f,sig-83a6003ffed2458f,delivered,1,1,1,,
exp-2b33b808a0f8,run-5f9908a782b1c6e3,claim-6239ea5fb6c4769f,sig-83a6003ffed2458f,delivered,1,1,1,,
exp-2b33b808a0f8,run-64dbfef590df5805,claim-6239ea5fb6c4769f,sig-83a6003ffed2458f,delivered,1,1,1,,
exp-2b33b808a0f8,run-82a20b31b2b8e7ef,claim-6239ea5fb6c4769f,sig-83a6003ffed2458f,delivered,1,1,1,,
exp-2b33b808a0f8,run-b322099a86af125a,claim-6239ea5fb6c4769f,sig-83a6003ffed2458f,delivered,1,1,1,,
exp-2b33b808a0f8,run-6ddc9f9b58c14914,claim-2be768189fdf6498,sig-83b750f270d77987,delivered,1,1,1,,
exp-2b33b808a0f8,run-fd0875ba4dfb44d6,claim-2be768189fdf6498,sig-83b750f270d77987,delivered,1,1,1,,
exp-2b33b808a0f8,run-06c033c5a4b3310b,claim-8333436a0541309d,sig-84663d584a0fecc5,delivered,1,1,1,,
exp-2b33b808a0f8,run-33025bf9675b9c53,claim-8333436a0541309d,sig-84663d584a0fecc5,delivered,1,1,1,,
exp-2b33b808a0f8,run-3ca09ee4663ee36e,claim-8333436a0541309d,sig-84663d584a0fecc5,delivered,1,1,1,,
exp-2b33b808a0f8,run-50b2b7111a212006,claim-8333436a0541309d,sig-84663d584a0fecc5,delivered,1,1,1,,
exp-2b33b808a0f8,run-6fc1c1ab955868bf,claim-8333436a0541309d,sig-84663d584a0fecc5,delivered,1,1,1,,
exp-2b33b808a0f8,run-755195f7318a0011,claim-8333436a0541309d,sig-84663d584a0fecc5,delivered,1,1,1,,
exp-2b33b808a0f8,run-f0f90499d9da1b0c,claim-8333436a0541309d,sig-84663d584a0fecc5,delivered,1,1,1,,
exp-2b33b808a0f8,run-f4f7ab268273a712,claim-8333436a0541309d,sig-84663d584a0fecc5,delivered,1,1,1,,
exp-2b33b808a0f8,run-f8a130cde8a86849,claim-8333436a0541309d,sig-84663d584a0fecc5,delivered,1,1,1,,
exp-2b33b808a0f8,run-85eabeb58e5c97e7,claim-df7462dd98d13973,sig-84a9b4a6aba2d6df,delivered,1,1,1,,
exp-2b33b808a0f8,run-024dd76a95551a07,claim-48cb6d4e13cd7964,sig-85388b7902dc10b1,delivered,1,1,1,,
exp-2b33b808a0f8,run-9d7b92b6a9bd860a,claim-48cb6d4e13cd7964,sig-85388b7902dc10b1,delivered,1,1,1,,
exp-2b33b808a0f8,run-f6d8a6bffd539b01,claim-48cb6d4e13cd7964,sig-85388b7902dc10b1,delivered,1,1,1,,
exp-2b33b808a0f8,run-06c033c5a4b3310b,claim-51bd5670404b3990,sig-8567ecf26661846e,delivered,1,1,1,,
exp-2b33b808a0f8,run-33025bf9675b9c53,claim-51bd5670404b3990,sig-8567ecf26661846e,delivered,1,1,1,,
exp-2b33b808a0f8,run-3ca09ee4663ee36e,claim-51bd5670404b3990,sig-8567ecf26661846e,delivered,1,1,1,,
exp-2b33b808a0f8,run-50b2b7111a212006,claim-51bd5670404b3990,sig-8567ecf26661846e,delivered,1,1,1,,
exp-2b33b808a0f8,run-6fc1c1ab955868bf,claim-51bd5670404b3990,sig-8567ecf26661846e,delivered,1,1,1,,
exp-2b33b808a0f8,run-755195f7318a0011,claim-51bd5670404b3990,sig-8567ecf26661846e,delivered,1,1,1,,
exp-2b33b808a0f8,run-f0f90499d9da1b0c,claim-51bd5670404b3990,sig-8567ecf26661846e,delivered,1,1,1,,
exp-2b33b808a0f8,run-f4f7ab268273a712,claim-51bd5670404b3990,sig-8567ecf26661846e,delivered,1,1,1,,
exp-2b33b808a0f8,run-f8a130cde8a86849,claim-51bd5670404b3990,sig-8567ecf26661846e,delivered,1,1,1,,
exp-2b33b808a0f8,run-06c033c5a4b3310b,claim-6caeebb57ce88a9c,sig-8624f52c563bc53a,delivered,1,1,1,,
exp-2b33b808a0f8,run-0f9dd47be805d0d2,claim-6caeebb57ce88a9c,sig-8624f52c563bc53a,delivered,1,1,1,,
exp-2b33b808a0f8,run-326bfbb0f8ea7d96,claim-6caeebb57ce88a9c,sig-8624f52c563bc53a,delivered,1,1,1,,
exp-2b33b808a0f8,run-33025bf9675b9c53,claim-6caeebb57ce88a9c,sig-8624f52c563bc53a,delivered,1,1,1,,
exp-2b33b808a0f8,run-38e71c05cfcffb71,claim-6caeebb57ce88a9c,sig-8624f52c563bc53a,delivered,1,1,1,,
exp-2b33b808a0f8,run-3ca09ee4663ee36e,claim-6caeebb57ce88a9c,sig-8624f52c563bc53a,delivered,1,1,1,,
exp-2b33b808a0f8,run-50b2b7111a212006,claim-6caeebb57ce88a9c,sig-8624f52c563bc53a,delivered,1,1,1,,
exp-2b33b808a0f8,run-652d659454d8ad9e,claim-6caeebb57ce88a9c,sig-8624f52c563bc53a,delivered,1,1,1,,
exp-2b33b808a0f8,run-688fc7e2f44ed2f2,claim-6caeebb57ce88a9c,sig-8624f52c563bc53a,delivered,1,1,1,,
exp-2b33b808a0f8,run-6906bd9b7990509a,claim-6caeebb57ce88a9c,sig-8624f52c563bc53a,delivered,1,1,1,,
exp-2b33b808a0f8,run-6fc1c1ab955868bf,claim-6caeebb57ce88a9c,sig-8624f52c563bc53a,delivered,1,1,1,,
exp-2b33b808a0f8,run-745eb0d732d3c8be,claim-6caeebb57ce88a9c,sig-8624f52c563bc53a,delivered,1,1,1,,
exp-2b33b808a0f8,run-755195f7318a0011,claim-6caeebb57ce88a9c,sig-8624f52c563bc53a,delivered,1,1,1,,
exp-2b33b808a0f8,run-7ebc93e6754f1bb3,claim-6caeebb57ce88a9c,sig-8624f52c563bc53a,delivered,1,1,1,,
exp-2b33b808a0f8,run-85eabeb58e5c97e7,claim-6caeebb57ce88a9c,sig-8624f52c563bc53a,delivered,1,1,1,,
exp-2b33b808a0f8,run-87f02234f88d5831,claim-6caeebb57ce88a9c,sig-8624f52c563bc53a,delivered,1,1,1,,
exp-2b33b808a0f8,run-8f35f254ebb2acd3,claim-6caeebb57ce88a9c,sig-8624f52c563bc53a,delivered,1,1,1,,
exp-2b33b808a0f8,run-ad7e5cf3555f7cf1,claim-6caeebb57ce88a9c,sig-8624f52c563bc53a,delivered,1,1,1,,
exp-2b33b808a0f8,run-b7f8311340d0f5c0,claim-6caeebb57ce88a9c,sig-8624f52c563bc53a,delivered,1,1,1,,
exp-2b33b808a0f8,run-cbfe7f989bdcbfd8,claim-6caeebb57ce88a9c,sig-8624f52c563bc53a,delivered,1,1,1,,
exp-2b33b808a0f8,run-e09a9c6c7fbe74db,claim-6caeebb57ce88a9c,sig-8624f52c563bc53a,delivered,1,1,1,,
exp-2b33b808a0f8,run-ea2e4f2c800425a8,claim-6caeebb57ce88a9c,sig-8624f52c563bc53a,delivered,1,1,1,,
exp-2b33b808a0f8,run-f0f90499d9da1b0c,claim-6caeebb57ce88a9c,sig-8624f52c563bc53a,delivered,1,1,1,,
exp-2b33b808a0f8,run-f4f7ab268273a712,claim-6caeebb57ce88a9c,sig-8624f52c563bc53a,delivered,1,1,1,,
exp-2b33b808a0f8,run-f8a130cde8a86849,claim-6caeebb57ce88a9c,sig-8624f52c563bc53a,delivered,1,1,1,,
exp-2b33b808a0f8,run-0150d84e23782b10,claim-b7ff2fb4dcd929f3,sig-86614c7402b49339,delivered,1,1,1,,
exp-2b33b808a0f8,run-169749d452c80c28,claim-b7ff2fb4dcd929f3,sig-86614c7402b49339,delivered,1,1,1,,
exp-2b33b808a0f8,run-1ccf8759fdd4aeaf,claim-b7ff2fb4dcd929f3,sig-86614c7402b49339,delivered,1,1,1,,
exp-2b33b808a0f8,run-380eeaa24d9d57c1,claim-b7ff2fb4dcd929f3,sig-86614c7402b49339,delivered,1,1,1,,
exp-2b33b808a0f8,run-4135fc9f33a52631,claim-b7ff2fb4dcd929f3,sig-86614c7402b49339,delivered,1,1,1,,
exp-2b33b808a0f8,run-54dfa16175253c38,claim-b7ff2fb4dcd929f3,sig-86614c7402b49339,delivered,1,1,1,,
exp-2b33b808a0f8,run-6d394564f18187f9,claim-b7ff2fb4dcd929f3,sig-86614c7402b49339,delivered,1,1,1,,
exp-2b33b808a0f8,run-802196ca10c28e03,claim-b7ff2fb4dcd929f3,sig-86614c7402b49339,delivered,1,1,1,,
exp-2b33b808a0f8,run-809856b19e987477,claim-b7ff2fb4dcd929f3,sig-86614c7402b49339,delivered,1,1,1,,
exp-2b33b808a0f8,run-82121d93599b573f,claim-b7ff2fb4dcd929f3,sig-86614c7402b49339,delivered,1,1,1,,
exp-2b33b808a0f8,run-8b6a0be310d169fd,claim-b7ff2fb4dcd929f3,sig-86614c7402b49339,delivered,1,1,1,,
exp-2b33b808a0f8,run-a314881a5962c263,claim-b7ff2fb4dcd929f3,sig-86614c7402b49339,delivered,1,1,1,,
exp-2b33b808a0f8,run-bfc1fb37d31beee3,claim-b7ff2fb4dcd929f3,sig-86614c7402b49339,delivered,1,1,1,,
exp-2b33b808a0f8,run-c6b4be2a2bcc1f45,claim-b7ff2fb4dcd929f3,sig-86614c7402b49339,delivered,1,1,1,,
exp-2b33b808a0f8,run-cf376438c8a0f3d5,claim-b7ff2fb4dcd929f3,sig-86614c7402b49339,delivered,1,1,1,,
exp-2b33b808a0f8,run-e08a8eb7877cb862,claim-b7ff2fb4dcd929f3,sig-86614c7402b49339,delivered,1,1,1,,
exp-2b33b808a0f8,run-f3f30df9a4b8d9a5,claim-b7ff2fb4dcd929f3,sig-86614c7402b49339,delivered,1,1,1,,
exp-2b33b808a0f8,run-fad00c5c2a4305ab,claim-b7ff2fb4dcd929f3,sig-86614c7402b49339,delivered,1,1,1,,
exp-2b33b808a0f8,run-13afd1c7ef164da6,claim-7b9ef0f206f0bedc,sig-86a3f2b699516e76,delivered,1,1,1,,
exp-2b33b808a0f8,run-40d744a8e6f22616,claim-7b9ef0f206f0bedc,sig-86a3f2b699516e76,delivered,1,1,1,,
exp-2b33b808a0f8,run-b9c91e3ca797b757,claim-7b9ef0f206f0bedc,sig-86a3f2b699516e76,delivered,1,1,1,,
exp-2b33b808a0f8,run-cb26f0bc1de44dfe,claim-7b9ef0f206f0bedc,sig-86a3f2b699516e76,delivered,1,1,1,,
exp-2b33b808a0f8,run-e791d1ca36891afd,claim-b0a49b1647321153,sig-86c758281b12d1f1,delivered,1,1,1,,
exp-2b33b808a0f8,run-107e053141aef5a2,claim-032d36820b7e97b1,sig-87bf39a4be6d68a6,delivered,1,1,1,,
exp-2b33b808a0f8,run-2231a5437da60871,claim-032d36820b7e97b1,sig-87bf39a4be6d68a6,delivered,1,1,1,,
exp-2b33b808a0f8,run-36dc5599241ff74c,claim-032d36820b7e97b1,sig-87bf39a4be6d68a6,delivered,1,1,1,,
exp-2b33b808a0f8,run-54dd198bde19e6cf,claim-032d36820b7e97b1,sig-87bf39a4be6d68a6,delivered,1,1,1,,
exp-2b33b808a0f8,run-5f72dfbc37ae3836,claim-032d36820b7e97b1,sig-87bf39a4be6d68a6,delivered,1,1,1,,
exp-2b33b808a0f8,run-60c27be7bfd13181,claim-032d36820b7e97b1,sig-87bf39a4be6d68a6,delivered,1,1,1,,
exp-2b33b808a0f8,run-7a43182838a92b4d,claim-032d36820b7e97b1,sig-87bf39a4be6d68a6,delivered,1,1,1,,
exp-2b33b808a0f8,run-802196ca10c28e03,claim-032d36820b7e97b1,sig-87bf39a4be6d68a6,delivered,1,1,1,,
exp-2b33b808a0f8,run-86e0fb3cb34a86b9,claim-032d36820b7e97b1,sig-87bf39a4be6d68a6,delivered,1,1,1,,
exp-2b33b808a0f8,run-9fd3eacdb49f1187,claim-032d36820b7e97b1,sig-87bf39a4be6d68a6,delivered,1,1,1,,
exp-2b33b808a0f8,run-c5596c6cf2999ecc,claim-032d36820b7e97b1,sig-87bf39a4be6d68a6,delivered,1,1,1,,
exp-2b33b808a0f8,run-cbf903a67be76d0a,claim-032d36820b7e97b1,sig-87bf39a4be6d68a6,delivered,1,1,1,,
exp-2b33b808a0f8,run-eb3dc172de7476ad,claim-032d36820b7e97b1,sig-87bf39a4be6d68a6,delivered,1,1,1,,
exp-2b33b808a0f8,run-fa92f9e908dcd179,claim-032d36820b7e97b1,sig-87bf39a4be6d68a6,delivered,1,1,1,,
exp-2b33b808a0f8,run-fad00c5c2a4305ab,claim-032d36820b7e97b1,sig-87bf39a4be6d68a6,delivered,1,1,1,,
exp-2b33b808a0f8,run-1584d685946fcbab,claim-643f9817aa0dd6a1,sig-87cf1e95d9f39bd0,delivered,1,1,1,,
exp-2b33b808a0f8,run-16a39058c7f3cf9e,claim-643f9817aa0dd6a1,sig-87cf1e95d9f39bd0,delivered,1,1,1,,
exp-2b33b808a0f8,run-1b3af856ea0d78ba,claim-643f9817aa0dd6a1,sig-87cf1e95d9f39bd0,delivered,1,1,1,,
exp-2b33b808a0f8,run-49d441481d22eaff,claim-643f9817aa0dd6a1,sig-87cf1e95d9f39bd0,delivered,1,1,1,,
exp-2b33b808a0f8,run-82e3fe2420e8e987,claim-643f9817aa0dd6a1,sig-87cf1e95d9f39bd0,delivered,1,1,1,,
exp-2b33b808a0f8,run-8fd820fb0fd3fa83,claim-643f9817aa0dd6a1,sig-87cf1e95d9f39bd0,delivered,1,1,1,,
exp-2b33b808a0f8,run-b4f674eb9d401efd,claim-643f9817aa0dd6a1,sig-87cf1e95d9f39bd0,delivered,1,1,1,,
exp-2b33b808a0f8,run-e397ddb5605064f3,claim-643f9817aa0dd6a1,sig-87cf1e95d9f39bd0,delivered,1,1,1,,
exp-2b33b808a0f8,run-e69a6fbcad4061ce,claim-643f9817aa0dd6a1,sig-87cf1e95d9f39bd0,delivered,1,1,1,,
exp-2b33b808a0f8,run-f1ea2e8a09c56c99,claim-643f9817aa0dd6a1,sig-87cf1e95d9f39bd0,delivered,1,1,1,,
exp-2b33b808a0f8,run-de51ed580b1ab50d,claim-1f7e656a190b080f,sig-884647e3712989f1,dropped,1,1,0,,
exp-2b33b808a0f8,run-0150d84e23782b10,claim-f823f2e2786f5df2,sig-88abc1d02010ae98,delivered,1,1,1,,
exp-2b33b808a0f8,run-03911a9fa173759b,claim-f823f2e2786f5df2,sig-88abc1d02010ae98,delivered,1,1,1,,
exp-2b33b808a0f8,run-06c033c5a4b3310b,claim-f823f2e2786f5df2,sig-88abc1d02010ae98,delivered,1,1,1,,
exp-2b33b808a0f8,run-08239fa79adec9bb,claim-f823f2e2786f5df2,sig-88abc1d02010ae98,delivered,1,1,1,,
exp-2b33b808a0f8,run-0d5710fb6ccbec61,claim-f823f2e2786f5df2,sig-88abc1d02010ae98,delivered,1,1,1,,
exp-2b33b808a0f8,run-0fff7d537f846b2d,claim-f823f2e2786f5df2,sig-88abc1d02010ae98,delivered,1,1,1,,
exp-2b33b808a0f8,run-126bc4b511c1bdab,claim-f823f2e2786f5df2,sig-88abc1d02010ae98,delivered,1,1,1,,
exp-2b33b808a0f8,run-1b7414577607656b,claim-f823f2e2786f5df2,sig-88abc1d02010ae98,delivered,1,1,1,,
exp-2b33b808a0f8,run-1ccf8759fdd4aeaf,claim-f823f2e2786f5df2,sig-88abc1d02010ae98,delivered,1,1,1,,
exp-2b33b808a0f8,run-1cfdaa86b78a0a26,claim-f823f2e2786f5df2,sig-88abc1d02010ae98,delivered,1,1,1,,
exp-2b33b808a0f8,run-2883d20895417f2d,claim-f823f2e2786f5df2,sig-88abc1d02010ae98,delivered,1,1,1,,
exp-2b33b808a0f8,run-33025bf9675b9c53,claim-f823f2e2786f5df2,sig-88abc1d02010ae98,delivered,1,1,1,,
exp-2b33b808a0f8,run-380eeaa24d9d57c1,claim-f823f2e2786f5df2,sig-88abc1d02010ae98,delivered,1,1,1,,
exp-2b33b808a0f8,run-3996e6744fffc569,claim-f823f2e2786f5df2,sig-88abc1d02010ae98,delivered,1,1,1,,
exp-2b33b808a0f8,run-3a63d8383c08c8ac,claim-f823f2e2786f5df2,sig-88abc1d02010ae98,delivered,1,1,1,,
exp-2b33b808a0f8,run-3ca09ee4663ee36e,claim-f823f2e2786f5df2,sig-88abc1d02010ae98,delivered,1,1,1,,
exp-2b33b808a0f8,run-48f83c5035a70d6d,claim-f823f2e2786f5df2,sig-88abc1d02010ae98,delivered,1,1,1,,
exp-2b33b808a0f8,run-50b2b7111a212006,claim-f823f2e2786f5df2,sig-88abc1d02010ae98,delivered,1,1,1,,
exp-2b33b808a0f8,run-5e07d16f1f5b2987,claim-f823f2e2786f5df2,sig-88abc1d02010ae98,delivered,1,1,1,,
exp-2b33b808a0f8,run-6c88b2e46218c519,claim-f823f2e2786f5df2,sig-88abc1d02010ae98,delivered,1,1,1,,
exp-2b33b808a0f8,run-6fc1c1ab955868bf,claim-f823f2e2786f5df2,sig-88abc1d02010ae98,delivered,1,1,1,,
exp-2b33b808a0f8,run-755195f7318a0011,claim-f823f2e2786f5df2,sig-88abc1d02010ae98,delivered,1,1,1,,
exp-2b33b808a0f8,run-760ccd016850aaab,claim-f823f2e2786f5df2,sig-88abc1d02010ae98,delivered,1,1,1,,
exp-2b33b808a0f8,run-7ea589e15513aeaf,claim-f823f2e2786f5df2,sig-88abc1d02010ae98,delivered,1,1,1,,
exp-2b33b808a0f8,run-809856b19e987477,claim-f823f2e2786f5df2,sig-88abc1d02010ae98,delivered,1,1,1,,
exp-2b33b808a0f8,run-81291fb5e9520a72,claim-f823f2e2786f5df2,sig-88abc1d02010ae98,delivered,1,1,1,,
exp-2b33b808a0f8,run-82121d93599b573f,claim-f823f2e2786f5df2,sig-88abc1d02010ae98,delivered,1,1,1,,
exp-2b33b808a0f8,run-a314881a5962c263,claim-f823f2e2786f5df2,sig-88abc1d02010ae98,delivered,1,1,1,,
exp-2b33b808a0f8,run-b2e91be99045ef34,claim-f823f2e2786f5df2,sig-88abc1d02010ae98,delivered,1,1,1,,
exp-2b33b808a0f8,run-c98546e59cb90ee4,claim-f823f2e2786f5df2,sig-88abc1d02010ae98,delivered,1,1,1,,
exp-2b33b808a0f8,run-cf376438c8a0f3d5,claim-f823f2e2786f5df2,sig-88abc1d02010ae98,delivered,1,1,1,,
exp-2b33b808a0f8,run-d96c8c1fd86b590a,claim-f823f2e2786f5df2,sig-88abc1d02010ae98,delivered,1,1,1,,
exp-2b33b808a0f8,run-f0f90499d9da1b0c,claim-f823f2e2786f5df2,sig-88abc1d02010ae98,delivered,1,1,1,,
exp-2b33b808a0f8,run-f3f30df9a4b8d9a5,claim-f823f2e2786f5df2,sig-88abc1d02010ae98,delivered,1,1,1,,
exp-2b33b808a0f8,run-f4f7ab268273a712,claim-f823f2e2786f5df2,sig-88abc1d02010ae98,delivered,1,1,1,,
exp-2b33b808a0f8,run-f8a130cde8a86849,claim-f823f2e2786f5df2,sig-88abc1d02010ae98,delivered,1,1,1,,
exp-2b33b808a0f8,run-5db7b7d90d3ff8ce,claim-9768387ff49db430,sig-88b36b43063d3480,delivered,1,1,1,,
exp-2b33b808a0f8,run-7f00802c340e2617,claim-9768387ff49db430,sig-88b36b43063d3480,delivered,1,1,1,,
exp-2b33b808a0f8,run-cf74c3eb23037fe3,claim-9768387ff49db430,sig-88b36b43063d3480,delivered,1,1,1,,
exp-2b33b808a0f8,run-27bf28105ca06fd4,claim-7ef99153cc41d848,sig-89321010d3cd640b,delivered,1,1,1,,
exp-2b33b808a0f8,run-2db70520b400e899,claim-7ef99153cc41d848,sig-89321010d3cd640b,delivered,1,1,1,,
exp-2b33b808a0f8,run-6587340871fe07d2,claim-7ef99153cc41d848,sig-89321010d3cd640b,delivered,1,1,1,,
exp-2b33b808a0f8,run-92029ec55433f4ad,claim-7ef99153cc41d848,sig-89321010d3cd640b,delivered,1,1,1,,
exp-2b33b808a0f8,run-9ad54128801f5701,claim-7ef99153cc41d848,sig-89321010d3cd640b,delivered,1,1,1,,
exp-2b33b808a0f8,run-a1dd10a320d74492,claim-7ef99153cc41d848,sig-89321010d3cd640b,delivered,1,1,1,,
exp-2b33b808a0f8,run-b0542bb5dad78106,claim-7ef99153cc41d848,sig-89321010d3cd640b,delivered,1,1,1,,
exp-2b33b808a0f8,run-e975e5cc647b3523,claim-7ef99153cc41d848,sig-89321010d3cd640b,delivered,1,1,1,,
exp-2b33b808a0f8,run-fb3ce97f197123d1,claim-7ef99153cc41d848,sig-89321010d3cd640b,delivered,1,1,1,,
exp-2b33b808a0f8,run-3620dcf5bb5744a2,claim-d2f05a7f92b3c300,sig-893b49a5cf461178,delivered,1,1,1,,
exp-2b33b808a0f8,run-374dc2e21f594ec4,claim-d2f05a7f92b3c300,sig-893b49a5cf461178,delivered,1,1,1,,
exp-2b33b808a0f8,run-5f9908a782b1c6e3,claim-d2f05a7f92b3c300,sig-893b49a5cf461178,delivered,1,1,1,,
exp-2b33b808a0f8,run-82a20b31b2b8e7ef,claim-d2f05a7f92b3c300,sig-893b49a5cf461178,delivered,1,1,1,,
exp-2b33b808a0f8,run-d0fd6be062307c7b,claim-d2f05a7f92b3c300,sig-893b49a5cf461178,delivered,1,1,1,,
exp-2b33b808a0f8,run-36f70902baf2605c,claim-50e2d97fcc833929,sig-8a2767e885cfc76c,delivered,1,1,1,,
exp-2b33b808a0f8,run-b89fda5b70005cab,claim-50e2d97fcc833929,sig-8a2767e885cfc76c,delivered,1,1,1,,
exp-2b33b808a0f8,run-bad7bc9b35ba648e,claim-50e2d97fcc833929,sig-8a2767e885cfc76c,delivered,1,1,1,,
exp-2b33b808a0f8,run-d9ecb9bb93d66dae,claim-50e2d97fcc833929,sig-8a2767e885cfc76c,delivered,1,1,1,,
exp-2b33b808a0f8,run-e2b8b5101f670dfe,claim-50e2d97fcc833929,sig-8a2767e885cfc76c,delivered,1,1,1,,
exp-2b33b808a0f8,run-ee78a1a347e718c6,claim-50e2d97fcc833929,sig-8a2767e885cfc76c,delivered,1,1,1,,
exp-2b33b808a0f8,run-60c27be7bfd13181,claim-2e2299045fa7ddb3,sig-8a424676e35137a0,delivered,1,1,1,,
exp-2b33b808a0f8,run-9fd3eacdb49f1187,claim-2e2299045fa7ddb3,sig-8a424676e35137a0,delivered,1,1,1,,
exp-2b33b808a0f8,run-05d091d23664cc1e,claim-b821f04fe480c71f,sig-8b5f7d5617c848e4,delivered,1,1,1,,
exp-2b33b808a0f8,run-7dfc02679606cd15,claim-b821f04fe480c71f,sig-8b5f7d5617c848e4,delivered,1,1,1,,
exp-2b33b808a0f8,run-cb9e6b2ad617099c,claim-b821f04fe480c71f,sig-8b5f7d5617c848e4,delivered,1,1,1,,
exp-2b33b808a0f8,run-17af457d3e773d12,claim-183000eadbf4f0de,sig-8bf30c3faf3fac1b,delivered,1,1,1,,
exp-2b33b808a0f8,run-1b7414577607656b,claim-183000eadbf4f0de,sig-8bf30c3faf3fac1b,delivered,1,1,1,,
exp-2b33b808a0f8,run-30a6c9b3eb5dce42,claim-183000eadbf4f0de,sig-8bf30c3faf3fac1b,delivered,1,1,1,,
exp-2b33b808a0f8,run-3996e6744fffc569,claim-183000eadbf4f0de,sig-8bf30c3faf3fac1b,delivered,1,1,1,,
exp-2b33b808a0f8,run-40302b8b799e3bf1,claim-183000eadbf4f0de,sig-8bf30c3faf3fac1b,delivered,1,1,1,,
exp-2b33b808a0f8,run-5e07d16f1f5b2987,claim-183000eadbf4f0de,sig-8bf30c3faf3fac1b,delivered,1,1,1,,
exp-2b33b808a0f8,run-68434cd370855dde,claim-183000eadbf4f0de,sig-8bf30c3faf3fac1b,delivered,1,1,1,,
exp-2b33b808a0f8,run-6c88b2e46218c519,claim-183000eadbf4f0de,sig-8bf30c3faf3fac1b,delivered,1,1,1,,
exp-2b33b808a0f8,run-760ccd016850aaab,claim-183000eadbf4f0de,sig-8bf30c3faf3fac1b,delivered,1,1,1,,
exp-2b33b808a0f8,run-81291fb5e9520a72,claim-183000eadbf4f0de,sig-8bf30c3faf3fac1b,delivered,1,1,1,,
exp-2b33b808a0f8,run-a43e1603dbdaba0d,claim-183000eadbf4f0de,sig-8bf30c3faf3fac1b,delivered,1,1,1,,
exp-2b33b808a0f8,run-d079e2109bf6da9a,claim-183000eadbf4f0de,sig-8bf30c3faf3fac1b,delivered,1,1,1,,
exp-2b33b808a0f8,run-f1776cca757489d5,claim-183000eadbf4f0de,sig-8bf30c3faf3fac1b,delivered,1,1,1,,
exp-2b33b808a0f8,run-f55733a3b9a826e4,claim-183000eadbf4f0de,sig-8bf30c3faf3fac1b,delivered,1,1,1,,
exp-2b33b808a0f8,run-33025bf9675b9c53,claim-1ed6dfe8ffd844ea,sig-8c08bea95dde4a69,dropped,1,1,0,,
exp-2b33b808a0f8,run-3ca09ee4663ee36e,claim-1ed6dfe8ffd844ea,sig-8c08bea95dde4a69,dropped,1,1,0,,
exp-2b33b808a0f8,run-6fc1c1ab955868bf,claim-1ed6dfe8ffd844ea,sig-8c08bea95dde4a69,dropped,1,1,0,,
exp-2b33b808a0f8,run-755195f7318a0011,claim-1ed6dfe8ffd844ea,sig-8c08bea95dde4a69,dropped,1,1,0,,
exp-2b33b808a0f8,run-f0f90499d9da1b0c,claim-1ed6dfe8ffd844ea,sig-8c08bea95dde4a69,dropped,1,1,0,,
exp-2b33b808a0f8,run-1654ed83a69b048a,claim-07f5bca4cf795844,sig-8ca33740c41dbfb3,delivered,1,1,1,,
exp-2b33b808a0f8,run-3df61f770d52dd70,claim-07f5bca4cf795844,sig-8ca33740c41dbfb3,delivered,1,1,1,,
exp-2b33b808a0f8,run-4171e29a7613b1bb,claim-07f5bca4cf795844,sig-8ca33740c41dbfb3,delivered,1,1,1,,
exp-2b33b808a0f8,run-48d6ce857c49a2d2,claim-07f5bca4cf795844,sig-8ca33740c41dbfb3,delivered,1,1,1,,
exp-2b33b808a0f8,run-4cfc7acc42bc677f,claim-07f5bca4cf795844,sig-8ca33740c41dbfb3,delivered,1,1,1,,
exp-2b33b808a0f8,run-8283757cadda12d5,claim-07f5bca4cf795844,sig-8ca33740c41dbfb3,delivered,1,1,1,,
exp-2b33b808a0f8,run-a191e82fe0552ab5,claim-07f5bca4cf795844,sig-8ca33740c41dbfb3,delivered,1,1,1,,
exp-2b33b808a0f8,run-b13893f95aaaa626,claim-07f5bca4cf795844,sig-8ca33740c41dbfb3,delivered,1,1,1,,
exp-2b33b808a0f8,run-fe5d76e33ccd3a62,claim-07f5bca4cf795844,sig-8ca33740c41dbfb3,delivered,1,1,1,,
exp-2b33b808a0f8,run-b89fda5b70005cab,claim-91721dd9d53403d4,sig-8cacffa8e19108c6,delivered,1,1,1,,
exp-2b33b808a0f8,run-d9ecb9bb93d66dae,claim-91721dd9d53403d4,sig-8cacffa8e19108c6,delivered,1,1,1,,
exp-2b33b808a0f8,run-e2b8b5101f670dfe,claim-91721dd9d53403d4,sig-8cacffa8e19108c6,delivered,1,1,1,,
exp-2b33b808a0f8,run-08eb0ce23ff8c058,claim-888dd8e65ebd1e0c,sig-8d6cc041dc38ffb2,delivered,1,1,1,,
exp-2b33b808a0f8,run-0ed59ea471f8c823,claim-888dd8e65ebd1e0c,sig-8d6cc041dc38ffb2,delivered,1,1,1,,
exp-2b33b808a0f8,run-121bae4857799859,claim-888dd8e65ebd1e0c,sig-8d6cc041dc38ffb2,delivered,1,1,1,,
exp-2b33b808a0f8,run-2cd8b7888af1dfd8,claim-888dd8e65ebd1e0c,sig-8d6cc041dc38ffb2,delivered,1,1,1,,
exp-2b33b808a0f8,run-5f8c41dc5117d3f7,claim-888dd8e65ebd1e0c,sig-8d6cc041dc38ffb2,delivered,1,1,1,,
exp-2b33b808a0f8,run-626495f4dbb14cf3,claim-888dd8e65ebd1e0c,sig-8d6cc041dc38ffb2,delivered,1,1,1,,
exp-2b33b808a0f8,run-82654eb217e99ef6,claim-888dd8e65ebd1e0c,sig-8d6cc041dc38ffb2,delivered,1,1,1,,
exp-2b33b808a0f8,run-8c29734783624630,claim-888dd8e65ebd1e0c,sig-8d6cc041dc38ffb2,delivered,1,1,1,,
exp-2b33b808a0f8,run-a91e83d95f4150ea,claim-888dd8e65ebd1e0c,sig-8d6cc041dc38ffb2,delivered,1,1,1,,
exp-2b33b808a0f8,run-aef2c0f3501e6b9f,claim-888dd8e65ebd1e0c,sig-8d6cc041dc38ffb2,delivered,1,1,1,,
exp-2b33b808a0f8,run-c31fdf2665c43f45,claim-888dd8e65ebd1e0c,sig-8d6cc041dc38ffb2,delivered,1,1,1,,
exp-2b33b808a0f8,run-cc57ad8a8d2714d7,claim-888dd8e65ebd1e0c,sig-8d6cc041dc38ffb2,delivered,1,1,1,,
exp-2b33b808a0f8,run-d2b9a396554a407b,claim-888dd8e65ebd1e0c,sig-8d6cc041dc38ffb2,delivered,1,1,1,,
exp-2b33b808a0f8,run-deef30be3782be8a,claim-888dd8e65ebd1e0c,sig-8d6cc041dc38ffb2,delivered,1,1,1,,
exp-2b33b808a0f8,run-fe2c6fd3e3730afe,claim-888dd8e65ebd1e0c,sig-8d6cc041dc38ffb2,delivered,1,1,1,,
exp-2b33b808a0f8,run-0f9dd47be805d0d2,claim-b26c9c6ebba08edf,sig-8e76edc01a80d8c3,delivered,1,1,1,,
exp-2b33b808a0f8,run-33025bf9675b9c53,claim-b26c9c6ebba08edf,sig-8e76edc01a80d8c3,delivered,1,1,1,,
exp-2b33b808a0f8,run-38e71c05cfcffb71,claim-b26c9c6ebba08edf,sig-8e76edc01a80d8c3,delivered,1,1,1,,
exp-2b33b808a0f8,run-3ca09ee4663ee36e,claim-b26c9c6ebba08edf,sig-8e76edc01a80d8c3,delivered,1,1,1,,
exp-2b33b808a0f8,run-50b2b7111a212006,claim-b26c9c6ebba08edf,sig-8e76edc01a80d8c3,delivered,1,1,1,,
exp-2b33b808a0f8,run-652d659454d8ad9e,claim-b26c9c6ebba08edf,sig-8e76edc01a80d8c3,delivered,1,1,1,,
exp-2b33b808a0f8,run-688fc7e2f44ed2f2,claim-b26c9c6ebba08edf,sig-8e76edc01a80d8c3,delivered,1,1,1,,
exp-2b33b808a0f8,run-6906bd9b7990509a,claim-b26c9c6ebba08edf,sig-8e76edc01a80d8c3,delivered,1,1,1,,
exp-2b33b808a0f8,run-7ebc93e6754f1bb3,claim-b26c9c6ebba08edf,sig-8e76edc01a80d8c3,delivered,1,1,1,,
exp-2b33b808a0f8,run-87f02234f88d5831,claim-b26c9c6ebba08edf,sig-8e76edc01a80d8c3,delivered,1,1,1,,
exp-2b33b808a0f8,run-8f35f254ebb2acd3,claim-b26c9c6ebba08edf,sig-8e76edc01a80d8c3,delivered,1,1,1,,
exp-2b33b808a0f8,run-cbfe7f989bdcbfd8,claim-b26c9c6ebba08edf,sig-8e76edc01a80d8c3,delivered,1,1,1,,
exp-2b33b808a0f8,run-1584d685946fcbab,claim-3ad4bd8c345d4a9e,sig-8e9d14048c8faaff,delivered,1,1,1,,
exp-2b33b808a0f8,run-16a39058c7f3cf9e,claim-3ad4bd8c345d4a9e,sig-8e9d14048c8faaff,delivered,1,1,1,,
exp-2b33b808a0f8,run-1b3af856ea0d78ba,claim-3ad4bd8c345d4a9e,sig-8e9d14048c8faaff,delivered,1,1,1,,
exp-2b33b808a0f8,run-2883d20895417f2d,claim-3ad4bd8c345d4a9e,sig-8e9d14048c8faaff,delivered,1,1,1,,
exp-2b33b808a0f8,run-2913a8bf3b14dd18,claim-3ad4bd8c345d4a9e,sig-8e9d14048c8faaff,delivered,1,1,1,,
exp-2b33b808a0f8,run-2c5ed9ccf72ab3ff,claim-3ad4bd8c345d4a9e,sig-8e9d14048c8faaff,delivered,1,1,1,,
exp-2b33b808a0f8,run-2e6341eef0f780f9,claim-3ad4bd8c345d4a9e,sig-8e9d14048c8faaff,delivered,1,1,1,,
exp-2b33b808a0f8,run-3a63d8383c08c8ac,claim-3ad4bd8c345d4a9e,sig-8e9d14048c8faaff,delivered,1,1,1,,
exp-2b33b808a0f8,run-421a9e310b9451d9,claim-3ad4bd8c345d4a9e,sig-8e9d14048c8faaff,delivered,1,1,1,,
exp-2b33b808a0f8,run-48f83c5035a70d6d,claim-3ad4bd8c345d4a9e,sig-8e9d14048c8faaff,delivered,1,1,1,,
exp-2b33b808a0f8,run-49d441481d22eaff,claim-3ad4bd8c345d4a9e,sig-8e9d14048c8faaff,delivered,1,1,1,,
exp-2b33b808a0f8,run-4a9abd6b049cfa48,claim-3ad4bd8c345d4a9e,sig-8e9d14048c8faaff,delivered,1,1,1,,
exp-2b33b808a0f8,run-4bc70e3c7d09ccca,claim-3ad4bd8c345d4a9e,sig-8e9d14048c8faaff,delivered,1,1,1,,
exp-2b33b808a0f8,run-4be88edbdd58b0b7,claim-3ad4bd8c345d4a9e,sig-8e9d14048c8faaff,delivered,1,1,1,,
exp-2b33b808a0f8,run-533b1ebf9907abc5,claim-3ad4bd8c345d4a9e,sig-8e9d14048c8faaff,delivered,1,1,1,,
exp-2b33b808a0f8,run-548b9449d2e5ac2b,claim-3ad4bd8c345d4a9e,sig-8e9d14048c8faaff,delivered,1,1,1,,
exp-2b33b808a0f8,run-5666f4cf16ada7ef,claim-3ad4bd8c345d4a9e,sig-8e9d14048c8faaff,delivered,1,1,1,,
exp-2b33b808a0f8,run-5ab8996c310b76bc,claim-3ad4bd8c345d4a9e,sig-8e9d14048c8faaff,delivered,1,1,1,,
exp-2b33b808a0f8,run-5f615659d79c5e37,claim-3ad4bd8c345d4a9e,sig-8e9d14048c8faaff,delivered,1,1,1,,
exp-2b33b808a0f8,run-82e3fe2420e8e987,claim-3ad4bd8c345d4a9e,sig-8e9d14048c8faaff,delivered,1,1,1,,
exp-2b33b808a0f8,run-8628fb2f21bdfa9a,claim-3ad4bd8c345d4a9e,sig-8e9d14048c8faaff,delivered,1,1,1,,
exp-2b33b808a0f8,run-8fd820fb0fd3fa83,claim-3ad4bd8c345d4a9e,sig-8e9d14048c8faaff,delivered,1,1,1,,
exp-2b33b808a0f8,run-98bc95649ddb8f4c,claim-3ad4bd8c345d4a9e,sig-8e9d14048c8faaff,delivered,1,1,1,,
exp-2b33b808a0f8,run-a2a07f1fba72c484,claim-3ad4bd8c345d4a9e,sig-8e9d14048c8faaff,delivered,1,1,1,,
exp-2b33b808a0f8,run-b092f115d5e62166,claim-3ad4bd8c345d4a9e,sig-8e9d14048c8faaff,delivered,1,1,1,,
exp-2b33b808a0f8,run-b2e669dbbe4fc670,claim-3ad4bd8c345d4a9e,sig-8e9d14048c8faaff,delivered,1,1,1,,
exp-2b33b808a0f8,run-b4f674eb9d401efd,claim-3ad4bd8c345d4a9e,sig-8e9d14048c8faaff,delivered,1,1,1,,
exp-2b33b808a0f8,run-c70b83220468c5cb,claim-3ad4bd8c345d4a9e,sig-8e9d14048c8faaff,delivered,1,1,1,,
exp-2b33b808a0f8,run-cfbfb19332bde82e,claim-3ad4bd8c345d4a9e,sig-8e9d14048c8faaff,delivered,1,1,1,,
exp-2b33b808a0f8,run-dda79e04e10eeb3f,claim-3ad4bd8c345d4a9e,sig-8e9d14048c8faaff,delivered,1,1,1,,
exp-2b33b808a0f8,run-e397ddb5605064f3,claim-3ad4bd8c345d4a9e,sig-8e9d14048c8faaff,delivered,1,1,1,,
exp-2b33b808a0f8,run-e69a6fbcad4061ce,claim-3ad4bd8c345d4a9e,sig-8e9d14048c8faaff,delivered,1,1,1,,
exp-2b33b808a0f8,run-f1ea2e8a09c56c99,claim-3ad4bd8c345d4a9e,sig-8e9d14048c8faaff,delivered,1,1,1,,
exp-2b33b808a0f8,run-f2913fb769b7d837,claim-3ad4bd8c345d4a9e,sig-8e9d14048c8faaff,delivered,1,1,1,,
exp-2b33b808a0f8,run-f31bacd7825a158b,claim-3ad4bd8c345d4a9e,sig-8e9d14048c8faaff,delivered,1,1,1,,
exp-2b33b808a0f8,run-f8641a2b2b522c65,claim-3ad4bd8c345d4a9e,sig-8e9d14048c8faaff,delivered,1,1,1,,
exp-2b33b808a0f8,run-53706f05bed87dad,claim-f6fbd5e6aa623c88,sig-8f1e1efa348db1cd,delivered,1,1,1,,
exp-2b33b808a0f8,run-581d182fa373e4a8,claim-f6fbd5e6aa623c88,sig-8f1e1efa348db1cd,delivered,1,1,1,,
exp-2b33b808a0f8,run-581e601a136ff413,claim-f6fbd5e6aa623c88,sig-8f1e1efa348db1cd,delivered,1,1,1,,
exp-2b33b808a0f8,run-9ddf9be03d779768,claim-f6fbd5e6aa623c88,sig-8f1e1efa348db1cd,delivered,1,1,1,,
exp-2b33b808a0f8,run-a34dc91443138554,claim-f6fbd5e6aa623c88,sig-8f1e1efa348db1cd,delivered,1,1,1,,
exp-2b33b808a0f8,run-c12d31a0c14e4ea4,claim-f6fbd5e6aa623c88,sig-8f1e1efa348db1cd,delivered,1,1,1,,
exp-2b33b808a0f8,run-cca66c90ef3b41c8,claim-f6fbd5e6aa623c88,sig-8f1e1efa348db1cd,delivered,1,1,1,,
exp-2b33b808a0f8,run-ed9ded3530a007da,claim-f6fbd5e6aa623c88,sig-8f1e1efa348db1cd,delivered,1,1,1,,
exp-2b33b808a0f8,run-f1da5d7783f85774,claim-f6fbd5e6aa623c88,sig-8f1e1efa348db1cd,delivered,1,1,1,,
exp-2b33b808a0f8,run-25eaa2510fbfbaff,claim-bdd71b4be152e236,sig-8f30489d0ff0f27b,delivered,1,1,1,,
exp-2b33b808a0f8,run-3e6218c854422e8d,claim-bdd71b4be152e236,sig-8f30489d0ff0f27b,delivered,1,1,1,,
exp-2b33b808a0f8,run-4135fc9f33a52631,claim-bdd71b4be152e236,sig-8f30489d0ff0f27b,delivered,1,1,1,,
exp-2b33b808a0f8,run-8b6a0be310d169fd,claim-bdd71b4be152e236,sig-8f30489d0ff0f27b,delivered,1,1,1,,
exp-2b33b808a0f8,run-16a39058c7f3cf9e,claim-1acaf2b9c7e95bc5,sig-8f333b771ad2f4e8,delivered,1,1,1,,
exp-2b33b808a0f8,run-1b3af856ea0d78ba,claim-1acaf2b9c7e95bc5,sig-8f333b771ad2f4e8,delivered,1,1,1,,
exp-2b33b808a0f8,run-548b9449d2e5ac2b,claim-1acaf2b9c7e95bc5,sig-8f333b771ad2f4e8,delivered,1,1,1,,
exp-2b33b808a0f8,run-82e3fe2420e8e987,claim-1acaf2b9c7e95bc5,sig-8f333b771ad2f4e8,delivered,1,1,1,,
exp-2b33b808a0f8,run-8fd820fb0fd3fa83,claim-1acaf2b9c7e95bc5,sig-8f333b771ad2f4e8,delivered,1,1,1,,
exp-2b33b808a0f8,run-b4f674eb9d401efd,claim-1acaf2b9c7e95bc5,sig-8f333b771ad2f4e8,delivered,1,1,1,,
exp-2b33b808a0f8,run-cfbfb19332bde82e,claim-1acaf2b9c7e95bc5,sig-8f333b771ad2f4e8,delivered,1,1,1,,
exp-2b33b808a0f8,run-f1ea2e8a09c56c99,claim-1acaf2b9c7e95bc5,sig-8f333b771ad2f4e8,delivered,1,1,1,,
exp-2b33b808a0f8,run-f2913fb769b7d837,claim-1acaf2b9c7e95bc5,sig-8f333b771ad2f4e8,delivered,1,1,1,,
exp-2b33b808a0f8,run-13a88125b47c3116,claim-7fe31ebb30384314,sig-907c0b3c9d0aeecb,delivered,1,1,1,,
exp-2b33b808a0f8,run-13afd1c7ef164da6,claim-7fe31ebb30384314,sig-907c0b3c9d0aeecb,delivered,1,1,1,,
exp-2b33b808a0f8,run-299407f942ccfe44,claim-7fe31ebb30384314,sig-907c0b3c9d0aeecb,delivered,1,1,1,,
exp-2b33b808a0f8,run-40d744a8e6f22616,claim-7fe31ebb30384314,sig-907c0b3c9d0aeecb,delivered,1,1,1,,
exp-2b33b808a0f8,run-427de9f5f80631bb,claim-7fe31ebb30384314,sig-907c0b3c9d0aeecb,delivered,1,1,1,,
exp-2b33b808a0f8,run-56a885c3be5ad659,claim-7fe31ebb30384314,sig-907c0b3c9d0aeecb,delivered,1,1,1,,
exp-2b33b808a0f8,run-65fb89d7c4ce4fff,claim-7fe31ebb30384314,sig-907c0b3c9d0aeecb,delivered,1,1,1,,
exp-2b33b808a0f8,run-b9c91e3ca797b757,claim-7fe31ebb30384314,sig-907c0b3c9d0aeecb,delivered,1,1,1,,
exp-2b33b808a0f8,run-cb26f0bc1de44dfe,claim-7fe31ebb30384314,sig-907c0b3c9d0aeecb,delivered,1,1,1,,
exp-2b33b808a0f8,run-b89fda5b70005cab,claim-d97f613427409366,sig-90c7ebf78b7753fe,delivered,1,1,1,,
exp-2b33b808a0f8,run-d9ecb9bb93d66dae,claim-d97f613427409366,sig-90c7ebf78b7753fe,delivered,1,1,1,,
exp-2b33b808a0f8,run-e2b8b5101f670dfe,claim-d97f613427409366,sig-90c7ebf78b7753fe,delivered,1,1,1,,
exp-2b33b808a0f8,run-1b7414577607656b,claim-60c5e7ccacc5cc1a,sig-9117c8bcb37ad20c,delivered,1,1,1,,
exp-2b33b808a0f8,run-5e07d16f1f5b2987,claim-60c5e7ccacc5cc1a,sig-9117c8bcb37ad20c,delivered,1,1,1,,
exp-2b33b808a0f8,run-e791d1ca36891afd,claim-4e75e5fbafab8c85,sig-913c7a6b49f6c8e4,delivered,1,1,1,,
exp-2b33b808a0f8,run-40302b8b799e3bf1,claim-615e8947206a3c3f,sig-91b8560c2cc760d7,delivered,1,1,1,,
exp-2b33b808a0f8,run-68434cd370855dde,claim-615e8947206a3c3f,sig-91b8560c2cc760d7,delivered,1,1,1,,
exp-2b33b808a0f8,run-a43e1603dbdaba0d,claim-615e8947206a3c3f,sig-91b8560c2cc760d7,delivered,1,1,1,,
exp-2b33b808a0f8,run-b89fda5b70005cab,claim-615e8947206a3c3f,sig-91b8560c2cc760d7,delivered,1,1,1,,
exp-2b33b808a0f8,run-d9ecb9bb93d66dae,claim-615e8947206a3c3f,sig-91b8560c2cc760d7,delivered,1,1,1,,
exp-2b33b808a0f8,run-f1776cca757489d5,claim-615e8947206a3c3f,sig-91b8560c2cc760d7,delivered,1,1,1,,
exp-2b33b808a0f8,run-688fc7e2f44ed2f2,claim-0d5063463dee2e22,sig-91fff45f4452999b,dropped,1,1,0,,
exp-2b33b808a0f8,run-7ebc93e6754f1bb3,claim-0d5063463dee2e22,sig-91fff45f4452999b,dropped,1,1,0,,
exp-2b33b808a0f8,run-87f02234f88d5831,claim-0d5063463dee2e22,sig-91fff45f4452999b,dropped,1,1,0,,
exp-2b33b808a0f8,run-2231a5437da60871,claim-b576bdaa57856f92,sig-92ac10d5592abca1,delivered,1,1,1,,
exp-2b33b808a0f8,run-54dfa16175253c38,claim-b576bdaa57856f92,sig-92ac10d5592abca1,delivered,1,1,1,,
exp-2b33b808a0f8,run-6d394564f18187f9,claim-b576bdaa57856f92,sig-92ac10d5592abca1,delivered,1,1,1,,
exp-2b33b808a0f8,run-802196ca10c28e03,claim-b576bdaa57856f92,sig-92ac10d5592abca1,delivered,1,1,1,,
exp-2b33b808a0f8,run-e08a8eb7877cb862,claim-b576bdaa57856f92,sig-92ac10d5592abca1,delivered,1,1,1,,
exp-2b33b808a0f8,run-fad00c5c2a4305ab,claim-b576bdaa57856f92,sig-92ac10d5592abca1,delivered,1,1,1,,
exp-2b33b808a0f8,run-22c666cf37db328f,claim-6536571af47d329f,sig-944b33e027dfcbaa,delivered,1,1,1,,
exp-2b33b808a0f8,run-26c66a98702e0a01,claim-6536571af47d329f,sig-944b33e027dfcbaa,delivered,1,1,1,,
exp-2b33b808a0f8,run-2913a8bf3b14dd18,claim-6536571af47d329f,sig-944b33e027dfcbaa,delivered,1,1,1,,
exp-2b33b808a0f8,run-2a9c3ec6dd6e9d8f,claim-6536571af47d329f,sig-944b33e027dfcbaa,delivered,1,1,1,,
exp-2b33b808a0f8,run-2b307fc83ae74fb5,claim-6536571af47d329f,sig-944b33e027dfcbaa,delivered,1,1,1,,
exp-2b33b808a0f8,run-2c5ed9ccf72ab3ff,claim-6536571af47d329f,sig-944b33e027dfcbaa,delivered,1,1,1,,
exp-2b33b808a0f8,run-421a9e310b9451d9,claim-6536571af47d329f,sig-944b33e027dfcbaa,delivered,1,1,1,,
exp-2b33b808a0f8,run-4a9abd6b049cfa48,claim-6536571af47d329f,sig-944b33e027dfcbaa,delivered,1,1,1,,
exp-2b33b808a0f8,run-4bc70e3c7d09ccca,claim-6536571af47d329f,sig-944b33e027dfcbaa,delivered,1,1,1,,
exp-2b33b808a0f8,run-4be88edbdd58b0b7,claim-6536571af47d329f,sig-944b33e027dfcbaa,delivered,1,1,1,,
exp-2b33b808a0f8,run-533b1ebf9907abc5,claim-6536571af47d329f,sig-944b33e027dfcbaa,delivered,1,1,1,,
exp-2b33b808a0f8,run-54c829c9332d7705,claim-6536571af47d329f,sig-944b33e027dfcbaa,delivered,1,1,1,,
exp-2b33b808a0f8,run-5ab8996c310b76bc,claim-6536571af47d329f,sig-944b33e027dfcbaa,delivered,1,1,1,,
exp-2b33b808a0f8,run-637de2634f99fe17,claim-6536571af47d329f,sig-944b33e027dfcbaa,delivered,1,1,1,,
exp-2b33b808a0f8,run-8628fb2f21bdfa9a,claim-6536571af47d329f,sig-944b33e027dfcbaa,delivered,1,1,1,,
exp-2b33b808a0f8,run-98bc95649ddb8f4c,claim-6536571af47d329f,sig-944b33e027dfcbaa,delivered,1,1,1,,
exp-2b33b808a0f8,run-a2a07f1fba72c484,claim-6536571af47d329f,sig-944b33e027dfcbaa,delivered,1,1,1,,
exp-2b33b808a0f8,run-c70b83220468c5cb,claim-6536571af47d329f,sig-944b33e027dfcbaa,delivered,1,1,1,,
exp-2b33b808a0f8,run-dda79e04e10eeb3f,claim-6536571af47d329f,sig-944b33e027dfcbaa,delivered,1,1,1,,
exp-2b33b808a0f8,run-f31bacd7825a158b,claim-6536571af47d329f,sig-944b33e027dfcbaa,delivered,1,1,1,,
exp-2b33b808a0f8,run-f8641a2b2b522c65,claim-6536571af47d329f,sig-944b33e027dfcbaa,delivered,1,1,1,,
exp-2b33b808a0f8,run-a5cfa0e1e29cea11,claim-bd8e4d225989b926,sig-94529996f706a64c,delivered,1,1,1,,
exp-2b33b808a0f8,run-2b6895cdd016ae4c,claim-00eb7089d79fcba7,sig-9501c190c93d1541,delivered,1,1,1,,
exp-2b33b808a0f8,run-47b9d87d8c408db1,claim-00eb7089d79fcba7,sig-9501c190c93d1541,delivered,1,1,1,,
exp-2b33b808a0f8,run-97bca49872a1b9c7,claim-00eb7089d79fcba7,sig-9501c190c93d1541,delivered,1,1,1,,
exp-2b33b808a0f8,run-1ad5774f2ec38993,claim-157f032a9600c9c1,sig-952b6ee0e816e5a2,delivered,1,1,1,,
exp-2b33b808a0f8,run-22c72107573a4b60,claim-157f032a9600c9c1,sig-952b6ee0e816e5a2,delivered,1,1,1,,
exp-2b33b808a0f8,run-803b3c372bc924c5,claim-157f032a9600c9c1,sig-952b6ee0e816e5a2,delivered,1,1,1,,
exp-2b33b808a0f8,run-89afe7e7549c985c,claim-157f032a9600c9c1,sig-952b6ee0e816e5a2,delivered,1,1,1,,
exp-2b33b808a0f8,run-9119299991896d57,claim-157f032a9600c9c1,sig-952b6ee0e816e5a2,delivered,1,1,1,,
exp-2b33b808a0f8,run-d03cdd5172e2e4bb,claim-157f032a9600c9c1,sig-952b6ee0e816e5a2,delivered,1,1,1,,
exp-2b33b808a0f8,run-d7f33141b5694988,claim-157f032a9600c9c1,sig-952b6ee0e816e5a2,delivered,1,1,1,,
exp-2b33b808a0f8,run-d7f754d1c6032500,claim-157f032a9600c9c1,sig-952b6ee0e816e5a2,delivered,1,1,1,,
exp-2b33b808a0f8,run-ebb905b917de9aa9,claim-157f032a9600c9c1,sig-952b6ee0e816e5a2,delivered,1,1,1,,
exp-2b33b808a0f8,run-0cf7e0daf535a696,claim-67b2e4c49bdc7587,sig-95327125345d33d2,delivered,1,1,1,,
exp-2b33b808a0f8,run-314cd6efe084d5fe,claim-67b2e4c49bdc7587,sig-95327125345d33d2,delivered,1,1,1,,
exp-2b33b808a0f8,run-3f6da378062ee821,claim-67b2e4c49bdc7587,sig-95327125345d33d2,delivered,1,1,1,,
exp-2b33b808a0f8,run-7b8861c80024d738,claim-67b2e4c49bdc7587,sig-95327125345d33d2,delivered,1,1,1,,
exp-2b33b808a0f8,run-7d86c321e8400460,claim-67b2e4c49bdc7587,sig-95327125345d33d2,delivered,1,1,1,,
exp-2b33b808a0f8,run-8edfe902496d790d,claim-67b2e4c49bdc7587,sig-95327125345d33d2,delivered,1,1,1,,
exp-2b33b808a0f8,run-cacf78bafbbad965,claim-67b2e4c49bdc7587,sig-95327125345d33d2,delivered,1,1,1,,
exp-2b33b808a0f8,run-cec16e049668dcae,claim-67b2e4c49bdc7587,sig-95327125345d33d2,delivered,1,1,1,,
exp-2b33b808a0f8,run-169749d452c80c28,claim-1f5aa82c73817981,sig-9543a2d8f1c5ea50,delivered,1,1,1,,
exp-2b33b808a0f8,run-7a81aa198df7a360,claim-1f5aa82c73817981,sig-9543a2d8f1c5ea50,delivered,1,1,1,,
exp-2b33b808a0f8,run-bfc1fb37d31beee3,claim-1f5aa82c73817981,sig-9543a2d8f1c5ea50,delivered,1,1,1,,
exp-2b33b808a0f8,run-1b7414577607656b,claim-dba0771827d80c33,sig-959149659eee5ef6,delivered,1,1,1,,
exp-2b33b808a0f8,run-3996e6744fffc569,claim-dba0771827d80c33,sig-959149659eee5ef6,delivered,1,1,1,,
exp-2b33b808a0f8,run-5e07d16f1f5b2987,claim-dba0771827d80c33,sig-959149659eee5ef6,delivered,1,1,1,,
exp-2b33b808a0f8,run-6c88b2e46218c519,claim-dba0771827d80c33,sig-959149659eee5ef6,delivered,1,1,1,,
exp-2b33b808a0f8,run-81291fb5e9520a72,claim-dba0771827d80c33,sig-959149659eee5ef6,delivered,1,1,1,,
exp-2b33b808a0f8,run-156a83b4e0f32cfa,claim-130d9d5b213bc0a0,sig-95c5a1efbab0eb6b,delivered,1,1,1,,
exp-2b33b808a0f8,run-1d989b2933796a16,claim-130d9d5b213bc0a0,sig-95c5a1efbab0eb6b,delivered,1,1,1,,
exp-2b33b808a0f8,run-382a40867248c3e0,claim-130d9d5b213bc0a0,sig-95c5a1efbab0eb6b,delivered,1,1,1,,
exp-2b33b808a0f8,run-3ee3b3533922c3cd,claim-130d9d5b213bc0a0,sig-95c5a1efbab0eb6b,delivered,1,1,1,,
exp-2b33b808a0f8,run-6ddc9f9b58c14914,claim-130d9d5b213bc0a0,sig-95c5a1efbab0eb6b,delivered,1,1,1,,
exp-2b33b808a0f8,run-bf37e2d5cbe4f3b9,claim-130d9d5b213bc0a0,sig-95c5a1efbab0eb6b,delivered,1,1,1,,
exp-2b33b808a0f8,run-efdb047898d3bc26,claim-130d9d5b213bc0a0,sig-95c5a1efbab0eb6b,delivered,1,1,1,,
exp-2b33b808a0f8,run-fd0875ba4dfb44d6,claim-130d9d5b213bc0a0,sig-95c5a1efbab0eb6b,delivered,1,1,1,,
exp-2b33b808a0f8,run-08239fa79adec9bb,claim-8722749428a58b51,sig-95c97d83ac2e6d10,delivered,1,1,1,,
exp-2b33b808a0f8,run-22c666cf37db328f,claim-8722749428a58b51,sig-95c97d83ac2e6d10,delivered,1,1,1,,
exp-2b33b808a0f8,run-2a9c3ec6dd6e9d8f,claim-8722749428a58b51,sig-95c97d83ac2e6d10,delivered,1,1,1,,
exp-2b33b808a0f8,run-637de2634f99fe17,claim-8722749428a58b51,sig-95c97d83ac2e6d10,delivered,1,1,1,,
exp-2b33b808a0f8,run-c98546e59cb90ee4,claim-8722749428a58b51,sig-95c97d83ac2e6d10,delivered,1,1,1,,
exp-2b33b808a0f8,run-d96c8c1fd86b590a,claim-8722749428a58b51,sig-95c97d83ac2e6d10,delivered,1,1,1,,
exp-2b33b808a0f8,run-1654ed83a69b048a,claim-b3fc174c05e45747,sig-95da9819b85200b5,delivered,1,1,1,,
exp-2b33b808a0f8,run-4171e29a7613b1bb,claim-b3fc174c05e45747,sig-95da9819b85200b5,delivered,1,1,1,,
exp-2b33b808a0f8,run-4cfc7acc42bc677f,claim-b3fc174c05e45747,sig-95da9819b85200b5,delivered,1,1,1,,
exp-2b33b808a0f8,run-8283757cadda12d5,claim-b3fc174c05e45747,sig-95da9819b85200b5,delivered,1,1,1,,
exp-2b33b808a0f8,run-b13893f95aaaa626,claim-b3fc174c05e45747,sig-95da9819b85200b5,delivered,1,1,1,,
exp-2b33b808a0f8,run-fe5d76e33ccd3a62,claim-b3fc174c05e45747,sig-95da9819b85200b5,delivered,1,1,1,,
exp-2b33b808a0f8,run-169749d452c80c28,claim-8722749428a58b51,sig-9600caafa7aa81aa,delivered,1,1,1,,
exp-2b33b808a0f8,run-2883d20895417f2d,claim-8722749428a58b51,sig-9600caafa7aa81aa,delivered,1,1,1,,
exp-2b33b808a0f8,run-2e6341eef0f780f9,claim-8722749428a58b51,sig-9600caafa7aa81aa,delivered,1,1,1,,
exp-2b33b808a0f8,run-3a63d8383c08c8ac,claim-8722749428a58b51,sig-9600caafa7aa81aa,delivered,1,1,1,,
exp-2b33b808a0f8,run-48f83c5035a70d6d,claim-8722749428a58b51,sig-9600caafa7aa81aa,delivered,1,1,1,,
exp-2b33b808a0f8,run-54dfa16175253c38,claim-8722749428a58b51,sig-9600caafa7aa81aa,delivered,1,1,1,,
exp-2b33b808a0f8,run-5f615659d79c5e37,claim-8722749428a58b51,sig-9600caafa7aa81aa,delivered,1,1,1,,
exp-2b33b808a0f8,run-6d394564f18187f9,claim-8722749428a58b51,sig-9600caafa7aa81aa,delivered,1,1,1,,
exp-2b33b808a0f8,run-802196ca10c28e03,claim-8722749428a58b51,sig-9600caafa7aa81aa,delivered,1,1,1,,
exp-2b33b808a0f8,run-809856b19e987477,claim-8722749428a58b51,sig-9600caafa7aa81aa,delivered,1,1,1,,
exp-2b33b808a0f8,run-82121d93599b573f,claim-8722749428a58b51,sig-9600caafa7aa81aa,delivered,1,1,1,,
exp-2b33b808a0f8,run-bfc1fb37d31beee3,claim-8722749428a58b51,sig-9600caafa7aa81aa,delivered,1,1,1,,
exp-2b33b808a0f8,run-e08a8eb7877cb862,claim-8722749428a58b51,sig-9600caafa7aa81aa,delivered,1,1,1,,
exp-2b33b808a0f8,run-f3f30df9a4b8d9a5,claim-8722749428a58b51,sig-9600caafa7aa81aa,delivered,1,1,1,,
exp-2b33b808a0f8,run-fad00c5c2a4305ab,claim-8722749428a58b51,sig-9600caafa7aa81aa,delivered,1,1,1,,
exp-2b33b808a0f8,run-156a83b4e0f32cfa,claim-1cc7b7a1d5beb0c9,sig-96040e654c99ca9e,delivered,1,1,1,,
exp-2b33b808a0f8,run-1d989b2933796a16,claim-1cc7b7a1d5beb0c9,sig-96040e654c99ca9e,delivered,1,1,1,,
exp-2b33b808a0f8,run-382a40867248c3e0,claim-1cc7b7a1d5beb0c9,sig-96040e654c99ca9e,delivered,1,1,1,,
exp-2b33b808a0f8,run-3d2d41ba2235d5fd,claim-1cc7b7a1d5beb0c9,sig-96040e654c99ca9e,delivered,1,1,1,,
exp-2b33b808a0f8,run-3ee3b3533922c3cd,claim-1cc7b7a1d5beb0c9,sig-96040e654c99ca9e,delivered,1,1,1,,
exp-2b33b808a0f8,run-598aaa80449e6816,claim-1cc7b7a1d5beb0c9,sig-96040e654c99ca9e,delivered,1,1,1,,
exp-2b33b808a0f8,run-bf37e2d5cbe4f3b9,claim-1cc7b7a1d5beb0c9,sig-96040e654c99ca9e,delivered,1,1,1,,
exp-2b33b808a0f8,run-eac9a626a1d8c14b,claim-1cc7b7a1d5beb0c9,sig-96040e654c99ca9e,delivered,1,1,1,,
exp-2b33b808a0f8,run-efdb047898d3bc26,claim-1cc7b7a1d5beb0c9,sig-96040e654c99ca9e,delivered,1,1,1,,
exp-2b33b808a0f8,run-27bf28105ca06fd4,claim-b21499df47cca88b,sig-9632ebe84ccc3036,delivered,1,1,1,,
exp-2b33b808a0f8,run-2db70520b400e899,claim-b21499df47cca88b,sig-9632ebe84ccc3036,delivered,1,1,1,,
exp-2b33b808a0f8,run-92029ec55433f4ad,claim-b21499df47cca88b,sig-9632ebe84ccc3036,delivered,1,1,1,,
exp-2b33b808a0f8,run-a1dd10a320d74492,claim-b21499df47cca88b,sig-9632ebe84ccc3036,delivered,1,1,1,,
exp-2b33b808a0f8,run-b0542bb5dad78106,claim-b21499df47cca88b,sig-9632ebe84ccc3036,delivered,1,1,1,,
exp-2b33b808a0f8,run-fb3ce97f197123d1,claim-b21499df47cca88b,sig-9632ebe84ccc3036,delivered,1,1,1,,
exp-2b33b808a0f8,run-0150d84e23782b10,claim-f8bae1eff92ebd13,sig-96dbb4039cf6def8,delivered,1,1,1,,
exp-2b33b808a0f8,run-024dd76a95551a07,claim-f8bae1eff92ebd13,sig-96dbb4039cf6def8,delivered,1,1,1,,
exp-2b33b808a0f8,run-03911a9fa173759b,claim-f8bae1eff92ebd13,sig-96dbb4039cf6def8,delivered,1,1,1,,
exp-2b33b808a0f8,run-080f51e2e1f6de5b,claim-f8bae1eff92ebd13,sig-96dbb4039cf6def8,delivered,1,1,1,,
exp-2b33b808a0f8,run-08239fa79adec9bb,claim-f8bae1eff92ebd13,sig-96dbb4039cf6def8,delivered,1,1,1,,
exp-2b33b808a0f8,run-13a88125b47c3116,claim-f8bae1eff92ebd13,sig-96dbb4039cf6def8,delivered,1,1,1,,
exp-2b33b808a0f8,run-13afd1c7ef164da6,claim-f8bae1eff92ebd13,sig-96dbb4039cf6def8,delivered,1,1,1,,
exp-2b33b808a0f8,run-175d816b8367baac,claim-f8bae1eff92ebd13,sig-96dbb4039cf6def8,delivered,1,1,1,,
exp-2b33b808a0f8,run-1ccf8759fdd4aeaf,claim-f8bae1eff92ebd13,sig-96dbb4039cf6def8,delivered,1,1,1,,
exp-2b33b808a0f8,run-22c666cf37db328f,claim-f8bae1eff92ebd13,sig-96dbb4039cf6def8,delivered,1,1,1,,
exp-2b33b808a0f8,run-26c66a98702e0a01,claim-f8bae1eff92ebd13,sig-96dbb4039cf6def8,delivered,1,1,1,,
exp-2b33b808a0f8,run-299407f942ccfe44,claim-f8bae1eff92ebd13,sig-96dbb4039cf6def8,delivered,1,1,1,,
exp-2b33b808a0f8,run-2a9c3ec6dd6e9d8f,claim-f8bae1eff92ebd13,sig-96dbb4039cf6def8,delivered,1,1,1,,
exp-2b33b808a0f8,run-2b307fc83ae74fb5,claim-f8bae1eff92ebd13,sig-96dbb4039cf6def8,delivered,1,1,1,,
exp-2b33b808a0f8,run-2ca84da882aaf57d,claim-f8bae1eff92ebd13,sig-96dbb4039cf6def8,delivered,1,1,1,,
exp-2b33b808a0f8,run-380eeaa24d9d57c1,claim-f8bae1eff92ebd13,sig-96dbb4039cf6def8,delivered,1,1,1,,
exp-2b33b808a0f8,run-40d744a8e6f22616,claim-f8bae1eff92ebd13,sig-96dbb4039cf6def8,delivered,1,1,1,,
exp-2b33b808a0f8,run-48010f9c27336ede,claim-f8bae1eff92ebd13,sig-96dbb4039cf6def8,delivered,1,1,1,,
exp-2b33b808a0f8,run-53706f05bed87dad,claim-f8bae1eff92ebd13,sig-96dbb4039cf6def8,delivered,1,1,1,,
exp-2b33b808a0f8,run-54c829c9332d7705,claim-f8bae1eff92ebd13,sig-96dbb4039cf6def8,delivered,1,1,1,,
exp-2b33b808a0f8,run-56a885c3be5ad659,claim-f8bae1eff92ebd13,sig-96dbb4039cf6def8,delivered,1,1,1,,
exp-2b33b808a0f8,run-581d182fa373e4a8,claim-f8bae1eff92ebd13,sig-96dbb4039cf6def8,delivered,1,1,1,,
exp-2b33b808a0f8,run-581e601a136ff413,claim-f8bae1eff92ebd13,sig-96dbb4039cf6def8,delivered,1,1,1,,
exp-2b33b808a0f8,run-5f40de771364165d,claim-f8bae1eff92ebd13,sig-96dbb4039cf6def8,delivered,1,1,1,,
exp-2b33b808a0f8,run-602d62632c3acac1,claim-f8bae1eff92ebd13,sig-96dbb4039cf6def8,delivered,1,1,1,,
exp-2b33b808a0f8,run-622791b4d7dc0c20,claim-f8bae1eff92ebd13,sig-96dbb4039cf6def8,delivered,1,1,1,,
exp-2b33b808a0f8,run-62573029114c0f29,claim-f8bae1eff92ebd13,sig-96dbb4039cf6def8,delivered,1,1,1,,
exp-2b33b808a0f8,run-637de2634f99fe17,claim-f8bae1eff92ebd13,sig-96dbb4039cf6def8,delivered,1,1,1,,
exp-2b33b808a0f8,run-6ea4b87277a7d89d,claim-f8bae1eff92ebd13,sig-96dbb4039cf6def8,delivered,1,1,1,,
exp-2b33b808a0f8,run-9c95744bf1e4fc1c,claim-f8bae1eff92ebd13,sig-96dbb4039cf6def8,delivered,1,1,1,,
exp-2b33b808a0f8,run-9d7b92b6a9bd860a,claim-f8bae1eff92ebd13,sig-96dbb4039cf6def8,delivered,1,1,1,,
exp-2b33b808a0f8,run-9ddf9be03d779768,claim-f8bae1eff92ebd13,sig-96dbb4039cf6def8,delivered,1,1,1,,
exp-2b33b808a0f8,run-a314881a5962c263,claim-f8bae1eff92ebd13,sig-96dbb4039cf6def8,delivered,1,1,1,,
exp-2b33b808a0f8,run-a34dc91443138554,claim-f8bae1eff92ebd13,sig-96dbb4039cf6def8,delivered,1,1,1,,
exp-2b33b808a0f8,run-ae142c1131d1a913,claim-f8bae1eff92ebd13,sig-96dbb4039cf6def8,delivered,1,1,1,,
exp-2b33b808a0f8,run-ae9c163f6630a5f8,claim-f8bae1eff92ebd13,sig-96dbb4039cf6def8,delivered,1,1,1,,
exp-2b33b808a0f8,run-b9c91e3ca797b757,claim-f8bae1eff92ebd13,sig-96dbb4039cf6def8,delivered,1,1,1,,
exp-2b33b808a0f8,run-c12d31a0c14e4ea4,claim-f8bae1eff92ebd13,sig-96dbb4039cf6def8,delivered,1,1,1,,
exp-2b33b808a0f8,run-c98546e59cb90ee4,claim-f8bae1eff92ebd13,sig-96dbb4039cf6def8,delivered,1,1,1,,
exp-2b33b808a0f8,run-cb26f0bc1de44dfe,claim-f8bae1eff92ebd13,sig-96dbb4039cf6def8,delivered,1,1,1,,
exp-2b33b808a0f8,run-cca66c90ef3b41c8,claim-f8bae1eff92ebd13,sig-96dbb4039cf6def8,delivered,1,1,1,,
exp-2b33b808a0f8,run-cf376438c8a0f3d5,claim-f8bae1eff92ebd13,sig-96dbb4039cf6def8,delivered,1,1,1,,
exp-2b33b808a0f8,run-d7b85c1dbc2e2b84,claim-f8bae1eff92ebd13,sig-96dbb4039cf6def8,delivered,1,1,1,,
exp-2b33b808a0f8,run-d96c8c1fd86b590a,claim-f8bae1eff92ebd13,sig-96dbb4039cf6def8,delivered,1,1,1,,
exp-2b33b808a0f8,run-dc695ad65d795df3,claim-f8bae1eff92ebd13,sig-96dbb4039cf6def8,delivered,1,1,1,,
exp-2b33b808a0f8,run-ecc7ecbcc7f2b4d6,claim-f8bae1eff92ebd13,sig-96dbb4039cf6def8,delivered,1,1,1,,
exp-2b33b808a0f8,run-ed9ded3530a007da,claim-f8bae1eff92ebd13,sig-96dbb4039cf6def8,delivered,1,1,1,,
exp-2b33b808a0f8,run-f1c7a1720441050f,claim-f8bae1eff92ebd13,sig-96dbb4039cf6def8,delivered,1,1,1,,
exp-2b33b808a0f8,run-f1da5d7783f85774,claim-f8bae1eff92ebd13,sig-96dbb4039cf6def8,delivered,1,1,1,,
exp-2b33b808a0f8,run-f2b06819f6cdf5c3,claim-f8bae1eff92ebd13,sig-96dbb4039cf6def8,delivered,1,1,1,,
exp-2b33b808a0f8,run-f6d8a6bffd539b01,claim-f8bae1eff92ebd13,sig-96dbb4039cf6def8,delivered,1,1,1,,
exp-2b33b808a0f8,run-08aa8b26c1ded7ed,claim-1bde49630ea3e085,sig-96e0d054a2f9fb58,delivered,1,1,1,,
exp-2b33b808a0f8,run-08eb0ce23ff8c058,claim-1bde49630ea3e085,sig-96e0d054a2f9fb58,delivered,1,1,1,,
exp-2b33b808a0f8,run-67793a64b66d5a38,claim-1bde49630ea3e085,sig-96e0d054a2f9fb58,delivered,1,1,1,,
exp-2b33b808a0f8,run-d2b9a396554a407b,claim-1bde49630ea3e085,sig-96e0d054a2f9fb58,delivered,1,1,1,,
exp-2b33b808a0f8,run-fd184a609106633b,claim-1bde49630ea3e085,sig-96e0d054a2f9fb58,delivered,1,1,1,,
exp-2b33b808a0f8,run-fe2c6fd3e3730afe,claim-1bde49630ea3e085,sig-96e0d054a2f9fb58,delivered,1,1,1,,
exp-2b33b808a0f8,run-05d091d23664cc1e,claim-8d19bb31d9e13ca6,sig-977a86f245dcc65f,delivered,1,1,1,,
exp-2b33b808a0f8,run-7dfc02679606cd15,claim-8d19bb31d9e13ca6,sig-977a86f245dcc65f,delivered,1,1,1,,
exp-2b33b808a0f8,run-cb9e6b2ad617099c,claim-8d19bb31d9e13ca6,sig-977a86f245dcc65f,delivered,1,1,1,,
exp-2b33b808a0f8,run-b89fda5b70005cab,claim-dac83d125d271d5f,sig-97be16aa1897f861,delivered,1,1,1,,
exp-2b33b808a0f8,run-d9ecb9bb93d66dae,claim-dac83d125d271d5f,sig-97be16aa1897f861,delivered,1,1,1,,
exp-2b33b808a0f8,run-05d091d23664cc1e,claim-15a9a459a2f0ffa0,sig-98ec81243192b73d,delivered,1,1,1,,
exp-2b33b808a0f8,run-7dfc02679606cd15,claim-15a9a459a2f0ffa0,sig-98ec81243192b73d,delivered,1,1,1,,
exp-2b33b808a0f8,run-cb9e6b2ad617099c,claim-15a9a459a2f0ffa0,sig-98ec81243192b73d,delivered,1,1,1,,
exp-2b33b808a0f8,run-2b7de8cfa05c2685,claim-62549d5a13a5ea26,sig-9b78711cba9c947e,delivered,1,1,1,,
exp-2b33b808a0f8,run-4c1ebcfbe4f53149,claim-62549d5a13a5ea26,sig-9b78711cba9c947e,delivered,1,1,1,,
exp-2b33b808a0f8,run-6a5ea73285e50401,claim-62549d5a13a5ea26,sig-9b78711cba9c947e,delivered,1,1,1,,
exp-2b33b808a0f8,run-a42244e03c1b1264,claim-62549d5a13a5ea26,sig-9b78711cba9c947e,delivered,1,1,1,,
exp-2b33b808a0f8,run-d5391398dafa86db,claim-62549d5a13a5ea26,sig-9b78711cba9c947e,delivered,1,1,1,,
exp-2b33b808a0f8,run-f183f5c9ad2b506d,claim-62549d5a13a5ea26,sig-9b78711cba9c947e,delivered,1,1,1,,
exp-2b33b808a0f8,run-1b7414577607656b,claim-9afeb44b4732d9a4,sig-9bd2421f29d3d2de,delivered,1,1,1,,
exp-2b33b808a0f8,run-3996e6744fffc569,claim-9afeb44b4732d9a4,sig-9bd2421f29d3d2de,delivered,1,1,1,,
exp-2b33b808a0f8,run-5e07d16f1f5b2987,claim-9afeb44b4732d9a4,sig-9bd2421f29d3d2de,delivered,1,1,1,,
exp-2b33b808a0f8,run-6c88b2e46218c519,claim-9afeb44b4732d9a4,sig-9bd2421f29d3d2de,delivered,1,1,1,,
exp-2b33b808a0f8,run-81291fb5e9520a72,claim-9afeb44b4732d9a4,sig-9bd2421f29d3d2de,delivered,1,1,1,,
exp-2b33b808a0f8,run-13a88125b47c3116,claim-c58bb2d8f4035612,sig-9bee2cfb8d160602,delivered,1,1,1,,
exp-2b33b808a0f8,run-13afd1c7ef164da6,claim-c58bb2d8f4035612,sig-9bee2cfb8d160602,delivered,1,1,1,,
exp-2b33b808a0f8,run-299407f942ccfe44,claim-c58bb2d8f4035612,sig-9bee2cfb8d160602,delivered,1,1,1,,
exp-2b33b808a0f8,run-40d744a8e6f22616,claim-c58bb2d8f4035612,sig-9bee2cfb8d160602,delivered,1,1,1,,
exp-2b33b808a0f8,run-56a885c3be5ad659,claim-c58bb2d8f4035612,sig-9bee2cfb8d160602,delivered,1,1,1,,
exp-2b33b808a0f8,run-b9c91e3ca797b757,claim-c58bb2d8f4035612,sig-9bee2cfb8d160602,delivered,1,1,1,,
exp-2b33b808a0f8,run-cb26f0bc1de44dfe,claim-c58bb2d8f4035612,sig-9bee2cfb8d160602,delivered,1,1,1,,
exp-2b33b808a0f8,run-2b6895cdd016ae4c,claim-17fdbae823077f63,sig-9c962da4a7e7f22b,delivered,1,1,1,,
exp-2b33b808a0f8,run-41743e06e2fc2011,claim-17fdbae823077f63,sig-9c962da4a7e7f22b,delivered,1,1,1,,
exp-2b33b808a0f8,run-47b9d87d8c408db1,claim-17fdbae823077f63,sig-9c962da4a7e7f22b,delivered,1,1,1,,
exp-2b33b808a0f8,run-64c414548a26e255,claim-17fdbae823077f63,sig-9c962da4a7e7f22b,delivered,1,1,1,,
exp-2b33b808a0f8,run-7292d545a817f7b7,claim-17fdbae823077f63,sig-9c962da4a7e7f22b,delivered,1,1,1,,
exp-2b33b808a0f8,run-97bca49872a1b9c7,claim-17fdbae823077f63,sig-9c962da4a7e7f22b,delivered,1,1,1,,
exp-2b33b808a0f8,run-9a86c7d7c5a2206a,claim-17fdbae823077f63,sig-9c962da4a7e7f22b,delivered,1,1,1,,
exp-2b33b808a0f8,run-baff06b1798fd2ab,claim-17fdbae823077f63,sig-9c962da4a7e7f22b,delivered,1,1,1,,
exp-2b33b808a0f8,run-ff551810526d18de,claim-17fdbae823077f63,sig-9c962da4a7e7f22b,delivered,1,1,1,,
exp-2b33b808a0f8,run-1b7414577607656b,claim-615e8947206a3c3f,sig-9d0eccde34a02bde,delivered,1,1,1,,
exp-2b33b808a0f8,run-3996e6744fffc569,claim-615e8947206a3c3f,sig-9d0eccde34a02bde,delivered,1,1,1,,
exp-2b33b808a0f8,run-5e07d16f1f5b2987,claim-615e8947206a3c3f,sig-9d0eccde34a02bde,delivered,1,1,1,,
exp-2b33b808a0f8,run-6c88b2e46218c519,claim-615e8947206a3c3f,sig-9d0eccde34a02bde,delivered,1,1,1,,
exp-2b33b808a0f8,run-81291fb5e9520a72,claim-615e8947206a3c3f,sig-9d0eccde34a02bde,delivered,1,1,1,,
exp-2b33b808a0f8,run-156a83b4e0f32cfa,claim-d00da94479912437,sig-9dfde06cfd0ca0b9,delivered,1,1,1,,
exp-2b33b808a0f8,run-1d989b2933796a16,claim-d00da94479912437,sig-9dfde06cfd0ca0b9,delivered,1,1,1,,
exp-2b33b808a0f8,run-382a40867248c3e0,claim-d00da94479912437,sig-9dfde06cfd0ca0b9,delivered,1,1,1,,
exp-2b33b808a0f8,run-3ee3b3533922c3cd,claim-d00da94479912437,sig-9dfde06cfd0ca0b9,delivered,1,1,1,,
exp-2b33b808a0f8,run-bf37e2d5cbe4f3b9,claim-d00da94479912437,sig-9dfde06cfd0ca0b9,delivered,1,1,1,,
exp-2b33b808a0f8,run-efdb047898d3bc26,claim-d00da94479912437,sig-9dfde06cfd0ca0b9,delivered,1,1,1,,
exp-2b33b808a0f8,run-2883d20895417f2d,claim-1acaf2b9c7e95bc5,sig-9e1de2b92824d6ff,delivered,1,1,1,,
exp-2b33b808a0f8,run-3a63d8383c08c8ac,claim-1acaf2b9c7e95bc5,sig-9e1de2b92824d6ff,delivered,1,1,1,,
exp-2b33b808a0f8,run-48f83c5035a70d6d,claim-1acaf2b9c7e95bc5,sig-9e1de2b92824d6ff,delivered,1,1,1,,
exp-2b33b808a0f8,run-2b6895cdd016ae4c,claim-767e05300c5c9a33,sig-9f77df0197974bcd,delivered,1,1,1,,
exp-2b33b808a0f8,run-7292d545a817f7b7,claim-767e05300c5c9a33,sig-9f77df0197974bcd,delivered,1,1,1,,
exp-2b33b808a0f8,run-baff06b1798fd2ab,claim-767e05300c5c9a33,sig-9f77df0197974bcd,delivered,1,1,1,,
exp-2b33b808a0f8,run-47b9d87d8c408db1,claim-da139a45278e62cf,sig-a0037f367fa49e3c,dropped,1,1,0,,
exp-2b33b808a0f8,run-f6d8a6bffd539b01,claim-b0a49b1647321153,sig-a01c77f6673fedd1,delivered,1,1,1,,
exp-2b33b808a0f8,run-a5cfa0e1e29cea11,claim-105f843f29d4e4ae,sig-a03666ed552575cd,delivered,1,1,1,,
exp-2b33b808a0f8,run-d1062de1551992e2,claim-105f843f29d4e4ae,sig-a03666ed552575cd,delivered,1,1,1,,
exp-2b33b808a0f8,run-9e13e54cda7d586a,claim-0a973b5083b40829,sig-a0b6c24976a48a11,delivered,1,1,1,,
exp-2b33b808a0f8,run-b6164e0a3c9ee1c7,claim-0a973b5083b40829,sig-a0b6c24976a48a11,delivered,1,1,1,,
exp-2b33b808a0f8,run-bdbb3ee62a506ea8,claim-0a973b5083b40829,sig-a0b6c24976a48a11,delivered,1,1,1,,
exp-2b33b808a0f8,run-6ddc9f9b58c14914,claim-d57628ed886b9397,sig-a1cb393f49aee090,delivered,1,1,1,,
exp-2b33b808a0f8,run-de51ed580b1ab50d,claim-d57628ed886b9397,sig-a1cb393f49aee090,delivered,1,1,1,,
exp-2b33b808a0f8,run-fd0875ba4dfb44d6,claim-d57628ed886b9397,sig-a1cb393f49aee090,delivered,1,1,1,,
exp-2b33b808a0f8,run-3996e6744fffc569,claim-7ce123ea30d76130,sig-a24df96318fa8931,delivered,1,1,1,,
exp-2b33b808a0f8,run-6c88b2e46218c519,claim-7ce123ea30d76130,sig-a24df96318fa8931,delivered,1,1,1,,
exp-2b33b808a0f8,run-81291fb5e9520a72,claim-7ce123ea30d76130,sig-a24df96318fa8931,delivered,1,1,1,,
exp-2b33b808a0f8,run-0150d84e23782b10,claim-c4877a5cc7a9f05f,sig-a44b42b3ec31ae65,delivered,1,1,1,,
exp-2b33b808a0f8,run-169749d452c80c28,claim-c4877a5cc7a9f05f,sig-a44b42b3ec31ae65,delivered,1,1,1,,
exp-2b33b808a0f8,run-1b3af856ea0d78ba,claim-c4877a5cc7a9f05f,sig-a44b42b3ec31ae65,delivered,1,1,1,,
exp-2b33b808a0f8,run-1ccf8759fdd4aeaf,claim-c4877a5cc7a9f05f,sig-a44b42b3ec31ae65,delivered,1,1,1,,
exp-2b33b808a0f8,run-2883d20895417f2d,claim-c4877a5cc7a9f05f,sig-a44b42b3ec31ae65,delivered,1,1,1,,
exp-2b33b808a0f8,run-2e6341eef0f780f9,claim-c4877a5cc7a9f05f,sig-a44b42b3ec31ae65,delivered,1,1,1,,
exp-2b33b808a0f8,run-380eeaa24d9d57c1,claim-c4877a5cc7a9f05f,sig-a44b42b3ec31ae65,delivered,1,1,1,,
exp-2b33b808a0f8,run-3a63d8383c08c8ac,claim-c4877a5cc7a9f05f,sig-a44b42b3ec31ae65,delivered,1,1,1,,
exp-2b33b808a0f8,run-4135fc9f33a52631,claim-c4877a5cc7a9f05f,sig-a44b42b3ec31ae65,delivered,1,1,1,,
exp-2b33b808a0f8,run-48f83c5035a70d6d,claim-c4877a5cc7a9f05f,sig-a44b42b3ec31ae65,delivered,1,1,1,,
exp-2b33b808a0f8,run-5f615659d79c5e37,claim-c4877a5cc7a9f05f,sig-a44b42b3ec31ae65,delivered,1,1,1,,
exp-2b33b808a0f8,run-802196ca10c28e03,claim-c4877a5cc7a9f05f,sig-a44b42b3ec31ae65,delivered,1,1,1,,
exp-2b33b808a0f8,run-809856b19e987477,claim-c4877a5cc7a9f05f,sig-a44b42b3ec31ae65,delivered,1,1,1,,
exp-2b33b808a0f8,run-82121d93599b573f,claim-c4877a5cc7a9f05f,sig-a44b42b3ec31ae65,delivered,1,1,1,,
exp-2b33b808a0f8,run-8b6a0be310d169fd,claim-c4877a5cc7a9f05f,sig-a44b42b3ec31ae65,delivered,1,1,1,,
exp-2b33b808a0f8,run-a314881a5962c263,claim-c4877a5cc7a9f05f,sig-a44b42b3ec31ae65,delivered,1,1,1,,
exp-2b33b808a0f8,run-bfc1fb37d31beee3,claim-c4877a5cc7a9f05f,sig-a44b42b3ec31ae65,delivered,1,1,1,,
exp-2b33b808a0f8,run-c6b4be2a2bcc1f45,claim-c4877a5cc7a9f05f,sig-a44b42b3ec31ae65,delivered,1,1,1,,
exp-2b33b808a0f8,run-cf376438c8a0f3d5,claim-c4877a5cc7a9f05f,sig-a44b42b3ec31ae65,delivered,1,1,1,,
exp-2b33b808a0f8,run-f3f30df9a4b8d9a5,claim-c4877a5cc7a9f05f,sig-a44b42b3ec31ae65,delivered,1,1,1,,
exp-2b33b808a0f8,run-fad00c5c2a4305ab,claim-c4877a5cc7a9f05f,sig-a44b42b3ec31ae65,delivered,1,1,1,,
exp-2b33b808a0f8,run-05d091d23664cc1e,claim-2a836de363d15d3c,sig-a50531857b518f11,delivered,1,1,1,,
exp-2b33b808a0f8,run-7dfc02679606cd15,claim-2a836de363d15d3c,sig-a50531857b518f11,delivered,1,1,1,,
exp-2b33b808a0f8,run-cb9e6b2ad617099c,claim-2a836de363d15d3c,sig-a50531857b518f11,delivered,1,1,1,,
exp-2b33b808a0f8,run-05d091d23664cc1e,claim-d2d73c1e6b916eb2,sig-a55b034c0e0bebe9,delivered,1,1,1,,
exp-2b33b808a0f8,run-0ed59ea471f8c823,claim-d2d73c1e6b916eb2,sig-a55b034c0e0bebe9,delivered,1,1,1,,
exp-2b33b808a0f8,run-121bae4857799859,claim-d2d73c1e6b916eb2,sig-a55b034c0e0bebe9,delivered,1,1,1,,
exp-2b33b808a0f8,run-169749d452c80c28,claim-d2d73c1e6b916eb2,sig-a55b034c0e0bebe9,delivered,1,1,1,,
exp-2b33b808a0f8,run-2883d20895417f2d,claim-d2d73c1e6b916eb2,sig-a55b034c0e0bebe9,delivered,1,1,1,,
exp-2b33b808a0f8,run-2b6895cdd016ae4c,claim-d2d73c1e6b916eb2,sig-a55b034c0e0bebe9,delivered,1,1,1,,
exp-2b33b808a0f8,run-2cd8b7888af1dfd8,claim-d2d73c1e6b916eb2,sig-a55b034c0e0bebe9,delivered,1,1,1,,
exp-2b33b808a0f8,run-2e6341eef0f780f9,claim-d2d73c1e6b916eb2,sig-a55b034c0e0bebe9,delivered,1,1,1,,
exp-2b33b808a0f8,run-31ef47d02bf73873,claim-d2d73c1e6b916eb2,sig-a55b034c0e0bebe9,delivered,1,1,1,,
exp-2b33b808a0f8,run-3a63d8383c08c8ac,claim-d2d73c1e6b916eb2,sig-a55b034c0e0bebe9,delivered,1,1,1,,
exp-2b33b808a0f8,run-4135fc9f33a52631,claim-d2d73c1e6b916eb2,sig-a55b034c0e0bebe9,delivered,1,1,1,,
exp-2b33b808a0f8,run-47b9d87d8c408db1,claim-d2d73c1e6b916eb2,sig-a55b034c0e0bebe9,delivered,1,1,1,,
exp-2b33b808a0f8,run-48f83c5035a70d6d,claim-d2d73c1e6b916eb2,sig-a55b034c0e0bebe9,delivered,1,1,1,,
exp-2b33b808a0f8,run-548b9449d2e5ac2b,claim-d2d73c1e6b916eb2,sig-a55b034c0e0bebe9,delivered,1,1,1,,
exp-2b33b808a0f8,run-54dd198bde19e6cf,claim-d2d73c1e6b916eb2,sig-a55b034c0e0bebe9,delivered,1,1,1,,
exp-2b33b808a0f8,run-5666f4cf16ada7ef,claim-d2d73c1e6b916eb2,sig-a55b034c0e0bebe9,delivered,1,1,1,,
exp-2b33b808a0f8,run-5f615659d79c5e37,claim-d2d73c1e6b916eb2,sig-a55b034c0e0bebe9,delivered,1,1,1,,
exp-2b33b808a0f8,run-5f8c41dc5117d3f7,claim-d2d73c1e6b916eb2,sig-a55b034c0e0bebe9,delivered,1,1,1,,
exp-2b33b808a0f8,run-626495f4dbb14cf3,claim-d2d73c1e6b916eb2,sig-a55b034c0e0bebe9,delivered,1,1,1,,
exp-2b33b808a0f8,run-7a81aa198df7a360,claim-d2d73c1e6b916eb2,sig-a55b034c0e0bebe9,delivered,1,1,1,,
exp-2b33b808a0f8,run-7dfc02679606cd15,claim-d2d73c1e6b916eb2,sig-a55b034c0e0bebe9,delivered,1,1,1,,
exp-2b33b808a0f8,run-809856b19e987477,claim-d2d73c1e6b916eb2,sig-a55b034c0e0bebe9,delivered,1,1,1,,
exp-2b33b808a0f8,run-82121d93599b573f,claim-d2d73c1e6b916eb2,sig-a55b034c0e0bebe9,delivered,1,1,1,,
exp-2b33b808a0f8,run-82654eb217e99ef6,claim-d2d73c1e6b916eb2,sig-a55b034c0e0bebe9,delivered,1,1,1,,
exp-2b33b808a0f8,run-8b6a0be310d169fd,claim-d2d73c1e6b916eb2,sig-a55b034c0e0bebe9,delivered,1,1,1,,
exp-2b33b808a0f8,run-8c29734783624630,claim-d2d73c1e6b916eb2,sig-a55b034c0e0bebe9,delivered,1,1,1,,
exp-2b33b808a0f8,run-8f48500d07fefa0d,claim-d2d73c1e6b916eb2,sig-a55b034c0e0bebe9,delivered,1,1,1,,
exp-2b33b808a0f8,run-97bca49872a1b9c7,claim-d2d73c1e6b916eb2,sig-a55b034c0e0bebe9,delivered,1,1,1,,
exp-2b33b808a0f8,run-a91e83d95f4150ea,claim-d2d73c1e6b916eb2,sig-a55b034c0e0bebe9,delivered,1,1,1,,
exp-2b33b808a0f8,run-aef2c0f3501e6b9f,claim-d2d73c1e6b916eb2,sig-a55b034c0e0bebe9,delivered,1,1,1,,
exp-2b33b808a0f8,run-b092f115d5e62166,claim-d2d73c1e6b916eb2,sig-a55b034c0e0bebe9,delivered,1,1,1,,
exp-2b33b808a0f8,run-b2e669dbbe4fc670,claim-d2d73c1e6b916eb2,sig-a55b034c0e0bebe9,delivered,1,1,1,,
exp-2b33b808a0f8,run-bfc1fb37d31beee3,claim-d2d73c1e6b916eb2,sig-a55b034c0e0bebe9,delivered,1,1,1,,
exp-2b33b808a0f8,run-c31fdf2665c43f45,claim-d2d73c1e6b916eb2,sig-a55b034c0e0bebe9,delivered,1,1,1,,
exp-2b33b808a0f8,run-c6b4be2a2bcc1f45,claim-d2d73c1e6b916eb2,sig-a55b034c0e0bebe9,delivered,1,1,1,,
exp-2b33b808a0f8,run-cb9e6b2ad617099c,claim-d2d73c1e6b916eb2,sig-a55b034c0e0bebe9,delivered,1,1,1,,
exp-2b33b808a0f8,run-cc57ad8a8d2714d7,claim-d2d73c1e6b916eb2,sig-a55b034c0e0bebe9,delivered,1,1,1,,
exp-2b33b808a0f8,run-cfbfb19332bde82e,claim-d2d73c1e6b916eb2,sig-a55b034c0e0bebe9,delivered,1,1,1,,
exp-2b33b808a0f8,run-deef30be3782be8a,claim-d2d73c1e6b916eb2,sig-a55b034c0e0bebe9,delivered,1,1,1,,
exp-2b33b808a0f8,run-eb3dc172de7476ad,claim-d2d73c1e6b916eb2,sig-a55b034c0e0bebe9,delivered,1,1,1,,
exp-2b33b808a0f8,run-f2913fb769b7d837,claim-d2d73c1e6b916eb2,sig-a55b034c0e0bebe9,delivered,1,1,1,,
exp-2b33b808a0f8,run-f3f30df9a4b8d9a5,claim-d2d73c1e6b916eb2,sig-a55b034c0e0bebe9,delivered,1,1,1,,
exp-2b33b808a0f8,run-f463dfc540bd3689,claim-d2d73c1e6b916eb2,sig-a55b034c0e0bebe9,delivered,1,1,1,,
exp-2b33b808a0f8,run-1ad5774f2ec38993,claim-8b466ee35fe8b575,sig-a61ac8a9c14d3ed8,delivered,1,1,1,,
exp-2b33b808a0f8,run-803b3c372bc924c5,claim-8b466ee35fe8b575,sig-a61ac8a9c14d3ed8,delivered,1,1,1,,
exp-2b33b808a0f8,run-89afe7e7549c985c,claim-8b466ee35fe8b575,sig-a61ac8a9c14d3ed8,delivered,1,1,1,,
exp-2b33b808a0f8,run-9119299991896d57,claim-8b466ee35fe8b575,sig-a61ac8a9c14d3ed8,delivered,1,1,1,,
exp-2b33b808a0f8,run-d03cdd5172e2e4bb,claim-8b466ee35fe8b575,sig-a61ac8a9c14d3ed8,delivered,1,1,1,,
exp-2b33b808a0f8,run-d7f33141b5694988,claim-8b466ee35fe8b575,sig-a61ac8a9c14d3ed8,delivered,1,1,1,,
exp-2b33b808a0f8,run-d7f754d1c6032500,claim-8b466ee35fe8b575,sig-a61ac8a9c14d3ed8,delivered,1,1,1,,
exp-2b33b808a0f8,run-ebb905b917de9aa9,claim-8b466ee35fe8b575,sig-a61ac8a9c14d3ed8,delivered,1,1,1,,
exp-2b33b808a0f8,run-0150d84e23782b10,claim-6835dd660940a973,sig-a64df7681f564b30,delivered,1,1,1,,
exp-2b33b808a0f8,run-03911a9fa173759b,claim-6835dd660940a973,sig-a64df7681f564b30,delivered,1,1,1,,
exp-2b33b808a0f8,run-08239fa79adec9bb,claim-6835dd660940a973,sig-a64df7681f564b30,delivered,1,1,1,,
exp-2b33b808a0f8,run-08eb0ce23ff8c058,claim-6835dd660940a973,sig-a64df7681f564b30,delivered,1,1,1,,
exp-2b33b808a0f8,run-0ed59ea471f8c823,claim-6835dd660940a973,sig-a64df7681f564b30,delivered,1,1,1,,
exp-2b33b808a0f8,run-0fff7d537f846b2d,claim-6835dd660940a973,sig-a64df7681f564b30,delivered,1,1,1,,
exp-2b33b808a0f8,run-121bae4857799859,claim-6835dd660940a973,sig-a64df7681f564b30,delivered,1,1,1,,
exp-2b33b808a0f8,run-126bc4b511c1bdab,claim-6835dd660940a973,sig-a64df7681f564b30,delivered,1,1,1,,
exp-2b33b808a0f8,run-169749d452c80c28,claim-6835dd660940a973,sig-a64df7681f564b30,delivered,1,1,1,,
exp-2b33b808a0f8,run-1ccf8759fdd4aeaf,claim-6835dd660940a973,sig-a64df7681f564b30,delivered,1,1,1,,
exp-2b33b808a0f8,run-1cfdaa86b78a0a26,claim-6835dd660940a973,sig-a64df7681f564b30,delivered,1,1,1,,
exp-2b33b808a0f8,run-22c666cf37db328f,claim-6835dd660940a973,sig-a64df7681f564b30,delivered,1,1,1,,
exp-2b33b808a0f8,run-25eaa2510fbfbaff,claim-6835dd660940a973,sig-a64df7681f564b30,delivered,1,1,1,,
exp-2b33b808a0f8,run-26c66a98702e0a01,claim-6835dd660940a973,sig-a64df7681f564b30,delivered,1,1,1,,
exp-2b33b808a0f8,run-2a9c3ec6dd6e9d8f,claim-6835dd660940a973,sig-a64df7681f564b30,delivered,1,1,1,,
exp-2b33b808a0f8,run-2b307fc83ae74fb5,claim-6835dd660940a973,sig-a64df7681f564b30,delivered,1,1,1,,
exp-2b33b808a0f8,run-2cd8b7888af1dfd8,claim-6835dd660940a973,sig-a64df7681f564b30,delivered,1,1,1,,
exp-2b33b808a0f8,run-31ef47d02bf73873,claim-6835dd660940a973,sig-a64df7681f564b30,delivered,1,1,1,,
exp-2b33b808a0f8,run-374dc2e21f594ec4,claim-6835dd660940a973,sig-a64df7681f564b30,delivered,1,1,1,,
exp-2b33b808a0f8,run-380eeaa24d9d57c1,claim-6835dd660940a973,sig-a64df7681f564b30,delivered,1,1,1,,
exp-2b33b808a0f8,run-3e6218c854422e8d,claim-6835dd660940a973,sig-a64df7681f564b30,delivered,1,1,1,,
exp-2b33b808a0f8,run-4135fc9f33a52631,claim-6835dd660940a973,sig-a64df7681f564b30,delivered,1,1,1,,
exp-2b33b808a0f8,run-48010f9c27336ede,claim-6835dd660940a973,sig-a64df7681f564b30,delivered,1,1,1,,
exp-2b33b808a0f8,run-53706f05bed87dad,claim-6835dd660940a973,sig-a64df7681f564b30,delivered,1,1,1,,
exp-2b33b808a0f8,run-54c829c9332d7705,claim-6835dd660940a973,sig-a64df7681f564b30,delivered,1,1,1,,
exp-2b33b808a0f8,run-581d182fa373e4a8,claim-6835dd660940a973,sig-a64df7681f564b30,delivered,1,1,1,,
exp-2b33b808a0f8,run-581e601a136ff413,claim-6835dd660940a973,sig-a64df7681f564b30,delivered,1,1,1,,
exp-2b33b808a0f8,run-5f8c41dc5117d3f7,claim-6835dd660940a973,sig-a64df7681f564b30,delivered,1,1,1,,
exp-2b33b808a0f8,run-5f9908a782b1c6e3,claim-6835dd660940a973,sig-a64df7681f564b30,delivered,1,1,1,,
exp-2b33b808a0f8,run-602d62632c3acac1,claim-6835dd660940a973,sig-a64df7681f564b30,delivered,1,1,1,,
exp-2b33b808a0f8,run-62573029114c0f29,claim-6835dd660940a973,sig-a64df7681f564b30,delivered,1,1,1,,
exp-2b33b808a0f8,run-626495f4dbb14cf3,claim-6835dd660940a973,sig-a64df7681f564b30,delivered,1,1,1,,
exp-2b33b808a0f8,run-637de2634f99fe17,claim-6835dd660940a973,sig-a64df7681f564b30,delivered,1,1,1,,
exp-2b33b808a0f8,run-7a81aa198df7a360,claim-6835dd660940a973,sig-a64df7681f564b30,delivered,1,1,1,,
exp-2b33b808a0f8,run-809856b19e987477,claim-6835dd660940a973,sig-a64df7681f564b30,delivered,1,1,1,,
exp-2b33b808a0f8,run-82121d93599b573f,claim-6835dd660940a973,sig-a64df7681f564b30,delivered,1,1,1,,
exp-2b33b808a0f8,run-82654eb217e99ef6,claim-6835dd660940a973,sig-a64df7681f564b30,delivered,1,1,1,,
exp-2b33b808a0f8,run-82a20b31b2b8e7ef,claim-6835dd660940a973,sig-a64df7681f564b30,delivered,1,1,1,,
exp-2b33b808a0f8,run-8b6a0be310d169fd,claim-6835dd660940a973,sig-a64df7681f564b30,delivered,1,1,1,,
exp-2b33b808a0f8,run-8c29734783624630,claim-6835dd660940a973,sig-a64df7681f564b30,delivered,1,1,1,,
exp-2b33b808a0f8,run-8f48500d07fefa0d,claim-6835dd660940a973,sig-a64df7681f564b30,delivered,1,1,1,,
exp-2b33b808a0f8,run-9ddf9be03d779768,claim-6835dd660940a973,sig-a64df7681f564b30,delivered,1,1,1,,
exp-2b33b808a0f8,run-a314881a5962c263,claim-6835dd660940a973,sig-a64df7681f564b30,delivered,1,1,1,,
exp-2b33b808a0f8,run-a34dc91443138554,claim-6835dd660940a973,sig-a64df7681f564b30,delivered,1,1,1,,
exp-2b33b808a0f8,run-a91e83d95f4150ea,claim-6835dd660940a973,sig-a64df7681f564b30,delivered,1,1,1,,
exp-2b33b808a0f8,run-aef2c0f3501e6b9f,claim-6835dd660940a973,sig-a64df7681f564b30,delivered,1,1,1,,
exp-2b33b808a0f8,run-bfc1fb37d31beee3,claim-6835dd660940a973,sig-a64df7681f564b30,delivered,1,1,1,,
exp-2b33b808a0f8,run-c12d31a0c14e4ea4,claim-6835dd660940a973,sig-a64df7681f564b30,delivered,1,1,1,,
exp-2b33b808a0f8,run-c31fdf2665c43f45,claim-6835dd660940a973,sig-a64df7681f564b30,delivered,1,1,1,,
exp-2b33b808a0f8,run-c6b4be2a2bcc1f45,claim-6835dd660940a973,sig-a64df7681f564b30,delivered,1,1,1,,
exp-2b33b808a0f8,run-c98546e59cb90ee4,claim-6835dd660940a973,sig-a64df7681f564b30,delivered,1,1,1,,
exp-2b33b808a0f8,run-cc57ad8a8d2714d7,claim-6835dd660940a973,sig-a64df7681f564b30,delivered,1,1,1,,
exp-2b33b808a0f8,run-cca66c90ef3b41c8,claim-6835dd660940a973,sig-a64df7681f564b30,delivered,1,1,1,,
exp-2b33b808a0f8,run-cf376438c8a0f3d5,claim-6835dd660940a973,sig-a64df7681f564b30,delivered,1,1,1,,
exp-2b33b808a0f8,run-d2b9a396554a407b,claim-6835dd660940a973,sig-a64df7681f564b30,delivered,1,1,1,,
exp-2b33b808a0f8,run-d96c8c1fd86b590a,claim-6835dd660940a973,sig-a64df7681f564b30,delivered,1,1,1,,
exp-2b33b808a0f8,run-deef30be3782be8a,claim-6835dd660940a973,sig-a64df7681f564b30,delivered,1,1,1,,
exp-2b33b808a0f8,run-ed9ded3530a007da,claim-6835dd660940a973,sig-a64df7681f564b30,delivered,1,1,1,,
exp-2b33b808a0f8,run-f1da5d7783f85774,claim-6835dd660940a973,sig-a64df7681f564b30,delivered,1,1,1,,
exp-2b33b808a0f8,run-f2b06819f6cdf5c3,claim-6835dd660940a973,sig-a64df7681f564b30,delivered,1,1,1,,
exp-2b33b808a0f8,run-f3f30df9a4b8d9a5,claim-6835dd660940a973,sig-a64df7681f564b30,delivered,1,1,1,,
exp-2b33b808a0f8,run-f463dfc540bd3689,claim-6835dd660940a973,sig-a64df7681f564b30,delivered,1,1,1,,
exp-2b33b808a0f8,run-fe2c6fd3e3730afe,claim-6835dd660940a973,sig-a64df7681f564b30,delivered,1,1,1,,
exp-2b33b808a0f8,run-156a83b4e0f32cfa,claim-55bbdd72e15ddbd2,sig-a79e017ab1d6476a,delivered,1,1,1,,
exp-2b33b808a0f8,run-1d989b2933796a16,claim-55bbdd72e15ddbd2,sig-a79e017ab1d6476a,delivered,1,1,1,,
exp-2b33b808a0f8,run-374dc2e21f594ec4,claim-55bbdd72e15ddbd2,sig-a79e017ab1d6476a,delivered,1,1,1,,
exp-2b33b808a0f8,run-382a40867248c3e0,claim-55bbdd72e15ddbd2,sig-a79e017ab1d6476a,delivered,1,1,1,,
exp-2b33b808a0f8,run-3ee3b3533922c3cd,claim-55bbdd72e15ddbd2,sig-a79e017ab1d6476a,delivered,1,1,1,,
exp-2b33b808a0f8,run-5f9908a782b1c6e3,claim-55bbdd72e15ddbd2,sig-a79e017ab1d6476a,delivered,1,1,1,,
exp-2b33b808a0f8,run-82a20b31b2b8e7ef,claim-55bbdd72e15ddbd2,sig-a79e017ab1d6476a,delivered,1,1,1,,
exp-2b33b808a0f8,run-bf37e2d5cbe4f3b9,claim-55bbdd72e15ddbd2,sig-a79e017ab1d6476a,delivered,1,1,1,,
exp-2b33b808a0f8,run-efdb047898d3bc26,claim-55bbdd72e15ddbd2,sig-a79e017ab1d6476a,delivered,1,1,1,,
exp-2b33b808a0f8,run-2b6895cdd016ae4c,claim-2c865aee2ce89abd,sig-a7abd69292a278dd,delivered,1,1,1,,
exp-2b33b808a0f8,run-7292d545a817f7b7,claim-2c865aee2ce89abd,sig-a7abd69292a278dd,delivered,1,1,1,,
exp-2b33b808a0f8,run-baff06b1798fd2ab,claim-2c865aee2ce89abd,sig-a7abd69292a278dd,delivered,1,1,1,,
exp-2b33b808a0f8,run-1584d685946fcbab,claim-540dd5d29774ec7f,sig-a7f18006fa2ac46e,delivered,1,1,1,,
exp-2b33b808a0f8,run-16a39058c7f3cf9e,claim-540dd5d29774ec7f,sig-a7f18006fa2ac46e,delivered,1,1,1,,
exp-2b33b808a0f8,run-49d441481d22eaff,claim-540dd5d29774ec7f,sig-a7f18006fa2ac46e,delivered,1,1,1,,
exp-2b33b808a0f8,run-82e3fe2420e8e987,claim-540dd5d29774ec7f,sig-a7f18006fa2ac46e,delivered,1,1,1,,
exp-2b33b808a0f8,run-8fd820fb0fd3fa83,claim-540dd5d29774ec7f,sig-a7f18006fa2ac46e,delivered,1,1,1,,
exp-2b33b808a0f8,run-b4f674eb9d401efd,claim-540dd5d29774ec7f,sig-a7f18006fa2ac46e,delivered,1,1,1,,
exp-2b33b808a0f8,run-e397ddb5605064f3,claim-540dd5d29774ec7f,sig-a7f18006fa2ac46e,delivered,1,1,1,,
exp-2b33b808a0f8,run-e69a6fbcad4061ce,claim-540dd5d29774ec7f,sig-a7f18006fa2ac46e,delivered,1,1,1,,
exp-2b33b808a0f8,run-f1ea2e8a09c56c99,claim-540dd5d29774ec7f,sig-a7f18006fa2ac46e,delivered,1,1,1,,
exp-2b33b808a0f8,run-1619336f4c8443db,claim-3f4f2dd4fb7529b6,sig-a978b349354eec81,delivered,1,1,1,,
exp-2b33b808a0f8,run-2c80b667b1e14131,claim-3f4f2dd4fb7529b6,sig-a978b349354eec81,delivered,1,1,1,,
exp-2b33b808a0f8,run-3077d26358e3e6c2,claim-3f4f2dd4fb7529b6,sig-a978b349354eec81,delivered,1,1,1,,
exp-2b33b808a0f8,run-7c7ff2af92c151e9,claim-3f4f2dd4fb7529b6,sig-a978b349354eec81,delivered,1,1,1,,
exp-2b33b808a0f8,run-a6aad9d55897ddf3,claim-3f4f2dd4fb7529b6,sig-a978b349354eec81,delivered,1,1,1,,
exp-2b33b808a0f8,run-c898b60149672477,claim-3f4f2dd4fb7529b6,sig-a978b349354eec81,delivered,1,1,1,,
exp-2b33b808a0f8,run-d60faf210ac29cea,claim-3f4f2dd4fb7529b6,sig-a978b349354eec81,delivered,1,1,1,,
exp-2b33b808a0f8,run-f5d02c54d049405c,claim-3f4f2dd4fb7529b6,sig-a978b349354eec81,delivered,1,1,1,,
exp-2b33b808a0f8,run-fde91c8a36f73bc9,claim-3f4f2dd4fb7529b6,sig-a978b349354eec81,delivered,1,1,1,,
exp-2b33b808a0f8,run-217b27c32888985d,claim-b34f4f8fe0aab0c4,sig-a9b5caf3e2c8eee1,delivered,1,1,1,,
exp-2b33b808a0f8,run-3ca09ee4663ee36e,claim-b34f4f8fe0aab0c4,sig-a9b5caf3e2c8eee1,delivered,1,1,1,,
exp-2b33b808a0f8,run-3dcf417f7bfa03b2,claim-b34f4f8fe0aab0c4,sig-a9b5caf3e2c8eee1,delivered,1,1,1,,
exp-2b33b808a0f8,run-6fc1c1ab955868bf,claim-b34f4f8fe0aab0c4,sig-a9b5caf3e2c8eee1,delivered,1,1,1,,
exp-2b33b808a0f8,run-95f0926102c7f977,claim-b34f4f8fe0aab0c4,sig-a9b5caf3e2c8eee1,delivered,1,1,1,,
exp-2b33b808a0f8,run-9e50adaa1bc80ca9,claim-b34f4f8fe0aab0c4,sig-a9b5caf3e2c8eee1,delivered,1,1,1,,
exp-2b33b808a0f8,run-f4b4966e3d0cf978,claim-b34f4f8fe0aab0c4,sig-a9b5caf3e2c8eee1,delivered,1,1,1,,
exp-2b33b808a0f8,run-024c8ebdc05e33a8,claim-9515f274401a51ce,sig-a9dcb71a9d038e44,delivered,1,1,1,,
exp-2b33b808a0f8,run-024dd76a95551a07,claim-9515f274401a51ce,sig-a9dcb71a9d038e44,delivered,1,1,1,,
exp-2b33b808a0f8,run-05d091d23664cc1e,claim-9515f274401a51ce,sig-a9dcb71a9d038e44,delivered,1,1,1,,
exp-2b33b808a0f8,run-1946c1edcbdbbdda,claim-9515f274401a51ce,sig-a9dcb71a9d038e44,delivered,1,1,1,,
exp-2b33b808a0f8,run-1bae4fcd56bdaa2f,claim-9515f274401a51ce,sig-a9dcb71a9d038e44,delivered,1,1,1,,
exp-2b33b808a0f8,run-5227c4f1697e16f5,claim-9515f274401a51ce,sig-a9dcb71a9d038e44,delivered,1,1,1,,
exp-2b33b808a0f8,run-53706f05bed87dad,claim-9515f274401a51ce,sig-a9dcb71a9d038e44,delivered,1,1,1,,
exp-2b33b808a0f8,run-54dfa16175253c38,claim-9515f274401a51ce,sig-a9dcb71a9d038e44,delivered,1,1,1,,
exp-2b33b808a0f8,run-581d182fa373e4a8,claim-9515f274401a51ce,sig-a9dcb71a9d038e44,delivered,1,1,1,,
exp-2b33b808a0f8,run-581e601a136ff413,claim-9515f274401a51ce,sig-a9dcb71a9d038e44,delivered,1,1,1,,
exp-2b33b808a0f8,run-6d394564f18187f9,claim-9515f274401a51ce,sig-a9dcb71a9d038e44,delivered,1,1,1,,
exp-2b33b808a0f8,run-7dfc02679606cd15,claim-9515f274401a51ce,sig-a9dcb71a9d038e44,delivered,1,1,1,,
exp-2b33b808a0f8,run-9c2aac4f207303c4,claim-9515f274401a51ce,sig-a9dcb71a9d038e44,delivered,1,1,1,,
exp-2b33b808a0f8,run-9d7b92b6a9bd860a,claim-9515f274401a51ce,sig-a9dcb71a9d038e44,delivered,1,1,1,,
exp-2b33b808a0f8,run-9ddf9be03d779768,claim-9515f274401a51ce,sig-a9dcb71a9d038e44,delivered,1,1,1,,
exp-2b33b808a0f8,run-a34dc91443138554,claim-9515f274401a51ce,sig-a9dcb71a9d038e44,delivered,1,1,1,,
exp-2b33b808a0f8,run-a5cfa0e1e29cea11,claim-9515f274401a51ce,sig-a9dcb71a9d038e44,delivered,1,1,1,,
exp-2b33b808a0f8,run-c12d31a0c14e4ea4,claim-9515f274401a51ce,sig-a9dcb71a9d038e44,delivered,1,1,1,,
exp-2b33b808a0f8,run-cb9e6b2ad617099c,claim-9515f274401a51ce,sig-a9dcb71a9d038e44,delivered,1,1,1,,
exp-2b33b808a0f8,run-cca66c90ef3b41c8,claim-9515f274401a51ce,sig-a9dcb71a9d038e44,delivered,1,1,1,,
exp-2b33b808a0f8,run-d1062de1551992e2,claim-9515f274401a51ce,sig-a9dcb71a9d038e44,delivered,1,1,1,,
exp-2b33b808a0f8,run-da80cb0756bb72c1,claim-9515f274401a51ce,sig-a9dcb71a9d038e44,delivered,1,1,1,,
exp-2b33b808a0f8,run-dcd3f088d2742101,claim-9515f274401a51ce,sig-a9dcb71a9d038e44,delivered,1,1,1,,
exp-2b33b808a0f8,run-df736f776a055b72,claim-9515f274401a51ce,sig-a9dcb71a9d038e44,delivered,1,1,1,,
exp-2b33b808a0f8,run-e08a8eb7877cb862,claim-9515f274401a51ce,sig-a9dcb71a9d038e44,delivered,1,1,1,,
exp-2b33b808a0f8,run-ecc7ecbcc7f2b4d6,claim-9515f274401a51ce,sig-a9dcb71a9d038e44,delivered,1,1,1,,
exp-2b33b808a0f8,run-ed9ded3530a007da,claim-9515f274401a51ce,sig-a9dcb71a9d038e44,delivered,1,1,1,,
exp-2b33b808a0f8,run-f1da5d7783f85774,claim-9515f274401a51ce,sig-a9dcb71a9d038e44,delivered,1,1,1,,
exp-2b33b808a0f8,run-f6d8a6bffd539b01,claim-9515f274401a51ce,sig-a9dcb71a9d038e44,delivered,1,1,1,,
exp-2b33b808a0f8,run-fd7c4293eec328ed,claim-9515f274401a51ce,sig-a9dcb71a9d038e44,delivered,1,1,1,,
exp-2b33b808a0f8,run-0d5710fb6ccbec61,claim-3081ef0384a0d57c,sig-a9e9b42f8bbc1e63,delivered,1,1,1,,
exp-2b33b808a0f8,run-1ad5774f2ec38993,claim-3081ef0384a0d57c,sig-a9e9b42f8bbc1e63,delivered,1,1,1,,
exp-2b33b808a0f8,run-22c72107573a4b60,claim-3081ef0384a0d57c,sig-a9e9b42f8bbc1e63,delivered,1,1,1,,
exp-2b33b808a0f8,run-7ea589e15513aeaf,claim-3081ef0384a0d57c,sig-a9e9b42f8bbc1e63,delivered,1,1,1,,
exp-2b33b808a0f8,run-803b3c372bc924c5,claim-3081ef0384a0d57c,sig-a9e9b42f8bbc1e63,delivered,1,1,1,,
exp-2b33b808a0f8,run-89afe7e7549c985c,claim-3081ef0384a0d57c,sig-a9e9b42f8bbc1e63,delivered,1,1,1,,
exp-2b33b808a0f8,run-9119299991896d57,claim-3081ef0384a0d57c,sig-a9e9b42f8bbc1e63,delivered,1,1,1,,
exp-2b33b808a0f8,run-b2e91be99045ef34,claim-3081ef0384a0d57c,sig-a9e9b42f8bbc1e63,delivered,1,1,1,,
exp-2b33b808a0f8,run-d7f33141b5694988,claim-3081ef0384a0d57c,sig-a9e9b42f8bbc1e63,delivered,1,1,1,,
exp-2b33b808a0f8,run-13afd1c7ef164da6,claim-6b5823f6b25262a0,sig-aa2fab77423c904f,delivered,1,1,1,,
exp-2b33b808a0f8,run-40d744a8e6f22616,claim-6b5823f6b25262a0,sig-aa2fab77423c904f,delivered,1,1,1,,
exp-2b33b808a0f8,run-5f40de771364165d,claim-6b5823f6b25262a0,sig-aa2fab77423c904f,delivered,1,1,1,,
exp-2b33b808a0f8,run-9c95744bf1e4fc1c,claim-6b5823f6b25262a0,sig-aa2fab77423c904f,delivered,1,1,1,,
exp-2b33b808a0f8,run-b9c91e3ca797b757,claim-6b5823f6b25262a0,sig-aa2fab77423c904f,delivered,1,1,1,,
exp-2b33b808a0f8,run-cb26f0bc1de44dfe,claim-6b5823f6b25262a0,sig-aa2fab77423c904f,delivered,1,1,1,,
exp-2b33b808a0f8,run-16a39058c7f3cf9e,claim-b8dbd5d925176bc1,sig-aa829d6e81d2a56c,delivered,1,1,1,,
exp-2b33b808a0f8,run-1b3af856ea0d78ba,claim-b8dbd5d925176bc1,sig-aa829d6e81d2a56c,delivered,1,1,1,,
exp-2b33b808a0f8,run-2e6341eef0f780f9,claim-b8dbd5d925176bc1,sig-aa829d6e81d2a56c,delivered,1,1,1,,
exp-2b33b808a0f8,run-548b9449d2e5ac2b,claim-b8dbd5d925176bc1,sig-aa829d6e81d2a56c,delivered,1,1,1,,
exp-2b33b808a0f8,run-5f615659d79c5e37,claim-b8dbd5d925176bc1,sig-aa829d6e81d2a56c,delivered,1,1,1,,
exp-2b33b808a0f8,run-82e3fe2420e8e987,claim-b8dbd5d925176bc1,sig-aa829d6e81d2a56c,delivered,1,1,1,,
exp-2b33b808a0f8,run-8fd820fb0fd3fa83,claim-b8dbd5d925176bc1,sig-aa829d6e81d2a56c,delivered,1,1,1,,
exp-2b33b808a0f8,run-b4f674eb9d401efd,claim-b8dbd5d925176bc1,sig-aa829d6e81d2a56c,delivered,1,1,1,,
exp-2b33b808a0f8,run-cfbfb19332bde82e,claim-b8dbd5d925176bc1,sig-aa829d6e81d2a56c,delivered,1,1,1,,
exp-2b33b808a0f8,run-f1ea2e8a09c56c99,claim-b8dbd5d925176bc1,sig-aa829d6e81d2a56c,delivered,1,1,1,,
exp-2b33b808a0f8,run-f2913fb769b7d837,claim-b8dbd5d925176bc1,sig-aa829d6e81d2a56c,delivered,1,1,1,,
exp-2b33b808a0f8,run-188a8d0550ccc9f1,claim-ccf67c972c05cd02,sig-ad21b8f8d7277b62,delivered,1,1,1,,
exp-2b33b808a0f8,run-217b27c32888985d,claim-ccf67c972c05cd02,sig-ad21b8f8d7277b62,delivered,1,1,1,,
exp-2b33b808a0f8,run-3ceaa0e4676003ac,claim-ccf67c972c05cd02,sig-ad21b8f8d7277b62,delivered,1,1,1,,
exp-2b33b808a0f8,run-3dcf417f7bfa03b2,claim-ccf67c972c05cd02,sig-ad21b8f8d7277b62,delivered,1,1,1,,
exp-2b33b808a0f8,run-85fcaf049510f0ee,claim-ccf67c972c05cd02,sig-ad21b8f8d7277b62,delivered,1,1,1,,
exp-2b33b808a0f8,run-95f0926102c7f977,claim-ccf67c972c05cd02,sig-ad21b8f8d7277b62,delivered,1,1,1,,
exp-2b33b808a0f8,run-9e50adaa1bc80ca9,claim-ccf67c972c05cd02,sig-ad21b8f8d7277b62,delivered,1,1,1,,
exp-2b33b808a0f8,run-b59197931236a821,claim-ccf67c972c05cd02,sig-ad21b8f8d7277b62,delivered,1,1,1,,
exp-2b33b808a0f8,run-f4b4966e3d0cf978,claim-ccf67c972c05cd02,sig-ad21b8f8d7277b62,delivered,1,1,1,,
exp-2b33b808a0f8,run-5db7b7d90d3ff8ce,claim-223879e9b72f29d9,sig-aeb128b302ae3db4,delivered,1,1,1,,
exp-2b33b808a0f8,run-7f00802c340e2617,claim-223879e9b72f29d9,sig-aeb128b302ae3db4,delivered,1,1,1,,
exp-2b33b808a0f8,run-cf74c3eb23037fe3,claim-223879e9b72f29d9,sig-aeb128b302ae3db4,delivered,1,1,1,,
exp-2b33b808a0f8,run-107e053141aef5a2,claim-fdcce0aef5165870,sig-aee957bd9ba65c58,delivered,1,1,1,,
exp-2b33b808a0f8,run-2231a5437da60871,claim-fdcce0aef5165870,sig-aee957bd9ba65c58,delivered,1,1,1,,
exp-2b33b808a0f8,run-36dc5599241ff74c,claim-fdcce0aef5165870,sig-aee957bd9ba65c58,delivered,1,1,1,,
exp-2b33b808a0f8,run-54dd198bde19e6cf,claim-fdcce0aef5165870,sig-aee957bd9ba65c58,delivered,1,1,1,,
exp-2b33b808a0f8,run-5f72dfbc37ae3836,claim-fdcce0aef5165870,sig-aee957bd9ba65c58,delivered,1,1,1,,
exp-2b33b808a0f8,run-60c27be7bfd13181,claim-fdcce0aef5165870,sig-aee957bd9ba65c58,delivered,1,1,1,,
exp-2b33b808a0f8,run-7a43182838a92b4d,claim-fdcce0aef5165870,sig-aee957bd9ba65c58,delivered,1,1,1,,
exp-2b33b808a0f8,run-802196ca10c28e03,claim-fdcce0aef5165870,sig-aee957bd9ba65c58,delivered,1,1,1,,
exp-2b33b808a0f8,run-86e0fb3cb34a86b9,claim-fdcce0aef5165870,sig-aee957bd9ba65c58,delivered,1,1,1,,
exp-2b33b808a0f8,run-9fd3eacdb49f1187,claim-fdcce0aef5165870,sig-aee957bd9ba65c58,delivered,1,1,1,,
exp-2b33b808a0f8,run-c5596c6cf2999ecc,claim-fdcce0aef5165870,sig-aee957bd9ba65c58,delivered,1,1,1,,
exp-2b33b808a0f8,run-cbf903a67be76d0a,claim-fdcce0aef5165870,sig-aee957bd9ba65c58,delivered,1,1,1,,
exp-2b33b808a0f8,run-eb3dc172de7476ad,claim-fdcce0aef5165870,sig-aee957bd9ba65c58,delivered,1,1,1,,
exp-2b33b808a0f8,run-fa92f9e908dcd179,claim-fdcce0aef5165870,sig-aee957bd9ba65c58,delivered,1,1,1,,
exp-2b33b808a0f8,run-fad00c5c2a4305ab,claim-fdcce0aef5165870,sig-aee957bd9ba65c58,delivered,1,1,1,,
exp-2b33b808a0f8,run-024c8ebdc05e33a8,claim-24b72d22077bd973,sig-af1a1af9c840c4c8,delivered,1,1,1,,
exp-2b33b808a0f8,run-13a88125b47c3116,claim-24b72d22077bd973,sig-af1a1af9c840c4c8,delivered,1,1,1,,
exp-2b33b808a0f8,run-1946c1edcbdbbdda,claim-24b72d22077bd973,sig-af1a1af9c840c4c8,delivered,1,1,1,,
exp-2b33b808a0f8,run-5227c4f1697e16f5,claim-24b72d22077bd973,sig-af1a1af9c840c4c8,delivered,1,1,1,,
exp-2b33b808a0f8,run-65fb89d7c4ce4fff,claim-24b72d22077bd973,sig-af1a1af9c840c4c8,delivered,1,1,1,,
exp-2b33b808a0f8,run-9c2aac4f207303c4,claim-24b72d22077bd973,sig-af1a1af9c840c4c8,delivered,1,1,1,,
exp-2b33b808a0f8,run-a5cfa0e1e29cea11,claim-24b72d22077bd973,sig-af1a1af9c840c4c8,delivered,1,1,1,,
exp-2b33b808a0f8,run-b9c91e3ca797b757,claim-24b72d22077bd973,sig-af1a1af9c840c4c8,delivered,1,1,1,,
exp-2b33b808a0f8,run-d1062de1551992e2,claim-24b72d22077bd973,sig-af1a1af9c840c4c8,delivered,1,1,1,,
exp-2b33b808a0f8,run-da80cb0756bb72c1,claim-24b72d22077bd973,sig-af1a1af9c840c4c8,delivered,1,1,1,,
exp-2b33b808a0f8,run-dcd3f088d2742101,claim-24b72d22077bd973,sig-af1a1af9c840c4c8,delivered,1,1,1,,
exp-2b33b808a0f8,run-f6d8a6bffd539b01,claim-24b72d22077bd973,sig-af1a1af9c840c4c8,delivered,1,1,1,,
exp-2b33b808a0f8,run-fd7c4293eec328ed,claim-24b72d22077bd973,sig-af1a1af9c840c4c8,delivered,1,1,1,,
exp-2b33b808a0f8,run-3620dcf5bb5744a2,claim-e3f683974e309dbb,sig-b0cfcbe067f3ac2d,delivered,1,1,1,,
exp-2b33b808a0f8,run-68d48029a60ec89f,claim-e3f683974e309dbb,sig-b0cfcbe067f3ac2d,delivered,1,1,1,,
exp-2b33b808a0f8,run-d0fd6be062307c7b,claim-e3f683974e309dbb,sig-b0cfcbe067f3ac2d,delivered,1,1,1,,
exp-2b33b808a0f8,run-df03869a77162cae,claim-e3f683974e309dbb,sig-b0cfcbe067f3ac2d,delivered,1,1,1,,
exp-2b33b808a0f8,run-e302498980455d8f,claim-e3f683974e309dbb,sig-b0cfcbe067f3ac2d,delivered,1,1,1,,
exp-2b33b808a0f8,run-fea9b296c7fc9671,claim-e3f683974e309dbb,sig-b0cfcbe067f3ac2d,delivered,1,1,1,,
exp-2b33b808a0f8,run-41743e06e2fc2011,claim-08edd49d9ba5a94a,sig-b147ebb47e22629a,delivered,1,1,1,,
exp-2b33b808a0f8,run-47b9d87d8c408db1,claim-08edd49d9ba5a94a,sig-b147ebb47e22629a,delivered,1,1,1,,
exp-2b33b808a0f8,run-64c414548a26e255,claim-08edd49d9ba5a94a,sig-b147ebb47e22629a,delivered,1,1,1,,
exp-2b33b808a0f8,run-97bca49872a1b9c7,claim-08edd49d9ba5a94a,sig-b147ebb47e22629a,delivered,1,1,1,,
exp-2b33b808a0f8,run-9a86c7d7c5a2206a,claim-08edd49d9ba5a94a,sig-b147ebb47e22629a,delivered,1,1,1,,
exp-2b33b808a0f8,run-ff551810526d18de,claim-08edd49d9ba5a94a,sig-b147ebb47e22629a,delivered,1,1,1,,
exp-2b33b808a0f8,run-25bb9ab7e7a7365a,claim-53d67ceb915a7313,sig-b17210303a527a1f,delivered,1,1,1,,
exp-2b33b808a0f8,run-64dbfef590df5805,claim-53d67ceb915a7313,sig-b17210303a527a1f,delivered,1,1,1,,
exp-2b33b808a0f8,run-9e13e54cda7d586a,claim-53d67ceb915a7313,sig-b17210303a527a1f,delivered,1,1,1,,
exp-2b33b808a0f8,run-a1dd10a320d74492,claim-53d67ceb915a7313,sig-b17210303a527a1f,delivered,1,1,1,,
exp-2b33b808a0f8,run-b0542bb5dad78106,claim-53d67ceb915a7313,sig-b17210303a527a1f,delivered,1,1,1,,
exp-2b33b808a0f8,run-b322099a86af125a,claim-53d67ceb915a7313,sig-b17210303a527a1f,delivered,1,1,1,,
exp-2b33b808a0f8,run-b6164e0a3c9ee1c7,claim-53d67ceb915a7313,sig-b17210303a527a1f,delivered,1,1,1,,
exp-2b33b808a0f8,run-bdbb3ee62a506ea8,claim-53d67ceb915a7313,sig-b17210303a527a1f,delivered,1,1,1,,
exp-2b33b808a0f8,run-fd184a609106633b,claim-53d67ceb915a7313,sig-b17210303a527a1f,delivered,1,1,1,,
exp-2b33b808a0f8,run-024c8ebdc05e33a8,claim-6dc7893b25ac7ec3,sig-b1c4374501097413,delivered,0,1,1,0,
exp-2b33b808a0f8,run-a5cfa0e1e29cea11,claim-6dc7893b25ac7ec3,sig-b1c4374501097413,delivered,0,1,1,0,
exp-2b33b808a0f8,run-da80cb0756bb72c1,claim-6dc7893b25ac7ec3,sig-b1c4374501097413,delivered,0,1,1,0,
exp-2b33b808a0f8,run-25bb9ab7e7a7365a,claim-3f4f2dd4fb7529b6,sig-b21f407fac95e730,delivered,1,1,1,,
exp-2b33b808a0f8,run-374dc2e21f594ec4,claim-3f4f2dd4fb7529b6,sig-b21f407fac95e730,delivered,1,1,1,,
exp-2b33b808a0f8,run-5f9908a782b1c6e3,claim-3f4f2dd4fb7529b6,sig-b21f407fac95e730,delivered,1,1,1,,
exp-2b33b808a0f8,run-64dbfef590df5805,claim-3f4f2dd4fb7529b6,sig-b21f407fac95e730,delivered,1,1,1,,
exp-2b33b808a0f8,run-82a20b31b2b8e7ef,claim-3f4f2dd4fb7529b6,sig-b21f407fac95e730,delivered,1,1,1,,
exp-2b33b808a0f8,run-b322099a86af125a,claim-3f4f2dd4fb7529b6,sig-b21f407fac95e730,delivered,1,1,1,,
exp-2b33b808a0f8,run-3620dcf5bb5744a2,claim-bd8e4d225989b926,sig-b2886a6c0013a712,delivered,1,1,1,,
exp-2b33b808a0f8,run-d0fd6be062307c7b,claim-bd8e4d225989b926,sig-b2886a6c0013a712,delivered,1,1,1,,
exp-2b33b808a0f8,run-06c033c5a4b3310b,claim-f8723311bce98a94,sig-b2f71232aba54633,delivered,1,1,1,,
exp-2b33b808a0f8,run-f4f7ab268273a712,claim-f8723311bce98a94,sig-b2f71232aba54633,delivered,1,1,1,,
exp-2b33b808a0f8,run-f8a130cde8a86849,claim-f8723311bce98a94,sig-b2f71232aba54633,delivered,1,1,1,,
exp-2b33b808a0f8,run-326bfbb0f8ea7d96,claim-7fecf1c843c411c6,sig-b3154e088a3d3319,delivered,1,1,1,,
exp-2b33b808a0f8,run-745eb0d732d3c8be,claim-7fecf1c843c411c6,sig-b3154e088a3d3319,delivered,1,1,1,,
exp-2b33b808a0f8,run-85eabeb58e5c97e7,claim-7fecf1c843c411c6,sig-b3154e088a3d3319,delivered,1,1,1,,
exp-2b33b808a0f8,run-ad7e5cf3555f7cf1,claim-7fecf1c843c411c6,sig-b3154e088a3d3319,delivered,1,1,1,,
exp-2b33b808a0f8,run-b89fda5b70005cab,claim-cb238dce41ba7c1a,sig-b35e0d552b7a924d,delivered,1,1,1,,
exp-2b33b808a0f8,run-d03cdd5172e2e4bb,claim-cb238dce41ba7c1a,sig-b35e0d552b7a924d,delivered,1,1,1,,
exp-2b33b808a0f8,run-d7f754d1c6032500,claim-cb238dce41ba7c1a,sig-b35e0d552b7a924d,delivered,1,1,1,,
exp-2b33b808a0f8,run-d9ecb9bb93d66dae,claim-cb238dce41ba7c1a,sig-b35e0d552b7a924d,delivered,1,1,1,,
exp-2b33b808a0f8,run-e2b8b5101f670dfe,claim-cb238dce41ba7c1a,sig-b35e0d552b7a924d,delivered,1,1,1,,
exp-2b33b808a0f8,run-ebb905b917de9aa9,claim-cb238dce41ba7c1a,sig-b35e0d552b7a924d,delivered,1,1,1,,
exp-2b33b808a0f8,run-30a6c9b3eb5dce42,claim-093be45a6b922d13,sig-b35e277ebbdb3941,delivered,1,1,1,,
exp-2b33b808a0f8,run-3996e6744fffc569,claim-093be45a6b922d13,sig-b35e277ebbdb3941,delivered,1,1,1,,
exp-2b33b808a0f8,run-68434cd370855dde,claim-093be45a6b922d13,sig-b35e277ebbdb3941,delivered,1,1,1,,
exp-2b33b808a0f8,run-6c88b2e46218c519,claim-093be45a6b922d13,sig-b35e277ebbdb3941,delivered,1,1,1,,
exp-2b33b808a0f8,run-81291fb5e9520a72,claim-093be45a6b922d13,sig-b35e277ebbdb3941,delivered,1,1,1,,
exp-2b33b808a0f8,run-d03cdd5172e2e4bb,claim-093be45a6b922d13,sig-b35e277ebbdb3941,delivered,1,1,1,,
exp-2b33b808a0f8,run-d7f754d1c6032500,claim-093be45a6b922d13,sig-b35e277ebbdb3941,delivered,1,1,1,,
exp-2b33b808a0f8,run-ebb905b917de9aa9,claim-093be45a6b922d13,sig-b35e277ebbdb3941,delivered,1,1,1,,
exp-2b33b808a0f8,run-f55733a3b9a826e4,claim-093be45a6b922d13,sig-b35e277ebbdb3941,delivered,1,1,1,,
exp-2b33b808a0f8,run-374dc2e21f594ec4,claim-39473ea2ca61fe49,sig-b370d833c4cbc213,delivered,1,1,1,,
exp-2b33b808a0f8,run-36f70902baf2605c,claim-cb238dce41ba7c1a,sig-b3b0c5aebd20c8b4,delivered,1,1,1,,
exp-2b33b808a0f8,run-68434cd370855dde,claim-cb238dce41ba7c1a,sig-b3b0c5aebd20c8b4,delivered,1,1,1,,
exp-2b33b808a0f8,run-36f70902baf2605c,claim-372e0037ef25faef,sig-b400f86903e4d3bb,delivered,1,1,1,,
exp-2b33b808a0f8,run-ebcbbda81e609372,claim-372e0037ef25faef,sig-b400f86903e4d3bb,delivered,1,1,1,,
exp-2b33b808a0f8,run-13a88125b47c3116,claim-3ae82f5b59a482b8,sig-b54e188a6a2f34a2,delivered,1,1,1,,
exp-2b33b808a0f8,run-13afd1c7ef164da6,claim-3ae82f5b59a482b8,sig-b54e188a6a2f34a2,delivered,1,1,1,,
exp-2b33b808a0f8,run-299407f942ccfe44,claim-3ae82f5b59a482b8,sig-b54e188a6a2f34a2,delivered,1,1,1,,
exp-2b33b808a0f8,run-40d744a8e6f22616,claim-3ae82f5b59a482b8,sig-b54e188a6a2f34a2,delivered,1,1,1,,
exp-2b33b808a0f8,run-427de9f5f80631bb,claim-3ae82f5b59a482b8,sig-b54e188a6a2f34a2,delivered,1,1,1,,
exp-2b33b808a0f8,run-56a885c3be5ad659,claim-3ae82f5b59a482b8,sig-b54e188a6a2f34a2,delivered,1,1,1,,
exp-2b33b808a0f8,run-65fb89d7c4ce4fff,claim-3ae82f5b59a482b8,sig-b54e188a6a2f34a2,delivered,1,1,1,,
exp-2b33b808a0f8,run-b9c91e3ca797b757,claim-3ae82f5b59a482b8,sig-b54e188a6a2f34a2,delivered,1,1,1,,
exp-2b33b808a0f8,run-cb26f0bc1de44dfe,claim-3ae82f5b59a482b8,sig-b54e188a6a2f34a2,delivered,1,1,1,,
exp-2b33b808a0f8,run-08eb0ce23ff8c058,claim-31c4033d744187e3,sig-b584efd424560dd5,delivered,1,1,1,,
exp-2b33b808a0f8,run-a5cfa0e1e29cea11,claim-31c4033d744187e3,sig-b584efd424560dd5,delivered,1,1,1,,
exp-2b33b808a0f8,run-d1062de1551992e2,claim-31c4033d744187e3,sig-b584efd424560dd5,delivered,1,1,1,,
exp-2b33b808a0f8,run-d2b9a396554a407b,claim-31c4033d744187e3,sig-b584efd424560dd5,delivered,1,1,1,,
exp-2b33b808a0f8,run-f6d8a6bffd539b01,claim-31c4033d744187e3,sig-b584efd424560dd5,delivered,1,1,1,,
exp-2b33b808a0f8,run-fe2c6fd3e3730afe,claim-31c4033d744187e3,sig-b584efd424560dd5,delivered,1,1,1,,
exp-2b33b808a0f8,run-17af457d3e773d12,claim-60b8fca5c380fe3b,sig-b5a7120055d3c5e2,delivered,1,1,1,,
exp-2b33b808a0f8,run-1ad5774f2ec38993,claim-60b8fca5c380fe3b,sig-b5a7120055d3c5e2,delivered,1,1,1,,
exp-2b33b808a0f8,run-1b7414577607656b,claim-60b8fca5c380fe3b,sig-b5a7120055d3c5e2,delivered,1,1,1,,
exp-2b33b808a0f8,run-22c72107573a4b60,claim-60b8fca5c380fe3b,sig-b5a7120055d3c5e2,delivered,1,1,1,,
exp-2b33b808a0f8,run-30a6c9b3eb5dce42,claim-60b8fca5c380fe3b,sig-b5a7120055d3c5e2,delivered,1,1,1,,
exp-2b33b808a0f8,run-3996e6744fffc569,claim-60b8fca5c380fe3b,sig-b5a7120055d3c5e2,delivered,1,1,1,,
exp-2b33b808a0f8,run-40302b8b799e3bf1,claim-60b8fca5c380fe3b,sig-b5a7120055d3c5e2,delivered,1,1,1,,
exp-2b33b808a0f8,run-5e07d16f1f5b2987,claim-60b8fca5c380fe3b,sig-b5a7120055d3c5e2,delivered,1,1,1,,
exp-2b33b808a0f8,run-68434cd370855dde,claim-60b8fca5c380fe3b,sig-b5a7120055d3c5e2,delivered,1,1,1,,
exp-2b33b808a0f8,run-6c88b2e46218c519,claim-60b8fca5c380fe3b,sig-b5a7120055d3c5e2,delivered,1,1,1,,
exp-2b33b808a0f8,run-760ccd016850aaab,claim-60b8fca5c380fe3b,sig-b5a7120055d3c5e2,delivered,1,1,1,,
exp-2b33b808a0f8,run-803b3c372bc924c5,claim-60b8fca5c380fe3b,sig-b5a7120055d3c5e2,delivered,1,1,1,,
exp-2b33b808a0f8,run-81291fb5e9520a72,claim-60b8fca5c380fe3b,sig-b5a7120055d3c5e2,delivered,1,1,1,,
exp-2b33b808a0f8,run-89afe7e7549c985c,claim-60b8fca5c380fe3b,sig-b5a7120055d3c5e2,delivered,1,1,1,,
exp-2b33b808a0f8,run-9119299991896d57,claim-60b8fca5c380fe3b,sig-b5a7120055d3c5e2,delivered,1,1,1,,
exp-2b33b808a0f8,run-a43e1603dbdaba0d,claim-60b8fca5c380fe3b,sig-b5a7120055d3c5e2,delivered,1,1,1,,
exp-2b33b808a0f8,run-d03cdd5172e2e4bb,claim-60b8fca5c380fe3b,sig-b5a7120055d3c5e2,delivered,1,1,1,,
exp-2b33b808a0f8,run-d079e2109bf6da9a,claim-60b8fca5c380fe3b,sig-b5a7120055d3c5e2,delivered,1,1,1,,
exp-2b33b808a0f8,run-d7f33141b5694988,claim-60b8fca5c380fe3b,sig-b5a7120055d3c5e2,delivered,1,1,1,,
exp-2b33b808a0f8,run-d7f754d1c6032500,claim-60b8fca5c380fe3b,sig-b5a7120055d3c5e2,delivered,1,1,1,,
exp-2b33b808a0f8,run-ebb905b917de9aa9,claim-60b8fca5c380fe3b,sig-b5a7120055d3c5e2,delivered,1,1,1,,
exp-2b33b808a0f8,run-f1776cca757489d5,claim-60b8fca5c380fe3b,sig-b5a7120055d3c5e2,delivered,1,1,1,,
exp-2b33b808a0f8,run-f55733a3b9a826e4,claim-60b8fca5c380fe3b,sig-b5a7120055d3c5e2,delivered,1,1,1,,
exp-2b33b808a0f8,run-0cf7e0daf535a696,claim-0390e96f2e150f8f,sig-b5f689164c42d639,delivered,1,1,1,,
exp-2b33b808a0f8,run-314cd6efe084d5fe,claim-0390e96f2e150f8f,sig-b5f689164c42d639,delivered,1,1,1,,
exp-2b33b808a0f8,run-3f6da378062ee821,claim-0390e96f2e150f8f,sig-b5f689164c42d639,delivered,1,1,1,,
exp-2b33b808a0f8,run-7b8861c80024d738,claim-0390e96f2e150f8f,sig-b5f689164c42d639,delivered,1,1,1,,
exp-2b33b808a0f8,run-7d86c321e8400460,claim-0390e96f2e150f8f,sig-b5f689164c42d639,delivered,1,1,1,,
exp-2b33b808a0f8,run-8edfe902496d790d,claim-0390e96f2e150f8f,sig-b5f689164c42d639,delivered,1,1,1,,
exp-2b33b808a0f8,run-cacf78bafbbad965,claim-0390e96f2e150f8f,sig-b5f689164c42d639,delivered,1,1,1,,
exp-2b33b808a0f8,run-cec16e049668dcae,claim-0390e96f2e150f8f,sig-b5f689164c42d639,delivered,1,1,1,,
exp-2b33b808a0f8,run-0d5710fb6ccbec61,claim-f9229c04286d6978,sig-b645770a7c539b11,delivered,1,1,1,,
exp-2b33b808a0f8,run-7ea589e15513aeaf,claim-f9229c04286d6978,sig-b645770a7c539b11,delivered,1,1,1,,
exp-2b33b808a0f8,run-b2e91be99045ef34,claim-f9229c04286d6978,sig-b645770a7c539b11,delivered,1,1,1,,
exp-2b33b808a0f8,run-13a88125b47c3116,claim-6dc7893b25ac7ec3,sig-b6bc6df5e26ed4d1,delivered,1,1,1,,
exp-2b33b808a0f8,run-13afd1c7ef164da6,claim-6dc7893b25ac7ec3,sig-b6bc6df5e26ed4d1,delivered,1,1,1,,
exp-2b33b808a0f8,run-1654ed83a69b048a,claim-6dc7893b25ac7ec3,sig-b6bc6df5e26ed4d1,delivered,1,1,1,,
exp-2b33b808a0f8,run-299407f942ccfe44,claim-6dc7893b25ac7ec3,sig-b6bc6df5e26ed4d1,delivered,1,1,1,,
exp-2b33b808a0f8,run-3df61f770d52dd70,claim-6dc7893b25ac7ec3,sig-b6bc6df5e26ed4d1,delivered,1,1,1,,
exp-2b33b808a0f8,run-40d744a8e6f22616,claim-6dc7893b25ac7ec3,sig-b6bc6df5e26ed4d1,delivered,1,1,1,,
exp-2b33b808a0f8,run-4171e29a7613b1bb,claim-6dc7893b25ac7ec3,sig-b6bc6df5e26ed4d1,delivered,1,1,1,,
exp-2b33b808a0f8,run-427de9f5f80631bb,claim-6dc7893b25ac7ec3,sig-b6bc6df5e26ed4d1,delivered,1,1,1,,
exp-2b33b808a0f8,run-56a885c3be5ad659,claim-6dc7893b25ac7ec3,sig-b6bc6df5e26ed4d1,delivered,1,1,1,,
exp-2b33b808a0f8,run-65fb89d7c4ce4fff,claim-6dc7893b25ac7ec3,sig-b6bc6df5e26ed4d1,delivered,1,1,1,,
exp-2b33b808a0f8,run-8283757cadda12d5,claim-6dc7893b25ac7ec3,sig-b6bc6df5e26ed4d1,delivered,1,1,1,,
exp-2b33b808a0f8,run-b13893f95aaaa626,claim-6dc7893b25ac7ec3,sig-b6bc6df5e26ed4d1,delivered,1,1,1,,
exp-2b33b808a0f8,run-b9c91e3ca797b757,claim-6dc7893b25ac7ec3,sig-b6bc6df5e26ed4d1,delivered,1,1,1,,
exp-2b33b808a0f8,run-cb26f0bc1de44dfe,claim-6dc7893b25ac7ec3,sig-b6bc6df5e26ed4d1,delivered,1,1,1,,
exp-2b33b808a0f8,run-16a39058c7f3cf9e,claim-b4abb935b649bade,sig-b87b165e10a517ed,delivered,1,1,1,,
exp-2b33b808a0f8,run-82e3fe2420e8e987,claim-b4abb935b649bade,sig-b87b165e10a517ed,delivered,1,1,1,,
exp-2b33b808a0f8,run-8fd820fb0fd3fa83,claim-b4abb935b649bade,sig-b87b165e10a517ed,delivered,1,1,1,,
exp-2b33b808a0f8,run-b4f674eb9d401efd,claim-b4abb935b649bade,sig-b87b165e10a517ed,delivered,1,1,1,,
exp-2b33b808a0f8,run-f1ea2e8a09c56c99,claim-b4abb935b649bade,sig-b87b165e10a517ed,delivered,1,1,1,,
exp-2b33b808a0f8,run-1827ab6678b4100e,claim-df6b96e3e101ccd3,sig-b929f12a383f11bd,delivered,1,1,1,,
exp-2b33b808a0f8,run-0218897335c9fc07,claim-afe921d2dea545a4,sig-b953cddce956c037,delivered,1,1,1,,
exp-2b33b808a0f8,run-05bc48ddb286d994,claim-afe921d2dea545a4,sig-b953cddce956c037,delivered,1,1,1,,
exp-2b33b808a0f8,run-0ed59ea471f8c823,claim-afe921d2dea545a4,sig-b953cddce956c037,delivered,1,1,1,,
exp-2b33b808a0f8,run-121bae4857799859,claim-afe921d2dea545a4,sig-b953cddce956c037,delivered,1,1,1,,
exp-2b33b808a0f8,run-2cd8b7888af1dfd8,claim-afe921d2dea545a4,sig-b953cddce956c037,delivered,1,1,1,,
exp-2b33b808a0f8,run-2e5d894151df8e29,claim-afe921d2dea545a4,sig-b953cddce956c037,delivered,1,1,1,,
exp-2b33b808a0f8,run-301d12a0643a19b5,claim-afe921d2dea545a4,sig-b953cddce956c037,delivered,1,1,1,,
exp-2b33b808a0f8,run-47f6297369f81ccd,claim-afe921d2dea545a4,sig-b953cddce956c037,delivered,1,1,1,,
exp-2b33b808a0f8,run-54dd198bde19e6cf,claim-afe921d2dea545a4,sig-b953cddce956c037,delivered,1,1,1,,
exp-2b33b808a0f8,run-5f72dfbc37ae3836,claim-afe921d2dea545a4,sig-b953cddce956c037,delivered,1,1,1,,
exp-2b33b808a0f8,run-5f8c41dc5117d3f7,claim-afe921d2dea545a4,sig-b953cddce956c037,delivered,1,1,1,,
exp-2b33b808a0f8,run-60c27be7bfd13181,claim-afe921d2dea545a4,sig-b953cddce956c037,delivered,1,1,1,,
exp-2b33b808a0f8,run-626495f4dbb14cf3,claim-afe921d2dea545a4,sig-b953cddce956c037,delivered,1,1,1,,
exp-2b33b808a0f8,run-66a8f123be374114,claim-afe921d2dea545a4,sig-b953cddce956c037,delivered,1,1,1,,
exp-2b33b808a0f8,run-6ddc9f9b58c14914,claim-afe921d2dea545a4,sig-b953cddce956c037,delivered,1,1,1,,
exp-2b33b808a0f8,run-7fbcf6b9cab7e077,claim-afe921d2dea545a4,sig-b953cddce956c037,delivered,1,1,1,,
exp-2b33b808a0f8,run-82654eb217e99ef6,claim-afe921d2dea545a4,sig-b953cddce956c037,delivered,1,1,1,,
exp-2b33b808a0f8,run-8c29734783624630,claim-afe921d2dea545a4,sig-b953cddce956c037,delivered,1,1,1,,
exp-2b33b808a0f8,run-8d7056559f3f4415,claim-afe921d2dea545a4,sig-b953cddce956c037,delivered,1,1,1,,
exp-2b33b808a0f8,run-9f21a8e6490902ba,claim-afe921d2dea545a4,sig-b953cddce956c037,delivered,1,1,1,,
exp-2b33b808a0f8,run-9fd3eacdb49f1187,claim-afe921d2dea545a4,sig-b953cddce956c037,delivered,1,1,1,,
exp-2b33b808a0f8,run-a214e052b5c1b167,claim-afe921d2dea545a4,sig-b953cddce956c037,delivered,1,1,1,,
exp-2b33b808a0f8,run-a91e83d95f4150ea,claim-afe921d2dea545a4,sig-b953cddce956c037,delivered,1,1,1,,
exp-2b33b808a0f8,run-aef2c0f3501e6b9f,claim-afe921d2dea545a4,sig-b953cddce956c037,delivered,1,1,1,,
exp-2b33b808a0f8,run-bba43343a3c8f7a7,claim-afe921d2dea545a4,sig-b953cddce956c037,delivered,1,1,1,,
exp-2b33b808a0f8,run-c31fdf2665c43f45,claim-afe921d2dea545a4,sig-b953cddce956c037,delivered,1,1,1,,
exp-2b33b808a0f8,run-cc57ad8a8d2714d7,claim-afe921d2dea545a4,sig-b953cddce956c037,delivered,1,1,1,,
exp-2b33b808a0f8,run-dab4f8912ef30e26,claim-afe921d2dea545a4,sig-b953cddce956c037,delivered,1,1,1,,
exp-2b33b808a0f8,run-de51ed580b1ab50d,claim-afe921d2dea545a4,sig-b953cddce956c037,delivered,1,1,1,,
exp-2b33b808a0f8,run-deef30be3782be8a,claim-afe921d2dea545a4,sig-b953cddce956c037,delivered,1,1,1,,
exp-2b33b808a0f8,run-eb3dc172de7476ad,claim-afe921d2dea545a4,sig-b953cddce956c037,delivered,1,1,1,,
exp-2b33b808a0f8,run-fa92f9e908dcd179,claim-afe921d2dea545a4,sig-b953cddce956c037,delivered,1,1,1,,
exp-2b33b808a0f8,run-fd0875ba4dfb44d6,claim-afe921d2dea545a4,sig-b953cddce956c037,delivered,1,1,1,,
exp-2b33b808a0f8,run-0cf7e0daf535a696,claim-ceddfc3f082410e7,sig-b9b119d807d9b2e6,delivered,1,1,1,,
exp-2b33b808a0f8,run-314cd6efe084d5fe,claim-ceddfc3f082410e7,sig-b9b119d807d9b2e6,delivered,1,1,1,,
exp-2b33b808a0f8,run-3f6da378062ee821,claim-ceddfc3f082410e7,sig-b9b119d807d9b2e6,delivered,1,1,1,,
exp-2b33b808a0f8,run-7b8861c80024d738,claim-ceddfc3f082410e7,sig-b9b119d807d9b2e6,delivered,1,1,1,,
exp-2b33b808a0f8,run-7d86c321e8400460,claim-ceddfc3f082410e7,sig-b9b119d807d9b2e6,delivered,1,1,1,,
exp-2b33b808a0f8,run-8edfe902496d790d,claim-ceddfc3f082410e7,sig-b9b119d807d9b2e6,delivered,1,1,1,,
exp-2b33b808a0f8,run-cacf78bafbbad965,claim-ceddfc3f082410e7,sig-b9b119d807d9b2e6,delivered,1,1,1,,
exp-2b33b808a0f8,run-cec16e049668dcae,claim-ceddfc3f082410e7,sig-b9b119d807d9b2e6,delivered,1,1,1,,
exp-2b33b808a0f8,run-a5cfa0e1e29cea11,claim-48cb6d4e13cd7964,sig-b9e0efbc6667c833,delivered,0,1,1,0,
exp-2b33b808a0f8,run-0150d84e23782b10,claim-bee3b25a4888ad75,sig-ba220952d4d1cdcc,delivered,1,1,1,,
exp-2b33b808a0f8,run-03911a9fa173759b,claim-bee3b25a4888ad75,sig-ba220952d4d1cdcc,delivered,1,1,1,,
exp-2b33b808a0f8,run-0ed59ea471f8c823,claim-bee3b25a4888ad75,sig-ba220952d4d1cdcc,delivered,1,1,1,,
exp-2b33b808a0f8,run-0fff7d537f846b2d,claim-bee3b25a4888ad75,sig-ba220952d4d1cdcc,delivered,1,1,1,,
exp-2b33b808a0f8,run-107e053141aef5a2,claim-bee3b25a4888ad75,sig-ba220952d4d1cdcc,delivered,1,1,1,,
exp-2b33b808a0f8,run-121bae4857799859,claim-bee3b25a4888ad75,sig-ba220952d4d1cdcc,delivered,1,1,1,,
exp-2b33b808a0f8,run-126bc4b511c1bdab,claim-bee3b25a4888ad75,sig-ba220952d4d1cdcc,delivered,1,1,1,,
exp-2b33b808a0f8,run-1ccf8759fdd4aeaf,claim-bee3b25a4888ad75,sig-ba220952d4d1cdcc,delivered,1,1,1,,
exp-2b33b808a0f8,run-1cfdaa86b78a0a26,claim-bee3b25a4888ad75,sig-ba220952d4d1cdcc,delivered,1,1,1,,
exp-2b33b808a0f8,run-25eaa2510fbfbaff,claim-bee3b25a4888ad75,sig-ba220952d4d1cdcc,delivered,1,1,1,,
exp-2b33b808a0f8,run-2cd8b7888af1dfd8,claim-bee3b25a4888ad75,sig-ba220952d4d1cdcc,delivered,1,1,1,,
exp-2b33b808a0f8,run-3620dcf5bb5744a2,claim-bee3b25a4888ad75,sig-ba220952d4d1cdcc,delivered,1,1,1,,
exp-2b33b808a0f8,run-374dc2e21f594ec4,claim-bee3b25a4888ad75,sig-ba220952d4d1cdcc,delivered,1,1,1,,
exp-2b33b808a0f8,run-380eeaa24d9d57c1,claim-bee3b25a4888ad75,sig-ba220952d4d1cdcc,delivered,1,1,1,,
exp-2b33b808a0f8,run-3e6218c854422e8d,claim-bee3b25a4888ad75,sig-ba220952d4d1cdcc,delivered,1,1,1,,
exp-2b33b808a0f8,run-4135fc9f33a52631,claim-bee3b25a4888ad75,sig-ba220952d4d1cdcc,delivered,1,1,1,,
exp-2b33b808a0f8,run-53706f05bed87dad,claim-bee3b25a4888ad75,sig-ba220952d4d1cdcc,delivered,1,1,1,,
exp-2b33b808a0f8,run-54dfa16175253c38,claim-bee3b25a4888ad75,sig-ba220952d4d1cdcc,delivered,1,1,1,,
exp-2b33b808a0f8,run-581d182fa373e4a8,claim-bee3b25a4888ad75,sig-ba220952d4d1cdcc,delivered,1,1,1,,
exp-2b33b808a0f8,run-581e601a136ff413,claim-bee3b25a4888ad75,sig-ba220952d4d1cdcc,delivered,1,1,1,,
exp-2b33b808a0f8,run-5f72dfbc37ae3836,claim-bee3b25a4888ad75,sig-ba220952d4d1cdcc,delivered,1,1,1,,
exp-2b33b808a0f8,run-5f8c41dc5117d3f7,claim-bee3b25a4888ad75,sig-ba220952d4d1cdcc,delivered,1,1,1,,
exp-2b33b808a0f8,run-5f9908a782b1c6e3,claim-bee3b25a4888ad75,sig-ba220952d4d1cdcc,delivered,1,1,1,,
exp-2b33b808a0f8,run-602d62632c3acac1,claim-bee3b25a4888ad75,sig-ba220952d4d1cdcc,delivered,1,1,1,,
exp-2b33b808a0f8,run-60c27be7bfd13181,claim-bee3b25a4888ad75,sig-ba220952d4d1cdcc,delivered,1,1,1,,
exp-2b33b808a0f8,run-626495f4dbb14cf3,claim-bee3b25a4888ad75,sig-ba220952d4d1cdcc,delivered,1,1,1,,
exp-2b33b808a0f8,run-68d48029a60ec89f,claim-bee3b25a4888ad75,sig-ba220952d4d1cdcc,delivered,1,1,1,,
exp-2b33b808a0f8,run-6d394564f18187f9,claim-bee3b25a4888ad75,sig-ba220952d4d1cdcc,delivered,1,1,1,,
exp-2b33b808a0f8,run-7a43182838a92b4d,claim-bee3b25a4888ad75,sig-ba220952d4d1cdcc,delivered,1,1,1,,
exp-2b33b808a0f8,run-82654eb217e99ef6,claim-bee3b25a4888ad75,sig-ba220952d4d1cdcc,delivered,1,1,1,,
exp-2b33b808a0f8,run-82a20b31b2b8e7ef,claim-bee3b25a4888ad75,sig-ba220952d4d1cdcc,delivered,1,1,1,,
exp-2b33b808a0f8,run-8b6a0be310d169fd,claim-bee3b25a4888ad75,sig-ba220952d4d1cdcc,delivered,1,1,1,,
exp-2b33b808a0f8,run-8c29734783624630,claim-bee3b25a4888ad75,sig-ba220952d4d1cdcc,delivered,1,1,1,,
exp-2b33b808a0f8,run-9ddf9be03d779768,claim-bee3b25a4888ad75,sig-ba220952d4d1cdcc,delivered,1,1,1,,
exp-2b33b808a0f8,run-9fd3eacdb49f1187,claim-bee3b25a4888ad75,sig-ba220952d4d1cdcc,delivered,1,1,1,,
exp-2b33b808a0f8,run-a314881a5962c263,claim-bee3b25a4888ad75,sig-ba220952d4d1cdcc,delivered,1,1,1,,
exp-2b33b808a0f8,run-a34dc91443138554,claim-bee3b25a4888ad75,sig-ba220952d4d1cdcc,delivered,1,1,1,,
exp-2b33b808a0f8,run-a91e83d95f4150ea,claim-bee3b25a4888ad75,sig-ba220952d4d1cdcc,delivered,1,1,1,,
exp-2b33b808a0f8,run-aef2c0f3501e6b9f,claim-bee3b25a4888ad75,sig-ba220952d4d1cdcc,delivered,1,1,1,,
exp-2b33b808a0f8,run-c12d31a0c14e4ea4,claim-bee3b25a4888ad75,sig-ba220952d4d1cdcc,delivered,1,1,1,,
exp-2b33b808a0f8,run-c31fdf2665c43f45,claim-bee3b25a4888ad75,sig-ba220952d4d1cdcc,delivered,1,1,1,,
exp-2b33b808a0f8,run-c6b4be2a2bcc1f45,claim-bee3b25a4888ad75,sig-ba220952d4d1cdcc,delivered,1,1,1,,
exp-2b33b808a0f8,run-cc57ad8a8d2714d7,claim-bee3b25a4888ad75,sig-ba220952d4d1cdcc,delivered,1,1,1,,
exp-2b33b808a0f8,run-cca66c90ef3b41c8,claim-bee3b25a4888ad75,sig-ba220952d4d1cdcc,delivered,1,1,1,,
exp-2b33b808a0f8,run-cf376438c8a0f3d5,claim-bee3b25a4888ad75,sig-ba220952d4d1cdcc,delivered,1,1,1,,
exp-2b33b808a0f8,run-d0fd6be062307c7b,claim-bee3b25a4888ad75,sig-ba220952d4d1cdcc,delivered,1,1,1,,
exp-2b33b808a0f8,run-deef30be3782be8a,claim-bee3b25a4888ad75,sig-ba220952d4d1cdcc,delivered,1,1,1,,
exp-2b33b808a0f8,run-df03869a77162cae,claim-bee3b25a4888ad75,sig-ba220952d4d1cdcc,delivered,1,1,1,,
exp-2b33b808a0f8,run-e08a8eb7877cb862,claim-bee3b25a4888ad75,sig-ba220952d4d1cdcc,delivered,1,1,1,,
exp-2b33b808a0f8,run-e302498980455d8f,claim-bee3b25a4888ad75,sig-ba220952d4d1cdcc,delivered,1,1,1,,
exp-2b33b808a0f8,run-ed9ded3530a007da,claim-bee3b25a4888ad75,sig-ba220952d4d1cdcc,delivered,1,1,1,,
exp-2b33b808a0f8,run-f1da5d7783f85774,claim-bee3b25a4888ad75,sig-ba220952d4d1cdcc,delivered,1,1,1,,
exp-2b33b808a0f8,run-fa92f9e908dcd179,claim-bee3b25a4888ad75,sig-ba220952d4d1cdcc,delivered,1,1,1,,
exp-2b33b808a0f8,run-fea9b296c7fc9671,claim-bee3b25a4888ad75,sig-ba220952d4d1cdcc,delivered,1,1,1,,
exp-2b33b808a0f8,run-54dfa16175253c38,claim-9768387ff49db430,sig-ba9643128cf3d4b0,delivered,1,1,1,,
exp-2b33b808a0f8,run-6d394564f18187f9,claim-9768387ff49db430,sig-ba9643128cf3d4b0,delivered,1,1,1,,
exp-2b33b808a0f8,run-e08a8eb7877cb862,claim-9768387ff49db430,sig-ba9643128cf3d4b0,delivered,1,1,1,,
exp-2b33b808a0f8,run-36f70902baf2605c,claim-b6d4a2ac88c6cb7e,sig-ba9b30bd2ccf180a,delivered,1,1,1,,
exp-2b33b808a0f8,run-bad7bc9b35ba648e,claim-b6d4a2ac88c6cb7e,sig-ba9b30bd2ccf180a,delivered,1,1,1,,
exp-2b33b808a0f8,run-ee78a1a347e718c6,claim-b6d4a2ac88c6cb7e,sig-ba9b30bd2ccf180a,delivered,1,1,1,,
exp-2b33b808a0f8,run-07debd3836121a4c,claim-7d01f98ac4ababb2,sig-baf128b6ce2796bf,delivered,1,1,1,,
exp-2b33b808a0f8,run-19ef64ede03e3f70,claim-7d01f98ac4ababb2,sig-baf128b6ce2796bf,delivered,1,1,1,,
exp-2b33b808a0f8,run-3d2d41ba2235d5fd,claim-7d01f98ac4ababb2,sig-baf128b6ce2796bf,delivered,1,1,1,,
exp-2b33b808a0f8,run-598aaa80449e6816,claim-7d01f98ac4ababb2,sig-baf128b6ce2796bf,delivered,1,1,1,,
exp-2b33b808a0f8,run-e791d1ca36891afd,claim-7d01f98ac4ababb2,sig-baf128b6ce2796bf,delivered,1,1,1,,
exp-2b33b808a0f8,run-eac9a626a1d8c14b,claim-7d01f98ac4ababb2,sig-baf128b6ce2796bf,delivered,1,1,1,,
exp-2b33b808a0f8,run-0150d84e23782b10,claim-7803ebeefceccf40,sig-bb0d6926bb908f51,delivered,1,1,1,,
exp-2b33b808a0f8,run-03911a9fa173759b,claim-7803ebeefceccf40,sig-bb0d6926bb908f51,delivered,1,1,1,,
exp-2b33b808a0f8,run-08239fa79adec9bb,claim-7803ebeefceccf40,sig-bb0d6926bb908f51,delivered,1,1,1,,
exp-2b33b808a0f8,run-0fff7d537f846b2d,claim-7803ebeefceccf40,sig-bb0d6926bb908f51,delivered,1,1,1,,
exp-2b33b808a0f8,run-126bc4b511c1bdab,claim-7803ebeefceccf40,sig-bb0d6926bb908f51,delivered,1,1,1,,
exp-2b33b808a0f8,run-1ccf8759fdd4aeaf,claim-7803ebeefceccf40,sig-bb0d6926bb908f51,delivered,1,1,1,,
exp-2b33b808a0f8,run-1cfdaa86b78a0a26,claim-7803ebeefceccf40,sig-bb0d6926bb908f51,delivered,1,1,1,,
exp-2b33b808a0f8,run-380eeaa24d9d57c1,claim-7803ebeefceccf40,sig-bb0d6926bb908f51,delivered,1,1,1,,
exp-2b33b808a0f8,run-809856b19e987477,claim-7803ebeefceccf40,sig-bb0d6926bb908f51,delivered,1,1,1,,
exp-2b33b808a0f8,run-82121d93599b573f,claim-7803ebeefceccf40,sig-bb0d6926bb908f51,delivered,1,1,1,,
exp-2b33b808a0f8,run-a314881a5962c263,claim-7803ebeefceccf40,sig-bb0d6926bb908f51,delivered,1,1,1,,
exp-2b33b808a0f8,run-c98546e59cb90ee4,claim-7803ebeefceccf40,sig-bb0d6926bb908f51,delivered,1,1,1,,
exp-2b33b808a0f8,run-cf376438c8a0f3d5,claim-7803ebeefceccf40,sig-bb0d6926bb908f51,delivered,1,1,1,,
exp-2b33b808a0f8,run-d96c8c1fd86b590a,claim-7803ebeefceccf40,sig-bb0d6926bb908f51,delivered,1,1,1,,
exp-2b33b808a0f8,run-f3f30df9a4b8d9a5,claim-7803ebeefceccf40,sig-bb0d6926bb908f51,delivered,1,1,1,,
exp-2b33b808a0f8,run-0150d84e23782b10,claim-00f3e2800d2e6a11,sig-bb232302874ba5c2,delivered,1,1,1,,
exp-2b33b808a0f8,run-13afd1c7ef164da6,claim-00f3e2800d2e6a11,sig-bb232302874ba5c2,delivered,1,1,1,,
exp-2b33b808a0f8,run-1ccf8759fdd4aeaf,claim-00f3e2800d2e6a11,sig-bb232302874ba5c2,delivered,1,1,1,,
exp-2b33b808a0f8,run-299407f942ccfe44,claim-00f3e2800d2e6a11,sig-bb232302874ba5c2,delivered,1,1,1,,
exp-2b33b808a0f8,run-380eeaa24d9d57c1,claim-00f3e2800d2e6a11,sig-bb232302874ba5c2,delivered,1,1,1,,
exp-2b33b808a0f8,run-54dfa16175253c38,claim-00f3e2800d2e6a11,sig-bb232302874ba5c2,delivered,1,1,1,,
exp-2b33b808a0f8,run-622791b4d7dc0c20,claim-00f3e2800d2e6a11,sig-bb232302874ba5c2,delivered,1,1,1,,
exp-2b33b808a0f8,run-6d394564f18187f9,claim-00f3e2800d2e6a11,sig-bb232302874ba5c2,delivered,1,1,1,,
exp-2b33b808a0f8,run-802196ca10c28e03,claim-00f3e2800d2e6a11,sig-bb232302874ba5c2,delivered,1,1,1,,
exp-2b33b808a0f8,run-a314881a5962c263,claim-00f3e2800d2e6a11,sig-bb232302874ba5c2,delivered,1,1,1,,
exp-2b33b808a0f8,run-cb26f0bc1de44dfe,claim-00f3e2800d2e6a11,sig-bb232302874ba5c2,delivered,1,1,1,,
exp-2b33b808a0f8,run-cf376438c8a0f3d5,claim-00f3e2800d2e6a11,sig-bb232302874ba5c2,delivered,1,1,1,,
exp-2b33b808a0f8,run-e08a8eb7877cb862,claim-00f3e2800d2e6a11,sig-bb232302874ba5c2,delivered,1,1,1,,
exp-2b33b808a0f8,run-fad00c5c2a4305ab,claim-00f3e2800d2e6a11,sig-bb232302874ba5c2,delivered,1,1,1,,
exp-2b33b808a0f8,run-2231a5437da60871,claim-ef828760ca9f54b1,sig-bb95c33e9ae9e020,delivered,1,1,1,,
exp-2b33b808a0f8,run-36dc5599241ff74c,claim-ef828760ca9f54b1,sig-bb95c33e9ae9e020,delivered,1,1,1,,
exp-2b33b808a0f8,run-54dd198bde19e6cf,claim-ef828760ca9f54b1,sig-bb95c33e9ae9e020,delivered,1,1,1,,
exp-2b33b808a0f8,run-54dfa16175253c38,claim-ef828760ca9f54b1,sig-bb95c33e9ae9e020,delivered,1,1,1,,
exp-2b33b808a0f8,run-6d394564f18187f9,claim-ef828760ca9f54b1,sig-bb95c33e9ae9e020,delivered,1,1,1,,
exp-2b33b808a0f8,run-802196ca10c28e03,claim-ef828760ca9f54b1,sig-bb95c33e9ae9e020,delivered,1,1,1,,
exp-2b33b808a0f8,run-e08a8eb7877cb862,claim-ef828760ca9f54b1,sig-bb95c33e9ae9e020,delivered,1,1,1,,
exp-2b33b808a0f8,run-eb3dc172de7476ad,claim-ef828760ca9f54b1,sig-bb95c33e9ae9e020,delivered,1,1,1,,
exp-2b33b808a0f8,run-fad00c5c2a4305ab,claim-ef828760ca9f54b1,sig-bb95c33e9ae9e020,delivered,1,1,1,,
exp-2b33b808a0f8,run-b89fda5b70005cab,claim-deaeecc139e13b15,sig-bb992e2196274478,delivered,1,1,1,,
exp-2b33b808a0f8,run-d9ecb9bb93d66dae,claim-deaeecc139e13b15,sig-bb992e2196274478,delivered,1,1,1,,
exp-2b33b808a0f8,run-e2b8b5101f670dfe,claim-deaeecc139e13b15,sig-bb992e2196274478,delivered,1,1,1,,
exp-2b33b808a0f8,run-54dfa16175253c38,claim-cf796aaf655aee3a,sig-bc1bb8411b844fdb,delivered,1,1,1,,
exp-2b33b808a0f8,run-6d394564f18187f9,claim-cf796aaf655aee3a,sig-bc1bb8411b844fdb,delivered,1,1,1,,
exp-2b33b808a0f8,run-e08a8eb7877cb862,claim-cf796aaf655aee3a,sig-bc1bb8411b844fdb,delivered,1,1,1,,
exp-2b33b808a0f8,run-05d091d23664cc1e,claim-2e2fae8777cbdcd0,sig-bc610485bc2892c4,delivered,1,1,1,,
exp-2b33b808a0f8,run-07debd3836121a4c,claim-2e2fae8777cbdcd0,sig-bc610485bc2892c4,delivered,1,1,1,,
exp-2b33b808a0f8,run-156a83b4e0f32cfa,claim-2e2fae8777cbdcd0,sig-bc610485bc2892c4,delivered,1,1,1,,
exp-2b33b808a0f8,run-19ef64ede03e3f70,claim-2e2fae8777cbdcd0,sig-bc610485bc2892c4,delivered,1,1,1,,
exp-2b33b808a0f8,run-1d989b2933796a16,claim-2e2fae8777cbdcd0,sig-bc610485bc2892c4,delivered,1,1,1,,
exp-2b33b808a0f8,run-382a40867248c3e0,claim-2e2fae8777cbdcd0,sig-bc610485bc2892c4,delivered,1,1,1,,
exp-2b33b808a0f8,run-3d2d41ba2235d5fd,claim-2e2fae8777cbdcd0,sig-bc610485bc2892c4,delivered,1,1,1,,
exp-2b33b808a0f8,run-3ee3b3533922c3cd,claim-2e2fae8777cbdcd0,sig-bc610485bc2892c4,delivered,1,1,1,,
exp-2b33b808a0f8,run-598aaa80449e6816,claim-2e2fae8777cbdcd0,sig-bc610485bc2892c4,delivered,1,1,1,,
exp-2b33b808a0f8,run-7dfc02679606cd15,claim-2e2fae8777cbdcd0,sig-bc610485bc2892c4,delivered,1,1,1,,
exp-2b33b808a0f8,run-bf37e2d5cbe4f3b9,claim-2e2fae8777cbdcd0,sig-bc610485bc2892c4,delivered,1,1,1,,
exp-2b33b808a0f8,run-cb9e6b2ad617099c,claim-2e2fae8777cbdcd0,sig-bc610485bc2892c4,delivered,1,1,1,,
exp-2b33b808a0f8,run-e791d1ca36891afd,claim-2e2fae8777cbdcd0,sig-bc610485bc2892c4,delivered,1,1,1,,
exp-2b33b808a0f8,run-eac9a626a1d8c14b,claim-2e2fae8777cbdcd0,sig-bc610485bc2892c4,delivered,1,1,1,,
exp-2b33b808a0f8,run-efdb047898d3bc26,claim-2e2fae8777cbdcd0,sig-bc610485bc2892c4,delivered,1,1,1,,
exp-2b33b808a0f8,run-1619336f4c8443db,claim-6239ea5fb6c4769f,sig-bcaa543d92938c52,delivered,1,1,1,,
exp-2b33b808a0f8,run-2c80b667b1e14131,claim-6239ea5fb6c4769f,sig-bcaa543d92938c52,delivered,1,1,1,,
exp-2b33b808a0f8,run-3077d26358e3e6c2,claim-6239ea5fb6c4769f,sig-bcaa543d92938c52,delivered,1,1,1,,
exp-2b33b808a0f8,run-7c7ff2af92c151e9,claim-6239ea5fb6c4769f,sig-bcaa543d92938c52,delivered,1,1,1,,
exp-2b33b808a0f8,run-a6aad9d55897ddf3,claim-6239ea5fb6c4769f,sig-bcaa543d92938c52,delivered,1,1,1,,
exp-2b33b808a0f8,run-c898b60149672477,claim-6239ea5fb6c4769f,sig-bcaa543d92938c52,delivered,1,1,1,,
exp-2b33b808a0f8,run-d60faf210ac29cea,claim-6239ea5fb6c4769f,sig-bcaa543d92938c52,delivered,1,1,1,,
exp-2b33b808a0f8,run-f5d02c54d049405c,claim-6239ea5fb6c4769f,sig-bcaa543d92938c52,delivered,1,1,1,,
exp-2b33b808a0f8,run-fde91c8a36f73bc9,claim-6239ea5fb6c4769f,sig-bcaa543d92938c52,delivered,1,1,1,,
exp-2b33b808a0f8,run-36f70902baf2605c,claim-bd00392803c84347,sig-bcc66d63716b176c,delivered,1,1,1,,
exp-2b33b808a0f8,run-ebcbbda81e609372,claim-bd00392803c84347,sig-bcc66d63716b176c,delivered,1,1,1,,
exp-2b33b808a0f8,run-53706f05bed87dad,claim-31eff13277811272,sig-bd20d8cd33691d57,delivered,1,1,1,,
exp-2b33b808a0f8,run-581d182fa373e4a8,claim-31eff13277811272,sig-bd20d8cd33691d57,delivered,1,1,1,,
exp-2b33b808a0f8,run-581e601a136ff413,claim-31eff13277811272,sig-bd20d8cd33691d57,delivered,1,1,1,,
exp-2b33b808a0f8,run-9ddf9be03d779768,claim-31eff13277811272,sig-bd20d8cd33691d57,delivered,1,1,1,,
exp-2b33b808a0f8,run-a34dc91443138554,claim-31eff13277811272,sig-bd20d8cd33691d57,delivered,1,1,1,,
exp-2b33b808a0f8,run-c12d31a0c14e4ea4,claim-31eff13277811272,sig-bd20d8cd33691d57,delivered,1,1,1,,
exp-2b33b808a0f8,run-cca66c90ef3b41c8,claim-31eff13277811272,sig-bd20d8cd33691d57,delivered,1,1,1,,
exp-2b33b808a0f8,run-ed9ded3530a007da,claim-31eff13277811272,sig-bd20d8cd33691d57,delivered,1,1,1,,
exp-2b33b808a0f8,run-f1da5d7783f85774,claim-31eff13277811272,sig-bd20d8cd33691d57,delivered,1,1,1,,
exp-2b33b808a0f8,run-b7f8311340d0f5c0,claim-db26908ee23ea4ac,sig-bd38cd53c07d84e6,delivered,1,1,1,,
exp-2b33b808a0f8,run-e09a9c6c7fbe74db,claim-db26908ee23ea4ac,sig-bd38cd53c07d84e6,delivered,1,1,1,,
exp-2b33b808a0f8,run-ea2e4f2c800425a8,claim-db26908ee23ea4ac,sig-bd38cd53c07d84e6,delivered,1,1,1,,
exp-2b33b808a0f8,run-17af457d3e773d12,claim-44f7dd23e9cb2907,sig-bd9a279ea58f60ba,delivered,1,1,1,,
exp-2b33b808a0f8,run-1b7414577607656b,claim-44f7dd23e9cb2907,sig-bd9a279ea58f60ba,delivered,1,1,1,,
exp-2b33b808a0f8,run-30a6c9b3eb5dce42,claim-44f7dd23e9cb2907,sig-bd9a279ea58f60ba,delivered,1,1,1,,
exp-2b33b808a0f8,run-3996e6744fffc569,claim-44f7dd23e9cb2907,sig-bd9a279ea58f60ba,delivered,1,1,1,,
exp-2b33b808a0f8,run-40302b8b799e3bf1,claim-44f7dd23e9cb2907,sig-bd9a279ea58f60ba,delivered,1,1,1,,
exp-2b33b808a0f8,run-5e07d16f1f5b2987,claim-44f7dd23e9cb2907,sig-bd9a279ea58f60ba,delivered,1,1,1,,
exp-2b33b808a0f8,run-68434cd370855dde,claim-44f7dd23e9cb2907,sig-bd9a279ea58f60ba,delivered,1,1,1,,
exp-2b33b808a0f8,run-6c88b2e46218c519,claim-44f7dd23e9cb2907,sig-bd9a279ea58f60ba,delivered,1,1,1,,
exp-2b33b808a0f8,run-760ccd016850aaab,claim-44f7dd23e9cb2907,sig-bd9a279ea58f60ba,delivered,1,1,1,,
exp-2b33b808a0f8,run-81291fb5e9520a72,claim-44f7dd23e9cb2907,sig-bd9a279ea58f60ba,delivered,1,1,1,,
exp-2b33b808a0f8,run-a43e1603dbdaba0d,claim-44f7dd23e9cb2907,sig-bd9a279ea58f60ba,delivered,1,1,1,,
exp-2b33b808a0f8,run-d079e2109bf6da9a,claim-44f7dd23e9cb2907,sig-bd9a279ea58f60ba,delivered,1,1,1,,
exp-2b33b808a0f8,run-f1776cca757489d5,claim-44f7dd23e9cb2907,sig-bd9a279ea58f60ba,delivered,1,1,1,,
exp-2b33b808a0f8,run-f55733a3b9a826e4,claim-44f7dd23e9cb2907,sig-bd9a279ea58f60ba,delivered,1,1,1,,
exp-2b33b808a0f8,run-60c27be7bfd13181,claim-39473ea2ca61fe49,sig-be446a856bf8454c,delivered,1,1,1,,
exp-2b33b808a0f8,run-9fd3eacdb49f1187,claim-39473ea2ca61fe49,sig-be446a856bf8454c,delivered,1,1,1,,
exp-2b33b808a0f8,run-06c033c5a4b3310b,claim-cf3d503aff23024d,sig-bee2ac852c0aa8ed,delivered,1,1,1,,
exp-2b33b808a0f8,run-f4f7ab268273a712,claim-cf3d503aff23024d,sig-bee2ac852c0aa8ed,delivered,1,1,1,,
exp-2b33b808a0f8,run-f8a130cde8a86849,claim-cf3d503aff23024d,sig-bee2ac852c0aa8ed,delivered,1,1,1,,
exp-2b33b808a0f8,run-9e13e54cda7d586a,claim-1a2b604110debe4a,sig-bf2728a67e85be84,dropped,1,1,0,,
exp-2b33b808a0f8,run-b6164e0a3c9ee1c7,claim-1a2b604110debe4a,sig-bf2728a67e85be84,dropped,1,1,0,,
exp-2b33b808a0f8,run-bdbb3ee62a506ea8,claim-1a2b604110debe4a,sig-bf2728a67e85be84,dropped,1,1,0,,
exp-2b33b808a0f8,run-1654ed83a69b048a,claim-60b8fca5c380fe3b,sig-bff51f7d078efbc2,delivered,1,1,1,,
exp-2b33b808a0f8,run-3df61f770d52dd70,claim-60b8fca5c380fe3b,sig-bff51f7d078efbc2,delivered,1,1,1,,
exp-2b33b808a0f8,run-4171e29a7613b1bb,claim-60b8fca5c380fe3b,sig-bff51f7d078efbc2,delivered,1,1,1,,
exp-2b33b808a0f8,run-48d6ce857c49a2d2,claim-60b8fca5c380fe3b,sig-bff51f7d078efbc2,delivered,1,1,1,,
exp-2b33b808a0f8,run-4cfc7acc42bc677f,claim-60b8fca5c380fe3b,sig-bff51f7d078efbc2,delivered,1,1,1,,
exp-2b33b808a0f8,run-8283757cadda12d5,claim-60b8fca5c380fe3b,sig-bff51f7d078efbc2,delivered,1,1,1,,
exp-2b33b808a0f8,run-a191e82fe0552ab5,claim-60b8fca5c380fe3b,sig-bff51f7d078efbc2,delivered,1,1,1,,
exp-2b33b808a0f8,run-b13893f95aaaa626,claim-60b8fca5c380fe3b,sig-bff51f7d078efbc2,delivered,1,1,1,,
exp-2b33b808a0f8,run-b89fda5b70005cab,claim-60b8fca5c380fe3b,sig-bff51f7d078efbc2,delivered,1,1,1,,
exp-2b33b808a0f8,run-d9ecb9bb93d66dae,claim-60b8fca5c380fe3b,sig-bff51f7d078efbc2,delivered,1,1,1,,
exp-2b33b808a0f8,run-e2b8b5101f670dfe,claim-60b8fca5c380fe3b,sig-bff51f7d078efbc2,delivered,1,1,1,,
exp-2b33b808a0f8,run-fe5d76e33ccd3a62,claim-60b8fca5c380fe3b,sig-bff51f7d078efbc2,delivered,1,1,1,,
exp-2b33b808a0f8,run-06c033c5a4b3310b,claim-a3871b4ffae43db5,sig-c12215d7c820e42f,delivered,1,1,1,,
exp-2b33b808a0f8,run-326bfbb0f8ea7d96,claim-a3871b4ffae43db5,sig-c12215d7c820e42f,delivered,1,1,1,,
exp-2b33b808a0f8,run-33025bf9675b9c53,claim-a3871b4ffae43db5,sig-c12215d7c820e42f,delivered,1,1,1,,
exp-2b33b808a0f8,run-3ca09ee4663ee36e,claim-a3871b4ffae43db5,sig-c12215d7c820e42f,delivered,1,1,1,,
exp-2b33b808a0f8,run-50b2b7111a212006,claim-a3871b4ffae43db5,sig-c12215d7c820e42f,delivered,1,1,1,,
exp-2b33b808a0f8,run-652d659454d8ad9e,claim-a3871b4ffae43db5,sig-c12215d7c820e42f,delivered,1,1,1,,
exp-2b33b808a0f8,run-688fc7e2f44ed2f2,claim-a3871b4ffae43db5,sig-c12215d7c820e42f,delivered,1,1,1,,
exp-2b33b808a0f8,run-6fc1c1ab955868bf,claim-a3871b4ffae43db5,sig-c12215d7c820e42f,delivered,1,1,1,,
exp-2b33b808a0f8,run-745eb0d732d3c8be,claim-a3871b4ffae43db5,sig-c12215d7c820e42f,delivered,1,1,1,,
exp-2b33b808a0f8,run-755195f7318a0011,claim-a3871b4ffae43db5,sig-c12215d7c820e42f,delivered,1,1,1,,
exp-2b33b808a0f8,run-7ebc93e6754f1bb3,claim-a3871b4ffae43db5,sig-c12215d7c820e42f,delivered,1,1,1,,
exp-2b33b808a0f8,run-85eabeb58e5c97e7,claim-a3871b4ffae43db5,sig-c12215d7c820e42f,delivered,1,1,1,,
exp-2b33b808a0f8,run-87f02234f88d5831,claim-a3871b4ffae43db5,sig-c12215d7c820e42f,delivered,1,1,1,,
exp-2b33b808a0f8,run-8f35f254ebb2acd3,claim-a3871b4ffae43db5,sig-c12215d7c820e42f,delivered,1,1,1,,
exp-2b33b808a0f8,run-ad7e5cf3555f7cf1,claim-a3871b4ffae43db5,sig-c12215d7c820e42f,delivered,1,1,1,,
exp-2b33b808a0f8,run-b7f8311340d0f5c0,claim-a3871b4ffae43db5,sig-c12215d7c820e42f,delivered,1,1,1,,
exp-2b33b808a0f8,run-cbfe7f989bdcbfd8,claim-a3871b4ffae43db5,sig-c12215d7c820e42f,delivered,1,1,1,,
exp-2b33b808a0f8,run-e09a9c6c7fbe74db,claim-a3871b4ffae43db5,sig-c12215d7c820e42f,delivered,1,1,1,,
exp-2b33b808a0f8,run-ea2e4f2c800425a8,claim-a3871b4ffae43db5,sig-c12215d7c820e42f,delivered,1,1,1,,
exp-2b33b808a0f8,run-f0f90499d9da1b0c,claim-a3871b4ffae43db5,sig-c12215d7c820e42f,delivered,1,1,1,,
exp-2b33b808a0f8,run-f4f7ab268273a712,claim-a3871b4ffae43db5,sig-c12215d7c820e42f,delivered,1,1,1,,
exp-2b33b808a0f8,run-f8a130cde8a86849,claim-a3871b4ffae43db5,sig-c12215d7c820e42f,delivered,1,1,1,,
exp-2b33b808a0f8,run-36dc5599241ff74c,claim-4536b758ce2b1e2b,sig-c190a52e424886ab,delivered,1,1,1,,
exp-2b33b808a0f8,run-54dd198bde19e6cf,claim-4536b758ce2b1e2b,sig-c190a52e424886ab,delivered,1,1,1,,
exp-2b33b808a0f8,run-eb3dc172de7476ad,claim-4536b758ce2b1e2b,sig-c190a52e424886ab,delivered,1,1,1,,
exp-2b33b808a0f8,run-26c66a98702e0a01,claim-ea5fbf20aaeaf883,sig-c19a09a969b59dc1,delivered,1,1,1,,
exp-2b33b808a0f8,run-2913a8bf3b14dd18,claim-ea5fbf20aaeaf883,sig-c19a09a969b59dc1,delivered,1,1,1,,
exp-2b33b808a0f8,run-2b307fc83ae74fb5,claim-ea5fbf20aaeaf883,sig-c19a09a969b59dc1,delivered,1,1,1,,
exp-2b33b808a0f8,run-2c5ed9ccf72ab3ff,claim-ea5fbf20aaeaf883,sig-c19a09a969b59dc1,delivered,1,1,1,,
exp-2b33b808a0f8,run-421a9e310b9451d9,claim-ea5fbf20aaeaf883,sig-c19a09a969b59dc1,delivered,1,1,1,,
exp-2b33b808a0f8,run-4be88edbdd58b0b7,claim-ea5fbf20aaeaf883,sig-c19a09a969b59dc1,delivered,1,1,1,,
exp-2b33b808a0f8,run-54c829c9332d7705,claim-ea5fbf20aaeaf883,sig-c19a09a969b59dc1,delivered,1,1,1,,
exp-2b33b808a0f8,run-98bc95649ddb8f4c,claim-ea5fbf20aaeaf883,sig-c19a09a969b59dc1,delivered,1,1,1,,
exp-2b33b808a0f8,run-f31bacd7825a158b,claim-ea5fbf20aaeaf883,sig-c19a09a969b59dc1,delivered,1,1,1,,
exp-2b33b808a0f8,run-1619336f4c8443db,claim-433a0b1af11b4126,sig-c1ed3c7c77a726b4,delivered,1,1,1,,
exp-2b33b808a0f8,run-2c80b667b1e14131,claim-433a0b1af11b4126,sig-c1ed3c7c77a726b4,delivered,1,1,1,,
exp-2b33b808a0f8,run-7c7ff2af92c151e9,claim-433a0b1af11b4126,sig-c1ed3c7c77a726b4,delivered,1,1,1,,
exp-2b33b808a0f8,run-a6aad9d55897ddf3,claim-433a0b1af11b4126,sig-c1ed3c7c77a726b4,delivered,1,1,1,,
exp-2b33b808a0f8,run-c898b60149672477,claim-433a0b1af11b4126,sig-c1ed3c7c77a726b4,delivered,1,1,1,,
exp-2b33b808a0f8,run-d60faf210ac29cea,claim-433a0b1af11b4126,sig-c1ed3c7c77a726b4,delivered,1,1,1,,
exp-2b33b808a0f8,run-f5d02c54d049405c,claim-433a0b1af11b4126,sig-c1ed3c7c77a726b4,delivered,1,1,1,,
exp-2b33b808a0f8,run-fde91c8a36f73bc9,claim-433a0b1af11b4126,sig-c1ed3c7c77a726b4,delivered,1,1,1,,
exp-2b33b808a0f8,run-0ed59ea471f8c823,claim-5d25ddd869dcf8c5,sig-c1fb0455dcb4c891,delivered,1,1,1,,
exp-2b33b808a0f8,run-121bae4857799859,claim-5d25ddd869dcf8c5,sig-c1fb0455dcb4c891,delivered,1,1,1,,
exp-2b33b808a0f8,run-2cd8b7888af1dfd8,claim-5d25ddd869dcf8c5,sig-c1fb0455dcb4c891,delivered,1,1,1,,
exp-2b33b808a0f8,run-4135fc9f33a52631,claim-5d25ddd869dcf8c5,sig-c1fb0455dcb4c891,delivered,1,1,1,,
exp-2b33b808a0f8,run-5f72dfbc37ae3836,claim-5d25ddd869dcf8c5,sig-c1fb0455dcb4c891,delivered,1,1,1,,
exp-2b33b808a0f8,run-5f8c41dc5117d3f7,claim-5d25ddd869dcf8c5,sig-c1fb0455dcb4c891,delivered,1,1,1,,
exp-2b33b808a0f8,run-60c27be7bfd13181,claim-5d25ddd869dcf8c5,sig-c1fb0455dcb4c891,delivered,1,1,1,,
exp-2b33b808a0f8,run-626495f4dbb14cf3,claim-5d25ddd869dcf8c5,sig-c1fb0455dcb4c891,delivered,1,1,1,,
exp-2b33b808a0f8,run-82654eb217e99ef6,claim-5d25ddd869dcf8c5,sig-c1fb0455dcb4c891,delivered,1,1,1,,
exp-2b33b808a0f8,run-8b6a0be310d169fd,claim-5d25ddd869dcf8c5,sig-c1fb0455dcb4c891,delivered,1,1,1,,
exp-2b33b808a0f8,run-8c29734783624630,claim-5d25ddd869dcf8c5,sig-c1fb0455dcb4c891,delivered,1,1,1,,
exp-2b33b808a0f8,run-9fd3eacdb49f1187,claim-5d25ddd869dcf8c5,sig-c1fb0455dcb4c891,delivered,1,1,1,,
exp-2b33b808a0f8,run-a91e83d95f4150ea,claim-5d25ddd869dcf8c5,sig-c1fb0455dcb4c891,delivered,1,1,1,,
exp-2b33b808a0f8,run-aef2c0f3501e6b9f,claim-5d25ddd869dcf8c5,sig-c1fb0455dcb4c891,delivered,1,1,1,,
exp-2b33b808a0f8,run-c31fdf2665c43f45,claim-5d25ddd869dcf8c5,sig-c1fb0455dcb4c891,delivered,1,1,1,,
exp-2b33b808a0f8,run-c6b4be2a2bcc1f45,claim-5d25ddd869dcf8c5,sig-c1fb0455dcb4c891,delivered,1,1,1,,
exp-2b33b808a0f8,run-cc57ad8a8d2714d7,claim-5d25ddd869dcf8c5,sig-c1fb0455dcb4c891,delivered,1,1,1,,
exp-2b33b808a0f8,run-deef30be3782be8a,claim-5d25ddd869dcf8c5,sig-c1fb0455dcb4c891,delivered,1,1,1,,
exp-2b33b808a0f8,run-fa92f9e908dcd179,claim-5d25ddd869dcf8c5,sig-c1fb0455dcb4c891,delivered,1,1,1,,
exp-2b33b808a0f8,run-024c8ebdc05e33a8,claim-b821f04fe480c71f,sig-c24866ecf0bb12ea,delivered,0,1,1,0,
exp-2b33b808a0f8,run-a5cfa0e1e29cea11,claim-b821f04fe480c71f,sig-c24866ecf0bb12ea,delivered,0,1,1,0,
exp-2b33b808a0f8,run-da80cb0756bb72c1,claim-b821f04fe480c71f,sig-c24866ecf0bb12ea,delivered,0,1,1,0,
exp-2b33b808a0f8,run-3996e6744fffc569,claim-cb238dce41ba7c1a,sig-c2813154124fbcc8,delivered,1,1,1,,
exp-2b33b808a0f8,run-6c88b2e46218c519,claim-cb238dce41ba7c1a,sig-c2813154124fbcc8,delivered,1,1,1,,
exp-2b33b808a0f8,run-81291fb5e9520a72,claim-cb238dce41ba7c1a,sig-c2813154124fbcc8,delivered,1,1,1,,
exp-2b33b808a0f8,run-0f9dd47be805d0d2,claim-6cab6194955e3b4d,sig-c28980b91c8a3f82,delivered,1,1,1,,
exp-2b33b808a0f8,run-38e71c05cfcffb71,claim-6cab6194955e3b4d,sig-c28980b91c8a3f82,delivered,1,1,1,,
exp-2b33b808a0f8,run-652d659454d8ad9e,claim-6cab6194955e3b4d,sig-c28980b91c8a3f82,delivered,1,1,1,,
exp-2b33b808a0f8,run-688fc7e2f44ed2f2,claim-6cab6194955e3b4d,sig-c28980b91c8a3f82,delivered,1,1,1,,
exp-2b33b808a0f8,run-6906bd9b7990509a,claim-6cab6194955e3b4d,sig-c28980b91c8a3f82,delivered,1,1,1,,
exp-2b33b808a0f8,run-7ebc93e6754f1bb3,claim-6cab6194955e3b4d,sig-c28980b91c8a3f82,delivered,1,1,1,,
exp-2b33b808a0f8,run-87f02234f88d5831,claim-6cab6194955e3b4d,sig-c28980b91c8a3f82,delivered,1,1,1,,
exp-2b33b808a0f8,run-8f35f254ebb2acd3,claim-6cab6194955e3b4d,sig-c28980b91c8a3f82,delivered,1,1,1,,
exp-2b33b808a0f8,run-b7f8311340d0f5c0,claim-6cab6194955e3b4d,sig-c28980b91c8a3f82,delivered,1,1,1,,
exp-2b33b808a0f8,run-cbfe7f989bdcbfd8,claim-6cab6194955e3b4d,sig-c28980b91c8a3f82,delivered,1,1,1,,
exp-2b33b808a0f8,run-e09a9c6c7fbe74db,claim-6cab6194955e3b4d,sig-c28980b91c8a3f82,delivered,1,1,1,,
exp-2b33b808a0f8,run-ea2e4f2c800425a8,claim-6cab6194955e3b4d,sig-c28980b91c8a3f82,delivered,1,1,1,,
exp-2b33b808a0f8,run-1619336f4c8443db,claim-ec1e9957d88aea7e,sig-c2f6daf2308ca848,delivered,1,1,1,,
exp-2b33b808a0f8,run-2c80b667b1e14131,claim-ec1e9957d88aea7e,sig-c2f6daf2308ca848,delivered,1,1,1,,
exp-2b33b808a0f8,run-3077d26358e3e6c2,claim-ec1e9957d88aea7e,sig-c2f6daf2308ca848,delivered,1,1,1,,
exp-2b33b808a0f8,run-7c7ff2af92c151e9,claim-ec1e9957d88aea7e,sig-c2f6daf2308ca848,delivered,1,1,1,,
exp-2b33b808a0f8,run-a6aad9d55897ddf3,claim-ec1e9957d88aea7e,sig-c2f6daf2308ca848,delivered,1,1,1,,
exp-2b33b808a0f8,run-c898b60149672477,claim-ec1e9957d88aea7e,sig-c2f6daf2308ca848,delivered,1,1,1,,
exp-2b33b808a0f8,run-d60faf210ac29cea,claim-ec1e9957d88aea7e,sig-c2f6daf2308ca848,delivered,1,1,1,,
exp-2b33b808a0f8,run-f5d02c54d049405c,claim-ec1e9957d88aea7e,sig-c2f6daf2308ca848,delivered,1,1,1,,
exp-2b33b808a0f8,run-fde91c8a36f73bc9,claim-ec1e9957d88aea7e,sig-c2f6daf2308ca848,delivered,1,1,1,,
exp-2b33b808a0f8,run-00852482d4b4c234,claim-6553f84983e59d95,sig-c33553d1eb3b636a,delivered,0,0,1,,
exp-2b33b808a0f8,run-0b241366a68aba6a,claim-6553f84983e59d95,sig-c33553d1eb3b636a,delivered,0,0,1,,
exp-2b33b808a0f8,run-0b43fa2950981ced,claim-6553f84983e59d95,sig-c33553d1eb3b636a,delivered,0,0,1,,
exp-2b33b808a0f8,run-12fb92d02cac28d4,claim-6553f84983e59d95,sig-c33553d1eb3b636a,delivered,0,0,1,,
exp-2b33b808a0f8,run-151b3dd024910f90,claim-6553f84983e59d95,sig-c33553d1eb3b636a,delivered,0,0,1,,
exp-2b33b808a0f8,run-232de825d4745424,claim-6553f84983e59d95,sig-c33553d1eb3b636a,delivered,0,0,1,,
exp-2b33b808a0f8,run-2813894979f3f4f6,claim-6553f84983e59d95,sig-c33553d1eb3b636a,delivered,0,0,1,,
exp-2b33b808a0f8,run-2b7de8cfa05c2685,claim-6553f84983e59d95,sig-c33553d1eb3b636a,delivered,0,0,1,,
exp-2b33b808a0f8,run-3c31f70eb83b2a7b,claim-6553f84983e59d95,sig-c33553d1eb3b636a,delivered,0,0,1,,
exp-2b33b808a0f8,run-43c4da5d1e40deed,claim-6553f84983e59d95,sig-c33553d1eb3b636a,delivered,0,0,1,,
exp-2b33b808a0f8,run-4c1ebcfbe4f53149,claim-6553f84983e59d95,sig-c33553d1eb3b636a,delivered,0,0,1,,
exp-2b33b808a0f8,run-4e1f40a2ad2c8126,claim-6553f84983e59d95,sig-c33553d1eb3b636a,delivered,0,0,1,,
exp-2b33b808a0f8,run-687c36eb4319093b,claim-6553f84983e59d95,sig-c33553d1eb3b636a,delivered,0,0,1,,
exp-2b33b808a0f8,run-6a5ea73285e50401,claim-6553f84983e59d95,sig-c33553d1eb3b636a,delivered,0,0,1,,
exp-2b33b808a0f8,run-842fb0083a059689,claim-6553f84983e59d95,sig-c33553d1eb3b636a,delivered,0,0,1,,
exp-2b33b808a0f8,run-8afa7a95f562dcea,claim-6553f84983e59d95,sig-c33553d1eb3b636a,delivered,0,0,1,,
exp-2b33b808a0f8,run-941a417fbfa17bc2,claim-6553f84983e59d95,sig-c33553d1eb3b636a,delivered,0,0,1,,
exp-2b33b808a0f8,run-978c7a8b98891c5e,claim-6553f84983e59d95,sig-c33553d1eb3b636a,delivered,0,0,1,,
exp-2b33b808a0f8,run-a42244e03c1b1264,claim-6553f84983e59d95,sig-c33553d1eb3b636a,delivered,0,0,1,,
exp-2b33b808a0f8,run-ad742266be315739,claim-6553f84983e59d95,sig-c33553d1eb3b636a,delivered,0,0,1,,
exp-2b33b808a0f8,run-c256df132aaf443e,claim-6553f84983e59d95,sig-c33553d1eb3b636a,delivered,0,0,1,,
exp-2b33b808a0f8,run-d5391398dafa86db,claim-6553f84983e59d95,sig-c33553d1eb3b636a,delivered,0,0,1,,
exp-2b33b808a0f8,run-d6bc8b2743ea5575,claim-6553f84983e59d95,sig-c33553d1eb3b636a,delivered,0,0,1,,
exp-2b33b808a0f8,run-f183f5c9ad2b506d,claim-6553f84983e59d95,sig-c33553d1eb3b636a,delivered,0,0,1,,
exp-2b33b808a0f8,run-85eabeb58e5c97e7,claim-29eb842d86591c20,sig-c3d741fbaf2df339,delivered,1,1,1,,
exp-2b33b808a0f8,run-156a83b4e0f32cfa,claim-4252293b9c5df619,sig-c41369078fe5208d,delivered,1,1,1,,
exp-2b33b808a0f8,run-19ef64ede03e3f70,claim-4252293b9c5df619,sig-c41369078fe5208d,delivered,1,1,1,,
exp-2b33b808a0f8,run-1d989b2933796a16,claim-4252293b9c5df619,sig-c41369078fe5208d,delivered,1,1,1,,
exp-2b33b808a0f8,run-374dc2e21f594ec4,claim-4252293b9c5df619,sig-c41369078fe5208d,delivered,1,1,1,,
exp-2b33b808a0f8,run-382a40867248c3e0,claim-4252293b9c5df619,sig-c41369078fe5208d,delivered,1,1,1,,
exp-2b33b808a0f8,run-3ee3b3533922c3cd,claim-4252293b9c5df619,sig-c41369078fe5208d,delivered,1,1,1,,
exp-2b33b808a0f8,run-5f9908a782b1c6e3,claim-4252293b9c5df619,sig-c41369078fe5208d,delivered,1,1,1,,
exp-2b33b808a0f8,run-6ddc9f9b58c14914,claim-4252293b9c5df619,sig-c41369078fe5208d,delivered,1,1,1,,
exp-2b33b808a0f8,run-7b8861c80024d738,claim-4252293b9c5df619,sig-c41369078fe5208d,delivered,1,1,1,,
exp-2b33b808a0f8,run-82a20b31b2b8e7ef,claim-4252293b9c5df619,sig-c41369078fe5208d,delivered,1,1,1,,
exp-2b33b808a0f8,run-bf37e2d5cbe4f3b9,claim-4252293b9c5df619,sig-c41369078fe5208d,delivered,1,1,1,,
exp-2b33b808a0f8,run-cacf78bafbbad965,claim-4252293b9c5df619,sig-c41369078fe5208d,delivered,1,1,1,,
exp-2b33b808a0f8,run-cec16e049668dcae,claim-4252293b9c5df619,sig-c41369078fe5208d,delivered,1,1,1,,
exp-2b33b808a0f8,run-e791d1ca36891afd,claim-4252293b9c5df619,sig-c41369078fe5208d,delivered,1,1,1,,
exp-2b33b808a0f8,run-efdb047898d3bc26,claim-4252293b9c5df619,sig-c41369078fe5208d,delivered,1,1,1,,
exp-2b33b808a0f8,run-fd0875ba4dfb44d6,claim-4252293b9c5df619,sig-c41369078fe5208d,delivered,1,1,1,,
exp-2b33b808a0f8,run-5db7b7d90d3ff8ce,claim-0ec1951b3ffdeff2,sig-c460ee13094a6f51,delivered,1,1,1,,
exp-2b33b808a0f8,run-67793a64b66d5a38,claim-0ec1951b3ffdeff2,sig-c460ee13094a6f51,delivered,1,1,1,,
exp-2b33b808a0f8,run-7f00802c340e2617,claim-0ec1951b3ffdeff2,sig-c460ee13094a6f51,delivered,1,1,1,,
exp-2b33b808a0f8,run-92029ec55433f4ad,claim-0ec1951b3ffdeff2,sig-c460ee13094a6f51,delivered,1,1,1,,
exp-2b33b808a0f8,run-cf74c3eb23037fe3,claim-0ec1951b3ffdeff2,sig-c460ee13094a6f51,delivered,1,1,1,,
exp-2b33b808a0f8,run-326bfbb0f8ea7d96,claim-f9a87bf69c698dcd,sig-c4fe0d8ab7e99ca7,delivered,1,1,1,,
exp-2b33b808a0f8,run-745eb0d732d3c8be,claim-f9a87bf69c698dcd,sig-c4fe0d8ab7e99ca7,delivered,1,1,1,,
exp-2b33b808a0f8,run-85eabeb58e5c97e7,claim-f9a87bf69c698dcd,sig-c4fe0d8ab7e99ca7,delivered,1,1,1,,
exp-2b33b808a0f8,run-ad7e5cf3555f7cf1,claim-f9a87bf69c698dcd,sig-c4fe0d8ab7e99ca7,delivered,1,1,1,,
exp-2b33b808a0f8,run-86e0fb3cb34a86b9,claim-31e4d80cf6e7167a,sig-c5ad61ef72783ac1,delivered,1,1,1,,
exp-2b33b808a0f8,run-c5596c6cf2999ecc,claim-31e4d80cf6e7167a,sig-c5ad61ef72783ac1,delivered,1,1,1,,
exp-2b33b808a0f8,run-cbf903a67be76d0a,claim-31e4d80cf6e7167a,sig-c5ad61ef72783ac1,delivered,1,1,1,,
exp-2b33b808a0f8,run-0150d84e23782b10,claim-ace0630cd07c00a5,sig-c5c64219a51d938a,delivered,1,1,1,,
exp-2b33b808a0f8,run-03911a9fa173759b,claim-ace0630cd07c00a5,sig-c5c64219a51d938a,delivered,1,1,1,,
exp-2b33b808a0f8,run-08239fa79adec9bb,claim-ace0630cd07c00a5,sig-c5c64219a51d938a,delivered,1,1,1,,
exp-2b33b808a0f8,run-08eb0ce23ff8c058,claim-ace0630cd07c00a5,sig-c5c64219a51d938a,delivered,1,1,1,,
exp-2b33b808a0f8,run-0ed59ea471f8c823,claim-ace0630cd07c00a5,sig-c5c64219a51d938a,delivered,1,1,1,,
exp-2b33b808a0f8,run-0fff7d537f846b2d,claim-ace0630cd07c00a5,sig-c5c64219a51d938a,delivered,1,1,1,,
exp-2b33b808a0f8,run-121bae4857799859,claim-ace0630cd07c00a5,sig-c5c64219a51d938a,delivered,1,1,1,,
exp-2b33b808a0f8,run-126bc4b511c1bdab,claim-ace0630cd07c00a5,sig-c5c64219a51d938a,delivered,1,1,1,,
exp-2b33b808a0f8,run-169749d452c80c28,claim-ace0630cd07c00a5,sig-c5c64219a51d938a,delivered,1,1,1,,
exp-2b33b808a0f8,run-1ccf8759fdd4aeaf,claim-ace0630cd07c00a5,sig-c5c64219a51d938a,delivered,1,1,1,,
exp-2b33b808a0f8,run-1cfdaa86b78a0a26,claim-ace0630cd07c00a5,sig-c5c64219a51d938a,delivered,1,1,1,,
exp-2b33b808a0f8,run-22c666cf37db328f,claim-ace0630cd07c00a5,sig-c5c64219a51d938a,delivered,1,1,1,,
exp-2b33b808a0f8,run-25eaa2510fbfbaff,claim-ace0630cd07c00a5,sig-c5c64219a51d938a,delivered,1,1,1,,
exp-2b33b808a0f8,run-26c66a98702e0a01,claim-ace0630cd07c00a5,sig-c5c64219a51d938a,delivered,1,1,1,,
exp-2b33b808a0f8,run-2a9c3ec6dd6e9d8f,claim-ace0630cd07c00a5,sig-c5c64219a51d938a,delivered,1,1,1,,
exp-2b33b808a0f8,run-2b307fc83ae74fb5,claim-ace0630cd07c00a5,sig-c5c64219a51d938a,delivered,1,1,1,,
exp-2b33b808a0f8,run-2cd8b7888af1dfd8,claim-ace0630cd07c00a5,sig-c5c64219a51d938a,delivered,1,1,1,,
exp-2b33b808a0f8,run-31ef47d02bf73873,claim-ace0630cd07c00a5,sig-c5c64219a51d938a,delivered,1,1,1,,
exp-2b33b808a0f8,run-374dc2e21f594ec4,claim-ace0630cd07c00a5,sig-c5c64219a51d938a,delivered,1,1,1,,
exp-2b33b808a0f8,run-380eeaa24d9d57c1,claim-ace0630cd07c00a5,sig-c5c64219a51d938a,delivered,1,1,1,,
exp-2b33b808a0f8,run-3e6218c854422e8d,claim-ace0630cd07c00a5,sig-c5c64219a51d938a,delivered,1,1,1,,
exp-2b33b808a0f8,run-4135fc9f33a52631,claim-ace0630cd07c00a5,sig-c5c64219a51d938a,delivered,1,1,1,,
exp-2b33b808a0f8,run-48010f9c27336ede,claim-ace0630cd07c00a5,sig-c5c64219a51d938a,delivered,1,1,1,,
exp-2b33b808a0f8,run-53706f05bed87dad,claim-ace0630cd07c00a5,sig-c5c64219a51d938a,delivered,1,1,1,,
exp-2b33b808a0f8,run-54c829c9332d7705,claim-ace0630cd07c00a5,sig-c5c64219a51d938a,delivered,1,1,1,,
exp-2b33b808a0f8,run-581d182fa373e4a8,claim-ace0630cd07c00a5,sig-c5c64219a51d938a,delivered,1,1,1,,
exp-2b33b808a0f8,run-581e601a136ff413,claim-ace0630cd07c00a5,sig-c5c64219a51d938a,delivered,1,1,1,,
exp-2b33b808a0f8,run-5f8c41dc5117d3f7,claim-ace0630cd07c00a5,sig-c5c64219a51d938a,delivered,1,1,1,,
exp-2b33b808a0f8,run-5f9908a782b1c6e3,claim-ace0630cd07c00a5,sig-c5c64219a51d938a,delivered,1,1,1,,
exp-2b33b808a0f8,run-602d62632c3acac1,claim-ace0630cd07c00a5,sig-c5c64219a51d938a,delivered,1,1,1,,
exp-2b33b808a0f8,run-62573029114c0f29,claim-ace0630cd07c00a5,sig-c5c64219a51d938a,delivered,1,1,1,,
exp-2b33b808a0f8,run-626495f4dbb14cf3,claim-ace0630cd07c00a5,sig-c5c64219a51d938a,delivered,1,1,1,,
exp-2b33b808a0f8,run-637de2634f99fe17,claim-ace0630cd07c00a5,sig-c5c64219a51d938a,delivered,1,1,1,,
exp-2b33b808a0f8,run-7a81aa198df7a360,claim-ace0630cd07c00a5,sig-c5c64219a51d938a,delivered,1,1,1,,
exp-2b33b808a0f8,run-809856b19e987477,claim-ace0630cd07c00a5,sig-c5c64219a51d938a,delivered,1,1,1,,
exp-2b33b808a0f8,run-82121d93599b573f,claim-ace0630cd07c00a5,sig-c5c64219a51d938a,delivered,1,1,1,,
exp-2b33b808a0f8,run-82654eb217e99ef6,claim-ace0630cd07c00a5,sig-c5c64219a51d938a,delivered,1,1,1,,
exp-2b33b808a0f8,run-82a20b31b2b8e7ef,claim-ace0630cd07c00a5,sig-c5c64219a51d938a,delivered,1,1,1,,
exp-2b33b808a0f8,run-8b6a0be310d169fd,claim-ace0630cd07c00a5,sig-c5c64219a51d938a,delivered,1,1,1,,
exp-2b33b808a0f8,run-8c29734783624630,claim-ace0630cd07c00a5,sig-c5c64219a51d938a,delivered,1,1,1,,
exp-2b33b808a0f8,run-8f48500d07fefa0d,claim-ace0630cd07c00a5,sig-c5c64219a51d938a,delivered,1,1,1,,
exp-2b33b808a0f8,run-9ddf9be03d779768,claim-ace0630cd07c00a5,sig-c5c64219a51d938a,delivered,1,1,1,,
exp-2b33b808a0f8,run-a314881a5962c263,claim-ace0630cd07c00a5,sig-c5c64219a51d938a,delivered,1,1,1,,
exp-2b33b808a0f8,run-a34dc91443138554,claim-ace0630cd07c00a5,sig-c5c64219a51d938a,delivered,1,1,1,,
exp-2b33b808a0f8,run-a91e83d95f4150ea,claim-ace0630cd07c00a5,sig-c5c64219a51d938a,delivered,1,1,1,,
exp-2b33b808a0f8,run-aef2c0f3501e6b9f,claim-ace0630cd07c00a5,sig-c5c64219a51d938a,delivered,1,1,1,,
exp-2b33b808a0f8,run-bfc1fb37d31beee3,claim-ace0630cd07c00a5,sig-c5c64219a51d938a,delivered,1,1,1,,
exp-2b33b808a0f8,run-c12d31a0c14e4ea4,claim-ace0630cd07c00a5,sig-c5c64219a51d938a,delivered,1,1,1,,
exp-2b33b808a0f8,run-c31fdf2665c43f45,claim-ace0630cd07c00a5,sig-c5c64219a51d938a,delivered,1,1,1,,
exp-2b33b808a0f8,run-c6b4be2a2bcc1f45,claim-ace0630cd07c00a5,sig-c5c64219a51d938a,delivered,1,1,1,,
exp-2b33b808a0f8,run-c98546e59cb90ee4,claim-ace0630cd07c00a5,sig-c5c64219a51d938a,delivered,1,1,1,,
exp-2b33b808a0f8,run-cc57ad8a8d2714d7,claim-ace0630cd07c00a5,sig-c5c64219a51d938a,delivered,1,1,1,,
exp-2b33b808a0f8,run-cca66c90ef3b41c8,claim-ace0630cd07c00a5,sig-c5c64219a51d938a,delivered,1,1,1,,
exp-2b33b808a0f8,run-cf376438c8a0f3d5,claim-ace0630cd07c00a5,sig-c5c64219a51d938a,delivered,1,1,1,,
exp-2b33b808a0f8,run-d2b9a396554a407b,claim-ace0630cd07c00a5,sig-c5c64219a51d938a,delivered,1,1,1,,
exp-2b33b808a0f8,run-d96c8c1fd86b590a,claim-ace0630cd07c00a5,sig-c5c64219a51d938a,delivered,1,1,1,,
exp-2b33b808a0f8,run-deef30be3782be8a,claim-ace0630cd07c00a5,sig-c5c64219a51d938a,delivered,1,1,1,,
exp-2b33b808a0f8,run-ed9ded3530a007da,claim-ace0630cd07c00a5,sig-c5c64219a51d938a,delivered,1,1,1,,
exp-2b33b808a0f8,run-f1da5d7783f85774,claim-ace0630cd07c00a5,sig-c5c64219a51d938a,delivered,1,1,1,,
exp-2b33b808a0f8,run-f2b06819f6cdf5c3,claim-ace0630cd07c00a5,sig-c5c64219a51d938a,delivered,1,1,1,,
exp-2b33b808a0f8,run-f3f30df9a4b8d9a5,claim-ace0630cd07c00a5,sig-c5c64219a51d938a,delivered,1,1,1,,
exp-2b33b808a0f8,run-f463dfc540bd3689,claim-ace0630cd07c00a5,sig-c5c64219a51d938a,delivered,1,1,1,,
exp-2b33b808a0f8,run-fe2c6fd3e3730afe,claim-ace0630cd07c00a5,sig-c5c64219a51d938a,delivered,1,1,1,,
exp-2b33b808a0f8,run-92029ec55433f4ad,claim-c3fcf95d414e030a,sig-c5d38a742410e5dd,delivered,1,1,1,,
exp-2b33b808a0f8,run-a1dd10a320d74492,claim-c3fcf95d414e030a,sig-c5d38a742410e5dd,delivered,1,1,1,,
exp-2b33b808a0f8,run-fb3ce97f197123d1,claim-c3fcf95d414e030a,sig-c5d38a742410e5dd,delivered,1,1,1,,
exp-2b33b808a0f8,run-08eb0ce23ff8c058,claim-ea7bad6ea315b12d,sig-c6ca81b35385ddab,delivered,1,1,1,,
exp-2b33b808a0f8,run-0ed59ea471f8c823,claim-ea7bad6ea315b12d,sig-c6ca81b35385ddab,delivered,1,1,1,,
exp-2b33b808a0f8,run-121bae4857799859,claim-ea7bad6ea315b12d,sig-c6ca81b35385ddab,delivered,1,1,1,,
exp-2b33b808a0f8,run-2cd8b7888af1dfd8,claim-ea7bad6ea315b12d,sig-c6ca81b35385ddab,delivered,1,1,1,,
exp-2b33b808a0f8,run-5f8c41dc5117d3f7,claim-ea7bad6ea315b12d,sig-c6ca81b35385ddab,delivered,1,1,1,,
exp-2b33b808a0f8,run-626495f4dbb14cf3,claim-ea7bad6ea315b12d,sig-c6ca81b35385ddab,delivered,1,1,1,,
exp-2b33b808a0f8,run-82654eb217e99ef6,claim-ea7bad6ea315b12d,sig-c6ca81b35385ddab,delivered,1,1,1,,
exp-2b33b808a0f8,run-8c29734783624630,claim-ea7bad6ea315b12d,sig-c6ca81b35385ddab,delivered,1,1,1,,
exp-2b33b808a0f8,run-a91e83d95f4150ea,claim-ea7bad6ea315b12d,sig-c6ca81b35385ddab,delivered,1,1,1,,
exp-2b33b808a0f8,run-aef2c0f3501e6b9f,claim-ea7bad6ea315b12d,sig-c6ca81b35385ddab,delivered,1,1,1,,
exp-2b33b808a0f8,run-c31fdf2665c43f45,claim-ea7bad6ea315b12d,sig-c6ca81b35385ddab,delivered,1,1,1,,
exp-2b33b808a0f8,run-cc57ad8a8d2714d7,claim-ea7bad6ea315b12d,sig-c6ca81b35385ddab,delivered,1,1,1,,
exp-2b33b808a0f8,run-d2b9a396554a407b,claim-ea7bad6ea315b12d,sig-c6ca81b35385ddab,delivered,1,1,1,,
exp-2b33b808a0f8,run-deef30be3782be8a,claim-ea7bad6ea315b12d,sig-c6ca81b35385ddab,delivered,1,1,1,,
exp-2b33b808a0f8,run-fe2c6fd3e3730afe,claim-ea7bad6ea315b12d,sig-c6ca81b35385ddab,delivered,1,1,1,,
exp-2b33b808a0f8,run-08aa8b26c1ded7ed,claim-910890350acb2de9,sig-c6d16d9d0a43af79,delivered,1,1,1,,
exp-2b33b808a0f8,run-5db7b7d90d3ff8ce,claim-910890350acb2de9,sig-c6d16d9d0a43af79,delivered,1,1,1,,
exp-2b33b808a0f8,run-67793a64b66d5a38,claim-910890350acb2de9,sig-c6d16d9d0a43af79,delivered,1,1,1,,
exp-2b33b808a0f8,run-7f00802c340e2617,claim-910890350acb2de9,sig-c6d16d9d0a43af79,delivered,1,1,1,,
exp-2b33b808a0f8,run-9e13e54cda7d586a,claim-910890350acb2de9,sig-c6d16d9d0a43af79,delivered,1,1,1,,
exp-2b33b808a0f8,run-b6164e0a3c9ee1c7,claim-910890350acb2de9,sig-c6d16d9d0a43af79,delivered,1,1,1,,
exp-2b33b808a0f8,run-bdbb3ee62a506ea8,claim-910890350acb2de9,sig-c6d16d9d0a43af79,delivered,1,1,1,,
exp-2b33b808a0f8,run-cf74c3eb23037fe3,claim-910890350acb2de9,sig-c6d16d9d0a43af79,delivered,1,1,1,,
exp-2b33b808a0f8,run-fd184a609106633b,claim-910890350acb2de9,sig-c6d16d9d0a43af79,delivered,1,1,1,,
exp-2b33b808a0f8,run-47b9d87d8c408db1,claim-f81b9e696a4daf92,sig-c73b58a079080cce,delivered,1,1,1,,
exp-2b33b808a0f8,run-53706f05bed87dad,claim-f81b9e696a4daf92,sig-c73b58a079080cce,delivered,1,1,1,,
exp-2b33b808a0f8,run-581d182fa373e4a8,claim-f81b9e696a4daf92,sig-c73b58a079080cce,delivered,1,1,1,,
exp-2b33b808a0f8,run-581e601a136ff413,claim-f81b9e696a4daf92,sig-c73b58a079080cce,delivered,1,1,1,,
exp-2b33b808a0f8,run-97bca49872a1b9c7,claim-f81b9e696a4daf92,sig-c73b58a079080cce,delivered,1,1,1,,
exp-2b33b808a0f8,run-a34dc91443138554,claim-f81b9e696a4daf92,sig-c73b58a079080cce,delivered,1,1,1,,
exp-2b33b808a0f8,run-c12d31a0c14e4ea4,claim-f81b9e696a4daf92,sig-c73b58a079080cce,delivered,1,1,1,,
exp-2b33b808a0f8,run-f1da5d7783f85774,claim-f81b9e696a4daf92,sig-c73b58a079080cce,delivered,1,1,1,,
exp-2b33b808a0f8,run-b89fda5b70005cab,claim-183000eadbf4f0de,sig-c7c4bea779969c9b,delivered,1,1,1,,
exp-2b33b808a0f8,run-d9ecb9bb93d66dae,claim-183000eadbf4f0de,sig-c7c4bea779969c9b,delivered,1,1,1,,
exp-2b33b808a0f8,run-e2b8b5101f670dfe,claim-183000eadbf4f0de,sig-c7c4bea779969c9b,delivered,1,1,1,,
exp-2b33b808a0f8,run-85eabeb58e5c97e7,claim-cf3d503aff23024d,sig-c7d58b91e32bf9f7,delivered,1,1,1,,
exp-2b33b808a0f8,run-107e053141aef5a2,claim-c64df616d0018657,sig-c8064c0bc3cd8cfa,delivered,1,1,1,,
exp-2b33b808a0f8,run-2231a5437da60871,claim-c64df616d0018657,sig-c8064c0bc3cd8cfa,delivered,1,1,1,,
exp-2b33b808a0f8,run-36dc5599241ff74c,claim-c64df616d0018657,sig-c8064c0bc3cd8cfa,delivered,1,1,1,,
exp-2b33b808a0f8,run-54dd198bde19e6cf,claim-c64df616d0018657,sig-c8064c0bc3cd8cfa,delivered,1,1,1,,
exp-2b33b808a0f8,run-5f72dfbc37ae3836,claim-c64df616d0018657,sig-c8064c0bc3cd8cfa,delivered,1,1,1,,
exp-2b33b808a0f8,run-60c27be7bfd13181,claim-c64df616d0018657,sig-c8064c0bc3cd8cfa,delivered,1,1,1,,
exp-2b33b808a0f8,run-7a43182838a92b4d,claim-c64df616d0018657,sig-c8064c0bc3cd8cfa,delivered,1,1,1,,
exp-2b33b808a0f8,run-802196ca10c28e03,claim-c64df616d0018657,sig-c8064c0bc3cd8cfa,delivered,1,1,1,,
exp-2b33b808a0f8,run-86e0fb3cb34a86b9,claim-c64df616d0018657,sig-c8064c0bc3cd8cfa,delivered,1,1,1,,
exp-2b33b808a0f8,run-9fd3eacdb49f1187,claim-c64df616d0018657,sig-c8064c0bc3cd8cfa,delivered,1,1,1,,
exp-2b33b808a0f8,run-c5596c6cf2999ecc,claim-c64df616d0018657,sig-c8064c0bc3cd8cfa,delivered,1,1,1,,
exp-2b33b808a0f8,run-cbf903a67be76d0a,claim-c64df616d0018657,sig-c8064c0bc3cd8cfa,delivered,1,1,1,,
exp-2b33b808a0f8,run-eb3dc172de7476ad,claim-c64df616d0018657,sig-c8064c0bc3cd8cfa,delivered,1,1,1,,
exp-2b33b808a0f8,run-fa92f9e908dcd179,claim-c64df616d0018657,sig-c8064c0bc3cd8cfa,delivered,1,1,1,,
exp-2b33b808a0f8,run-fad00c5c2a4305ab,claim-c64df616d0018657,sig-c8064c0bc3cd8cfa,delivered,1,1,1,,
exp-2b33b808a0f8,run-0218897335c9fc07,claim-db58e68a276f73f2,sig-c815cd16f5d8d58a,delivered,1,1,1,,
exp-2b33b808a0f8,run-024c8ebdc05e33a8,claim-db58e68a276f73f2,sig-c815cd16f5d8d58a,delivered,1,1,1,,
exp-2b33b808a0f8,run-05bc48ddb286d994,claim-db58e68a276f73f2,sig-c815cd16f5d8d58a,delivered,1,1,1,,
exp-2b33b808a0f8,run-08eb0ce23ff8c058,claim-db58e68a276f73f2,sig-c815cd16f5d8d58a,delivered,1,1,1,,
exp-2b33b808a0f8,run-0ed59ea471f8c823,claim-db58e68a276f73f2,sig-c815cd16f5d8d58a,delivered,1,1,1,,
exp-2b33b808a0f8,run-121bae4857799859,claim-db58e68a276f73f2,sig-c815cd16f5d8d58a,delivered,1,1,1,,
exp-2b33b808a0f8,run-13a88125b47c3116,claim-db58e68a276f73f2,sig-c815cd16f5d8d58a,delivered,1,1,1,,
exp-2b33b808a0f8,run-1946c1edcbdbbdda,claim-db58e68a276f73f2,sig-c815cd16f5d8d58a,delivered,1,1,1,,
exp-2b33b808a0f8,run-2b6895cdd016ae4c,claim-db58e68a276f73f2,sig-c815cd16f5d8d58a,delivered,1,1,1,,
exp-2b33b808a0f8,run-2cd8b7888af1dfd8,claim-db58e68a276f73f2,sig-c815cd16f5d8d58a,delivered,1,1,1,,
exp-2b33b808a0f8,run-2e5d894151df8e29,claim-db58e68a276f73f2,sig-c815cd16f5d8d58a,delivered,1,1,1,,
exp-2b33b808a0f8,run-30e0ad5088f869ef,claim-db58e68a276f73f2,sig-c815cd16f5d8d58a,delivered,1,1,1,,
exp-2b33b808a0f8,run-427de9f5f80631bb,claim-db58e68a276f73f2,sig-c815cd16f5d8d58a,delivered,1,1,1,,
exp-2b33b808a0f8,run-47b9d87d8c408db1,claim-db58e68a276f73f2,sig-c815cd16f5d8d58a,delivered,1,1,1,,
exp-2b33b808a0f8,run-47f6297369f81ccd,claim-db58e68a276f73f2,sig-c815cd16f5d8d58a,delivered,1,1,1,,
exp-2b33b808a0f8,run-5227c4f1697e16f5,claim-db58e68a276f73f2,sig-c815cd16f5d8d58a,delivered,1,1,1,,
exp-2b33b808a0f8,run-53706f05bed87dad,claim-db58e68a276f73f2,sig-c815cd16f5d8d58a,delivered,1,1,1,,
exp-2b33b808a0f8,run-548b9449d2e5ac2b,claim-db58e68a276f73f2,sig-c815cd16f5d8d58a,delivered,1,1,1,,
exp-2b33b808a0f8,run-581d182fa373e4a8,claim-db58e68a276f73f2,sig-c815cd16f5d8d58a,delivered,1,1,1,,
exp-2b33b808a0f8,run-581e601a136ff413,claim-db58e68a276f73f2,sig-c815cd16f5d8d58a,delivered,1,1,1,,
exp-2b33b808a0f8,run-5d1d938973316806,claim-db58e68a276f73f2,sig-c815cd16f5d8d58a,delivered,1,1,1,,
exp-2b33b808a0f8,run-5f8c41dc5117d3f7,claim-db58e68a276f73f2,sig-c815cd16f5d8d58a,delivered,1,1,1,,
exp-2b33b808a0f8,run-626495f4dbb14cf3,claim-db58e68a276f73f2,sig-c815cd16f5d8d58a,delivered,1,1,1,,
exp-2b33b808a0f8,run-65fb89d7c4ce4fff,claim-db58e68a276f73f2,sig-c815cd16f5d8d58a,delivered,1,1,1,,
exp-2b33b808a0f8,run-66a8f123be374114,claim-db58e68a276f73f2,sig-c815cd16f5d8d58a,delivered,1,1,1,,
exp-2b33b808a0f8,run-82654eb217e99ef6,claim-db58e68a276f73f2,sig-c815cd16f5d8d58a,delivered,1,1,1,,
exp-2b33b808a0f8,run-8c29734783624630,claim-db58e68a276f73f2,sig-c815cd16f5d8d58a,delivered,1,1,1,,
exp-2b33b808a0f8,run-97bca49872a1b9c7,claim-db58e68a276f73f2,sig-c815cd16f5d8d58a,delivered,1,1,1,,
exp-2b33b808a0f8,run-9c2aac4f207303c4,claim-db58e68a276f73f2,sig-c815cd16f5d8d58a,delivered,1,1,1,,
exp-2b33b808a0f8,run-9f21a8e6490902ba,claim-db58e68a276f73f2,sig-c815cd16f5d8d58a,delivered,1,1,1,,
exp-2b33b808a0f8,run-a34dc91443138554,claim-db58e68a276f73f2,sig-c815cd16f5d8d58a,delivered,1,1,1,,
exp-2b33b808a0f8,run-a5cfa0e1e29cea11,claim-db58e68a276f73f2,sig-c815cd16f5d8d58a,delivered,1,1,1,,
exp-2b33b808a0f8,run-a684c987a3ec5dee,claim-db58e68a276f73f2,sig-c815cd16f5d8d58a,delivered,1,1,1,,
exp-2b33b808a0f8,run-a91e83d95f4150ea,claim-db58e68a276f73f2,sig-c815cd16f5d8d58a,delivered,1,1,1,,
exp-2b33b808a0f8,run-aef2c0f3501e6b9f,claim-db58e68a276f73f2,sig-c815cd16f5d8d58a,delivered,1,1,1,,
exp-2b33b808a0f8,run-b9c91e3ca797b757,claim-db58e68a276f73f2,sig-c815cd16f5d8d58a,delivered,1,1,1,,
exp-2b33b808a0f8,run-bc9a7105af8438b3,claim-db58e68a276f73f2,sig-c815cd16f5d8d58a,delivered,1,1,1,,
exp-2b33b808a0f8,run-c12d31a0c14e4ea4,claim-db58e68a276f73f2,sig-c815cd16f5d8d58a,delivered,1,1,1,,
exp-2b33b808a0f8,run-c31fdf2665c43f45,claim-db58e68a276f73f2,sig-c815cd16f5d8d58a,delivered,1,1,1,,
exp-2b33b808a0f8,run-cc57ad8a8d2714d7,claim-db58e68a276f73f2,sig-c815cd16f5d8d58a,delivered,1,1,1,,
exp-2b33b808a0f8,run-cfbfb19332bde82e,claim-db58e68a276f73f2,sig-c815cd16f5d8d58a,delivered,1,1,1,,
exp-2b33b808a0f8,run-d1062de1551992e2,claim-db58e68a276f73f2,sig-c815cd16f5d8d58a,delivered,1,1,1,,
exp-2b33b808a0f8,run-d2b9a396554a407b,claim-db58e68a276f73f2,sig-c815cd16f5d8d58a,delivered,1,1,1,,
exp-2b33b808a0f8,run-da80cb0756bb72c1,claim-db58e68a276f73f2,sig-c815cd16f5d8d58a,delivered,1,1,1,,
exp-2b33b808a0f8,run-dcd3f088d2742101,claim-db58e68a276f73f2,sig-c815cd16f5d8d58a,delivered,1,1,1,,
exp-2b33b808a0f8,run-deef30be3782be8a,claim-db58e68a276f73f2,sig-c815cd16f5d8d58a,delivered,1,1,1,,
exp-2b33b808a0f8,run-f1da5d7783f85774,claim-db58e68a276f73f2,sig-c815cd16f5d8d58a,delivered,1,1,1,,
exp-2b33b808a0f8,run-f2913fb769b7d837,claim-db58e68a276f73f2,sig-c815cd16f5d8d58a,delivered,1,1,1,,
exp-2b33b808a0f8,run-f6d8a6bffd539b01,claim-db58e68a276f73f2,sig-c815cd16f5d8d58a,delivered,1,1,1,,
exp-2b33b808a0f8,run-fd7c4293eec328ed,claim-db58e68a276f73f2,sig-c815cd16f5d8d58a,delivered,1,1,1,,
exp-2b33b808a0f8,run-fe2c6fd3e3730afe,claim-db58e68a276f73f2,sig-c815cd16f5d8d58a,delivered,1,1,1,,
exp-2b33b808a0f8,run-1827ab6678b4100e,claim-540dd5d29774ec7f,sig-c81ae4c989e7cfc9,delivered,1,1,1,,
exp-2b33b808a0f8,run-13a88125b47c3116,claim-90c0a7e7cb048695,sig-c85f1ba87f2c34bb,delivered,1,1,1,,
exp-2b33b808a0f8,run-13afd1c7ef164da6,claim-90c0a7e7cb048695,sig-c85f1ba87f2c34bb,delivered,1,1,1,,
exp-2b33b808a0f8,run-1654ed83a69b048a,claim-90c0a7e7cb048695,sig-c85f1ba87f2c34bb,delivered,1,1,1,,
exp-2b33b808a0f8,run-19ef64ede03e3f70,claim-90c0a7e7cb048695,sig-c85f1ba87f2c34bb,delivered,1,1,1,,
exp-2b33b808a0f8,run-299407f942ccfe44,claim-90c0a7e7cb048695,sig-c85f1ba87f2c34bb,delivered,1,1,1,,
exp-2b33b808a0f8,run-3df61f770d52dd70,claim-90c0a7e7cb048695,sig-c85f1ba87f2c34bb,delivered,1,1,1,,
exp-2b33b808a0f8,run-40d744a8e6f22616,claim-90c0a7e7cb048695,sig-c85f1ba87f2c34bb,delivered,1,1,1,,
exp-2b33b808a0f8,run-4171e29a7613b1bb,claim-90c0a7e7cb048695,sig-c85f1ba87f2c34bb,delivered,1,1,1,,
exp-2b33b808a0f8,run-427de9f5f80631bb,claim-90c0a7e7cb048695,sig-c85f1ba87f2c34bb,delivered,1,1,1,,
exp-2b33b808a0f8,run-56a885c3be5ad659,claim-90c0a7e7cb048695,sig-c85f1ba87f2c34bb,delivered,1,1,1,,
exp-2b33b808a0f8,run-65fb89d7c4ce4fff,claim-90c0a7e7cb048695,sig-c85f1ba87f2c34bb,delivered,1,1,1,,
exp-2b33b808a0f8,run-8283757cadda12d5,claim-90c0a7e7cb048695,sig-c85f1ba87f2c34bb,delivered,1,1,1,,
exp-2b33b808a0f8,run-b13893f95aaaa626,claim-90c0a7e7cb048695,sig-c85f1ba87f2c34bb,delivered,1,1,1,,
exp-2b33b808a0f8,run-b9c91e3ca797b757,claim-90c0a7e7cb048695,sig-c85f1ba87f2c34bb,delivered,1,1,1,,
exp-2b33b808a0f8,run-cb26f0bc1de44dfe,claim-90c0a7e7cb048695,sig-c85f1ba87f2c34bb,delivered,1,1,1,,
exp-2b33b808a0f8,run-e791d1ca36891afd,claim-90c0a7e7cb048695,sig-c85f1ba87f2c34bb,delivered,1,1,1,,
exp-2b33b808a0f8,run-8b6a0be310d169fd,claim-e101664b3ad6aaa0,sig-c8aa5cdb015c229b,dropped,1,1,0,,
exp-2b33b808a0f8,run-1654ed83a69b048a,claim-5a66a7653e01b261,sig-c9a772e4d6679b6e,delivered,1,1,1,,
exp-2b33b808a0f8,run-3df61f770d52dd70,claim-5a66a7653e01b261,sig-c9a772e4d6679b6e,delivered,1,1,1,,
exp-2b33b808a0f8,run-4171e29a7613b1bb,claim-5a66a7653e01b261,sig-c9a772e4d6679b6e,delivered,1,1,1,,
exp-2b33b808a0f8,run-8283757cadda12d5,claim-5a66a7653e01b261,sig-c9a772e4d6679b6e,delivered,1,1,1,,
exp-2b33b808a0f8,run-b13893f95aaaa626,claim-5a66a7653e01b261,sig-c9a772e4d6679b6e,delivered,1,1,1,,
exp-2b33b808a0f8,run-fe5d76e33ccd3a62,claim-5a66a7653e01b261,sig-c9a772e4d6679b6e,delivered,1,1,1,,
exp-2b33b808a0f8,run-3996e6744fffc569,claim-dac83d125d271d5f,sig-c9bd8ad2d90b77d0,delivered,1,1,1,,
exp-2b33b808a0f8,run-6c88b2e46218c519,claim-dac83d125d271d5f,sig-c9bd8ad2d90b77d0,delivered,1,1,1,,
exp-2b33b808a0f8,run-81291fb5e9520a72,claim-dac83d125d271d5f,sig-c9bd8ad2d90b77d0,delivered,1,1,1,,
exp-2b33b808a0f8,run-54dfa16175253c38,claim-3b4aaeecd5494143,sig-c9c99d28cf4a18c3,delivered,1,1,1,,
exp-2b33b808a0f8,run-6d394564f18187f9,claim-3b4aaeecd5494143,sig-c9c99d28cf4a18c3,delivered,1,1,1,,
exp-2b33b808a0f8,run-e08a8eb7877cb862,claim-3b4aaeecd5494143,sig-c9c99d28cf4a18c3,delivered,1,1,1,,
exp-2b33b808a0f8,run-1619336f4c8443db,claim-a9e66fd4a51f274a,sig-cab34060b983a331,delivered,1,1,1,,
exp-2b33b808a0f8,run-2c80b667b1e14131,claim-a9e66fd4a51f274a,sig-cab34060b983a331,delivered,1,1,1,,
exp-2b33b808a0f8,run-3077d26358e3e6c2,claim-a9e66fd4a51f274a,sig-cab34060b983a331,delivered,1,1,1,,
exp-2b33b808a0f8,run-7c7ff2af92c151e9,claim-a9e66fd4a51f274a,sig-cab34060b983a331,delivered,1,1,1,,
exp-2b33b808a0f8,run-a6aad9d55897ddf3,claim-a9e66fd4a51f274a,sig-cab34060b983a331,delivered,1,1,1,,
exp-2b33b808a0f8,run-c898b60149672477,claim-a9e66fd4a51f274a,sig-cab34060b983a331,delivered,1,1,1,,
exp-2b33b808a0f8,run-d60faf210ac29cea,claim-a9e66fd4a51f274a,sig-cab34060b983a331,delivered,1,1,1,,
exp-2b33b808a0f8,run-f5d02c54d049405c,claim-a9e66fd4a51f274a,sig-cab34060b983a331,delivered,1,1,1,,
exp-2b33b808a0f8,run-fde91c8a36f73bc9,claim-a9e66fd4a51f274a,sig-cab34060b983a331,delivered,1,1,1,,
exp-2b33b808a0f8,run-0150d84e23782b10,claim-53a8e419107df166,sig-cadf8489517ead41,delivered,1,1,1,,
exp-2b33b808a0f8,run-03911a9fa173759b,claim-53a8e419107df166,sig-cadf8489517ead41,delivered,1,1,1,,
exp-2b33b808a0f8,run-0ed59ea471f8c823,claim-53a8e419107df166,sig-cadf8489517ead41,delivered,1,1,1,,
exp-2b33b808a0f8,run-0fff7d537f846b2d,claim-53a8e419107df166,sig-cadf8489517ead41,delivered,1,1,1,,
exp-2b33b808a0f8,run-107e053141aef5a2,claim-53a8e419107df166,sig-cadf8489517ead41,delivered,1,1,1,,
exp-2b33b808a0f8,run-121bae4857799859,claim-53a8e419107df166,sig-cadf8489517ead41,delivered,1,1,1,,
exp-2b33b808a0f8,run-126bc4b511c1bdab,claim-53a8e419107df166,sig-cadf8489517ead41,delivered,1,1,1,,
exp-2b33b808a0f8,run-1ccf8759fdd4aeaf,claim-53a8e419107df166,sig-cadf8489517ead41,delivered,1,1,1,,
exp-2b33b808a0f8,run-1cfdaa86b78a0a26,claim-53a8e419107df166,sig-cadf8489517ead41,delivered,1,1,1,,
exp-2b33b808a0f8,run-25eaa2510fbfbaff,claim-53a8e419107df166,sig-cadf8489517ead41,delivered,1,1,1,,
exp-2b33b808a0f8,run-2cd8b7888af1dfd8,claim-53a8e419107df166,sig-cadf8489517ead41,delivered,1,1,1,,
exp-2b33b808a0f8,run-380eeaa24d9d57c1,claim-53a8e419107df166,sig-cadf8489517ead41,delivered,1,1,1,,
exp-2b33b808a0f8,run-3e6218c854422e8d,claim-53a8e419107df166,sig-cadf8489517ead41,delivered,1,1,1,,
exp-2b33b808a0f8,run-4135fc9f33a52631,claim-53a8e419107df166,sig-cadf8489517ead41,delivered,1,1,1,,
exp-2b33b808a0f8,run-5f72dfbc37ae3836,claim-53a8e419107df166,sig-cadf8489517ead41,delivered,1,1,1,,
exp-2b33b808a0f8,run-5f8c41dc5117d3f7,claim-53a8e419107df166,sig-cadf8489517ead41,delivered,1,1,1,,
exp-2b33b808a0f8,run-602d62632c3acac1,claim-53a8e419107df166,sig-cadf8489517ead41,delivered,1,1,1,,
exp-2b33b808a0f8,run-60c27be7bfd13181,claim-53a8e419107df166,sig-cadf8489517ead41,delivered,1,1,1,,
exp-2b33b808a0f8,run-626495f4dbb14cf3,claim-53a8e419107df166,sig-cadf8489517ead41,delivered,1,1,1,,
exp-2b33b808a0f8,run-7a43182838a92b4d,claim-53a8e419107df166,sig-cadf8489517ead41,delivered,1,1,1,,
exp-2b33b808a0f8,run-82654eb217e99ef6,claim-53a8e419107df166,sig-cadf8489517ead41,delivered,1,1,1,,
exp-2b33b808a0f8,run-8b6a0be310d169fd,claim-53a8e419107df166,sig-cadf8489517ead41,delivered,1,1,1,,
exp-2b33b808a0f8,run-8c29734783624630,claim-53a8e419107df166,sig-cadf8489517ead41,delivered,1,1,1,,
exp-2b33b808a0f8,run-9fd3eacdb49f1187,claim-53a8e419107df166,sig-cadf8489517ead41,delivered,1,1,1,,
exp-2b33b808a0f8,run-a314881a5962c263,claim-53a8e419107df166,sig-cadf8489517ead41,delivered,1,1,1,,
exp-2b33b808a0f8,run-a91e83d95f4150ea,claim-53a8e419107df166,sig-cadf8489517ead41,delivered,1,1,1,,
exp-2b33b808a0f8,run-aef2c0f3501e6b9f,claim-53a8e419107df166,sig-cadf8489517ead41,delivered,1,1,1,,
exp-2b33b808a0f8,run-c31fdf2665c43f45,claim-53a8e419107df166,sig-cadf8489517ead41,delivered,1,1,1,,
exp-2b33b808a0f8,run-c6b4be2a2bcc1f45,claim-53a8e419107df166,sig-cadf8489517ead41,delivered,1,1,1,,
exp-2b33b808a0f8,run-cc57ad8a8d2714d7,claim-53a8e419107df166,sig-cadf8489517ead41,delivered,1,1,1,,
exp-2b33b808a0f8,run-cf376438c8a0f3d5,claim-53a8e419107df166,sig-cadf8489517ead41,delivered,1,1,1,,
exp-2b33b808a0f8,run-deef30be3782be8a,claim-53a8e419107df166,sig-cadf8489517ead41,delivered,1,1,1,,
exp-2b33b808a0f8,run-fa92f9e908dcd179,claim-53a8e419107df166,sig-cadf8489517ead41,delivered,1,1,1,,
exp-2b33b808a0f8,run-41743e06e2fc2011,claim-61316786f16fd635,sig-cbb50091f9819fb8,delivered,1,1,1,,
exp-2b33b808a0f8,run-47b9d87d8c408db1,claim-61316786f16fd635,sig-cbb50091f9819fb8,delivered,1,1,1,,
exp-2b33b808a0f8,run-53706f05bed87dad,claim-61316786f16fd635,sig-cbb50091f9819fb8,delivered,1,1,1,,
exp-2b33b808a0f8,run-581d182fa373e4a8,claim-61316786f16fd635,sig-cbb50091f9819fb8,delivered,1,1,1,,
exp-2b33b808a0f8,run-581e601a136ff413,claim-61316786f16fd635,sig-cbb50091f9819fb8,delivered,1,1,1,,
exp-2b33b808a0f8,run-64c414548a26e255,claim-61316786f16fd635,sig-cbb50091f9819fb8,delivered,1,1,1,,
exp-2b33b808a0f8,run-97bca49872a1b9c7,claim-61316786f16fd635,sig-cbb50091f9819fb8,delivered,1,1,1,,
exp-2b33b808a0f8,run-9a86c7d7c5a2206a,claim-61316786f16fd635,sig-cbb50091f9819fb8,delivered,1,1,1,,
exp-2b33b808a0f8,run-9ddf9be03d779768,claim-61316786f16fd635,sig-cbb50091f9819fb8,delivered,1,1,1,,
exp-2b33b808a0f8,run-a34dc91443138554,claim-61316786f16fd635,sig-cbb50091f9819fb8,delivered,1,1,1,,
exp-2b33b808a0f8,run-c12d31a0c14e4ea4,claim-61316786f16fd635,sig-cbb50091f9819fb8,delivered,1,1,1,,
exp-2b33b808a0f8,run-cca66c90ef3b41c8,claim-61316786f16fd635,sig-cbb50091f9819fb8,delivered,1,1,1,,
exp-2b33b808a0f8,run-ed9ded3530a007da,claim-61316786f16fd635,sig-cbb50091f9819fb8,delivered,1,1,1,,
exp-2b33b808a0f8,run-f1da5d7783f85774,claim-61316786f16fd635,sig-cbb50091f9819fb8,delivered,1,1,1,,
exp-2b33b808a0f8,run-ff551810526d18de,claim-61316786f16fd635,sig-cbb50091f9819fb8,delivered,1,1,1,,
exp-2b33b808a0f8,run-2b7de8cfa05c2685,claim-ffea572f1dec63c9,sig-cbd6e47391f58c66,delivered,0,0,1,,
exp-2b33b808a0f8,run-4c1ebcfbe4f53149,claim-ffea572f1dec63c9,sig-cbd6e47391f58c66,delivered,0,0,1,,
exp-2b33b808a0f8,run-6a5ea73285e50401,claim-ffea572f1dec63c9,sig-cbd6e47391f58c66,delivered,0,0,1,,
exp-2b33b808a0f8,run-a42244e03c1b1264,claim-ffea572f1dec63c9,sig-cbd6e47391f58c66,delivered,0,0,1,,
exp-2b33b808a0f8,run-d5391398dafa86db,claim-ffea572f1dec63c9,sig-cbd6e47391f58c66,delivered,0,0,1,,
exp-2b33b808a0f8,run-f183f5c9ad2b506d,claim-ffea572f1dec63c9,sig-cbd6e47391f58c66,delivered,0,0,1,,
exp-2b33b808a0f8,run-06c033c5a4b3310b,claim-41daa3b05913e5ec,sig-cc24cdf6ff9dbdd6,delivered,1,1,1,,
exp-2b33b808a0f8,run-f4f7ab268273a712,claim-41daa3b05913e5ec,sig-cc24cdf6ff9dbdd6,delivered,1,1,1,,
exp-2b33b808a0f8,run-f8a130cde8a86849,claim-41daa3b05913e5ec,sig-cc24cdf6ff9dbdd6,delivered,1,1,1,,
exp-2b33b808a0f8,run-08239fa79adec9bb,claim-df8d48ae841bd6c9,sig-cc49c830dae7a9c0,delivered,1,1,1,,
exp-2b33b808a0f8,run-22c666cf37db328f,claim-df8d48ae841bd6c9,sig-cc49c830dae7a9c0,delivered,1,1,1,,
exp-2b33b808a0f8,run-25eaa2510fbfbaff,claim-df8d48ae841bd6c9,sig-cc49c830dae7a9c0,delivered,1,1,1,,
exp-2b33b808a0f8,run-26c66a98702e0a01,claim-df8d48ae841bd6c9,sig-cc49c830dae7a9c0,delivered,1,1,1,,
exp-2b33b808a0f8,run-2913a8bf3b14dd18,claim-df8d48ae841bd6c9,sig-cc49c830dae7a9c0,delivered,1,1,1,,
exp-2b33b808a0f8,run-2a9c3ec6dd6e9d8f,claim-df8d48ae841bd6c9,sig-cc49c830dae7a9c0,delivered,1,1,1,,
exp-2b33b808a0f8,run-2b307fc83ae74fb5,claim-df8d48ae841bd6c9,sig-cc49c830dae7a9c0,delivered,1,1,1,,
exp-2b33b808a0f8,run-2c5ed9ccf72ab3ff,claim-df8d48ae841bd6c9,sig-cc49c830dae7a9c0,delivered,1,1,1,,
exp-2b33b808a0f8,run-3e6218c854422e8d,claim-df8d48ae841bd6c9,sig-cc49c830dae7a9c0,delivered,1,1,1,,
exp-2b33b808a0f8,run-421a9e310b9451d9,claim-df8d48ae841bd6c9,sig-cc49c830dae7a9c0,delivered,1,1,1,,
exp-2b33b808a0f8,run-4a9abd6b049cfa48,claim-df8d48ae841bd6c9,sig-cc49c830dae7a9c0,delivered,1,1,1,,
exp-2b33b808a0f8,run-4bc70e3c7d09ccca,claim-df8d48ae841bd6c9,sig-cc49c830dae7a9c0,delivered,1,1,1,,
exp-2b33b808a0f8,run-4be88edbdd58b0b7,claim-df8d48ae841bd6c9,sig-cc49c830dae7a9c0,delivered,1,1,1,,
exp-2b33b808a0f8,run-533b1ebf9907abc5,claim-df8d48ae841bd6c9,sig-cc49c830dae7a9c0,delivered,1,1,1,,
exp-2b33b808a0f8,run-54c829c9332d7705,claim-df8d48ae841bd6c9,sig-cc49c830dae7a9c0,delivered,1,1,1,,
exp-2b33b808a0f8,run-602d62632c3acac1,claim-df8d48ae841bd6c9,sig-cc49c830dae7a9c0,delivered,1,1,1,,
exp-2b33b808a0f8,run-637de2634f99fe17,claim-df8d48ae841bd6c9,sig-cc49c830dae7a9c0,delivered,1,1,1,,
exp-2b33b808a0f8,run-98bc95649ddb8f4c,claim-df8d48ae841bd6c9,sig-cc49c830dae7a9c0,delivered,1,1,1,,
exp-2b33b808a0f8,run-a2a07f1fba72c484,claim-df8d48ae841bd6c9,sig-cc49c830dae7a9c0,delivered,1,1,1,,
exp-2b33b808a0f8,run-c70b83220468c5cb,claim-df8d48ae841bd6c9,sig-cc49c830dae7a9c0,delivered,1,1,1,,
exp-2b33b808a0f8,run-c98546e59cb90ee4,claim-df8d48ae841bd6c9,sig-cc49c830dae7a9c0,delivered,1,1,1,,
exp-2b33b808a0f8,run-d96c8c1fd86b590a,claim-df8d48ae841bd6c9,sig-cc49c830dae7a9c0,delivered,1,1,1,,
exp-2b33b808a0f8,run-dda79e04e10eeb3f,claim-df8d48ae841bd6c9,sig-cc49c830dae7a9c0,delivered,1,1,1,,
exp-2b33b808a0f8,run-f31bacd7825a158b,claim-df8d48ae841bd6c9,sig-cc49c830dae7a9c0,delivered,1,1,1,,
exp-2b33b808a0f8,run-05d091d23664cc1e,claim-66a1f4a4d9c69bee,sig-ccd84ebfa625b79c,delivered,1,1,1,,
exp-2b33b808a0f8,run-07debd3836121a4c,claim-66a1f4a4d9c69bee,sig-ccd84ebfa625b79c,delivered,1,1,1,,
exp-2b33b808a0f8,run-19ef64ede03e3f70,claim-66a1f4a4d9c69bee,sig-ccd84ebfa625b79c,delivered,1,1,1,,
exp-2b33b808a0f8,run-7dfc02679606cd15,claim-66a1f4a4d9c69bee,sig-ccd84ebfa625b79c,delivered,1,1,1,,
exp-2b33b808a0f8,run-cb9e6b2ad617099c,claim-66a1f4a4d9c69bee,sig-ccd84ebfa625b79c,delivered,1,1,1,,
exp-2b33b808a0f8,run-e791d1ca36891afd,claim-66a1f4a4d9c69bee,sig-ccd84ebfa625b79c,delivered,1,1,1,,
exp-2b33b808a0f8,run-13a88125b47c3116,claim-5477197e1d63902c,sig-ccdfa6ce3187a6c1,delivered,1,1,1,,
exp-2b33b808a0f8,run-13afd1c7ef164da6,claim-5477197e1d63902c,sig-ccdfa6ce3187a6c1,delivered,1,1,1,,
exp-2b33b808a0f8,run-1619336f4c8443db,claim-5477197e1d63902c,sig-ccdfa6ce3187a6c1,delivered,1,1,1,,
exp-2b33b808a0f8,run-1654ed83a69b048a,claim-5477197e1d63902c,sig-ccdfa6ce3187a6c1,delivered,1,1,1,,
exp-2b33b808a0f8,run-299407f942ccfe44,claim-5477197e1d63902c,sig-ccdfa6ce3187a6c1,delivered,1,1,1,,
exp-2b33b808a0f8,run-2c80b667b1e14131,claim-5477197e1d63902c,sig-ccdfa6ce3187a6c1,delivered,1,1,1,,
exp-2b33b808a0f8,run-2ca84da882aaf57d,claim-5477197e1d63902c,sig-ccdfa6ce3187a6c1,delivered,1,1,1,,
exp-2b33b808a0f8,run-3077d26358e3e6c2,claim-5477197e1d63902c,sig-ccdfa6ce3187a6c1,delivered,1,1,1,,
exp-2b33b808a0f8,run-3df61f770d52dd70,claim-5477197e1d63902c,sig-ccdfa6ce3187a6c1,delivered,1,1,1,,
exp-2b33b808a0f8,run-40d744a8e6f22616,claim-5477197e1d63902c,sig-ccdfa6ce3187a6c1,delivered,1,1,1,,
exp-2b33b808a0f8,run-4171e29a7613b1bb,claim-5477197e1d63902c,sig-ccdfa6ce3187a6c1,delivered,1,1,1,,
exp-2b33b808a0f8,run-48d6ce857c49a2d2,claim-5477197e1d63902c,sig-ccdfa6ce3187a6c1,delivered,1,1,1,,
exp-2b33b808a0f8,run-4cfc7acc42bc677f,claim-5477197e1d63902c,sig-ccdfa6ce3187a6c1,delivered,1,1,1,,
exp-2b33b808a0f8,run-56a885c3be5ad659,claim-5477197e1d63902c,sig-ccdfa6ce3187a6c1,delivered,1,1,1,,
exp-2b33b808a0f8,run-5f40de771364165d,claim-5477197e1d63902c,sig-ccdfa6ce3187a6c1,delivered,1,1,1,,
exp-2b33b808a0f8,run-622791b4d7dc0c20,claim-5477197e1d63902c,sig-ccdfa6ce3187a6c1,delivered,1,1,1,,
exp-2b33b808a0f8,run-65fb89d7c4ce4fff,claim-5477197e1d63902c,sig-ccdfa6ce3187a6c1,delivered,1,1,1,,
exp-2b33b808a0f8,run-6ea4b87277a7d89d,claim-5477197e1d63902c,sig-ccdfa6ce3187a6c1,delivered,1,1,1,,
exp-2b33b808a0f8,run-7c7ff2af92c151e9,claim-5477197e1d63902c,sig-ccdfa6ce3187a6c1,delivered,1,1,1,,
exp-2b33b808a0f8,run-8283757cadda12d5,claim-5477197e1d63902c,sig-ccdfa6ce3187a6c1,delivered,1,1,1,,
exp-2b33b808a0f8,run-9c95744bf1e4fc1c,claim-5477197e1d63902c,sig-ccdfa6ce3187a6c1,delivered,1,1,1,,
exp-2b33b808a0f8,run-a191e82fe0552ab5,claim-5477197e1d63902c,sig-ccdfa6ce3187a6c1,delivered,1,1,1,,
exp-2b33b808a0f8,run-a6aad9d55897ddf3,claim-5477197e1d63902c,sig-ccdfa6ce3187a6c1,delivered,1,1,1,,
exp-2b33b808a0f8,run-b13893f95aaaa626,claim-5477197e1d63902c,sig-ccdfa6ce3187a6c1,delivered,1,1,1,,
exp-2b33b808a0f8,run-b9c91e3ca797b757,claim-5477197e1d63902c,sig-ccdfa6ce3187a6c1,delivered,1,1,1,,
exp-2b33b808a0f8,run-c898b60149672477,claim-5477197e1d63902c,sig-ccdfa6ce3187a6c1,delivered,1,1,1,,
exp-2b33b808a0f8,run-cb26f0bc1de44dfe,claim-5477197e1d63902c,sig-ccdfa6ce3187a6c1,delivered,1,1,1,,
exp-2b33b808a0f8,run-d60faf210ac29cea,claim-5477197e1d63902c,sig-ccdfa6ce3187a6c1,delivered,1,1,1,,
exp-2b33b808a0f8,run-f1c7a1720441050f,claim-5477197e1d63902c,sig-ccdfa6ce3187a6c1,delivered,1,1,1,,
exp-2b33b808a0f8,run-f5d02c54d049405c,claim-5477197e1d63902c,sig-ccdfa6ce3187a6c1,delivered,1,1,1,,
exp-2b33b808a0f8,run-fde91c8a36f73bc9,claim-5477197e1d63902c,sig-ccdfa6ce3187a6c1,delivered,1,1,1,,
exp-2b33b808a0f8,run-fe5d76e33ccd3a62,claim-5477197e1d63902c,sig-ccdfa6ce3187a6c1,delivered,1,1,1,,
exp-2b33b808a0f8,run-561879026bd8c4cc,claim-ffea572f1dec63c9,sig-cd230ef6b3f0b6fd,delivered,0,0,1,,
exp-2b33b808a0f8,run-6696f865d45b6987,claim-ffea572f1dec63c9,sig-cd230ef6b3f0b6fd,delivered,0,0,1,,
exp-2b33b808a0f8,run-8c6292478d058b13,claim-ffea572f1dec63c9,sig-cd230ef6b3f0b6fd,delivered,0,0,1,,
exp-2b33b808a0f8,run-b788fe5ef4d59d69,claim-ffea572f1dec63c9,sig-cd230ef6b3f0b6fd,delivered,0,0,1,,
exp-2b33b808a0f8,run-eeb7dfd13c9983fc,claim-ffea572f1dec63c9,sig-cd230ef6b3f0b6fd,delivered,0,0,1,,
exp-2b33b808a0f8,run-2913a8bf3b14dd18,claim-1acaf2b9c7e95bc5,sig-cdb590e6acb2a098,delivered,1,1,1,,
exp-2b33b808a0f8,run-2c5ed9ccf72ab3ff,claim-1acaf2b9c7e95bc5,sig-cdb590e6acb2a098,delivered,1,1,1,,
exp-2b33b808a0f8,run-421a9e310b9451d9,claim-1acaf2b9c7e95bc5,sig-cdb590e6acb2a098,delivered,1,1,1,,
exp-2b33b808a0f8,run-4a9abd6b049cfa48,claim-1acaf2b9c7e95bc5,sig-cdb590e6acb2a098,delivered,1,1,1,,
exp-2b33b808a0f8,run-4bc70e3c7d09ccca,claim-1acaf2b9c7e95bc5,sig-cdb590e6acb2a098,delivered,1,1,1,,
exp-2b33b808a0f8,run-4be88edbdd58b0b7,claim-1acaf2b9c7e95bc5,sig-cdb590e6acb2a098,delivered,1,1,1,,
exp-2b33b808a0f8,run-533b1ebf9907abc5,claim-1acaf2b9c7e95bc5,sig-cdb590e6acb2a098,delivered,1,1,1,,
exp-2b33b808a0f8,run-5ab8996c310b76bc,claim-1acaf2b9c7e95bc5,sig-cdb590e6acb2a098,delivered,1,1,1,,
exp-2b33b808a0f8,run-8628fb2f21bdfa9a,claim-1acaf2b9c7e95bc5,sig-cdb590e6acb2a098,delivered,1,1,1,,
exp-2b33b808a0f8,run-98bc95649ddb8f4c,claim-1acaf2b9c7e95bc5,sig-cdb590e6acb2a098,delivered,1,1,1,,
exp-2b33b808a0f8,run-a2a07f1fba72c484,claim-1acaf2b9c7e95bc5,sig-cdb590e6acb2a098,delivered,1,1,1,,
exp-2b33b808a0f8,run-c70b83220468c5cb,claim-1acaf2b9c7e95bc5,sig-cdb590e6acb2a098,delivered,1,1,1,,
exp-2b33b808a0f8,run-dda79e04e10eeb3f,claim-1acaf2b9c7e95bc5,sig-cdb590e6acb2a098,delivered,1,1,1,,
exp-2b33b808a0f8,run-f31bacd7825a158b,claim-1acaf2b9c7e95bc5,sig-cdb590e6acb2a098,delivered,1,1,1,,
exp-2b33b808a0f8,run-f8641a2b2b522c65,claim-1acaf2b9c7e95bc5,sig-cdb590e6acb2a098,delivered,1,1,1,,
exp-2b33b808a0f8,run-25bb9ab7e7a7365a,claim-643a06fc655572af,sig-ce040fffafa0500e,delivered,1,1,1,,
exp-2b33b808a0f8,run-64dbfef590df5805,claim-643a06fc655572af,sig-ce040fffafa0500e,delivered,1,1,1,,
exp-2b33b808a0f8,run-b322099a86af125a,claim-643a06fc655572af,sig-ce040fffafa0500e,delivered,1,1,1,,
exp-2b33b808a0f8,run-4135fc9f33a52631,claim-ea7bad6ea315b12d,sig-cec17b77351a797c,delivered,1,1,1,,
exp-2b33b808a0f8,run-8b6a0be310d169fd,claim-ea7bad6ea315b12d,sig-cec17b77351a797c,delivered,1,1,1,,
exp-2b33b808a0f8,run-c6b4be2a2bcc1f45,claim-ea7bad6ea315b12d,sig-cec17b77351a797c,delivered,1,1,1,,
exp-2b33b808a0f8,run-6ddc9f9b58c14914,claim-6bd19bfa1d87aeba,sig-ceed418f33d1e79d,delivered,1,1,1,,
exp-2b33b808a0f8,run-fd0875ba4dfb44d6,claim-6bd19bfa1d87aeba,sig-ceed418f33d1e79d,delivered,1,1,1,,
exp-2b33b808a0f8,run-024dd76a95551a07,claim-6a4c36f5c005d430,sig-cf0d182445c6643b,delivered,1,1,1,,
exp-2b33b808a0f8,run-024dd76a95551a07,claim-b821f04fe480c71f,sig-cfb906a8f030f07a,delivered,1,1,1,,
exp-2b33b808a0f8,run-1946c1edcbdbbdda,claim-b821f04fe480c71f,sig-cfb906a8f030f07a,delivered,1,1,1,,
exp-2b33b808a0f8,run-1bae4fcd56bdaa2f,claim-b821f04fe480c71f,sig-cfb906a8f030f07a,delivered,1,1,1,,
exp-2b33b808a0f8,run-5227c4f1697e16f5,claim-b821f04fe480c71f,sig-cfb906a8f030f07a,delivered,1,1,1,,
exp-2b33b808a0f8,run-9c2aac4f207303c4,claim-b821f04fe480c71f,sig-cfb906a8f030f07a,delivered,1,1,1,,
exp-2b33b808a0f8,run-9d7b92b6a9bd860a,claim-b821f04fe480c71f,sig-cfb906a8f030f07a,delivered,1,1,1,,
exp-2b33b808a0f8,run-dcd3f088d2742101,claim-b821f04fe480c71f,sig-cfb906a8f030f07a,delivered,1,1,1,,
exp-2b33b808a0f8,run-df736f776a055b72,claim-b821f04fe480c71f,sig-cfb906a8f030f07a,delivered,1,1,1,,
exp-2b33b808a0f8,run-f6d8a6bffd539b01,claim-b821f04fe480c71f,sig-cfb906a8f030f07a,delivered,1,1,1,,
exp-2b33b808a0f8,run-53706f05bed87dad,claim-1b17aec49269f1a9,sig-d0159599c7ff61fe,delivered,1,1,1,,
exp-2b33b808a0f8,run-581d182fa373e4a8,claim-1b17aec49269f1a9,sig-d0159599c7ff61fe,delivered,1,1,1,,
exp-2b33b808a0f8,run-581e601a136ff413,claim-1b17aec49269f1a9,sig-d0159599c7ff61fe,delivered,1,1,1,,
exp-2b33b808a0f8,run-9ddf9be03d779768,claim-1b17aec49269f1a9,sig-d0159599c7ff61fe,delivered,1,1,1,,
exp-2b33b808a0f8,run-a34dc91443138554,claim-1b17aec49269f1a9,sig-d0159599c7ff61fe,delivered,1,1,1,,
exp-2b33b808a0f8,run-c12d31a0c14e4ea4,claim-1b17aec49269f1a9,sig-d0159599c7ff61fe,delivered,1,1,1,,
exp-2b33b808a0f8,run-cca66c90ef3b41c8,claim-1b17aec49269f1a9,sig-d0159599c7ff61fe,delivered,1,1,1,,
exp-2b33b808a0f8,run-ed9ded3530a007da,claim-1b17aec49269f1a9,sig-d0159599c7ff61fe,delivered,1,1,1,,
exp-2b33b808a0f8,run-f1da5d7783f85774,claim-1b17aec49269f1a9,sig-d0159599c7ff61fe,delivered,1,1,1,,
exp-2b33b808a0f8,run-175d816b8367baac,claim-c58bb2d8f4035612,sig-d0325816e4dafcd0,delivered,1,1,1,,
exp-2b33b808a0f8,run-53706f05bed87dad,claim-c58bb2d8f4035612,sig-d0325816e4dafcd0,delivered,1,1,1,,
exp-2b33b808a0f8,run-581d182fa373e4a8,claim-c58bb2d8f4035612,sig-d0325816e4dafcd0,delivered,1,1,1,,
exp-2b33b808a0f8,run-581e601a136ff413,claim-c58bb2d8f4035612,sig-d0325816e4dafcd0,delivered,1,1,1,,
exp-2b33b808a0f8,run-9ddf9be03d779768,claim-c58bb2d8f4035612,sig-d0325816e4dafcd0,delivered,1,1,1,,
exp-2b33b808a0f8,run-a34dc91443138554,claim-c58bb2d8f4035612,sig-d0325816e4dafcd0,delivered,1,1,1,,
exp-2b33b808a0f8,run-c12d31a0c14e4ea4,claim-c58bb2d8f4035612,sig-d0325816e4dafcd0,delivered,1,1,1,,
exp-2b33b808a0f8,run-cca66c90ef3b41c8,claim-c58bb2d8f4035612,sig-d0325816e4dafcd0,delivered,1,1,1,,
exp-2b33b808a0f8,run-d7b85c1dbc2e2b84,claim-c58bb2d8f4035612,sig-d0325816e4dafcd0,delivered,1,1,1,,
exp-2b33b808a0f8,run-dc695ad65d795df3,claim-c58bb2d8f4035612,sig-d0325816e4dafcd0,delivered,1,1,1,,
exp-2b33b808a0f8,run-ed9ded3530a007da,claim-c58bb2d8f4035612,sig-d0325816e4dafcd0,delivered,1,1,1,,
exp-2b33b808a0f8,run-f1da5d7783f85774,claim-c58bb2d8f4035612,sig-d0325816e4dafcd0,delivered,1,1,1,,
exp-2b33b808a0f8,run-1827ab6678b4100e,claim-6b00b8e80c57ec06,sig-d0b5c61f3ec9a8f7,delivered,1,1,1,,
exp-2b33b808a0f8,run-1ad5774f2ec38993,claim-6b00b8e80c57ec06,sig-d0b5c61f3ec9a8f7,delivered,1,1,1,,
exp-2b33b808a0f8,run-301d12a0643a19b5,claim-6b00b8e80c57ec06,sig-d0b5c61f3ec9a8f7,delivered,1,1,1,,
exp-2b33b808a0f8,run-36f70902baf2605c,claim-6b00b8e80c57ec06,sig-d0b5c61f3ec9a8f7,delivered,1,1,1,,
exp-2b33b808a0f8,run-40302b8b799e3bf1,claim-6b00b8e80c57ec06,sig-d0b5c61f3ec9a8f7,delivered,1,1,1,,
exp-2b33b808a0f8,run-68434cd370855dde,claim-6b00b8e80c57ec06,sig-d0b5c61f3ec9a8f7,delivered,1,1,1,,
exp-2b33b808a0f8,run-803b3c372bc924c5,claim-6b00b8e80c57ec06,sig-d0b5c61f3ec9a8f7,delivered,1,1,1,,
exp-2b33b808a0f8,run-89afe7e7549c985c,claim-6b00b8e80c57ec06,sig-d0b5c61f3ec9a8f7,delivered,1,1,1,,
exp-2b33b808a0f8,run-8d7056559f3f4415,claim-6b00b8e80c57ec06,sig-d0b5c61f3ec9a8f7,delivered,1,1,1,,
exp-2b33b808a0f8,run-9119299991896d57,claim-6b00b8e80c57ec06,sig-d0b5c61f3ec9a8f7,delivered,1,1,1,,
exp-2b33b808a0f8,run-a43e1603dbdaba0d,claim-6b00b8e80c57ec06,sig-d0b5c61f3ec9a8f7,delivered,1,1,1,,
exp-2b33b808a0f8,run-b89fda5b70005cab,claim-6b00b8e80c57ec06,sig-d0b5c61f3ec9a8f7,delivered,1,1,1,,
exp-2b33b808a0f8,run-d03cdd5172e2e4bb,claim-6b00b8e80c57ec06,sig-d0b5c61f3ec9a8f7,delivered,1,1,1,,
exp-2b33b808a0f8,run-d7f33141b5694988,claim-6b00b8e80c57ec06,sig-d0b5c61f3ec9a8f7,delivered,1,1,1,,
exp-2b33b808a0f8,run-d7f754d1c6032500,claim-6b00b8e80c57ec06,sig-d0b5c61f3ec9a8f7,delivered,1,1,1,,
exp-2b33b808a0f8,run-d9ecb9bb93d66dae,claim-6b00b8e80c57ec06,sig-d0b5c61f3ec9a8f7,delivered,1,1,1,,
exp-2b33b808a0f8,run-ebb905b917de9aa9,claim-6b00b8e80c57ec06,sig-d0b5c61f3ec9a8f7,delivered,1,1,1,,
exp-2b33b808a0f8,run-ebcbbda81e609372,claim-6b00b8e80c57ec06,sig-d0b5c61f3ec9a8f7,delivered,1,1,1,,
exp-2b33b808a0f8,run-f1776cca757489d5,claim-6b00b8e80c57ec06,sig-d0b5c61f3ec9a8f7,delivered,1,1,1,,
exp-2b33b808a0f8,run-1827ab6678b4100e,claim-f9229c04286d6978,sig-d0d53d1ee4766ad7,delivered,1,1,1,,
exp-2b33b808a0f8,run-36f70902baf2605c,claim-f9229c04286d6978,sig-d0d53d1ee4766ad7,delivered,1,1,1,,
exp-2b33b808a0f8,run-40302b8b799e3bf1,claim-f9229c04286d6978,sig-d0d53d1ee4766ad7,delivered,1,1,1,,
exp-2b33b808a0f8,run-a43e1603dbdaba0d,claim-f9229c04286d6978,sig-d0d53d1ee4766ad7,delivered,1,1,1,,
exp-2b33b808a0f8,run-ebcbbda81e609372,claim-f9229c04286d6978,sig-d0d53d1ee4766ad7,delivered,1,1,1,,
exp-2b33b808a0f8,run-f1776cca757489d5,claim-f9229c04286d6978,sig-d0d53d1ee4766ad7,delivered,1,1,1,,
exp-2b33b808a0f8,run-0218897335c9fc07,claim-f823f2e2786f5df2,sig-d1fe37215d8e3e48,delivered,1,1,1,,
exp-2b33b808a0f8,run-05bc48ddb286d994,claim-f823f2e2786f5df2,sig-d1fe37215d8e3e48,delivered,1,1,1,,
exp-2b33b808a0f8,run-08eb0ce23ff8c058,claim-f823f2e2786f5df2,sig-d1fe37215d8e3e48,delivered,1,1,1,,
exp-2b33b808a0f8,run-0ed59ea471f8c823,claim-f823f2e2786f5df2,sig-d1fe37215d8e3e48,delivered,1,1,1,,
exp-2b33b808a0f8,run-0f9dd47be805d0d2,claim-f823f2e2786f5df2,sig-d1fe37215d8e3e48,delivered,1,1,1,,
exp-2b33b808a0f8,run-121bae4857799859,claim-f823f2e2786f5df2,sig-d1fe37215d8e3e48,delivered,1,1,1,,
exp-2b33b808a0f8,run-1ad5774f2ec38993,claim-f823f2e2786f5df2,sig-d1fe37215d8e3e48,delivered,1,1,1,,
exp-2b33b808a0f8,run-22c72107573a4b60,claim-f823f2e2786f5df2,sig-d1fe37215d8e3e48,delivered,1,1,1,,
exp-2b33b808a0f8,run-2cd8b7888af1dfd8,claim-f823f2e2786f5df2,sig-d1fe37215d8e3e48,delivered,1,1,1,,
exp-2b33b808a0f8,run-2e5d894151df8e29,claim-f823f2e2786f5df2,sig-d1fe37215d8e3e48,delivered,1,1,1,,
exp-2b33b808a0f8,run-301d12a0643a19b5,claim-f823f2e2786f5df2,sig-d1fe37215d8e3e48,delivered,1,1,1,,
exp-2b33b808a0f8,run-38e71c05cfcffb71,claim-f823f2e2786f5df2,sig-d1fe37215d8e3e48,delivered,1,1,1,,
exp-2b33b808a0f8,run-47f6297369f81ccd,claim-f823f2e2786f5df2,sig-d1fe37215d8e3e48,delivered,1,1,1,,
exp-2b33b808a0f8,run-54dd198bde19e6cf,claim-f823f2e2786f5df2,sig-d1fe37215d8e3e48,delivered,1,1,1,,
exp-2b33b808a0f8,run-5f72dfbc37ae3836,claim-f823f2e2786f5df2,sig-d1fe37215d8e3e48,delivered,1,1,1,,
exp-2b33b808a0f8,run-5f8c41dc5117d3f7,claim-f823f2e2786f5df2,sig-d1fe37215d8e3e48,delivered,1,1,1,,
exp-2b33b808a0f8,run-60c27be7bfd13181,claim-f823f2e2786f5df2,sig-d1fe37215d8e3e48,delivered,1,1,1,,
exp-2b33b808a0f8,run-626495f4dbb14cf3,claim-f823f2e2786f5df2,sig-d1fe37215d8e3e48,delivered,1,1,1,,
exp-2b33b808a0f8,run-66a8f123be374114,claim-f823f2e2786f5df2,sig-d1fe37215d8e3e48,delivered,1,1,1,,
exp-2b33b808a0f8,run-6906bd9b7990509a,claim-f823f2e2786f5df2,sig-d1fe37215d8e3e48,delivered,1,1,1,,
exp-2b33b808a0f8,run-6ddc9f9b58c14914,claim-f823f2e2786f5df2,sig-d1fe37215d8e3e48,delivered,1,1,1,,
exp-2b33b808a0f8,run-7fbcf6b9cab7e077,claim-f823f2e2786f5df2,sig-d1fe37215d8e3e48,delivered,1,1,1,,
exp-2b33b808a0f8,run-803b3c372bc924c5,claim-f823f2e2786f5df2,sig-d1fe37215d8e3e48,delivered,1,1,1,,
exp-2b33b808a0f8,run-82654eb217e99ef6,claim-f823f2e2786f5df2,sig-d1fe37215d8e3e48,delivered,1,1,1,,
exp-2b33b808a0f8,run-89afe7e7549c985c,claim-f823f2e2786f5df2,sig-d1fe37215d8e3e48,delivered,1,1,1,,
exp-2b33b808a0f8,run-8c29734783624630,claim-f823f2e2786f5df2,sig-d1fe37215d8e3e48,delivered,1,1,1,,
exp-2b33b808a0f8,run-8d7056559f3f4415,claim-f823f2e2786f5df2,sig-d1fe37215d8e3e48,delivered,1,1,1,,
exp-2b33b808a0f8,run-9119299991896d57,claim-f823f2e2786f5df2,sig-d1fe37215d8e3e48,delivered,1,1,1,,
exp-2b33b808a0f8,run-9f21a8e6490902ba,claim-f823f2e2786f5df2,sig-d1fe37215d8e3e48,delivered,1,1,1,,
exp-2b33b808a0f8,run-9fd3eacdb49f1187,claim-f823f2e2786f5df2,sig-d1fe37215d8e3e48,delivered,1,1,1,,
exp-2b33b808a0f8,run-a214e052b5c1b167,claim-f823f2e2786f5df2,sig-d1fe37215d8e3e48,delivered,1,1,1,,
exp-2b33b808a0f8,run-a91e83d95f4150ea,claim-f823f2e2786f5df2,sig-d1fe37215d8e3e48,delivered,1,1,1,,
exp-2b33b808a0f8,run-aef2c0f3501e6b9f,claim-f823f2e2786f5df2,sig-d1fe37215d8e3e48,delivered,1,1,1,,
exp-2b33b808a0f8,run-b7f8311340d0f5c0,claim-f823f2e2786f5df2,sig-d1fe37215d8e3e48,delivered,1,1,1,,
exp-2b33b808a0f8,run-b89fda5b70005cab,claim-f823f2e2786f5df2,sig-d1fe37215d8e3e48,delivered,1,1,1,,
exp-2b33b808a0f8,run-bba43343a3c8f7a7,claim-f823f2e2786f5df2,sig-d1fe37215d8e3e48,delivered,1,1,1,,
exp-2b33b808a0f8,run-c31fdf2665c43f45,claim-f823f2e2786f5df2,sig-d1fe37215d8e3e48,delivered,1,1,1,,
exp-2b33b808a0f8,run-cc57ad8a8d2714d7,claim-f823f2e2786f5df2,sig-d1fe37215d8e3e48,delivered,1,1,1,,
exp-2b33b808a0f8,run-d03cdd5172e2e4bb,claim-f823f2e2786f5df2,sig-d1fe37215d8e3e48,delivered,1,1,1,,
exp-2b33b808a0f8,run-d2b9a396554a407b,claim-f823f2e2786f5df2,sig-d1fe37215d8e3e48,delivered,1,1,1,,
exp-2b33b808a0f8,run-d7f33141b5694988,claim-f823f2e2786f5df2,sig-d1fe37215d8e3e48,delivered,1,1,1,,
exp-2b33b808a0f8,run-d7f754d1c6032500,claim-f823f2e2786f5df2,sig-d1fe37215d8e3e48,delivered,1,1,1,,
exp-2b33b808a0f8,run-d9ecb9bb93d66dae,claim-f823f2e2786f5df2,sig-d1fe37215d8e3e48,delivered,1,1,1,,
exp-2b33b808a0f8,run-dab4f8912ef30e26,claim-f823f2e2786f5df2,sig-d1fe37215d8e3e48,delivered,1,1,1,,
exp-2b33b808a0f8,run-de51ed580b1ab50d,claim-f823f2e2786f5df2,sig-d1fe37215d8e3e48,delivered,1,1,1,,
exp-2b33b808a0f8,run-deef30be3782be8a,claim-f823f2e2786f5df2,sig-d1fe37215d8e3e48,delivered,1,1,1,,
exp-2b33b808a0f8,run-e09a9c6c7fbe74db,claim-f823f2e2786f5df2,sig-d1fe37215d8e3e48,delivered,1,1,1,,
exp-2b33b808a0f8,run-e2b8b5101f670dfe,claim-f823f2e2786f5df2,sig-d1fe37215d8e3e48,delivered,1,1,1,,
exp-2b33b808a0f8,run-ea2e4f2c800425a8,claim-f823f2e2786f5df2,sig-d1fe37215d8e3e48,delivered,1,1,1,,
exp-2b33b808a0f8,run-eb3dc172de7476ad,claim-f823f2e2786f5df2,sig-d1fe37215d8e3e48,delivered,1,1,1,,
exp-2b33b808a0f8,run-ebb905b917de9aa9,claim-f823f2e2786f5df2,sig-d1fe37215d8e3e48,delivered,1,1,1,,
exp-2b33b808a0f8,run-fa92f9e908dcd179,claim-f823f2e2786f5df2,sig-d1fe37215d8e3e48,delivered,1,1,1,,
exp-2b33b808a0f8,run-fd0875ba4dfb44d6,claim-f823f2e2786f5df2,sig-d1fe37215d8e3e48,delivered,1,1,1,,
exp-2b33b808a0f8,run-fe2c6fd3e3730afe,claim-f823f2e2786f5df2,sig-d1fe37215d8e3e48,delivered,1,1,1,,
exp-2b33b808a0f8,run-188a8d0550ccc9f1,claim-bd67aee31a4c1d6f,sig-d24447b02bfe29a8,delivered,1,1,1,,
exp-2b33b808a0f8,run-217b27c32888985d,claim-bd67aee31a4c1d6f,sig-d24447b02bfe29a8,delivered,1,1,1,,
exp-2b33b808a0f8,run-3ceaa0e4676003ac,claim-bd67aee31a4c1d6f,sig-d24447b02bfe29a8,delivered,1,1,1,,
exp-2b33b808a0f8,run-3dcf417f7bfa03b2,claim-bd67aee31a4c1d6f,sig-d24447b02bfe29a8,delivered,1,1,1,,
exp-2b33b808a0f8,run-85fcaf049510f0ee,claim-bd67aee31a4c1d6f,sig-d24447b02bfe29a8,delivered,1,1,1,,
exp-2b33b808a0f8,run-95f0926102c7f977,claim-bd67aee31a4c1d6f,sig-d24447b02bfe29a8,delivered,1,1,1,,
exp-2b33b808a0f8,run-9e50adaa1bc80ca9,claim-bd67aee31a4c1d6f,sig-d24447b02bfe29a8,delivered,1,1,1,,
exp-2b33b808a0f8,run-b59197931236a821,claim-bd67aee31a4c1d6f,sig-d24447b02bfe29a8,delivered,1,1,1,,
exp-2b33b808a0f8,run-f4b4966e3d0cf978,claim-bd67aee31a4c1d6f,sig-d24447b02bfe29a8,delivered,1,1,1,,
exp-2b33b808a0f8,run-3620dcf5bb5744a2,claim-da116e4664dfbb48,sig-d25eadad565da920,delivered,1,1,1,,
exp-2b33b808a0f8,run-68d48029a60ec89f,claim-da116e4664dfbb48,sig-d25eadad565da920,delivered,1,1,1,,
exp-2b33b808a0f8,run-d0fd6be062307c7b,claim-da116e4664dfbb48,sig-d25eadad565da920,delivered,1,1,1,,
exp-2b33b808a0f8,run-df03869a77162cae,claim-da116e4664dfbb48,sig-d25eadad565da920,delivered,1,1,1,,
exp-2b33b808a0f8,run-e302498980455d8f,claim-da116e4664dfbb48,sig-d25eadad565da920,delivered,1,1,1,,
exp-2b33b808a0f8,run-fea9b296c7fc9671,claim-da116e4664dfbb48,sig-d25eadad565da920,delivered,1,1,1,,
exp-2b33b808a0f8,run-024dd76a95551a07,claim-90c0a7e7cb048695,sig-d2b195793b1492d2,delivered,1,1,1,,
exp-2b33b808a0f8,run-1946c1edcbdbbdda,claim-90c0a7e7cb048695,sig-d2b195793b1492d2,delivered,1,1,1,,
exp-2b33b808a0f8,run-1bae4fcd56bdaa2f,claim-90c0a7e7cb048695,sig-d2b195793b1492d2,delivered,1,1,1,,
exp-2b33b808a0f8,run-5227c4f1697e16f5,claim-90c0a7e7cb048695,sig-d2b195793b1492d2,delivered,1,1,1,,
exp-2b33b808a0f8,run-9c2aac4f207303c4,claim-90c0a7e7cb048695,sig-d2b195793b1492d2,delivered,1,1,1,,
exp-2b33b808a0f8,run-9d7b92b6a9bd860a,claim-90c0a7e7cb048695,sig-d2b195793b1492d2,delivered,1,1,1,,
exp-2b33b808a0f8,run-dcd3f088d2742101,claim-90c0a7e7cb048695,sig-d2b195793b1492d2,delivered,1,1,1,,
exp-2b33b808a0f8,run-df736f776a055b72,claim-90c0a7e7cb048695,sig-d2b195793b1492d2,delivered,1,1,1,,
exp-2b33b808a0f8,run-f6d8a6bffd539b01,claim-90c0a7e7cb048695,sig-d2b195793b1492d2,delivered,1,1,1,,
exp-2b33b808a0f8,run-3996e6744fffc569,claim-de28166ea2aaaa9a,sig-d2b9bab43cd28ccf,delivered,1,1,1,,
exp-2b33b808a0f8,run-6c88b2e46218c519,claim-de28166ea2aaaa9a,sig-d2b9bab43cd28ccf,delivered,1,1,1,,
exp-2b33b808a0f8,run-81291fb5e9520a72,claim-de28166ea2aaaa9a,sig-d2b9bab43cd28ccf,delivered,1,1,1,,
exp-2b33b808a0f8,run-3620dcf5bb5744a2,claim-a0402763c5848368,sig-d2eae8c0f28bd873,delivered,1,1,1,,
exp-2b33b808a0f8,run-68d48029a60ec89f,claim-a0402763c5848368,sig-d2eae8c0f28bd873,delivered,1,1,1,,
exp-2b33b808a0f8,run-6ddc9f9b58c14914,claim-a0402763c5848368,sig-d2eae8c0f28bd873,delivered,1,1,1,,
exp-2b33b808a0f8,run-d0fd6be062307c7b,claim-a0402763c5848368,sig-d2eae8c0f28bd873,delivered,1,1,1,,
exp-2b33b808a0f8,run-de51ed580b1ab50d,claim-a0402763c5848368,sig-d2eae8c0f28bd873,delivered,1,1,1,,
exp-2b33b808a0f8,run-df03869a77162cae,claim-a0402763c5848368,sig-d2eae8c0f28bd873,delivered,1,1,1,,
exp-2b33b808a0f8,run-e302498980455d8f,claim-a0402763c5848368,sig-d2eae8c0f28bd873,delivered,1,1,1,,
exp-2b33b808a0f8,run-fd0875ba4dfb44d6,claim-a0402763c5848368,sig-d2eae8c0f28bd873,delivered,1,1,1,,
exp-2b33b808a0f8,run-fea9b296c7fc9671,claim-a0402763c5848368,sig-d2eae8c0f28bd873,delivered,1,1,1,,
exp-2b33b808a0f8,run-25bb9ab7e7a7365a,claim-e3d2bd5371350475,sig-d325d7a10e075914,delivered,1,1,1,,
exp-2b33b808a0f8,run-64dbfef590df5805,claim-e3d2bd5371350475,sig-d325d7a10e075914,delivered,1,1,1,,
exp-2b33b808a0f8,run-b322099a86af125a,claim-e3d2bd5371350475,sig-d325d7a10e075914,delivered,1,1,1,,
exp-2b33b808a0f8,run-13a88125b47c3116,claim-00f3e2800d2e6a11,sig-d366c2476d5c503f,delivered,1,1,1,,
exp-2b33b808a0f8,run-53706f05bed87dad,claim-00f3e2800d2e6a11,sig-d366c2476d5c503f,delivered,1,1,1,,
exp-2b33b808a0f8,run-581d182fa373e4a8,claim-00f3e2800d2e6a11,sig-d366c2476d5c503f,delivered,1,1,1,,
exp-2b33b808a0f8,run-581e601a136ff413,claim-00f3e2800d2e6a11,sig-d366c2476d5c503f,delivered,1,1,1,,
exp-2b33b808a0f8,run-a34dc91443138554,claim-00f3e2800d2e6a11,sig-d366c2476d5c503f,delivered,1,1,1,,
exp-2b33b808a0f8,run-b9c91e3ca797b757,claim-00f3e2800d2e6a11,sig-d366c2476d5c503f,delivered,1,1,1,,
exp-2b33b808a0f8,run-c12d31a0c14e4ea4,claim-00f3e2800d2e6a11,sig-d366c2476d5c503f,delivered,1,1,1,,
exp-2b33b808a0f8,run-f1da5d7783f85774,claim-00f3e2800d2e6a11,sig-d366c2476d5c503f,delivered,1,1,1,,
exp-2b33b808a0f8,run-f6d8a6bffd539b01,claim-00f3e2800d2e6a11,sig-d366c2476d5c503f,delivered,1,1,1,,
exp-2b33b808a0f8,run-0d5710fb6ccbec61,claim-8a2dbc498ea38bb2,sig-d4645d2f220b561a,delivered,1,1,1,,
exp-2b33b808a0f8,run-1ad5774f2ec38993,claim-8a2dbc498ea38bb2,sig-d4645d2f220b561a,delivered,1,1,1,,
exp-2b33b808a0f8,run-22c72107573a4b60,claim-8a2dbc498ea38bb2,sig-d4645d2f220b561a,delivered,1,1,1,,
exp-2b33b808a0f8,run-36f70902baf2605c,claim-8a2dbc498ea38bb2,sig-d4645d2f220b561a,delivered,1,1,1,,
exp-2b33b808a0f8,run-7ea589e15513aeaf,claim-8a2dbc498ea38bb2,sig-d4645d2f220b561a,delivered,1,1,1,,
exp-2b33b808a0f8,run-803b3c372bc924c5,claim-8a2dbc498ea38bb2,sig-d4645d2f220b561a,delivered,1,1,1,,
exp-2b33b808a0f8,run-89afe7e7549c985c,claim-8a2dbc498ea38bb2,sig-d4645d2f220b561a,delivered,1,1,1,,
exp-2b33b808a0f8,run-9119299991896d57,claim-8a2dbc498ea38bb2,sig-d4645d2f220b561a,delivered,1,1,1,,
exp-2b33b808a0f8,run-b2e91be99045ef34,claim-8a2dbc498ea38bb2,sig-d4645d2f220b561a,delivered,1,1,1,,
exp-2b33b808a0f8,run-bad7bc9b35ba648e,claim-8a2dbc498ea38bb2,sig-d4645d2f220b561a,delivered,1,1,1,,
exp-2b33b808a0f8,run-cc4aa8875144e42e,claim-8a2dbc498ea38bb2,sig-d4645d2f220b561a,delivered,1,1,1,,
exp-2b33b808a0f8,run-d03cdd5172e2e4bb,claim-8a2dbc498ea38bb2,sig-d4645d2f220b561a,delivered,1,1,1,,
exp-2b33b808a0f8,run-d7f33141b5694988,claim-8a2dbc498ea38bb2,sig-d4645d2f220b561a,delivered,1,1,1,,
exp-2b33b808a0f8,run-d7f754d1c6032500,claim-8a2dbc498ea38bb2,sig-d4645d2f220b561a,delivered,1,1,1,,
exp-2b33b808a0f8,run-db0288cd0d7d2c01,claim-8a2dbc498ea38bb2,sig-d4645d2f220b561a,delivered,1,1,1,,
exp-2b33b808a0f8,run-ebb905b917de9aa9,claim-8a2dbc498ea38bb2,sig-d4645d2f220b561a,delivered,1,1,1,,
exp-2b33b808a0f8,run-ebcbbda81e609372,claim-8a2dbc498ea38bb2,sig-d4645d2f220b561a,delivered,1,1,1,,
exp-2b33b808a0f8,run-ee78a1a347e718c6,claim-8a2dbc498ea38bb2,sig-d4645d2f220b561a,delivered,1,1,1,,
exp-2b33b808a0f8,run-188a8d0550ccc9f1,claim-e3a6116260429ee9,sig-d558c4f0b580898f,delivered,1,1,1,,
exp-2b33b808a0f8,run-217b27c32888985d,claim-e3a6116260429ee9,sig-d558c4f0b580898f,delivered,1,1,1,,
exp-2b33b808a0f8,run-3ceaa0e4676003ac,claim-e3a6116260429ee9,sig-d558c4f0b580898f,delivered,1,1,1,,
exp-2b33b808a0f8,run-3dcf417f7bfa03b2,claim-e3a6116260429ee9,sig-d558c4f0b580898f,delivered,1,1,1,,
exp-2b33b808a0f8,run-85fcaf049510f0ee,claim-e3a6116260429ee9,sig-d558c4f0b580898f,delivered,1,1,1,,
exp-2b33b808a0f8,run-95f0926102c7f977,claim-e3a6116260429ee9,sig-d558c4f0b580898f,delivered,1,1,1,,
exp-2b33b808a0f8,run-9e50adaa1bc80ca9,claim-e3a6116260429ee9,sig-d558c4f0b580898f,delivered,1,1,1,,
exp-2b33b808a0f8,run-b59197931236a821,claim-e3a6116260429ee9,sig-d558c4f0b580898f,delivered,1,1,1,,
exp-2b33b808a0f8,run-f4b4966e3d0cf978,claim-e3a6116260429ee9,sig-d558c4f0b580898f,delivered,1,1,1,,
exp-2b33b808a0f8,run-08239fa79adec9bb,claim-b7ff2fb4dcd929f3,sig-d5b6d42b08addb19,delivered,1,1,1,,
exp-2b33b808a0f8,run-22c666cf37db328f,claim-b7ff2fb4dcd929f3,sig-d5b6d42b08addb19,delivered,1,1,1,,
exp-2b33b808a0f8,run-25eaa2510fbfbaff,claim-b7ff2fb4dcd929f3,sig-d5b6d42b08addb19,delivered,1,1,1,,
exp-2b33b808a0f8,run-26c66a98702e0a01,claim-b7ff2fb4dcd929f3,sig-d5b6d42b08addb19,delivered,1,1,1,,
exp-2b33b808a0f8,run-2a9c3ec6dd6e9d8f,claim-b7ff2fb4dcd929f3,sig-d5b6d42b08addb19,delivered,1,1,1,,
exp-2b33b808a0f8,run-2b307fc83ae74fb5,claim-b7ff2fb4dcd929f3,sig-d5b6d42b08addb19,delivered,1,1,1,,
exp-2b33b808a0f8,run-3e6218c854422e8d,claim-b7ff2fb4dcd929f3,sig-d5b6d42b08addb19,delivered,1,1,1,,
exp-2b33b808a0f8,run-54c829c9332d7705,claim-b7ff2fb4dcd929f3,sig-d5b6d42b08addb19,delivered,1,1,1,,
exp-2b33b808a0f8,run-602d62632c3acac1,claim-b7ff2fb4dcd929f3,sig-d5b6d42b08addb19,delivered,1,1,1,,
exp-2b33b808a0f8,run-637de2634f99fe17,claim-b7ff2fb4dcd929f3,sig-d5b6d42b08addb19,delivered,1,1,1,,
exp-2b33b808a0f8,run-c98546e59cb90ee4,claim-b7ff2fb4dcd929f3,sig-d5b6d42b08addb19,delivered,1,1,1,,
exp-2b33b808a0f8,run-d96c8c1fd86b590a,claim-b7ff2fb4dcd929f3,sig-d5b6d42b08addb19,delivered,1,1,1,,
exp-2b33b808a0f8,run-37a26e9a7aa1bb5e,claim-ffea572f1dec63c9,sig-d5c864805251892c,delivered,0,0,1,,
exp-2b33b808a0f8,run-44cfbdfc60cdf7a8,claim-ffea572f1dec63c9,sig-d5c864805251892c,delivered,0,0,1,,
exp-2b33b808a0f8,run-654b90f4ea145d67,claim-ffea572f1dec63c9,sig-d5c864805251892c,delivered,0,0,1,,
exp-2b33b808a0f8,run-6c62556cc962947a,claim-ffea572f1dec63c9,sig-d5c864805251892c,delivered,0,0,1,,
exp-2b33b808a0f8,run-8eb43eb6eddc29f4,claim-ffea572f1dec63c9,sig-d5c864805251892c,delivered,0,0,1,,
exp-2b33b808a0f8,run-a8d5484d741c645d,claim-ffea572f1dec63c9,sig-d5c864805251892c,delivered,0,0,1,,
exp-2b33b808a0f8,run-1584d685946fcbab,claim-91f6443725f4d007,sig-d5d1d1ef8b2b513c,delivered,1,1,1,,
exp-2b33b808a0f8,run-16a39058c7f3cf9e,claim-91f6443725f4d007,sig-d5d1d1ef8b2b513c,delivered,1,1,1,,
exp-2b33b808a0f8,run-1b3af856ea0d78ba,claim-91f6443725f4d007,sig-d5d1d1ef8b2b513c,delivered,1,1,1,,
exp-2b33b808a0f8,run-2883d20895417f2d,claim-91f6443725f4d007,sig-d5d1d1ef8b2b513c,delivered,1,1,1,,
exp-2b33b808a0f8,run-2913a8bf3b14dd18,claim-91f6443725f4d007,sig-d5d1d1ef8b2b513c,delivered,1,1,1,,
exp-2b33b808a0f8,run-2c5ed9ccf72ab3ff,claim-91f6443725f4d007,sig-d5d1d1ef8b2b513c,delivered,1,1,1,,
exp-2b33b808a0f8,run-3a63d8383c08c8ac,claim-91f6443725f4d007,sig-d5d1d1ef8b2b513c,delivered,1,1,1,,
exp-2b33b808a0f8,run-421a9e310b9451d9,claim-91f6443725f4d007,sig-d5d1d1ef8b2b513c,delivered,1,1,1,,
exp-2b33b808a0f8,run-48f83c5035a70d6d,claim-91f6443725f4d007,sig-d5d1d1ef8b2b513c,delivered,1,1,1,,
exp-2b33b808a0f8,run-49d441481d22eaff,claim-91f6443725f4d007,sig-d5d1d1ef8b2b513c,delivered,1,1,1,,
exp-2b33b808a0f8,run-4a9abd6b049cfa48,claim-91f6443725f4d007,sig-d5d1d1ef8b2b513c,delivered,1,1,1,,
exp-2b33b808a0f8,run-4bc70e3c7d09ccca,claim-91f6443725f4d007,sig-d5d1d1ef8b2b513c,delivered,1,1,1,,
exp-2b33b808a0f8,run-4be88edbdd58b0b7,claim-91f6443725f4d007,sig-d5d1d1ef8b2b513c,delivered,1,1,1,,
exp-2b33b808a0f8,run-533b1ebf9907abc5,claim-91f6443725f4d007,sig-d5d1d1ef8b2b513c,delivered,1,1,1,,
exp-2b33b808a0f8,run-548b9449d2e5ac2b,claim-91f6443725f4d007,sig-d5d1d1ef8b2b513c,delivered,1,1,1,,
exp-2b33b808a0f8,run-5666f4cf16ada7ef,claim-91f6443725f4d007,sig-d5d1d1ef8b2b513c,delivered,1,1,1,,
exp-2b33b808a0f8,run-5ab8996c310b76bc,claim-91f6443725f4d007,sig-d5d1d1ef8b2b513c,delivered,1,1,1,,
exp-2b33b808a0f8,run-82e3fe2420e8e987,claim-91f6443725f4d007,sig-d5d1d1ef8b2b513c,delivered,1,1,1,,
exp-2b33b808a0f8,run-8628fb2f21bdfa9a,claim-91f6443725f4d007,sig-d5d1d1ef8b2b513c,delivered,1,1,1,,
exp-2b33b808a0f8,run-8fd820fb0fd3fa83,claim-91f6443725f4d007,sig-d5d1d1ef8b2b513c,delivered,1,1,1,,
exp-2b33b808a0f8,run-98bc95649ddb8f4c,claim-91f6443725f4d007,sig-d5d1d1ef8b2b513c,delivered,1,1,1,,
exp-2b33b808a0f8,run-a2a07f1fba72c484,claim-91f6443725f4d007,sig-d5d1d1ef8b2b513c,delivered,1,1,1,,
exp-2b33b808a0f8,run-b092f115d5e62166,claim-91f6443725f4d007,sig-d5d1d1ef8b2b513c,delivered,1,1,1,,
exp-2b33b808a0f8,run-b2e669dbbe4fc670,claim-91f6443725f4d007,sig-d5d1d1ef8b2b513c,delivered,1,1,1,,
exp-2b33b808a0f8,run-b4f674eb9d401efd,claim-91f6443725f4d007,sig-d5d1d1ef8b2b513c,delivered,1,1,1,,
exp-2b33b808a0f8,run-c70b83220468c5cb,claim-91f6443725f4d007,sig-d5d1d1ef8b2b513c,delivered,1,1,1,,
exp-2b33b808a0f8,run-cfbfb19332bde82e,claim-91f6443725f4d007,sig-d5d1d1ef8b2b513c,delivered,1,1,1,,
exp-2b33b808a0f8,run-dda79e04e10eeb3f,claim-91f6443725f4d007,sig-d5d1d1ef8b2b513c,delivered,1,1,1,,
exp-2b33b808a0f8,run-e397ddb5605064f3,claim-91f6443725f4d007,sig-d5d1d1ef8b2b513c,delivered,1,1,1,,
exp-2b33b808a0f8,run-e69a6fbcad4061ce,claim-91f6443725f4d007,sig-d5d1d1ef8b2b513c,delivered,1,1,1,,
exp-2b33b808a0f8,run-f1ea2e8a09c56c99,claim-91f6443725f4d007,sig-d5d1d1ef8b2b513c,delivered,1,1,1,,
exp-2b33b808a0f8,run-f2913fb769b7d837,claim-91f6443725f4d007,sig-d5d1d1ef8b2b513c,delivered,1,1,1,,
exp-2b33b808a0f8,run-f31bacd7825a158b,claim-91f6443725f4d007,sig-d5d1d1ef8b2b513c,delivered,1,1,1,,
exp-2b33b808a0f8,run-f8641a2b2b522c65,claim-91f6443725f4d007,sig-d5d1d1ef8b2b513c,delivered,1,1,1,,
exp-2b33b808a0f8,run-19ef64ede03e3f70,claim-2a836de363d15d3c,sig-d604b8c0380bc529,delivered,1,1,1,,
exp-2b33b808a0f8,run-e791d1ca36891afd,claim-2a836de363d15d3c,sig-d604b8c0380bc529,delivered,1,1,1,,
exp-2b33b808a0f8,run-314cd6efe084d5fe,claim-701e6c6d74d382e8,sig-d6099741e8900bd7,delivered,1,1,1,,
exp-2b33b808a0f8,run-3f6da378062ee821,claim-701e6c6d74d382e8,sig-d6099741e8900bd7,delivered,1,1,1,,
exp-2b33b808a0f8,run-0150d84e23782b10,claim-db58e68a276f73f2,sig-d6669a6a7f739a78,delivered,1,1,1,,
exp-2b33b808a0f8,run-13afd1c7ef164da6,claim-db58e68a276f73f2,sig-d6669a6a7f739a78,delivered,1,1,1,,
exp-2b33b808a0f8,run-169749d452c80c28,claim-db58e68a276f73f2,sig-d6669a6a7f739a78,delivered,1,1,1,,
exp-2b33b808a0f8,run-1b3af856ea0d78ba,claim-db58e68a276f73f2,sig-d6669a6a7f739a78,delivered,1,1,1,,
exp-2b33b808a0f8,run-1ccf8759fdd4aeaf,claim-db58e68a276f73f2,sig-d6669a6a7f739a78,delivered,1,1,1,,
exp-2b33b808a0f8,run-2883d20895417f2d,claim-db58e68a276f73f2,sig-d6669a6a7f739a78,delivered,1,1,1,,
exp-2b33b808a0f8,run-299407f942ccfe44,claim-db58e68a276f73f2,sig-d6669a6a7f739a78,delivered,1,1,1,,
exp-2b33b808a0f8,run-2e6341eef0f780f9,claim-db58e68a276f73f2,sig-d6669a6a7f739a78,delivered,1,1,1,,
exp-2b33b808a0f8,run-380eeaa24d9d57c1,claim-db58e68a276f73f2,sig-d6669a6a7f739a78,delivered,1,1,1,,
exp-2b33b808a0f8,run-3a63d8383c08c8ac,claim-db58e68a276f73f2,sig-d6669a6a7f739a78,delivered,1,1,1,,
exp-2b33b808a0f8,run-4135fc9f33a52631,claim-db58e68a276f73f2,sig-d6669a6a7f739a78,delivered,1,1,1,,
exp-2b33b808a0f8,run-48f83c5035a70d6d,claim-db58e68a276f73f2,sig-d6669a6a7f739a78,delivered,1,1,1,,
exp-2b33b808a0f8,run-54dfa16175253c38,claim-db58e68a276f73f2,sig-d6669a6a7f739a78,delivered,1,1,1,,
exp-2b33b808a0f8,run-5db7b7d90d3ff8ce,claim-db58e68a276f73f2,sig-d6669a6a7f739a78,delivered,1,1,1,,
exp-2b33b808a0f8,run-5f615659d79c5e37,claim-db58e68a276f73f2,sig-d6669a6a7f739a78,delivered,1,1,1,,
exp-2b33b808a0f8,run-622791b4d7dc0c20,claim-db58e68a276f73f2,sig-d6669a6a7f739a78,delivered,1,1,1,,
exp-2b33b808a0f8,run-6587340871fe07d2,claim-db58e68a276f73f2,sig-d6669a6a7f739a78,delivered,1,1,1,,
exp-2b33b808a0f8,run-67793a64b66d5a38,claim-db58e68a276f73f2,sig-d6669a6a7f739a78,delivered,1,1,1,,
exp-2b33b808a0f8,run-6d394564f18187f9,claim-db58e68a276f73f2,sig-d6669a6a7f739a78,delivered,1,1,1,,
exp-2b33b808a0f8,run-7f00802c340e2617,claim-db58e68a276f73f2,sig-d6669a6a7f739a78,delivered,1,1,1,,
exp-2b33b808a0f8,run-802196ca10c28e03,claim-db58e68a276f73f2,sig-d6669a6a7f739a78,delivered,1,1,1,,
exp-2b33b808a0f8,run-809856b19e987477,claim-db58e68a276f73f2,sig-d6669a6a7f739a78,delivered,1,1,1,,
exp-2b33b808a0f8,run-82121d93599b573f,claim-db58e68a276f73f2,sig-d6669a6a7f739a78,delivered,1,1,1,,
exp-2b33b808a0f8,run-8b6a0be310d169fd,claim-db58e68a276f73f2,sig-d6669a6a7f739a78,delivered,1,1,1,,
exp-2b33b808a0f8,run-92029ec55433f4ad,claim-db58e68a276f73f2,sig-d6669a6a7f739a78,delivered,1,1,1,,
exp-2b33b808a0f8,run-9ad54128801f5701,claim-db58e68a276f73f2,sig-d6669a6a7f739a78,delivered,1,1,1,,
exp-2b33b808a0f8,run-a314881a5962c263,claim-db58e68a276f73f2,sig-d6669a6a7f739a78,delivered,1,1,1,,
exp-2b33b808a0f8,run-bfc1fb37d31beee3,claim-db58e68a276f73f2,sig-d6669a6a7f739a78,delivered,1,1,1,,
exp-2b33b808a0f8,run-c6b4be2a2bcc1f45,claim-db58e68a276f73f2,sig-d6669a6a7f739a78,delivered,1,1,1,,
exp-2b33b808a0f8,run-cb26f0bc1de44dfe,claim-db58e68a276f73f2,sig-d6669a6a7f739a78,delivered,1,1,1,,
exp-2b33b808a0f8,run-cf376438c8a0f3d5,claim-db58e68a276f73f2,sig-d6669a6a7f739a78,delivered,1,1,1,,
exp-2b33b808a0f8,run-cf74c3eb23037fe3,claim-db58e68a276f73f2,sig-d6669a6a7f739a78,delivered,1,1,1,,
exp-2b33b808a0f8,run-e08a8eb7877cb862,claim-db58e68a276f73f2,sig-d6669a6a7f739a78,delivered,1,1,1,,
exp-2b33b808a0f8,run-e975e5cc647b3523,claim-db58e68a276f73f2,sig-d6669a6a7f739a78,delivered,1,1,1,,
exp-2b33b808a0f8,run-f3f30df9a4b8d9a5,claim-db58e68a276f73f2,sig-d6669a6a7f739a78,delivered,1,1,1,,
exp-2b33b808a0f8,run-fad00c5c2a4305ab,claim-db58e68a276f73f2,sig-d6669a6a7f739a78,delivered,1,1,1,,
exp-2b33b808a0f8,run-67793a64b66d5a38,claim-31c4033d744187e3,sig-d671a64283d20a7b,delivered,1,1,1,,
exp-2b33b808a0f8,run-1619336f4c8443db,claim-0b0a7fb3209443fe,sig-d684265bb29277bd,delivered,1,1,1,,
exp-2b33b808a0f8,run-2c80b667b1e14131,claim-0b0a7fb3209443fe,sig-d684265bb29277bd,delivered,1,1,1,,
exp-2b33b808a0f8,run-3077d26358e3e6c2,claim-0b0a7fb3209443fe,sig-d684265bb29277bd,delivered,1,1,1,,
exp-2b33b808a0f8,run-7c7ff2af92c151e9,claim-0b0a7fb3209443fe,sig-d684265bb29277bd,delivered,1,1,1,,
exp-2b33b808a0f8,run-a6aad9d55897ddf3,claim-0b0a7fb3209443fe,sig-d684265bb29277bd,delivered,1,1,1,,
exp-2b33b808a0f8,run-c898b60149672477,claim-0b0a7fb3209443fe,sig-d684265bb29277bd,delivered,1,1,1,,
exp-2b33b808a0f8,run-f5d02c54d049405c,claim-0b0a7fb3209443fe,sig-d684265bb29277bd,delivered,1,1,1,,
exp-2b33b808a0f8,run-fde91c8a36f73bc9,claim-0b0a7fb3209443fe,sig-d684265bb29277bd,delivered,1,1,1,,
exp-2b33b808a0f8,run-25eaa2510fbfbaff,claim-7803ebeefceccf40,sig-d6922cce3d14fc2b,delivered,1,1,1,,
exp-2b33b808a0f8,run-3620dcf5bb5744a2,claim-7803ebeefceccf40,sig-d6922cce3d14fc2b,delivered,1,1,1,,
exp-2b33b808a0f8,run-374dc2e21f594ec4,claim-7803ebeefceccf40,sig-d6922cce3d14fc2b,delivered,1,1,1,,
exp-2b33b808a0f8,run-3e6218c854422e8d,claim-7803ebeefceccf40,sig-d6922cce3d14fc2b,delivered,1,1,1,,
exp-2b33b808a0f8,run-4135fc9f33a52631,claim-7803ebeefceccf40,sig-d6922cce3d14fc2b,delivered,1,1,1,,
exp-2b33b808a0f8,run-5f9908a782b1c6e3,claim-7803ebeefceccf40,sig-d6922cce3d14fc2b,delivered,1,1,1,,
exp-2b33b808a0f8,run-602d62632c3acac1,claim-7803ebeefceccf40,sig-d6922cce3d14fc2b,delivered,1,1,1,,
exp-2b33b808a0f8,run-82a20b31b2b8e7ef,claim-7803ebeefceccf40,sig-d6922cce3d14fc2b,delivered,1,1,1,,
exp-2b33b808a0f8,run-8b6a0be310d169fd,claim-7803ebeefceccf40,sig-d6922cce3d14fc2b,delivered,1,1,1,,
exp-2b33b808a0f8,run-d0fd6be062307c7b,claim-7803ebeefceccf40,sig-d6922cce3d14fc2b,delivered,1,1,1,,
exp-2b33b808a0f8,run-0218897335c9fc07,claim-55bbdd72e15ddbd2,sig-d77f85188982b050,delivered,1,1,1,,
exp-2b33b808a0f8,run-05bc48ddb286d994,claim-55bbdd72e15ddbd2,sig-d77f85188982b050,delivered,1,1,1,,
exp-2b33b808a0f8,run-0d5710fb6ccbec61,claim-55bbdd72e15ddbd2,sig-d77f85188982b050,delivered,1,1,1,,
exp-2b33b808a0f8,run-0ed59ea471f8c823,claim-55bbdd72e15ddbd2,sig-d77f85188982b050,delivered,1,1,1,,
exp-2b33b808a0f8,run-121bae4857799859,claim-55bbdd72e15ddbd2,sig-d77f85188982b050,delivered,1,1,1,,
exp-2b33b808a0f8,run-169749d452c80c28,claim-55bbdd72e15ddbd2,sig-d77f85188982b050,delivered,1,1,1,,
exp-2b33b808a0f8,run-1b3af856ea0d78ba,claim-55bbdd72e15ddbd2,sig-d77f85188982b050,delivered,1,1,1,,
exp-2b33b808a0f8,run-2883d20895417f2d,claim-55bbdd72e15ddbd2,sig-d77f85188982b050,delivered,1,1,1,,
exp-2b33b808a0f8,run-2cd8b7888af1dfd8,claim-55bbdd72e15ddbd2,sig-d77f85188982b050,delivered,1,1,1,,
exp-2b33b808a0f8,run-2e5d894151df8e29,claim-55bbdd72e15ddbd2,sig-d77f85188982b050,delivered,1,1,1,,
exp-2b33b808a0f8,run-2e6341eef0f780f9,claim-55bbdd72e15ddbd2,sig-d77f85188982b050,delivered,1,1,1,,
exp-2b33b808a0f8,run-301d12a0643a19b5,claim-55bbdd72e15ddbd2,sig-d77f85188982b050,delivered,1,1,1,,
exp-2b33b808a0f8,run-31ef47d02bf73873,claim-55bbdd72e15ddbd2,sig-d77f85188982b050,delivered,1,1,1,,
exp-2b33b808a0f8,run-3a63d8383c08c8ac,claim-55bbdd72e15ddbd2,sig-d77f85188982b050,delivered,1,1,1,,
exp-2b33b808a0f8,run-4135fc9f33a52631,claim-55bbdd72e15ddbd2,sig-d77f85188982b050,delivered,1,1,1,,
exp-2b33b808a0f8,run-47f6297369f81ccd,claim-55bbdd72e15ddbd2,sig-d77f85188982b050,delivered,1,1,1,,
exp-2b33b808a0f8,run-48f83c5035a70d6d,claim-55bbdd72e15ddbd2,sig-d77f85188982b050,delivered,1,1,1,,
exp-2b33b808a0f8,run-548b9449d2e5ac2b,claim-55bbdd72e15ddbd2,sig-d77f85188982b050,delivered,1,1,1,,
exp-2b33b808a0f8,run-54dd198bde19e6cf,claim-55bbdd72e15ddbd2,sig-d77f85188982b050,delivered,1,1,1,,
exp-2b33b808a0f8,run-5666f4cf16ada7ef,claim-55bbdd72e15ddbd2,sig-d77f85188982b050,delivered,1,1,1,,
exp-2b33b808a0f8,run-5ab8996c310b76bc,claim-55bbdd72e15ddbd2,sig-d77f85188982b050,delivered,1,1,1,,
exp-2b33b808a0f8,run-5f615659d79c5e37,claim-55bbdd72e15ddbd2,sig-d77f85188982b050,delivered,1,1,1,,
exp-2b33b808a0f8,run-5f72dfbc37ae3836,claim-55bbdd72e15ddbd2,sig-d77f85188982b050,delivered,1,1,1,,
exp-2b33b808a0f8,run-5f8c41dc5117d3f7,claim-55bbdd72e15ddbd2,sig-d77f85188982b050,delivered,1,1,1,,
exp-2b33b808a0f8,run-60c27be7bfd13181,claim-55bbdd72e15ddbd2,sig-d77f85188982b050,delivered,1,1,1,,
exp-2b33b808a0f8,run-626495f4dbb14cf3,claim-55bbdd72e15ddbd2,sig-d77f85188982b050,delivered,1,1,1,,
exp-2b33b808a0f8,run-66a8f123be374114,claim-55bbdd72e15ddbd2,sig-d77f85188982b050,delivered,1,1,1,,
exp-2b33b808a0f8,run-7a81aa198df7a360,claim-55bbdd72e15ddbd2,sig-d77f85188982b050,delivered,1,1,1,,
exp-2b33b808a0f8,run-7ea589e15513aeaf,claim-55bbdd72e15ddbd2,sig-d77f85188982b050,delivered,1,1,1,,
exp-2b33b808a0f8,run-7fbcf6b9cab7e077,claim-55bbdd72e15ddbd2,sig-d77f85188982b050,delivered,1,1,1,,
exp-2b33b808a0f8,run-809856b19e987477,claim-55bbdd72e15ddbd2,sig-d77f85188982b050,delivered,1,1,1,,
exp-2b33b808a0f8,run-82121d93599b573f,claim-55bbdd72e15ddbd2,sig-d77f85188982b050,delivered,1,1,1,,
exp-2b33b808a0f8,run-82654eb217e99ef6,claim-55bbdd72e15ddbd2,sig-d77f85188982b050,delivered,1,1,1,,
exp-2b33b808a0f8,run-8b6a0be310d169fd,claim-55bbdd72e15ddbd2,sig-d77f85188982b050,delivered,1,1,1,,
exp-2b33b808a0f8,run-8c29734783624630,claim-55bbdd72e15ddbd2,sig-d77f85188982b050,delivered,1,1,1,,
exp-2b33b808a0f8,run-8d7056559f3f4415,claim-55bbdd72e15ddbd2,sig-d77f85188982b050,delivered,1,1,1,,
exp-2b33b808a0f8,run-8f48500d07fefa0d,claim-55bbdd72e15ddbd2,sig-d77f85188982b050,delivered,1,1,1,,
exp-2b33b808a0f8,run-9f21a8e6490902ba,claim-55bbdd72e15ddbd2,sig-d77f85188982b050,delivered,1,1,1,,
exp-2b33b808a0f8,run-9fd3eacdb49f1187,claim-55bbdd72e15ddbd2,sig-d77f85188982b050,delivered,1,1,1,,
exp-2b33b808a0f8,run-a214e052b5c1b167,claim-55bbdd72e15ddbd2,sig-d77f85188982b050,delivered,1,1,1,,
exp-2b33b808a0f8,run-a91e83d95f4150ea,claim-55bbdd72e15ddbd2,sig-d77f85188982b050,delivered,1,1,1,,
exp-2b33b808a0f8,run-aef2c0f3501e6b9f,claim-55bbdd72e15ddbd2,sig-d77f85188982b050,delivered,1,1,1,,
exp-2b33b808a0f8,run-b092f115d5e62166,claim-55bbdd72e15ddbd2,sig-d77f85188982b050,delivered,1,1,1,,
exp-2b33b808a0f8,run-b2e669dbbe4fc670,claim-55bbdd72e15ddbd2,sig-d77f85188982b050,delivered,1,1,1,,
exp-2b33b808a0f8,run-b2e91be99045ef34,claim-55bbdd72e15ddbd2,sig-d77f85188982b050,delivered,1,1,1,,
exp-2b33b808a0f8,run-bba43343a3c8f7a7,claim-55bbdd72e15ddbd2,sig-d77f85188982b050,delivered,1,1,1,,
exp-2b33b808a0f8,run-bfc1fb37d31beee3,claim-55bbdd72e15ddbd2,sig-d77f85188982b050,delivered,1,1,1,,
exp-2b33b808a0f8,run-c31fdf2665c43f45,claim-55bbdd72e15ddbd2,sig-d77f85188982b050,delivered,1,1,1,,
exp-2b33b808a0f8,run-c6b4be2a2bcc1f45,claim-55bbdd72e15ddbd2,sig-d77f85188982b050,delivered,1,1,1,,
exp-2b33b808a0f8,run-cc57ad8a8d2714d7,claim-55bbdd72e15ddbd2,sig-d77f85188982b050,delivered,1,1,1,,
exp-2b33b808a0f8,run-cfbfb19332bde82e,claim-55bbdd72e15ddbd2,sig-d77f85188982b050,delivered,1,1,1,,
exp-2b33b808a0f8,run-dab4f8912ef30e26,claim-55bbdd72e15ddbd2,sig-d77f85188982b050,delivered,1,1,1,,
exp-2b33b808a0f8,run-deef30be3782be8a,claim-55bbdd72e15ddbd2,sig-d77f85188982b050,delivered,1,1,1,,
exp-2b33b808a0f8,run-eb3dc172de7476ad,claim-55bbdd72e15ddbd2,sig-d77f85188982b050,delivered,1,1,1,,
exp-2b33b808a0f8,run-f2913fb769b7d837,claim-55bbdd72e15ddbd2,sig-d77f85188982b050,delivered,1,1,1,,
exp-2b33b808a0f8,run-f3f30df9a4b8d9a5,claim-55bbdd72e15ddbd2,sig-d77f85188982b050,delivered,1,1,1,,
exp-2b33b808a0f8,run-f463dfc540bd3689,claim-55bbdd72e15ddbd2,sig-d77f85188982b050,delivered,1,1,1,,
exp-2b33b808a0f8,run-f8641a2b2b522c65,claim-55bbdd72e15ddbd2,sig-d77f85188982b050,delivered,1,1,1,,
exp-2b33b808a0f8,run-fa92f9e908dcd179,claim-55bbdd72e15ddbd2,sig-d77f85188982b050,delivered,1,1,1,,
exp-2b33b808a0f8,run-05d091d23664cc1e,claim-90c0a7e7cb048695,sig-d7ddbcd829bc8c39,delivered,1,1,1,,
exp-2b33b808a0f8,run-7dfc02679606cd15,claim-90c0a7e7cb048695,sig-d7ddbcd829bc8c39,delivered,1,1,1,,
exp-2b33b808a0f8,run-cb9e6b2ad617099c,claim-90c0a7e7cb048695,sig-d7ddbcd829bc8c39,delivered,1,1,1,,
exp-2b33b808a0f8,run-1654ed83a69b048a,claim-cf82ed2498390041,sig-d8f93940ac85b3ab,delivered,1,1,1,,
exp-2b33b808a0f8,run-4171e29a7613b1bb,claim-cf82ed2498390041,sig-d8f93940ac85b3ab,delivered,1,1,1,,
exp-2b33b808a0f8,run-8283757cadda12d5,claim-cf82ed2498390041,sig-d8f93940ac85b3ab,delivered,1,1,1,,
exp-2b33b808a0f8,run-b13893f95aaaa626,claim-cf82ed2498390041,sig-d8f93940ac85b3ab,delivered,1,1,1,,
exp-2b33b808a0f8,run-1b7414577607656b,claim-637fdb0be7f799d7,sig-d9b18dddb21a184f,delivered,1,1,1,,
exp-2b33b808a0f8,run-5e07d16f1f5b2987,claim-637fdb0be7f799d7,sig-d9b18dddb21a184f,delivered,1,1,1,,
exp-2b33b808a0f8,run-760ccd016850aaab,claim-637fdb0be7f799d7,sig-d9b18dddb21a184f,delivered,1,1,1,,
exp-2b33b808a0f8,run-2231a5437da60871,claim-637e6173022e54dd,sig-db1960e3ee7efe7b,delivered,1,1,1,,
exp-2b33b808a0f8,run-802196ca10c28e03,claim-637e6173022e54dd,sig-db1960e3ee7efe7b,delivered,1,1,1,,
exp-2b33b808a0f8,run-fad00c5c2a4305ab,claim-637e6173022e54dd,sig-db1960e3ee7efe7b,delivered,1,1,1,,
exp-2b33b808a0f8,run-2b6895cdd016ae4c,claim-8722749428a58b51,sig-db31fc9069d20f04,delivered,1,1,1,,
exp-2b33b808a0f8,run-47b9d87d8c408db1,claim-8722749428a58b51,sig-db31fc9069d20f04,delivered,1,1,1,,
exp-2b33b808a0f8,run-548b9449d2e5ac2b,claim-8722749428a58b51,sig-db31fc9069d20f04,delivered,1,1,1,,
exp-2b33b808a0f8,run-97bca49872a1b9c7,claim-8722749428a58b51,sig-db31fc9069d20f04,delivered,1,1,1,,
exp-2b33b808a0f8,run-cfbfb19332bde82e,claim-8722749428a58b51,sig-db31fc9069d20f04,delivered,1,1,1,,
exp-2b33b808a0f8,run-f2913fb769b7d837,claim-8722749428a58b51,sig-db31fc9069d20f04,delivered,1,1,1,,
exp-2b33b808a0f8,run-54dfa16175253c38,claim-e1328ec2e1ef9451,sig-db4e7597f330bc57,delivered,1,1,1,,
exp-2b33b808a0f8,run-5db7b7d90d3ff8ce,claim-e1328ec2e1ef9451,sig-db4e7597f330bc57,delivered,1,1,1,,
exp-2b33b808a0f8,run-6d394564f18187f9,claim-e1328ec2e1ef9451,sig-db4e7597f330bc57,delivered,1,1,1,,
exp-2b33b808a0f8,run-7f00802c340e2617,claim-e1328ec2e1ef9451,sig-db4e7597f330bc57,delivered,1,1,1,,
exp-2b33b808a0f8,run-cf74c3eb23037fe3,claim-e1328ec2e1ef9451,sig-db4e7597f330bc57,delivered,1,1,1,,
exp-2b33b808a0f8,run-e08a8eb7877cb862,claim-e1328ec2e1ef9451,sig-db4e7597f330bc57,delivered,1,1,1,,
exp-2b33b808a0f8,run-3df61f770d52dd70,claim-94b43b1c9edee443,sig-db7f6f3dd0b7c250,delivered,1,1,1,,
exp-2b33b808a0f8,run-17af457d3e773d12,claim-12488544d17cd074,sig-dbb5aea123fc36f8,delivered,1,1,1,,
exp-2b33b808a0f8,run-1827ab6678b4100e,claim-12488544d17cd074,sig-dbb5aea123fc36f8,delivered,1,1,1,,
exp-2b33b808a0f8,run-40302b8b799e3bf1,claim-12488544d17cd074,sig-dbb5aea123fc36f8,delivered,1,1,1,,
exp-2b33b808a0f8,run-a43e1603dbdaba0d,claim-12488544d17cd074,sig-dbb5aea123fc36f8,delivered,1,1,1,,
exp-2b33b808a0f8,run-d079e2109bf6da9a,claim-12488544d17cd074,sig-dbb5aea123fc36f8,delivered,1,1,1,,
exp-2b33b808a0f8,run-f1776cca757489d5,claim-12488544d17cd074,sig-dbb5aea123fc36f8,delivered,1,1,1,,
exp-2b33b808a0f8,run-156a83b4e0f32cfa,claim-f823f2e2786f5df2,sig-dbc5f15e6bf88b1a,delivered,1,1,1,,
exp-2b33b808a0f8,run-16a39058c7f3cf9e,claim-f823f2e2786f5df2,sig-dbc5f15e6bf88b1a,delivered,1,1,1,,
exp-2b33b808a0f8,run-1827ab6678b4100e,claim-f823f2e2786f5df2,sig-dbc5f15e6bf88b1a,delivered,1,1,1,,
exp-2b33b808a0f8,run-1b3af856ea0d78ba,claim-f823f2e2786f5df2,sig-dbc5f15e6bf88b1a,delivered,1,1,1,,
exp-2b33b808a0f8,run-1d989b2933796a16,claim-f823f2e2786f5df2,sig-dbc5f15e6bf88b1a,delivered,1,1,1,,
exp-2b33b808a0f8,run-217b27c32888985d,claim-f823f2e2786f5df2,sig-dbc5f15e6bf88b1a,delivered,1,1,1,,
exp-2b33b808a0f8,run-25eaa2510fbfbaff,claim-f823f2e2786f5df2,sig-dbc5f15e6bf88b1a,delivered,1,1,1,,
exp-2b33b808a0f8,run-2e6341eef0f780f9,claim-f823f2e2786f5df2,sig-dbc5f15e6bf88b1a,delivered,1,1,1,,
exp-2b33b808a0f8,run-303c21611e8d6d35,claim-f823f2e2786f5df2,sig-dbc5f15e6bf88b1a,delivered,1,1,1,,
exp-2b33b808a0f8,run-314cd6efe084d5fe,claim-f823f2e2786f5df2,sig-dbc5f15e6bf88b1a,delivered,1,1,1,,
exp-2b33b808a0f8,run-3620dcf5bb5744a2,claim-f823f2e2786f5df2,sig-dbc5f15e6bf88b1a,delivered,1,1,1,,
exp-2b33b808a0f8,run-36f70902baf2605c,claim-f823f2e2786f5df2,sig-dbc5f15e6bf88b1a,delivered,1,1,1,,
exp-2b33b808a0f8,run-374dc2e21f594ec4,claim-f823f2e2786f5df2,sig-dbc5f15e6bf88b1a,delivered,1,1,1,,
exp-2b33b808a0f8,run-382a40867248c3e0,claim-f823f2e2786f5df2,sig-dbc5f15e6bf88b1a,delivered,1,1,1,,
exp-2b33b808a0f8,run-3dcf417f7bfa03b2,claim-f823f2e2786f5df2,sig-dbc5f15e6bf88b1a,delivered,1,1,1,,
exp-2b33b808a0f8,run-3e6218c854422e8d,claim-f823f2e2786f5df2,sig-dbc5f15e6bf88b1a,delivered,1,1,1,,
exp-2b33b808a0f8,run-3ee3b3533922c3cd,claim-f823f2e2786f5df2,sig-dbc5f15e6bf88b1a,delivered,1,1,1,,
exp-2b33b808a0f8,run-3f6da378062ee821,claim-f823f2e2786f5df2,sig-dbc5f15e6bf88b1a,delivered,1,1,1,,
exp-2b33b808a0f8,run-40302b8b799e3bf1,claim-f823f2e2786f5df2,sig-dbc5f15e6bf88b1a,delivered,1,1,1,,
exp-2b33b808a0f8,run-4135fc9f33a52631,claim-f823f2e2786f5df2,sig-dbc5f15e6bf88b1a,delivered,1,1,1,,
exp-2b33b808a0f8,run-548b9449d2e5ac2b,claim-f823f2e2786f5df2,sig-dbc5f15e6bf88b1a,delivered,1,1,1,,
exp-2b33b808a0f8,run-5f615659d79c5e37,claim-f823f2e2786f5df2,sig-dbc5f15e6bf88b1a,delivered,1,1,1,,
exp-2b33b808a0f8,run-5f9908a782b1c6e3,claim-f823f2e2786f5df2,sig-dbc5f15e6bf88b1a,delivered,1,1,1,,
exp-2b33b808a0f8,run-602d62632c3acac1,claim-f823f2e2786f5df2,sig-dbc5f15e6bf88b1a,delivered,1,1,1,,
exp-2b33b808a0f8,run-68434cd370855dde,claim-f823f2e2786f5df2,sig-dbc5f15e6bf88b1a,delivered,1,1,1,,
exp-2b33b808a0f8,run-7b8861c80024d738,claim-f823f2e2786f5df2,sig-dbc5f15e6bf88b1a,delivered,1,1,1,,
exp-2b33b808a0f8,run-7ebc93e6754f1bb3,claim-f823f2e2786f5df2,sig-dbc5f15e6bf88b1a,delivered,1,1,1,,
exp-2b33b808a0f8,run-82a20b31b2b8e7ef,claim-f823f2e2786f5df2,sig-dbc5f15e6bf88b1a,delivered,1,1,1,,
exp-2b33b808a0f8,run-82e3fe2420e8e987,claim-f823f2e2786f5df2,sig-dbc5f15e6bf88b1a,delivered,1,1,1,,
exp-2b33b808a0f8,run-85eabeb58e5c97e7,claim-f823f2e2786f5df2,sig-dbc5f15e6bf88b1a,delivered,1,1,1,,
exp-2b33b808a0f8,run-87f02234f88d5831,claim-f823f2e2786f5df2,sig-dbc5f15e6bf88b1a,delivered,1,1,1,,
exp-2b33b808a0f8,run-8b6a0be310d169fd,claim-f823f2e2786f5df2,sig-dbc5f15e6bf88b1a,delivered,1,1,1,,
exp-2b33b808a0f8,run-8f35f254ebb2acd3,claim-f823f2e2786f5df2,sig-dbc5f15e6bf88b1a,delivered,1,1,1,,
exp-2b33b808a0f8,run-8fd820fb0fd3fa83,claim-f823f2e2786f5df2,sig-dbc5f15e6bf88b1a,delivered,1,1,1,,
exp-2b33b808a0f8,run-95f0926102c7f977,claim-f823f2e2786f5df2,sig-dbc5f15e6bf88b1a,delivered,1,1,1,,
exp-2b33b808a0f8,run-9e50adaa1bc80ca9,claim-f823f2e2786f5df2,sig-dbc5f15e6bf88b1a,delivered,1,1,1,,
exp-2b33b808a0f8,run-a43e1603dbdaba0d,claim-f823f2e2786f5df2,sig-dbc5f15e6bf88b1a,delivered,1,1,1,,
exp-2b33b808a0f8,run-b4f674eb9d401efd,claim-f823f2e2786f5df2,sig-dbc5f15e6bf88b1a,delivered,1,1,1,,
exp-2b33b808a0f8,run-bf37e2d5cbe4f3b9,claim-f823f2e2786f5df2,sig-dbc5f15e6bf88b1a,delivered,1,1,1,,
exp-2b33b808a0f8,run-cacf78bafbbad965,claim-f823f2e2786f5df2,sig-dbc5f15e6bf88b1a,delivered,1,1,1,,
exp-2b33b808a0f8,run-cec16e049668dcae,claim-f823f2e2786f5df2,sig-dbc5f15e6bf88b1a,delivered,1,1,1,,
exp-2b33b808a0f8,run-cfbfb19332bde82e,claim-f823f2e2786f5df2,sig-dbc5f15e6bf88b1a,delivered,1,1,1,,
exp-2b33b808a0f8,run-d0fd6be062307c7b,claim-f823f2e2786f5df2,sig-dbc5f15e6bf88b1a,delivered,1,1,1,,
exp-2b33b808a0f8,run-ebcbbda81e609372,claim-f823f2e2786f5df2,sig-dbc5f15e6bf88b1a,delivered,1,1,1,,
exp-2b33b808a0f8,run-efdb047898d3bc26,claim-f823f2e2786f5df2,sig-dbc5f15e6bf88b1a,delivered,1,1,1,,
exp-2b33b808a0f8,run-f1776cca757489d5,claim-f823f2e2786f5df2,sig-dbc5f15e6bf88b1a,delivered,1,1,1,,
exp-2b33b808a0f8,run-f1ea2e8a09c56c99,claim-f823f2e2786f5df2,sig-dbc5f15e6bf88b1a,delivered,1,1,1,,
exp-2b33b808a0f8,run-f2913fb769b7d837,claim-f823f2e2786f5df2,sig-dbc5f15e6bf88b1a,delivered,1,1,1,,
exp-2b33b808a0f8,run-f4b4966e3d0cf978,claim-f823f2e2786f5df2,sig-dbc5f15e6bf88b1a,delivered,1,1,1,,
exp-2b33b808a0f8,run-3d2d41ba2235d5fd,claim-d57628ed886b9397,sig-dbfac5009f8963a9,delivered,1,1,1,,
exp-2b33b808a0f8,run-598aaa80449e6816,claim-d57628ed886b9397,sig-dbfac5009f8963a9,delivered,1,1,1,,
exp-2b33b808a0f8,run-eac9a626a1d8c14b,claim-d57628ed886b9397,sig-dbfac5009f8963a9,delivered,1,1,1,,
exp-2b33b808a0f8,run-1b7414577607656b,claim-6b00b8e80c57ec06,sig-dca0cb1185cbd7e9,delivered,1,1,1,,
exp-2b33b808a0f8,run-3996e6744fffc569,claim-6b00b8e80c57ec06,sig-dca0cb1185cbd7e9,delivered,1,1,1,,
exp-2b33b808a0f8,run-5e07d16f1f5b2987,claim-6b00b8e80c57ec06,sig-dca0cb1185cbd7e9,delivered,1,1,1,,
exp-2b33b808a0f8,run-6c88b2e46218c519,claim-6b00b8e80c57ec06,sig-dca0cb1185cbd7e9,delivered,1,1,1,,
exp-2b33b808a0f8,run-81291fb5e9520a72,claim-6b00b8e80c57ec06,sig-dca0cb1185cbd7e9,delivered,1,1,1,,
exp-2b33b808a0f8,run-024c8ebdc05e33a8,claim-31804f30f32acb25,sig-dcd8a6561e59fe13,delivered,1,1,1,,
exp-2b33b808a0f8,run-024dd76a95551a07,claim-31804f30f32acb25,sig-dcd8a6561e59fe13,delivered,1,1,1,,
exp-2b33b808a0f8,run-05d091d23664cc1e,claim-31804f30f32acb25,sig-dcd8a6561e59fe13,delivered,1,1,1,,
exp-2b33b808a0f8,run-07debd3836121a4c,claim-31804f30f32acb25,sig-dcd8a6561e59fe13,delivered,1,1,1,,
exp-2b33b808a0f8,run-13a88125b47c3116,claim-31804f30f32acb25,sig-dcd8a6561e59fe13,delivered,1,1,1,,
exp-2b33b808a0f8,run-13afd1c7ef164da6,claim-31804f30f32acb25,sig-dcd8a6561e59fe13,delivered,1,1,1,,
exp-2b33b808a0f8,run-1654ed83a69b048a,claim-31804f30f32acb25,sig-dcd8a6561e59fe13,delivered,1,1,1,,
exp-2b33b808a0f8,run-175d816b8367baac,claim-31804f30f32acb25,sig-dcd8a6561e59fe13,delivered,1,1,1,,
exp-2b33b808a0f8,run-1946c1edcbdbbdda,claim-31804f30f32acb25,sig-dcd8a6561e59fe13,delivered,1,1,1,,
exp-2b33b808a0f8,run-19ef64ede03e3f70,claim-31804f30f32acb25,sig-dcd8a6561e59fe13,delivered,1,1,1,,
exp-2b33b808a0f8,run-1bae4fcd56bdaa2f,claim-31804f30f32acb25,sig-dcd8a6561e59fe13,delivered,1,1,1,,
exp-2b33b808a0f8,run-299407f942ccfe44,claim-31804f30f32acb25,sig-dcd8a6561e59fe13,delivered,1,1,1,,
exp-2b33b808a0f8,run-2ca84da882aaf57d,claim-31804f30f32acb25,sig-dcd8a6561e59fe13,delivered,1,1,1,,
exp-2b33b808a0f8,run-3df61f770d52dd70,claim-31804f30f32acb25,sig-dcd8a6561e59fe13,delivered,1,1,1,,
exp-2b33b808a0f8,run-40d744a8e6f22616,claim-31804f30f32acb25,sig-dcd8a6561e59fe13,delivered,1,1,1,,
exp-2b33b808a0f8,run-4171e29a7613b1bb,claim-31804f30f32acb25,sig-dcd8a6561e59fe13,delivered,1,1,1,,
exp-2b33b808a0f8,run-48d6ce857c49a2d2,claim-31804f30f32acb25,sig-dcd8a6561e59fe13,delivered,1,1,1,,
exp-2b33b808a0f8,run-4cfc7acc42bc677f,claim-31804f30f32acb25,sig-dcd8a6561e59fe13,delivered,1,1,1,,
exp-2b33b808a0f8,run-5227c4f1697e16f5,claim-31804f30f32acb25,sig-dcd8a6561e59fe13,delivered,1,1,1,,
exp-2b33b808a0f8,run-56a885c3be5ad659,claim-31804f30f32acb25,sig-dcd8a6561e59fe13,delivered,1,1,1,,
exp-2b33b808a0f8,run-5f40de771364165d,claim-31804f30f32acb25,sig-dcd8a6561e59fe13,delivered,1,1,1,,
exp-2b33b808a0f8,run-622791b4d7dc0c20,claim-31804f30f32acb25,sig-dcd8a6561e59fe13,delivered,1,1,1,,
exp-2b33b808a0f8,run-65fb89d7c4ce4fff,claim-31804f30f32acb25,sig-dcd8a6561e59fe13,delivered,1,1,1,,
exp-2b33b808a0f8,run-6ea4b87277a7d89d,claim-31804f30f32acb25,sig-dcd8a6561e59fe13,delivered,1,1,1,,
exp-2b33b808a0f8,run-7dfc02679606cd15,claim-31804f30f32acb25,sig-dcd8a6561e59fe13,delivered,1,1,1,,
exp-2b33b808a0f8,run-8283757cadda12d5,claim-31804f30f32acb25,sig-dcd8a6561e59fe13,delivered,1,1,1,,
exp-2b33b808a0f8,run-9c2aac4f207303c4,claim-31804f30f32acb25,sig-dcd8a6561e59fe13,delivered,1,1,1,,
exp-2b33b808a0f8,run-9c95744bf1e4fc1c,claim-31804f30f32acb25,sig-dcd8a6561e59fe13,delivered,1,1,1,,
exp-2b33b808a0f8,run-9d7b92b6a9bd860a,claim-31804f30f32acb25,sig-dcd8a6561e59fe13,delivered,1,1,1,,
exp-2b33b808a0f8,run-a191e82fe0552ab5,claim-31804f30f32acb25,sig-dcd8a6561e59fe13,delivered,1,1,1,,
exp-2b33b808a0f8,run-a5cfa0e1e29cea11,claim-31804f30f32acb25,sig-dcd8a6561e59fe13,delivered,1,1,1,,
exp-2b33b808a0f8,run-b13893f95aaaa626,claim-31804f30f32acb25,sig-dcd8a6561e59fe13,delivered,1,1,1,,
exp-2b33b808a0f8,run-b9c91e3ca797b757,claim-31804f30f32acb25,sig-dcd8a6561e59fe13,delivered,1,1,1,,
exp-2b33b808a0f8,run-cb26f0bc1de44dfe,claim-31804f30f32acb25,sig-dcd8a6561e59fe13,delivered,1,1,1,,
exp-2b33b808a0f8,run-cb9e6b2ad617099c,claim-31804f30f32acb25,sig-dcd8a6561e59fe13,delivered,1,1,1,,
exp-2b33b808a0f8,run-d1062de1551992e2,claim-31804f30f32acb25,sig-dcd8a6561e59fe13,delivered,1,1,1,,
exp-2b33b808a0f8,run-d7b85c1dbc2e2b84,claim-31804f30f32acb25,sig-dcd8a6561e59fe13,delivered,1,1,1,,
exp-2b33b808a0f8,run-da80cb0756bb72c1,claim-31804f30f32acb25,sig-dcd8a6561e59fe13,delivered,1,1,1,,
exp-2b33b808a0f8,run-dc695ad65d795df3,claim-31804f30f32acb25,sig-dcd8a6561e59fe13,delivered,1,1,1,,
exp-2b33b808a0f8,run-dcd3f088d2742101,claim-31804f30f32acb25,sig-dcd8a6561e59fe13,delivered,1,1,1,,
exp-2b33b808a0f8,run-df736f776a055b72,claim-31804f30f32acb25,sig-dcd8a6561e59fe13,delivered,1,1,1,,
exp-2b33b808a0f8,run-e791d1ca36891afd,claim-31804f30f32acb25,sig-dcd8a6561e59fe13,delivered,1,1,1,,
exp-2b33b808a0f8,run-ecc7ecbcc7f2b4d6,claim-31804f30f32acb25,sig-dcd8a6561e59fe13,delivered,1,1,1,,
exp-2b33b808a0f8,run-f1c7a1720441050f,claim-31804f30f32acb25,sig-dcd8a6561e59fe13,delivered,1,1,1,,
exp-2b33b808a0f8,run-f6d8a6bffd539b01,claim-31804f30f32acb25,sig-dcd8a6561e59fe13,delivered,1,1,1,,
exp-2b33b808a0f8,run-fd7c4293eec328ed,claim-31804f30f32acb25,sig-dcd8a6561e59fe13,delivered,1,1,1,,
exp-2b33b808a0f8,run-fe5d76e33ccd3a62,claim-31804f30f32acb25,sig-dcd8a6561e59fe13,delivered,1,1,1,,
exp-2b33b808a0f8,run-169749d452c80c28,claim-2c8b41a54a0fe323,sig-dd25f119661cdcfa,delivered,1,1,1,,
exp-2b33b808a0f8,run-2883d20895417f2d,claim-2c8b41a54a0fe323,sig-dd25f119661cdcfa,delivered,1,1,1,,
exp-2b33b808a0f8,run-2e6341eef0f780f9,claim-2c8b41a54a0fe323,sig-dd25f119661cdcfa,delivered,1,1,1,,
exp-2b33b808a0f8,run-3a63d8383c08c8ac,claim-2c8b41a54a0fe323,sig-dd25f119661cdcfa,delivered,1,1,1,,
exp-2b33b808a0f8,run-4135fc9f33a52631,claim-2c8b41a54a0fe323,sig-dd25f119661cdcfa,delivered,1,1,1,,
exp-2b33b808a0f8,run-48f83c5035a70d6d,claim-2c8b41a54a0fe323,sig-dd25f119661cdcfa,delivered,1,1,1,,
exp-2b33b808a0f8,run-5f615659d79c5e37,claim-2c8b41a54a0fe323,sig-dd25f119661cdcfa,delivered,1,1,1,,
exp-2b33b808a0f8,run-809856b19e987477,claim-2c8b41a54a0fe323,sig-dd25f119661cdcfa,delivered,1,1,1,,
exp-2b33b808a0f8,run-82121d93599b573f,claim-2c8b41a54a0fe323,sig-dd25f119661cdcfa,delivered,1,1,1,,
exp-2b33b808a0f8,run-8b6a0be310d169fd,claim-2c8b41a54a0fe323,sig-dd25f119661cdcfa,delivered,1,1,1,,
exp-2b33b808a0f8,run-bfc1fb37d31beee3,claim-2c8b41a54a0fe323,sig-dd25f119661cdcfa,delivered,1,1,1,,
exp-2b33b808a0f8,run-c6b4be2a2bcc1f45,claim-2c8b41a54a0fe323,sig-dd25f119661cdcfa,delivered,1,1,1,,
exp-2b33b808a0f8,run-f3f30df9a4b8d9a5,claim-2c8b41a54a0fe323,sig-dd25f119661cdcfa,delivered,1,1,1,,
exp-2b33b808a0f8,run-188a8d0550ccc9f1,claim-808d966eb6dd429e,sig-dd4564de757e64ea,delivered,1,1,1,,
exp-2b33b808a0f8,run-217b27c32888985d,claim-808d966eb6dd429e,sig-dd4564de757e64ea,delivered,1,1,1,,
exp-2b33b808a0f8,run-3ceaa0e4676003ac,claim-808d966eb6dd429e,sig-dd4564de757e64ea,delivered,1,1,1,,
exp-2b33b808a0f8,run-3dcf417f7bfa03b2,claim-808d966eb6dd429e,sig-dd4564de757e64ea,delivered,1,1,1,,
exp-2b33b808a0f8,run-85fcaf049510f0ee,claim-808d966eb6dd429e,sig-dd4564de757e64ea,delivered,1,1,1,,
exp-2b33b808a0f8,run-95f0926102c7f977,claim-808d966eb6dd429e,sig-dd4564de757e64ea,delivered,1,1,1,,
exp-2b33b808a0f8,run-9e50adaa1bc80ca9,claim-808d966eb6dd429e,sig-dd4564de757e64ea,delivered,1,1,1,,
exp-2b33b808a0f8,run-b59197931236a821,claim-808d966eb6dd429e,sig-dd4564de757e64ea,delivered,1,1,1,,
exp-2b33b808a0f8,run-f4b4966e3d0cf978,claim-808d966eb6dd429e,sig-dd4564de757e64ea,delivered,1,1,1,,
exp-2b33b808a0f8,run-080f51e2e1f6de5b,claim-e101664b3ad6aaa0,sig-ddf679fb936bc4e8,dropped,1,1,0,,
exp-2b33b808a0f8,run-48010f9c27336ede,claim-e101664b3ad6aaa0,sig-ddf679fb936bc4e8,dropped,1,1,0,,
exp-2b33b808a0f8,run-62573029114c0f29,claim-e101664b3ad6aaa0,sig-ddf679fb936bc4e8,dropped,1,1,0,,
exp-2b33b808a0f8,run-ae142c1131d1a913,claim-e101664b3ad6aaa0,sig-ddf679fb936bc4e8,dropped,1,1,0,,
exp-2b33b808a0f8,run-ae9c163f6630a5f8,claim-e101664b3ad6aaa0,sig-ddf679fb936bc4e8,dropped,1,1,0,,
exp-2b33b808a0f8,run-f2b06819f6cdf5c3,claim-e101664b3ad6aaa0,sig-ddf679fb936bc4e8,dropped,1,1,0,,
exp-2b33b808a0f8,run-2b7de8cfa05c2685,claim-4ae862554dd8c69a,sig-de308c5702a22ade,delivered,1,1,1,,
exp-2b33b808a0f8,run-4c1ebcfbe4f53149,claim-4ae862554dd8c69a,sig-de308c5702a22ade,delivered,1,1,1,,
exp-2b33b808a0f8,run-561879026bd8c4cc,claim-4ae862554dd8c69a,sig-de308c5702a22ade,delivered,1,1,1,,
exp-2b33b808a0f8,run-6696f865d45b6987,claim-4ae862554dd8c69a,sig-de308c5702a22ade,delivered,1,1,1,,
exp-2b33b808a0f8,run-6a5ea73285e50401,claim-4ae862554dd8c69a,sig-de308c5702a22ade,delivered,1,1,1,,
exp-2b33b808a0f8,run-8c6292478d058b13,claim-4ae862554dd8c69a,sig-de308c5702a22ade,delivered,1,1,1,,
exp-2b33b808a0f8,run-a42244e03c1b1264,claim-4ae862554dd8c69a,sig-de308c5702a22ade,delivered,1,1,1,,
exp-2b33b808a0f8,run-b788fe5ef4d59d69,claim-4ae862554dd8c69a,sig-de308c5702a22ade,delivered,1,1,1,,
exp-2b33b808a0f8,run-d5391398dafa86db,claim-4ae862554dd8c69a,sig-de308c5702a22ade,delivered,1,1,1,,
exp-2b33b808a0f8,run-eeb7dfd13c9983fc,claim-4ae862554dd8c69a,sig-de308c5702a22ade,delivered,1,1,1,,
exp-2b33b808a0f8,run-f183f5c9ad2b506d,claim-4ae862554dd8c69a,sig-de308c5702a22ade,delivered,1,1,1,,
exp-2b33b808a0f8,run-08aa8b26c1ded7ed,claim-5477197e1d63902c,sig-de9072a4e09b1ce2,delivered,1,1,1,,
exp-2b33b808a0f8,run-5db7b7d90d3ff8ce,claim-5477197e1d63902c,sig-de9072a4e09b1ce2,delivered,1,1,1,,
exp-2b33b808a0f8,run-67793a64b66d5a38,claim-5477197e1d63902c,sig-de9072a4e09b1ce2,delivered,1,1,1,,
exp-2b33b808a0f8,run-7f00802c340e2617,claim-5477197e1d63902c,sig-de9072a4e09b1ce2,delivered,1,1,1,,
exp-2b33b808a0f8,run-9e13e54cda7d586a,claim-5477197e1d63902c,sig-de9072a4e09b1ce2,delivered,1,1,1,,
exp-2b33b808a0f8,run-b6164e0a3c9ee1c7,claim-5477197e1d63902c,sig-de9072a4e09b1ce2,delivered,1,1,1,,
exp-2b33b808a0f8,run-bdbb3ee62a506ea8,claim-5477197e1d63902c,sig-de9072a4e09b1ce2,delivered,1,1,1,,
exp-2b33b808a0f8,run-cf74c3eb23037fe3,claim-5477197e1d63902c,sig-de9072a4e09b1ce2,delivered,1,1,1,,
exp-2b33b808a0f8,run-fd184a609106633b,claim-5477197e1d63902c,sig-de9072a4e09b1ce2,delivered,1,1,1,,
exp-2b33b808a0f8,run-024dd76a95551a07,claim-e101664b3ad6aaa0,sig-ded92f6e746c8ae2,delivered,1,1,1,,
exp-2b33b808a0f8,run-1946c1edcbdbbdda,claim-e101664b3ad6aaa0,sig-ded92f6e746c8ae2,delivered,1,1,1,,
exp-2b33b808a0f8,run-1bae4fcd56bdaa2f,claim-e101664b3ad6aaa0,sig-ded92f6e746c8ae2,delivered,1,1,1,,
exp-2b33b808a0f8,run-5227c4f1697e16f5,claim-e101664b3ad6aaa0,sig-ded92f6e746c8ae2,delivered,1,1,1,,
exp-2b33b808a0f8,run-9c2aac4f207303c4,claim-e101664b3ad6aaa0,sig-ded92f6e746c8ae2,delivered,1,1,1,,
exp-2b33b808a0f8,run-9d7b92b6a9bd860a,claim-e101664b3ad6aaa0,sig-ded92f6e746c8ae2,delivered,1,1,1,,
exp-2b33b808a0f8,run-dcd3f088d2742101,claim-e101664b3ad6aaa0,sig-ded92f6e746c8ae2,delivered,1,1,1,,
exp-2b33b808a0f8,run-df736f776a055b72,claim-e101664b3ad6aaa0,sig-ded92f6e746c8ae2,delivered,1,1,1,,
exp-2b33b808a0f8,run-f6d8a6bffd539b01,claim-e101664b3ad6aaa0,sig-ded92f6e746c8ae2,delivered,1,1,1,,
exp-2b33b808a0f8,run-024dd76a95551a07,claim-521e101e80fe44d1,sig-df174e8eef36a89e,delivered,1,1,1,,
exp-2b33b808a0f8,run-07debd3836121a4c,claim-521e101e80fe44d1,sig-df174e8eef36a89e,delivered,1,1,1,,
exp-2b33b808a0f8,run-19ef64ede03e3f70,claim-521e101e80fe44d1,sig-df174e8eef36a89e,delivered,1,1,1,,
exp-2b33b808a0f8,run-25bb9ab7e7a7365a,claim-521e101e80fe44d1,sig-df174e8eef36a89e,delivered,1,1,1,,
exp-2b33b808a0f8,run-64dbfef590df5805,claim-521e101e80fe44d1,sig-df174e8eef36a89e,delivered,1,1,1,,
exp-2b33b808a0f8,run-9d7b92b6a9bd860a,claim-521e101e80fe44d1,sig-df174e8eef36a89e,delivered,1,1,1,,
exp-2b33b808a0f8,run-b322099a86af125a,claim-521e101e80fe44d1,sig-df174e8eef36a89e,delivered,1,1,1,,
exp-2b33b808a0f8,run-e791d1ca36891afd,claim-521e101e80fe44d1,sig-df174e8eef36a89e,delivered,1,1,1,,
exp-2b33b808a0f8,run-ecc7ecbcc7f2b4d6,claim-521e101e80fe44d1,sig-df174e8eef36a89e,delivered,1,1,1,,
exp-2b33b808a0f8,run-f6d8a6bffd539b01,claim-521e101e80fe44d1,sig-df174e8eef36a89e,delivered,1,1,1,,
exp-2b33b808a0f8,run-05d091d23664cc1e,claim-fcce8c2df25b909b,sig-df792d6b524768f1,delivered,1,1,1,,
exp-2b33b808a0f8,run-7dfc02679606cd15,claim-fcce8c2df25b909b,sig-df792d6b524768f1,delivered,1,1,1,,
exp-2b33b808a0f8,run-cb9e6b2ad617099c,claim-fcce8c2df25b909b,sig-df792d6b524768f1,delivered,1,1,1,,
exp-2b33b808a0f8,run-08eb0ce23ff8c058,claim-cca55cd3ccff5029,sig-dfb8e2a6334dc2a4,delivered,1,1,1,,
exp-2b33b808a0f8,run-0ed59ea471f8c823,claim-cca55cd3ccff5029,sig-dfb8e2a6334dc2a4,delivered,1,1,1,,
exp-2b33b808a0f8,run-121bae4857799859,claim-cca55cd3ccff5029,sig-dfb8e2a6334dc2a4,delivered,1,1,1,,
exp-2b33b808a0f8,run-25eaa2510fbfbaff,claim-cca55cd3ccff5029,sig-dfb8e2a6334dc2a4,delivered,1,1,1,,
exp-2b33b808a0f8,run-2cd8b7888af1dfd8,claim-cca55cd3ccff5029,sig-dfb8e2a6334dc2a4,delivered,1,1,1,,
exp-2b33b808a0f8,run-3e6218c854422e8d,claim-cca55cd3ccff5029,sig-dfb8e2a6334dc2a4,delivered,1,1,1,,
exp-2b33b808a0f8,run-4135fc9f33a52631,claim-cca55cd3ccff5029,sig-dfb8e2a6334dc2a4,delivered,1,1,1,,
exp-2b33b808a0f8,run-5f8c41dc5117d3f7,claim-cca55cd3ccff5029,sig-dfb8e2a6334dc2a4,delivered,1,1,1,,
exp-2b33b808a0f8,run-626495f4dbb14cf3,claim-cca55cd3ccff5029,sig-dfb8e2a6334dc2a4,delivered,1,1,1,,
exp-2b33b808a0f8,run-82654eb217e99ef6,claim-cca55cd3ccff5029,sig-dfb8e2a6334dc2a4,delivered,1,1,1,,
exp-2b33b808a0f8,run-8b6a0be310d169fd,claim-cca55cd3ccff5029,sig-dfb8e2a6334dc2a4,delivered,1,1,1,,
exp-2b33b808a0f8,run-8c29734783624630,claim-cca55cd3ccff5029,sig-dfb8e2a6334dc2a4,delivered,1,1,1,,
exp-2b33b808a0f8,run-a91e83d95f4150ea,claim-cca55cd3ccff5029,sig-dfb8e2a6334dc2a4,delivered,1,1,1,,
exp-2b33b808a0f8,run-aef2c0f3501e6b9f,claim-cca55cd3ccff5029,sig-dfb8e2a6334dc2a4,delivered,1,1,1,,
exp-2b33b808a0f8,run-c31fdf2665c43f45,claim-cca55cd3ccff5029,sig-dfb8e2a6334dc2a4,delivered,1,1,1,,
exp-2b33b808a0f8,run-c6b4be2a2bcc1f45,claim-cca55cd3ccff5029,sig-dfb8e2a6334dc2a4,delivered,1,1,1,,
exp-2b33b808a0f8,run-cc57ad8a8d2714d7,claim-cca55cd3ccff5029,sig-dfb8e2a6334dc2a4,delivered,1,1,1,,
exp-2b33b808a0f8,run-d2b9a396554a407b,claim-cca55cd3ccff5029,sig-dfb8e2a6334dc2a4,delivered,1,1,1,,
exp-2b33b808a0f8,run-deef30be3782be8a,claim-cca55cd3ccff5029,sig-dfb8e2a6334dc2a4,delivered,1,1,1,,
exp-2b33b808a0f8,run-fe2c6fd3e3730afe,claim-cca55cd3ccff5029,sig-dfb8e2a6334dc2a4,delivered,1,1,1,,
exp-2b33b808a0f8,run-47b9d87d8c408db1,claim-417bc73b0e12b434,sig-e028c6e55625898e,delivered,1,1,1,,
exp-2b33b808a0f8,run-97bca49872a1b9c7,claim-417bc73b0e12b434,sig-e028c6e55625898e,delivered,1,1,1,,
exp-2b33b808a0f8,run-1654ed83a69b048a,claim-dfde3e524dc5a89f,sig-e08f41c77a963f14,delivered,1,1,1,,
exp-2b33b808a0f8,run-4171e29a7613b1bb,claim-dfde3e524dc5a89f,sig-e08f41c77a963f14,delivered,1,1,1,,
exp-2b33b808a0f8,run-8283757cadda12d5,claim-dfde3e524dc5a89f,sig-e08f41c77a963f14,delivered,1,1,1,,
exp-2b33b808a0f8,run-b13893f95aaaa626,claim-dfde3e524dc5a89f,sig-e08f41c77a963f14,delivered,1,1,1,,
exp-2b33b808a0f8,run-1619336f4c8443db,claim-2a3eedcbd9b57aae,sig-e0b6344b56738ddd,delivered,1,1,1,,
exp-2b33b808a0f8,run-19ef64ede03e3f70,claim-2a3eedcbd9b57aae,sig-e0b6344b56738ddd,delivered,1,1,1,,
exp-2b33b808a0f8,run-2c80b667b1e14131,claim-2a3eedcbd9b57aae,sig-e0b6344b56738ddd,delivered,1,1,1,,
exp-2b33b808a0f8,run-3077d26358e3e6c2,claim-2a3eedcbd9b57aae,sig-e0b6344b56738ddd,delivered,1,1,1,,
exp-2b33b808a0f8,run-7c7ff2af92c151e9,claim-2a3eedcbd9b57aae,sig-e0b6344b56738ddd,delivered,1,1,1,,
exp-2b33b808a0f8,run-a6aad9d55897ddf3,claim-2a3eedcbd9b57aae,sig-e0b6344b56738ddd,delivered,1,1,1,,
exp-2b33b808a0f8,run-c898b60149672477,claim-2a3eedcbd9b57aae,sig-e0b6344b56738ddd,delivered,1,1,1,,
exp-2b33b808a0f8,run-e791d1ca36891afd,claim-2a3eedcbd9b57aae,sig-e0b6344b56738ddd,delivered,1,1,1,,
exp-2b33b808a0f8,run-f5d02c54d049405c,claim-2a3eedcbd9b57aae,sig-e0b6344b56738ddd,delivered,1,1,1,,
exp-2b33b808a0f8,run-fde91c8a36f73bc9,claim-2a3eedcbd9b57aae,sig-e0b6344b56738ddd,delivered,1,1,1,,
exp-2b33b808a0f8,run-06c033c5a4b3310b,claim-b34f4f8fe0aab0c4,sig-e10694662337d5b0,delivered,1,1,1,,
exp-2b33b808a0f8,run-f4f7ab268273a712,claim-b34f4f8fe0aab0c4,sig-e10694662337d5b0,delivered,1,1,1,,
exp-2b33b808a0f8,run-f8a130cde8a86849,claim-b34f4f8fe0aab0c4,sig-e10694662337d5b0,delivered,1,1,1,,
exp-2b33b808a0f8,run-36f70902baf2605c,claim-f5a1590f451c9b85,sig-e10d402711423646,delivered,1,1,1,,
exp-2b33b808a0f8,run-ebcbbda81e609372,claim-f5a1590f451c9b85,sig-e10d402711423646,delivered,1,1,1,,
exp-2b33b808a0f8,run-5db7b7d90d3ff8ce,claim-ff28f512c98322f8,sig-e139c367917b358d,delivered,1,1,1,,
exp-2b33b808a0f8,run-7f00802c340e2617,claim-ff28f512c98322f8,sig-e139c367917b358d,delivered,1,1,1,,
exp-2b33b808a0f8,run-cf74c3eb23037fe3,claim-ff28f512c98322f8,sig-e139c367917b358d,delivered,1,1,1,,
exp-2b33b808a0f8,run-08239fa79adec9bb,claim-c4877a5cc7a9f05f,sig-e151363058ab1b1d,delivered,1,1,1,,
exp-2b33b808a0f8,run-25eaa2510fbfbaff,claim-c4877a5cc7a9f05f,sig-e151363058ab1b1d,delivered,1,1,1,,
exp-2b33b808a0f8,run-2913a8bf3b14dd18,claim-c4877a5cc7a9f05f,sig-e151363058ab1b1d,delivered,1,1,1,,
exp-2b33b808a0f8,run-2c5ed9ccf72ab3ff,claim-c4877a5cc7a9f05f,sig-e151363058ab1b1d,delivered,1,1,1,,
exp-2b33b808a0f8,run-3e6218c854422e8d,claim-c4877a5cc7a9f05f,sig-e151363058ab1b1d,delivered,1,1,1,,
exp-2b33b808a0f8,run-421a9e310b9451d9,claim-c4877a5cc7a9f05f,sig-e151363058ab1b1d,delivered,1,1,1,,
exp-2b33b808a0f8,run-4a9abd6b049cfa48,claim-c4877a5cc7a9f05f,sig-e151363058ab1b1d,delivered,1,1,1,,
exp-2b33b808a0f8,run-4bc70e3c7d09ccca,claim-c4877a5cc7a9f05f,sig-e151363058ab1b1d,delivered,1,1,1,,
exp-2b33b808a0f8,run-4be88edbdd58b0b7,claim-c4877a5cc7a9f05f,sig-e151363058ab1b1d,delivered,1,1,1,,
exp-2b33b808a0f8,run-533b1ebf9907abc5,claim-c4877a5cc7a9f05f,sig-e151363058ab1b1d,delivered,1,1,1,,
exp-2b33b808a0f8,run-602d62632c3acac1,claim-c4877a5cc7a9f05f,sig-e151363058ab1b1d,delivered,1,1,1,,
exp-2b33b808a0f8,run-98bc95649ddb8f4c,claim-c4877a5cc7a9f05f,sig-e151363058ab1b1d,delivered,1,1,1,,
exp-2b33b808a0f8,run-a2a07f1fba72c484,claim-c4877a5cc7a9f05f,sig-e151363058ab1b1d,delivered,1,1,1,,
exp-2b33b808a0f8,run-c70b83220468c5cb,claim-c4877a5cc7a9f05f,sig-e151363058ab1b1d,delivered,1,1,1,,
exp-2b33b808a0f8,run-c98546e59cb90ee4,claim-c4877a5cc7a9f05f,sig-e151363058ab1b1d,delivered,1,1,1,,
exp-2b33b808a0f8,run-d96c8c1fd86b590a,claim-c4877a5cc7a9f05f,sig-e151363058ab1b1d,delivered,1,1,1,,
exp-2b33b808a0f8,run-dda79e04e10eeb3f,claim-c4877a5cc7a9f05f,sig-e151363058ab1b1d,delivered,1,1,1,,
exp-2b33b808a0f8,run-f31bacd7825a158b,claim-c4877a5cc7a9f05f,sig-e151363058ab1b1d,delivered,1,1,1,,
exp-2b33b808a0f8,run-0cf7e0daf535a696,claim-9366932dfd4e007f,sig-e17395f5ed26676d,delivered,1,1,1,,
exp-2b33b808a0f8,run-303c21611e8d6d35,claim-9366932dfd4e007f,sig-e17395f5ed26676d,delivered,1,1,1,,
exp-2b33b808a0f8,run-314cd6efe084d5fe,claim-9366932dfd4e007f,sig-e17395f5ed26676d,delivered,1,1,1,,
exp-2b33b808a0f8,run-3620dcf5bb5744a2,claim-9366932dfd4e007f,sig-e17395f5ed26676d,delivered,1,1,1,,
exp-2b33b808a0f8,run-3f6da378062ee821,claim-9366932dfd4e007f,sig-e17395f5ed26676d,delivered,1,1,1,,
exp-2b33b808a0f8,run-68d48029a60ec89f,claim-9366932dfd4e007f,sig-e17395f5ed26676d,delivered,1,1,1,,
exp-2b33b808a0f8,run-6ddc9f9b58c14914,claim-9366932dfd4e007f,sig-e17395f5ed26676d,delivered,1,1,1,,
exp-2b33b808a0f8,run-7b8861c80024d738,claim-9366932dfd4e007f,sig-e17395f5ed26676d,delivered,1,1,1,,
exp-2b33b808a0f8,run-7d86c321e8400460,claim-9366932dfd4e007f,sig-e17395f5ed26676d,delivered,1,1,1,,
exp-2b33b808a0f8,run-8edfe902496d790d,claim-9366932dfd4e007f,sig-e17395f5ed26676d,delivered,1,1,1,,
exp-2b33b808a0f8,run-cacf78bafbbad965,claim-9366932dfd4e007f,sig-e17395f5ed26676d,delivered,1,1,1,,
exp-2b33b808a0f8,run-cec16e049668dcae,claim-9366932dfd4e007f,sig-e17395f5ed26676d,delivered,1,1,1,,
exp-2b33b808a0f8,run-d0fd6be062307c7b,claim-9366932dfd4e007f,sig-e17395f5ed26676d,delivered,1,1,1,,
exp-2b33b808a0f8,run-de51ed580b1ab50d,claim-9366932dfd4e007f,sig-e17395f5ed26676d,delivered,1,1,1,,
exp-2b33b808a0f8,run-df03869a77162cae,claim-9366932dfd4e007f,sig-e17395f5ed26676d,delivered,1,1,1,,
exp-2b33b808a0f8,run-e302498980455d8f,claim-9366932dfd4e007f,sig-e17395f5ed26676d,delivered,1,1,1,,
exp-2b33b808a0f8,run-fd0875ba4dfb44d6,claim-9366932dfd4e007f,sig-e17395f5ed26676d,delivered,1,1,1,,
exp-2b33b808a0f8,run-fea9b296c7fc9671,claim-9366932dfd4e007f,sig-e17395f5ed26676d,delivered,1,1,1,,
exp-2b33b808a0f8,run-25bb9ab7e7a7365a,claim-1f4d035491ac2570,sig-e356811148fa88a9,delivered,1,1,1,,
exp-2b33b808a0f8,run-64dbfef590df5805,claim-1f4d035491ac2570,sig-e356811148fa88a9,delivered,1,1,1,,
exp-2b33b808a0f8,run-b322099a86af125a,claim-1f4d035491ac2570,sig-e356811148fa88a9,delivered,1,1,1,,
exp-2b33b808a0f8,run-374dc2e21f594ec4,claim-e101664b3ad6aaa0,sig-e41d1193d9859e4a,delivered,1,1,1,,
exp-2b33b808a0f8,run-e791d1ca36891afd,claim-e101664b3ad6aaa0,sig-e41d1193d9859e4a,delivered,1,1,1,,
exp-2b33b808a0f8,run-05d091d23664cc1e,claim-2a3eedcbd9b57aae,sig-e50fa21d257d570e,delivered,1,1,1,,
exp-2b33b808a0f8,run-7dfc02679606cd15,claim-2a3eedcbd9b57aae,sig-e50fa21d257d570e,delivered,1,1,1,,
exp-2b33b808a0f8,run-cb9e6b2ad617099c,claim-2a3eedcbd9b57aae,sig-e50fa21d257d570e,delivered,1,1,1,,
exp-2b33b808a0f8,run-0d5710fb6ccbec61,claim-44f8cec9ce870296,sig-e51d284de0be060a,delivered,1,1,1,,
exp-2b33b808a0f8,run-7ea589e15513aeaf,claim-44f8cec9ce870296,sig-e51d284de0be060a,delivered,1,1,1,,
exp-2b33b808a0f8,run-b2e91be99045ef34,claim-44f8cec9ce870296,sig-e51d284de0be060a,delivered,1,1,1,,
exp-2b33b808a0f8,run-0d5710fb6ccbec61,claim-ddb0e35b43e1dcc8,sig-e5cdff4b2dd71e92,delivered,1,1,1,,
exp-2b33b808a0f8,run-36f70902baf2605c,claim-ddb0e35b43e1dcc8,sig-e5cdff4b2dd71e92,delivered,1,1,1,,
exp-2b33b808a0f8,run-7ea589e15513aeaf,claim-ddb0e35b43e1dcc8,sig-e5cdff4b2dd71e92,delivered,1,1,1,,
exp-2b33b808a0f8,run-b2e91be99045ef34,claim-ddb0e35b43e1dcc8,sig-e5cdff4b2dd71e92,delivered,1,1,1,,
exp-2b33b808a0f8,run-bad7bc9b35ba648e,claim-ddb0e35b43e1dcc8,sig-e5cdff4b2dd71e92,delivered,1,1,1,,
exp-2b33b808a0f8,run-cc4aa8875144e42e,claim-ddb0e35b43e1dcc8,sig-e5cdff4b2dd71e92,delivered,1,1,1,,
exp-2b33b808a0f8,run-db0288cd0d7d2c01,claim-ddb0e35b43e1dcc8,sig-e5cdff4b2dd71e92,delivered,1,1,1,,
exp-2b33b808a0f8,run-ebcbbda81e609372,claim-ddb0e35b43e1dcc8,sig-e5cdff4b2dd71e92,delivered,1,1,1,,
exp-2b33b808a0f8,run-ee78a1a347e718c6,claim-ddb0e35b43e1dcc8,sig-e5cdff4b2dd71e92,delivered,1,1,1,,
exp-2b33b808a0f8,run-27bf28105ca06fd4,claim-49d5d81e31f997b2,sig-e6088fd1f35c97da,delivered,1,1,1,,
exp-2b33b808a0f8,run-2db70520b400e899,claim-49d5d81e31f997b2,sig-e6088fd1f35c97da,delivered,1,1,1,,
exp-2b33b808a0f8,run-b0542bb5dad78106,claim-49d5d81e31f997b2,sig-e6088fd1f35c97da,delivered,1,1,1,,
exp-2b33b808a0f8,run-0d5710fb6ccbec61,claim-b59936121192c582,sig-e6a2b3a66b70ee67,delivered,1,1,1,,
exp-2b33b808a0f8,run-36f70902baf2605c,claim-b59936121192c582,sig-e6a2b3a66b70ee67,delivered,1,1,1,,
exp-2b33b808a0f8,run-7ea589e15513aeaf,claim-b59936121192c582,sig-e6a2b3a66b70ee67,delivered,1,1,1,,
exp-2b33b808a0f8,run-b2e91be99045ef34,claim-b59936121192c582,sig-e6a2b3a66b70ee67,delivered,1,1,1,,
exp-2b33b808a0f8,run-b89fda5b70005cab,claim-b59936121192c582,sig-e6a2b3a66b70ee67,delivered,1,1,1,,
exp-2b33b808a0f8,run-bad7bc9b35ba648e,claim-b59936121192c582,sig-e6a2b3a66b70ee67,delivered,1,1,1,,
exp-2b33b808a0f8,run-cc4aa8875144e42e,claim-b59936121192c582,sig-e6a2b3a66b70ee67,delivered,1,1,1,,
exp-2b33b808a0f8,run-d9ecb9bb93d66dae,claim-b59936121192c582,sig-e6a2b3a66b70ee67,delivered,1,1,1,,
exp-2b33b808a0f8,run-db0288cd0d7d2c01,claim-b59936121192c582,sig-e6a2b3a66b70ee67,delivered,1,1,1,,
exp-2b33b808a0f8,run-e2b8b5101f670dfe,claim-b59936121192c582,sig-e6a2b3a66b70ee67,delivered,1,1,1,,
exp-2b33b808a0f8,run-ebcbbda81e609372,claim-b59936121192c582,sig-e6a2b3a66b70ee67,delivered,1,1,1,,
exp-2b33b808a0f8,run-ee78a1a347e718c6,claim-b59936121192c582,sig-e6a2b3a66b70ee67,delivered,1,1,1,,
exp-2b33b808a0f8,run-86e0fb3cb34a86b9,claim-eb79409f70b6e388,sig-e6e6c203113b5e5b,delivered,1,1,1,,
exp-2b33b808a0f8,run-c5596c6cf2999ecc,claim-eb79409f70b6e388,sig-e6e6c203113b5e5b,delivered,1,1,1,,
exp-2b33b808a0f8,run-cbf903a67be76d0a,claim-eb79409f70b6e388,sig-e6e6c203113b5e5b,delivered,1,1,1,,
exp-2b33b808a0f8,run-1584d685946fcbab,claim-0c5ff55714d4d8b0,sig-e7195d3714e21981,delivered,1,1,1,,
exp-2b33b808a0f8,run-16a39058c7f3cf9e,claim-0c5ff55714d4d8b0,sig-e7195d3714e21981,delivered,1,1,1,,
exp-2b33b808a0f8,run-49d441481d22eaff,claim-0c5ff55714d4d8b0,sig-e7195d3714e21981,delivered,1,1,1,,
exp-2b33b808a0f8,run-82e3fe2420e8e987,claim-0c5ff55714d4d8b0,sig-e7195d3714e21981,delivered,1,1,1,,
exp-2b33b808a0f8,run-8fd820fb0fd3fa83,claim-0c5ff55714d4d8b0,sig-e7195d3714e21981,delivered,1,1,1,,
exp-2b33b808a0f8,run-b4f674eb9d401efd,claim-0c5ff55714d4d8b0,sig-e7195d3714e21981,delivered,1,1,1,,
exp-2b33b808a0f8,run-e397ddb5605064f3,claim-0c5ff55714d4d8b0,sig-e7195d3714e21981,delivered,1,1,1,,
exp-2b33b808a0f8,run-e69a6fbcad4061ce,claim-0c5ff55714d4d8b0,sig-e7195d3714e21981,delivered,1,1,1,,
exp-2b33b808a0f8,run-f1ea2e8a09c56c99,claim-0c5ff55714d4d8b0,sig-e7195d3714e21981,delivered,1,1,1,,
exp-2b33b808a0f8,run-1619336f4c8443db,claim-ea3500ce5fcd6e09,sig-e793c7e245f9e1b8,delivered,1,1,1,,
exp-2b33b808a0f8,run-2c80b667b1e14131,claim-ea3500ce5fcd6e09,sig-e793c7e245f9e1b8,delivered,1,1,1,,
exp-2b33b808a0f8,run-3077d26358e3e6c2,claim-ea3500ce5fcd6e09,sig-e793c7e245f9e1b8,delivered,1,1,1,,
exp-2b33b808a0f8,run-7c7ff2af92c151e9,claim-ea3500ce5fcd6e09,sig-e793c7e245f9e1b8,delivered,1,1,1,,
exp-2b33b808a0f8,run-a6aad9d55897ddf3,claim-ea3500ce5fcd6e09,sig-e793c7e245f9e1b8,delivered,1,1,1,,
exp-2b33b808a0f8,run-c898b60149672477,claim-ea3500ce5fcd6e09,sig-e793c7e245f9e1b8,delivered,1,1,1,,
exp-2b33b808a0f8,run-d60faf210ac29cea,claim-ea3500ce5fcd6e09,sig-e793c7e245f9e1b8,delivered,1,1,1,,
exp-2b33b808a0f8,run-f5d02c54d049405c,claim-ea3500ce5fcd6e09,sig-e793c7e245f9e1b8,delivered,1,1,1,,
exp-2b33b808a0f8,run-fde91c8a36f73bc9,claim-ea3500ce5fcd6e09,sig-e793c7e245f9e1b8,delivered,1,1,1,,
exp-2b33b808a0f8,run-6ddc9f9b58c14914,claim-1ab6e6f31286d862,sig-e8138fd7f358c87f,delivered,1,1,1,,
exp-2b33b808a0f8,run-86e0fb3cb34a86b9,claim-1ab6e6f31286d862,sig-e8138fd7f358c87f,delivered,1,1,1,,
exp-2b33b808a0f8,run-c5596c6cf2999ecc,claim-1ab6e6f31286d862,sig-e8138fd7f358c87f,delivered,1,1,1,,
exp-2b33b808a0f8,run-cbf903a67be76d0a,claim-1ab6e6f31286d862,sig-e8138fd7f358c87f,delivered,1,1,1,,
exp-2b33b808a0f8,run-de51ed580b1ab50d,claim-1ab6e6f31286d862,sig-e8138fd7f358c87f,delivered,1,1,1,,
exp-2b33b808a0f8,run-fd0875ba4dfb44d6,claim-1ab6e6f31286d862,sig-e8138fd7f358c87f,delivered,1,1,1,,
exp-2b33b808a0f8,run-0d5710fb6ccbec61,claim-84a0661a40e79698,sig-e842ae10f342eee5,delivered,1,1,1,,
exp-2b33b808a0f8,run-7ea589e15513aeaf,claim-84a0661a40e79698,sig-e842ae10f342eee5,delivered,1,1,1,,
exp-2b33b808a0f8,run-b2e91be99045ef34,claim-84a0661a40e79698,sig-e842ae10f342eee5,delivered,1,1,1,,
exp-2b33b808a0f8,run-47b9d87d8c408db1,claim-630ba3d3c37c3408,sig-e84a78fd63481206,delivered,1,1,1,,
exp-2b33b808a0f8,run-97bca49872a1b9c7,claim-630ba3d3c37c3408,sig-e84a78fd63481206,delivered,1,1,1,,
exp-2b33b808a0f8,run-2b6895cdd016ae4c,claim-65aa9ef6d2be4d63,sig-e9243762570f6751,delivered,1,1,1,,
exp-2b33b808a0f8,run-08eb0ce23ff8c058,claim-53a8e419107df166,sig-e9b2393413d94fad,delivered,1,1,1,,
exp-2b33b808a0f8,run-169749d452c80c28,claim-53a8e419107df166,sig-e9b2393413d94fad,delivered,1,1,1,,
exp-2b33b808a0f8,run-31ef47d02bf73873,claim-53a8e419107df166,sig-e9b2393413d94fad,delivered,1,1,1,,
exp-2b33b808a0f8,run-7a81aa198df7a360,claim-53a8e419107df166,sig-e9b2393413d94fad,delivered,1,1,1,,
exp-2b33b808a0f8,run-809856b19e987477,claim-53a8e419107df166,sig-e9b2393413d94fad,delivered,1,1,1,,
exp-2b33b808a0f8,run-82121d93599b573f,claim-53a8e419107df166,sig-e9b2393413d94fad,delivered,1,1,1,,
exp-2b33b808a0f8,run-8f48500d07fefa0d,claim-53a8e419107df166,sig-e9b2393413d94fad,delivered,1,1,1,,
exp-2b33b808a0f8,run-bfc1fb37d31beee3,claim-53a8e419107df166,sig-e9b2393413d94fad,delivered,1,1,1,,
exp-2b33b808a0f8,run-d2b9a396554a407b,claim-53a8e419107df166,sig-e9b2393413d94fad,delivered,1,1,1,,
exp-2b33b808a0f8,run-f3f30df9a4b8d9a5,claim-53a8e419107df166,sig-e9b2393413d94fad,delivered,1,1,1,,
exp-2b33b808a0f8,run-f463dfc540bd3689,claim-53a8e419107df166,sig-e9b2393413d94fad,delivered,1,1,1,,
exp-2b33b808a0f8,run-fe2c6fd3e3730afe,claim-53a8e419107df166,sig-e9b2393413d94fad,delivered,1,1,1,,
exp-2b33b808a0f8,run-36f70902baf2605c,claim-0b7a09c926c5afca,sig-eaacb6e4c918eb64,delivered,1,1,1,,
exp-2b33b808a0f8,run-bad7bc9b35ba648e,claim-0b7a09c926c5afca,sig-eaacb6e4c918eb64,delivered,1,1,1,,
exp-2b33b808a0f8,run-cc4aa8875144e42e,claim-0b7a09c926c5afca,sig-eaacb6e4c918eb64,delivered,1,1,1,,
exp-2b33b808a0f8,run-db0288cd0d7d2c01,claim-0b7a09c926c5afca,sig-eaacb6e4c918eb64,delivered,1,1,1,,
exp-2b33b808a0f8,run-ebcbbda81e609372,claim-0b7a09c926c5afca,sig-eaacb6e4c918eb64,delivered,1,1,1,,
exp-2b33b808a0f8,run-ee78a1a347e718c6,claim-0b7a09c926c5afca,sig-eaacb6e4c918eb64,delivered,1,1,1,,
exp-2b33b808a0f8,run-6ddc9f9b58c14914,claim-bd8e4d225989b926,sig-eb84a6101782e6cf,delivered,1,1,1,,
exp-2b33b808a0f8,run-de51ed580b1ab50d,claim-bd8e4d225989b926,sig-eb84a6101782e6cf,delivered,1,1,1,,
exp-2b33b808a0f8,run-fd0875ba4dfb44d6,claim-bd8e4d225989b926,sig-eb84a6101782e6cf,delivered,1,1,1,,
exp-2b33b808a0f8,run-00852482d4b4c234,claim-ffea572f1dec63c9,sig-ec5d0f4b9745645c,delivered,0,0,1,,
exp-2b33b808a0f8,run-0b43fa2950981ced,claim-ffea572f1dec63c9,sig-ec5d0f4b9745645c,delivered,0,0,1,,
exp-2b33b808a0f8,run-232de825d4745424,claim-ffea572f1dec63c9,sig-ec5d0f4b9745645c,delivered,0,0,1,,
exp-2b33b808a0f8,run-4e1f40a2ad2c8126,claim-ffea572f1dec63c9,sig-ec5d0f4b9745645c,delivered,0,0,1,,
exp-2b33b808a0f8,run-978c7a8b98891c5e,claim-ffea572f1dec63c9,sig-ec5d0f4b9745645c,delivered,0,0,1,,
exp-2b33b808a0f8,run-ad742266be315739,claim-ffea572f1dec63c9,sig-ec5d0f4b9745645c,delivered,0,0,1,,
exp-2b33b808a0f8,run-024dd76a95551a07,claim-53d67ceb915a7313,sig-ecb7c800c7bf0b97,delivered,1,1,1,,
exp-2b33b808a0f8,run-9d7b92b6a9bd860a,claim-53d67ceb915a7313,sig-ecb7c800c7bf0b97,delivered,1,1,1,,
exp-2b33b808a0f8,run-f6d8a6bffd539b01,claim-53d67ceb915a7313,sig-ecb7c800c7bf0b97,delivered,1,1,1,,
exp-2b33b808a0f8,run-374dc2e21f594ec4,claim-bcaf2473fcec5107,sig-ed734fd9bb75bca5,delivered,1,1,1,,
exp-2b33b808a0f8,run-5f9908a782b1c6e3,claim-bcaf2473fcec5107,sig-ed734fd9bb75bca5,delivered,1,1,1,,
exp-2b33b808a0f8,run-82a20b31b2b8e7ef,claim-bcaf2473fcec5107,sig-ed734fd9bb75bca5,delivered,1,1,1,,
exp-2b33b808a0f8,run-6ddc9f9b58c14914,claim-1cc7b7a1d5beb0c9,sig-ed8529894d0ad63f,delivered,1,1,1,,
exp-2b33b808a0f8,run-de51ed580b1ab50d,claim-1cc7b7a1d5beb0c9,sig-ed8529894d0ad63f,delivered,1,1,1,,
exp-2b33b808a0f8,run-fd0875ba4dfb44d6,claim-1cc7b7a1d5beb0c9,sig-ed8529894d0ad63f,delivered,1,1,1,,
exp-2b33b808a0f8,run-1619336f4c8443db,claim-850c241402dc0b60,sig-ee86a71bfb4d3c28,delivered,1,1,1,,
exp-2b33b808a0f8,run-2c80b667b1e14131,claim-850c241402dc0b60,sig-ee86a71bfb4d3c28,delivered,1,1,1,,
exp-2b33b808a0f8,run-3077d26358e3e6c2,claim-850c241402dc0b60,sig-ee86a71bfb4d3c28,delivered,1,1,1,,
exp-2b33b808a0f8,run-7c7ff2af92c151e9,claim-850c241402dc0b60,sig-ee86a71bfb4d3c28,delivered,1,1,1,,
exp-2b33b808a0f8,run-a6aad9d55897ddf3,claim-850c241402dc0b60,sig-ee86a71bfb4d3c28,delivered,1,1,1,,
exp-2b33b808a0f8,run-c898b60149672477,claim-850c241402dc0b60,sig-ee86a71bfb4d3c28,delivered,1,1,1,,
exp-2b33b808a0f8,run-d60faf210ac29cea,claim-850c241402dc0b60,sig-ee86a71bfb4d3c28,delivered,1,1,1,,
exp-2b33b808a0f8,run-f5d02c54d049405c,claim-850c241402dc0b60,sig-ee86a71bfb4d3c28,delivered,1,1,1,,
exp-2b33b808a0f8,run-fde91c8a36f73bc9,claim-850c241402dc0b60,sig-ee86a71bfb4d3c28,delivered,1,1,1,,
exp-2b33b808a0f8,run-188a8d0550ccc9f1,claim-a0d8e14754c045de,sig-eecca7c587acc48e,delivered,1,1,1,,
exp-2b33b808a0f8,run-217b27c32888985d,claim-a0d8e14754c045de,sig-eecca7c587acc48e,delivered,1,1,1,,
exp-2b33b808a0f8,run-3ceaa0e4676003ac,claim-a0d8e14754c045de,sig-eecca7c587acc48e,delivered,1,1,1,,
exp-2b33b808a0f8,run-3dcf417f7bfa03b2,claim-a0d8e14754c045de,sig-eecca7c587acc48e,delivered,1,1,1,,
exp-2b33b808a0f8,run-85fcaf049510f0ee,claim-a0d8e14754c045de,sig-eecca7c587acc48e,delivered,1,1,1,,
exp-2b33b808a0f8,run-95f0926102c7f977,claim-a0d8e14754c045de,sig-eecca7c587acc48e,delivered,1,1,1,,
exp-2b33b808a0f8,run-9e50adaa1bc80ca9,claim-a0d8e14754c045de,sig-eecca7c587acc48e,delivered,1,1,1,,
exp-2b33b808a0f8,run-b59197931236a821,claim-a0d8e14754c045de,sig-eecca7c587acc48e,delivered,1,1,1,,
exp-2b33b808a0f8,run-f4b4966e3d0cf978,claim-a0d8e14754c045de,sig-eecca7c587acc48e,delivered,1,1,1,,
exp-2b33b808a0f8,run-080f51e2e1f6de5b,claim-38505b14fe11ece1,sig-f0f9225d3646c919,delivered,1,1,1,,
exp-2b33b808a0f8,run-1584d685946fcbab,claim-38505b14fe11ece1,sig-f0f9225d3646c919,delivered,1,1,1,,
exp-2b33b808a0f8,run-16a39058c7f3cf9e,claim-38505b14fe11ece1,sig-f0f9225d3646c919,delivered,1,1,1,,
exp-2b33b808a0f8,run-1b3af856ea0d78ba,claim-38505b14fe11ece1,sig-f0f9225d3646c919,delivered,1,1,1,,
exp-2b33b808a0f8,run-26c66a98702e0a01,claim-38505b14fe11ece1,sig-f0f9225d3646c919,delivered,1,1,1,,
exp-2b33b808a0f8,run-2913a8bf3b14dd18,claim-38505b14fe11ece1,sig-f0f9225d3646c919,delivered,1,1,1,,
exp-2b33b808a0f8,run-2b307fc83ae74fb5,claim-38505b14fe11ece1,sig-f0f9225d3646c919,delivered,1,1,1,,
exp-2b33b808a0f8,run-2c5ed9ccf72ab3ff,claim-38505b14fe11ece1,sig-f0f9225d3646c919,delivered,1,1,1,,
exp-2b33b808a0f8,run-421a9e310b9451d9,claim-38505b14fe11ece1,sig-f0f9225d3646c919,delivered,1,1,1,,
exp-2b33b808a0f8,run-49d441481d22eaff,claim-38505b14fe11ece1,sig-f0f9225d3646c919,delivered,1,1,1,,
exp-2b33b808a0f8,run-4a9abd6b049cfa48,claim-38505b14fe11ece1,sig-f0f9225d3646c919,delivered,1,1,1,,
exp-2b33b808a0f8,run-4bc70e3c7d09ccca,claim-38505b14fe11ece1,sig-f0f9225d3646c919,delivered,1,1,1,,
exp-2b33b808a0f8,run-4be88edbdd58b0b7,claim-38505b14fe11ece1,sig-f0f9225d3646c919,delivered,1,1,1,,
exp-2b33b808a0f8,run-533b1ebf9907abc5,claim-38505b14fe11ece1,sig-f0f9225d3646c919,delivered,1,1,1,,
exp-2b33b808a0f8,run-54c829c9332d7705,claim-38505b14fe11ece1,sig-f0f9225d3646c919,delivered,1,1,1,,
exp-2b33b808a0f8,run-5ab8996c310b76bc,claim-38505b14fe11ece1,sig-f0f9225d3646c919,delivered,1,1,1,,
exp-2b33b808a0f8,run-82e3fe2420e8e987,claim-38505b14fe11ece1,sig-f0f9225d3646c919,delivered,1,1,1,,
exp-2b33b808a0f8,run-8628fb2f21bdfa9a,claim-38505b14fe11ece1,sig-f0f9225d3646c919,delivered,1,1,1,,
exp-2b33b808a0f8,run-8fd820fb0fd3fa83,claim-38505b14fe11ece1,sig-f0f9225d3646c919,delivered,1,1,1,,
exp-2b33b808a0f8,run-98bc95649ddb8f4c,claim-38505b14fe11ece1,sig-f0f9225d3646c919,delivered,1,1,1,,
exp-2b33b808a0f8,run-a2a07f1fba72c484,claim-38505b14fe11ece1,sig-f0f9225d3646c919,delivered,1,1,1,,
exp-2b33b808a0f8,run-ae142c1131d1a913,claim-38505b14fe11ece1,sig-f0f9225d3646c919,delivered,1,1,1,,
exp-2b33b808a0f8,run-ae9c163f6630a5f8,claim-38505b14fe11ece1,sig-f0f9225d3646c919,delivered,1,1,1,,
exp-2b33b808a0f8,run-b4f674eb9d401efd,claim-38505b14fe11ece1,sig-f0f9225d3646c919,delivered,1,1,1,,
exp-2b33b808a0f8,run-c70b83220468c5cb,claim-38505b14fe11ece1,sig-f0f9225d3646c919,delivered,1,1,1,,
exp-2b33b808a0f8,run-dda79e04e10eeb3f,claim-38505b14fe11ece1,sig-f0f9225d3646c919,delivered,1,1,1,,
exp-2b33b808a0f8,run-e397ddb5605064f3,claim-38505b14fe11ece1,sig-f0f9225d3646c919,delivered,1,1,1,,
exp-2b33b808a0f8,run-e69a6fbcad4061ce,claim-38505b14fe11ece1,sig-f0f9225d3646c919,delivered,1,1,1,,
exp-2b33b808a0f8,run-f1ea2e8a09c56c99,claim-38505b14fe11ece1,sig-f0f9225d3646c919,delivered,1,1,1,,
exp-2b33b808a0f8,run-f31bacd7825a158b,claim-38505b14fe11ece1,sig-f0f9225d3646c919,delivered,1,1,1,,
exp-2b33b808a0f8,run-f8641a2b2b522c65,claim-38505b14fe11ece1,sig-f0f9225d3646c919,delivered,1,1,1,,
exp-2b33b808a0f8,run-188a8d0550ccc9f1,claim-d918f08bb5b898c7,sig-f11825b2ecba95cc,delivered,1,1,1,,
exp-2b33b808a0f8,run-217b27c32888985d,claim-d918f08bb5b898c7,sig-f11825b2ecba95cc,delivered,1,1,1,,
exp-2b33b808a0f8,run-3ceaa0e4676003ac,claim-d918f08bb5b898c7,sig-f11825b2ecba95cc,delivered,1,1,1,,
exp-2b33b808a0f8,run-3dcf417f7bfa03b2,claim-d918f08bb5b898c7,sig-f11825b2ecba95cc,delivered,1,1,1,,
exp-2b33b808a0f8,run-85fcaf049510f0ee,claim-d918f08bb5b898c7,sig-f11825b2ecba95cc,delivered,1,1,1,,
exp-2b33b808a0f8,run-95f0926102c7f977,claim-d918f08bb5b898c7,sig-f11825b2ecba95cc,delivered,1,1,1,,
exp-2b33b808a0f8,run-9e50adaa1bc80ca9,claim-d918f08bb5b898c7,sig-f11825b2ecba95cc,delivered,1,1,1,,
exp-2b33b808a0f8,run-b59197931236a821,claim-d918f08bb5b898c7,sig-f11825b2ecba95cc,delivered,1,1,1,,
exp-2b33b808a0f8,run-f4b4966e3d0cf978,claim-d918f08bb5b898c7,sig-f11825b2ecba95cc,delivered,1,1,1,,
exp-2b33b808a0f8,run-b7f8311340d0f5c0,claim-762ed8930199f01c,sig-f17e4f650a1579a1,delivered,1,1,1,,
exp-2b33b808a0f8,run-e09a9c6c7fbe74db,claim-762ed8930199f01c,sig-f17e4f650a1579a1,delivered,1,1,1,,
exp-2b33b808a0f8,run-ea2e4f2c800425a8,claim-762ed8930199f01c,sig-f17e4f650a1579a1,delivered,1,1,1,,
exp-2b33b808a0f8,run-107e053141aef5a2,claim-f82b2e18ab2cb75a,sig-f1b423ec8be6e5e8,dropped,1,1,0,,
exp-2b33b808a0f8,run-188a8d0550ccc9f1,claim-f82b2e18ab2cb75a,sig-f1b423ec8be6e5e8,dropped,1,1,0,,
exp-2b33b808a0f8,run-217b27c32888985d,claim-f82b2e18ab2cb75a,sig-f1b423ec8be6e5e8,dropped,1,1,0,,
exp-2b33b808a0f8,run-326bfbb0f8ea7d96,claim-f82b2e18ab2cb75a,sig-f1b423ec8be6e5e8,dropped,1,1,0,,
exp-2b33b808a0f8,run-3ceaa0e4676003ac,claim-f82b2e18ab2cb75a,sig-f1b423ec8be6e5e8,dropped,1,1,0,,
exp-2b33b808a0f8,run-3dcf417f7bfa03b2,claim-f82b2e18ab2cb75a,sig-f1b423ec8be6e5e8,dropped,1,1,0,,
exp-2b33b808a0f8,run-5f72dfbc37ae3836,claim-f82b2e18ab2cb75a,sig-f1b423ec8be6e5e8,dropped,1,1,0,,
exp-2b33b808a0f8,run-652d659454d8ad9e,claim-f82b2e18ab2cb75a,sig-f1b423ec8be6e5e8,dropped,1,1,0,,
exp-2b33b808a0f8,run-688fc7e2f44ed2f2,claim-f82b2e18ab2cb75a,sig-f1b423ec8be6e5e8,dropped,1,1,0,,
exp-2b33b808a0f8,run-745eb0d732d3c8be,claim-f82b2e18ab2cb75a,sig-f1b423ec8be6e5e8,dropped,1,1,0,,
exp-2b33b808a0f8,run-7a43182838a92b4d,claim-f82b2e18ab2cb75a,sig-f1b423ec8be6e5e8,dropped,1,1,0,,
exp-2b33b808a0f8,run-7ebc93e6754f1bb3,claim-f82b2e18ab2cb75a,sig-f1b423ec8be6e5e8,dropped,1,1,0,,
exp-2b33b808a0f8,run-85eabeb58e5c97e7,claim-f82b2e18ab2cb75a,sig-f1b423ec8be6e5e8,dropped,1,1,0,,
exp-2b33b808a0f8,run-85fcaf049510f0ee,claim-f82b2e18ab2cb75a,sig-f1b423ec8be6e5e8,dropped,1,1,0,,
exp-2b33b808a0f8,run-87f02234f88d5831,claim-f82b2e18ab2cb75a,sig-f1b423ec8be6e5e8,dropped,1,1,0,,
exp-2b33b808a0f8,run-8f35f254ebb2acd3,claim-f82b2e18ab2cb75a,sig-f1b423ec8be6e5e8,dropped,1,1,0,,
exp-2b33b808a0f8,run-95f0926102c7f977,claim-f82b2e18ab2cb75a,sig-f1b423ec8be6e5e8,dropped,1,1,0,,
exp-2b33b808a0f8,run-9e50adaa1bc80ca9,claim-f82b2e18ab2cb75a,sig-f1b423ec8be6e5e8,dropped,1,1,0,,
exp-2b33b808a0f8,run-ad7e5cf3555f7cf1,claim-f82b2e18ab2cb75a,sig-f1b423ec8be6e5e8,dropped,1,1,0,,
exp-2b33b808a0f8,run-b59197931236a821,claim-f82b2e18ab2cb75a,sig-f1b423ec8be6e5e8,dropped,1,1,0,,
exp-2b33b808a0f8,run-cbfe7f989bdcbfd8,claim-f82b2e18ab2cb75a,sig-f1b423ec8be6e5e8,dropped,1,1,0,,
exp-2b33b808a0f8,run-f4b4966e3d0cf978,claim-f82b2e18ab2cb75a,sig-f1b423ec8be6e5e8,dropped,1,1,0,,
exp-2b33b808a0f8,run-fa92f9e908dcd179,claim-f82b2e18ab2cb75a,sig-f1b423ec8be6e5e8,dropped,1,1,0,,
exp-2b33b808a0f8,run-08239fa79adec9bb,claim-00f3e2800d2e6a11,sig-f1d81cbb55834daa,delivered,1,1,1,,
exp-2b33b808a0f8,run-22c666cf37db328f,claim-00f3e2800d2e6a11,sig-f1d81cbb55834daa,delivered,1,1,1,,
exp-2b33b808a0f8,run-26c66a98702e0a01,claim-00f3e2800d2e6a11,sig-f1d81cbb55834daa,delivered,1,1,1,,
exp-2b33b808a0f8,run-2a9c3ec6dd6e9d8f,claim-00f3e2800d2e6a11,sig-f1d81cbb55834daa,delivered,1,1,1,,
exp-2b33b808a0f8,run-2b307fc83ae74fb5,claim-00f3e2800d2e6a11,sig-f1d81cbb55834daa,delivered,1,1,1,,
exp-2b33b808a0f8,run-54c829c9332d7705,claim-00f3e2800d2e6a11,sig-f1d81cbb55834daa,delivered,1,1,1,,
exp-2b33b808a0f8,run-602d62632c3acac1,claim-00f3e2800d2e6a11,sig-f1d81cbb55834daa,delivered,1,1,1,,
exp-2b33b808a0f8,run-637de2634f99fe17,claim-00f3e2800d2e6a11,sig-f1d81cbb55834daa,delivered,1,1,1,,
exp-2b33b808a0f8,run-c98546e59cb90ee4,claim-00f3e2800d2e6a11,sig-f1d81cbb55834daa,delivered,1,1,1,,
exp-2b33b808a0f8,run-d96c8c1fd86b590a,claim-00f3e2800d2e6a11,sig-f1d81cbb55834daa,delivered,1,1,1,,
exp-2b33b808a0f8,run-1827ab6678b4100e,claim-a2ffb69434167d83,sig-f2897034aebca7e3,delivered,1,1,1,,
exp-2b33b808a0f8,run-36f70902baf2605c,claim-a2ffb69434167d83,sig-f2897034aebca7e3,delivered,1,1,1,,
exp-2b33b808a0f8,run-40302b8b799e3bf1,claim-a2ffb69434167d83,sig-f2897034aebca7e3,delivered,1,1,1,,
exp-2b33b808a0f8,run-a43e1603dbdaba0d,claim-a2ffb69434167d83,sig-f2897034aebca7e3,delivered,1,1,1,,
exp-2b33b808a0f8,run-ebcbbda81e609372,claim-a2ffb69434167d83,sig-f2897034aebca7e3,delivered,1,1,1,,
exp-2b33b808a0f8,run-f1776cca757489d5,claim-a2ffb69434167d83,sig-f2897034aebca7e3,delivered,1,1,1,,
exp-2b33b808a0f8,run-37a26e9a7aa1bb5e,claim-6553f84983e59d95,sig-f32080bdc89913e3,delivered,0,0,1,,
exp-2b33b808a0f8,run-44cfbdfc60cdf7a8,claim-6553f84983e59d95,sig-f32080bdc89913e3,delivered,0,0,1,,
exp-2b33b808a0f8,run-654b90f4ea145d67,claim-6553f84983e59d95,sig-f32080bdc89913e3,delivered,0,0,1,,
exp-2b33b808a0f8,run-6c62556cc962947a,claim-6553f84983e59d95,sig-f32080bdc89913e3,delivered,0,0,1,,
exp-2b33b808a0f8,run-8eb43eb6eddc29f4,claim-6553f84983e59d95,sig-f32080bdc89913e3,delivered,0,0,1,,
exp-2b33b808a0f8,run-a8d5484d741c645d,claim-6553f84983e59d95,sig-f32080bdc89913e3,delivered,0,0,1,,
exp-2b33b808a0f8,run-024c8ebdc05e33a8,claim-9f8d9232572742d7,sig-f3338eccf77b747f,delivered,1,1,1,,
exp-2b33b808a0f8,run-13a88125b47c3116,claim-9f8d9232572742d7,sig-f3338eccf77b747f,delivered,1,1,1,,
exp-2b33b808a0f8,run-1946c1edcbdbbdda,claim-9f8d9232572742d7,sig-f3338eccf77b747f,delivered,1,1,1,,
exp-2b33b808a0f8,run-30e0ad5088f869ef,claim-9f8d9232572742d7,sig-f3338eccf77b747f,delivered,1,1,1,,
exp-2b33b808a0f8,run-427de9f5f80631bb,claim-9f8d9232572742d7,sig-f3338eccf77b747f,delivered,1,1,1,,
exp-2b33b808a0f8,run-5227c4f1697e16f5,claim-9f8d9232572742d7,sig-f3338eccf77b747f,delivered,1,1,1,,
exp-2b33b808a0f8,run-53706f05bed87dad,claim-9f8d9232572742d7,sig-f3338eccf77b747f,delivered,1,1,1,,
exp-2b33b808a0f8,run-581d182fa373e4a8,claim-9f8d9232572742d7,sig-f3338eccf77b747f,delivered,1,1,1,,
exp-2b33b808a0f8,run-581e601a136ff413,claim-9f8d9232572742d7,sig-f3338eccf77b747f,delivered,1,1,1,,
exp-2b33b808a0f8,run-5d1d938973316806,claim-9f8d9232572742d7,sig-f3338eccf77b747f,delivered,1,1,1,,
exp-2b33b808a0f8,run-65fb89d7c4ce4fff,claim-9f8d9232572742d7,sig-f3338eccf77b747f,delivered,1,1,1,,
exp-2b33b808a0f8,run-9c2aac4f207303c4,claim-9f8d9232572742d7,sig-f3338eccf77b747f,delivered,1,1,1,,
exp-2b33b808a0f8,run-a34dc91443138554,claim-9f8d9232572742d7,sig-f3338eccf77b747f,delivered,1,1,1,,
exp-2b33b808a0f8,run-a5cfa0e1e29cea11,claim-9f8d9232572742d7,sig-f3338eccf77b747f,delivered,1,1,1,,
exp-2b33b808a0f8,run-a684c987a3ec5dee,claim-9f8d9232572742d7,sig-f3338eccf77b747f,delivered,1,1,1,,
exp-2b33b808a0f8,run-b9c91e3ca797b757,claim-9f8d9232572742d7,sig-f3338eccf77b747f,delivered,1,1,1,,
exp-2b33b808a0f8,run-bc9a7105af8438b3,claim-9f8d9232572742d7,sig-f3338eccf77b747f,delivered,1,1,1,,
exp-2b33b808a0f8,run-c12d31a0c14e4ea4,claim-9f8d9232572742d7,sig-f3338eccf77b747f,delivered,1,1,1,,
exp-2b33b808a0f8,run-d1062de1551992e2,claim-9f8d9232572742d7,sig-f3338eccf77b747f,delivered,1,1,1,,
exp-2b33b808a0f8,run-da80cb0756bb72c1,claim-9f8d9232572742d7,sig-f3338eccf77b747f,delivered,1,1,1,,
exp-2b33b808a0f8,run-dcd3f088d2742101,claim-9f8d9232572742d7,sig-f3338eccf77b747f,delivered,1,1,1,,
exp-2b33b808a0f8,run-f1da5d7783f85774,claim-9f8d9232572742d7,sig-f3338eccf77b747f,delivered,1,1,1,,
exp-2b33b808a0f8,run-f6d8a6bffd539b01,claim-9f8d9232572742d7,sig-f3338eccf77b747f,delivered,1,1,1,,
exp-2b33b808a0f8,run-fd7c4293eec328ed,claim-9f8d9232572742d7,sig-f3338eccf77b747f,delivered,1,1,1,,
exp-2b33b808a0f8,run-36f70902baf2605c,claim-bfb5fa66d2753f75,sig-f35111ad1be2de15,delivered,1,1,1,,
exp-2b33b808a0f8,run-bad7bc9b35ba648e,claim-bfb5fa66d2753f75,sig-f35111ad1be2de15,delivered,1,1,1,,
exp-2b33b808a0f8,run-cc4aa8875144e42e,claim-bfb5fa66d2753f75,sig-f35111ad1be2de15,delivered,1,1,1,,
exp-2b33b808a0f8,run-db0288cd0d7d2c01,claim-bfb5fa66d2753f75,sig-f35111ad1be2de15,delivered,1,1,1,,
exp-2b33b808a0f8,run-ebcbbda81e609372,claim-bfb5fa66d2753f75,sig-f35111ad1be2de15,delivered,1,1,1,,
exp-2b33b808a0f8,run-ee78a1a347e718c6,claim-bfb5fa66d2753f75,sig-f35111ad1be2de15,delivered,1,1,1,,
exp-2b33b808a0f8,run-f6d8a6bffd539b01,claim-6a4c36f5c005d430,sig-f3cb0d271c22c9f9,delivered,1,1,1,,
exp-2b33b808a0f8,run-13a88125b47c3116,claim-a97a21da1dfc8f33,sig-f51561e0c849cb32,delivered,1,1,1,,
exp-2b33b808a0f8,run-2231a5437da60871,claim-a97a21da1dfc8f33,sig-f51561e0c849cb32,delivered,1,1,1,,
exp-2b33b808a0f8,run-299407f942ccfe44,claim-a97a21da1dfc8f33,sig-f51561e0c849cb32,delivered,1,1,1,,
exp-2b33b808a0f8,run-2ca84da882aaf57d,claim-a97a21da1dfc8f33,sig-f51561e0c849cb32,delivered,1,1,1,,
exp-2b33b808a0f8,run-36dc5599241ff74c,claim-a97a21da1dfc8f33,sig-f51561e0c849cb32,delivered,1,1,1,,
exp-2b33b808a0f8,run-54dd198bde19e6cf,claim-a97a21da1dfc8f33,sig-f51561e0c849cb32,delivered,1,1,1,,
exp-2b33b808a0f8,run-56a885c3be5ad659,claim-a97a21da1dfc8f33,sig-f51561e0c849cb32,delivered,1,1,1,,
exp-2b33b808a0f8,run-622791b4d7dc0c20,claim-a97a21da1dfc8f33,sig-f51561e0c849cb32,delivered,1,1,1,,
exp-2b33b808a0f8,run-6ddc9f9b58c14914,claim-a97a21da1dfc8f33,sig-f51561e0c849cb32,delivered,1,1,1,,
exp-2b33b808a0f8,run-6ea4b87277a7d89d,claim-a97a21da1dfc8f33,sig-f51561e0c849cb32,delivered,1,1,1,,
exp-2b33b808a0f8,run-802196ca10c28e03,claim-a97a21da1dfc8f33,sig-f51561e0c849cb32,delivered,1,1,1,,
exp-2b33b808a0f8,run-86e0fb3cb34a86b9,claim-a97a21da1dfc8f33,sig-f51561e0c849cb32,delivered,1,1,1,,
exp-2b33b808a0f8,run-c5596c6cf2999ecc,claim-a97a21da1dfc8f33,sig-f51561e0c849cb32,delivered,1,1,1,,
exp-2b33b808a0f8,run-cbf903a67be76d0a,claim-a97a21da1dfc8f33,sig-f51561e0c849cb32,delivered,1,1,1,,
exp-2b33b808a0f8,run-cc4aa8875144e42e,claim-a97a21da1dfc8f33,sig-f51561e0c849cb32,delivered,1,1,1,,
exp-2b33b808a0f8,run-db0288cd0d7d2c01,claim-a97a21da1dfc8f33,sig-f51561e0c849cb32,delivered,1,1,1,,
exp-2b33b808a0f8,run-de51ed580b1ab50d,claim-a97a21da1dfc8f33,sig-f51561e0c849cb32,delivered,1,1,1,,
exp-2b33b808a0f8,run-eb3dc172de7476ad,claim-a97a21da1dfc8f33,sig-f51561e0c849cb32,delivered,1,1,1,,
exp-2b33b808a0f8,run-ebcbbda81e609372,claim-a97a21da1dfc8f33,sig-f51561e0c849cb32,delivered,1,1,1,,
exp-2b33b808a0f8,run-f1c7a1720441050f,claim-a97a21da1dfc8f33,sig-f51561e0c849cb32,delivered,1,1,1,,
exp-2b33b808a0f8,run-fad00c5c2a4305ab,claim-a97a21da1dfc8f33,sig-f51561e0c849cb32,delivered,1,1,1,,
exp-2b33b808a0f8,run-fd0875ba4dfb44d6,claim-a97a21da1dfc8f33,sig-f51561e0c849cb32,delivered,1,1,1,,
exp-2b33b808a0f8,run-0150d84e23782b10,claim-afe921d2dea545a4,sig-f5c10ddedfacbf0f,delivered,1,1,1,,
exp-2b33b808a0f8,run-03911a9fa173759b,claim-afe921d2dea545a4,sig-f5c10ddedfacbf0f,delivered,1,1,1,,
exp-2b33b808a0f8,run-08239fa79adec9bb,claim-afe921d2dea545a4,sig-f5c10ddedfacbf0f,delivered,1,1,1,,
exp-2b33b808a0f8,run-0d5710fb6ccbec61,claim-afe921d2dea545a4,sig-f5c10ddedfacbf0f,delivered,1,1,1,,
exp-2b33b808a0f8,run-0fff7d537f846b2d,claim-afe921d2dea545a4,sig-f5c10ddedfacbf0f,delivered,1,1,1,,
exp-2b33b808a0f8,run-126bc4b511c1bdab,claim-afe921d2dea545a4,sig-f5c10ddedfacbf0f,delivered,1,1,1,,
exp-2b33b808a0f8,run-1ccf8759fdd4aeaf,claim-afe921d2dea545a4,sig-f5c10ddedfacbf0f,delivered,1,1,1,,
exp-2b33b808a0f8,run-1cfdaa86b78a0a26,claim-afe921d2dea545a4,sig-f5c10ddedfacbf0f,delivered,1,1,1,,
exp-2b33b808a0f8,run-2883d20895417f2d,claim-afe921d2dea545a4,sig-f5c10ddedfacbf0f,delivered,1,1,1,,
exp-2b33b808a0f8,run-380eeaa24d9d57c1,claim-afe921d2dea545a4,sig-f5c10ddedfacbf0f,delivered,1,1,1,,
exp-2b33b808a0f8,run-3a63d8383c08c8ac,claim-afe921d2dea545a4,sig-f5c10ddedfacbf0f,delivered,1,1,1,,
exp-2b33b808a0f8,run-48f83c5035a70d6d,claim-afe921d2dea545a4,sig-f5c10ddedfacbf0f,delivered,1,1,1,,
exp-2b33b808a0f8,run-7ea589e15513aeaf,claim-afe921d2dea545a4,sig-f5c10ddedfacbf0f,delivered,1,1,1,,
exp-2b33b808a0f8,run-809856b19e987477,claim-afe921d2dea545a4,sig-f5c10ddedfacbf0f,delivered,1,1,1,,
exp-2b33b808a0f8,run-82121d93599b573f,claim-afe921d2dea545a4,sig-f5c10ddedfacbf0f,delivered,1,1,1,,
exp-2b33b808a0f8,run-a314881a5962c263,claim-afe921d2dea545a4,sig-f5c10ddedfacbf0f,delivered,1,1,1,,
exp-2b33b808a0f8,run-b2e91be99045ef34,claim-afe921d2dea545a4,sig-f5c10ddedfacbf0f,delivered,1,1,1,,
exp-2b33b808a0f8,run-c98546e59cb90ee4,claim-afe921d2dea545a4,sig-f5c10ddedfacbf0f,delivered,1,1,1,,
exp-2b33b808a0f8,run-cf376438c8a0f3d5,claim-afe921d2dea545a4,sig-f5c10ddedfacbf0f,delivered,1,1,1,,
exp-2b33b808a0f8,run-d96c8c1fd86b590a,claim-afe921d2dea545a4,sig-f5c10ddedfacbf0f,delivered,1,1,1,,
exp-2b33b808a0f8,run-f3f30df9a4b8d9a5,claim-afe921d2dea545a4,sig-f5c10ddedfacbf0f,delivered,1,1,1,,
exp-2b33b808a0f8,run-024c8ebdc05e33a8,claim-3b4aaeecd5494143,sig-f62b5b63ae5e0fbe,delivered,1,1,1,,
exp-2b33b808a0f8,run-024dd76a95551a07,claim-3b4aaeecd5494143,sig-f62b5b63ae5e0fbe,delivered,1,1,1,,
exp-2b33b808a0f8,run-05d091d23664cc1e,claim-3b4aaeecd5494143,sig-f62b5b63ae5e0fbe,delivered,1,1,1,,
exp-2b33b808a0f8,run-13a88125b47c3116,claim-3b4aaeecd5494143,sig-f62b5b63ae5e0fbe,delivered,1,1,1,,
exp-2b33b808a0f8,run-13afd1c7ef164da6,claim-3b4aaeecd5494143,sig-f62b5b63ae5e0fbe,delivered,1,1,1,,
exp-2b33b808a0f8,run-1654ed83a69b048a,claim-3b4aaeecd5494143,sig-f62b5b63ae5e0fbe,delivered,1,1,1,,
exp-2b33b808a0f8,run-175d816b8367baac,claim-3b4aaeecd5494143,sig-f62b5b63ae5e0fbe,delivered,1,1,1,,
exp-2b33b808a0f8,run-1946c1edcbdbbdda,claim-3b4aaeecd5494143,sig-f62b5b63ae5e0fbe,delivered,1,1,1,,
exp-2b33b808a0f8,run-1bae4fcd56bdaa2f,claim-3b4aaeecd5494143,sig-f62b5b63ae5e0fbe,delivered,1,1,1,,
exp-2b33b808a0f8,run-21bdbb0a764f6a52,claim-3b4aaeecd5494143,sig-f62b5b63ae5e0fbe,delivered,1,1,1,,
exp-2b33b808a0f8,run-299407f942ccfe44,claim-3b4aaeecd5494143,sig-f62b5b63ae5e0fbe,delivered,1,1,1,,
exp-2b33b808a0f8,run-2ca84da882aaf57d,claim-3b4aaeecd5494143,sig-f62b5b63ae5e0fbe,delivered,1,1,1,,
exp-2b33b808a0f8,run-30e0ad5088f869ef,claim-3b4aaeecd5494143,sig-f62b5b63ae5e0fbe,delivered,1,1,1,,
exp-2b33b808a0f8,run-3df61f770d52dd70,claim-3b4aaeecd5494143,sig-f62b5b63ae5e0fbe,delivered,1,1,1,,
exp-2b33b808a0f8,run-40d744a8e6f22616,claim-3b4aaeecd5494143,sig-f62b5b63ae5e0fbe,delivered,1,1,1,,
exp-2b33b808a0f8,run-4171e29a7613b1bb,claim-3b4aaeecd5494143,sig-f62b5b63ae5e0fbe,delivered,1,1,1,,
exp-2b33b808a0f8,run-427de9f5f80631bb,claim-3b4aaeecd5494143,sig-f62b5b63ae5e0fbe,delivered,1,1,1,,
exp-2b33b808a0f8,run-48d6ce857c49a2d2,claim-3b4aaeecd5494143,sig-f62b5b63ae5e0fbe,delivered,1,1,1,,
exp-2b33b808a0f8,run-4cfc7acc42bc677f,claim-3b4aaeecd5494143,sig-f62b5b63ae5e0fbe,delivered,1,1,1,,
exp-2b33b808a0f8,run-5227c4f1697e16f5,claim-3b4aaeecd5494143,sig-f62b5b63ae5e0fbe,delivered,1,1,1,,
exp-2b33b808a0f8,run-53706f05bed87dad,claim-3b4aaeecd5494143,sig-f62b5b63ae5e0fbe,delivered,1,1,1,,
exp-2b33b808a0f8,run-56a885c3be5ad659,claim-3b4aaeecd5494143,sig-f62b5b63ae5e0fbe,delivered,1,1,1,,
exp-2b33b808a0f8,run-581d182fa373e4a8,claim-3b4aaeecd5494143,sig-f62b5b63ae5e0fbe,delivered,1,1,1,,
exp-2b33b808a0f8,run-581e601a136ff413,claim-3b4aaeecd5494143,sig-f62b5b63ae5e0fbe,delivered,1,1,1,,
exp-2b33b808a0f8,run-5d1d938973316806,claim-3b4aaeecd5494143,sig-f62b5b63ae5e0fbe,delivered,1,1,1,,
exp-2b33b808a0f8,run-5f40de771364165d,claim-3b4aaeecd5494143,sig-f62b5b63ae5e0fbe,delivered,1,1,1,,
exp-2b33b808a0f8,run-622791b4d7dc0c20,claim-3b4aaeecd5494143,sig-f62b5b63ae5e0fbe,delivered,1,1,1,,
exp-2b33b808a0f8,run-65fb89d7c4ce4fff,claim-3b4aaeecd5494143,sig-f62b5b63ae5e0fbe,delivered,1,1,1,,
exp-2b33b808a0f8,run-6ea4b87277a7d89d,claim-3b4aaeecd5494143,sig-f62b5b63ae5e0fbe,delivered,1,1,1,,
exp-2b33b808a0f8,run-7dfc02679606cd15,claim-3b4aaeecd5494143,sig-f62b5b63ae5e0fbe,delivered,1,1,1,,
exp-2b33b808a0f8,run-8283757cadda12d5,claim-3b4aaeecd5494143,sig-f62b5b63ae5e0fbe,delivered,1,1,1,,
exp-2b33b808a0f8,run-9c2aac4f207303c4,claim-3b4aaeecd5494143,sig-f62b5b63ae5e0fbe,delivered,1,1,1,,
exp-2b33b808a0f8,run-9c95744bf1e4fc1c,claim-3b4aaeecd5494143,sig-f62b5b63ae5e0fbe,delivered,1,1,1,,
exp-2b33b808a0f8,run-9d7b92b6a9bd860a,claim-3b4aaeecd5494143,sig-f62b5b63ae5e0fbe,delivered,1,1,1,,
exp-2b33b808a0f8,run-9ddf9be03d779768,claim-3b4aaeecd5494143,sig-f62b5b63ae5e0fbe,delivered,1,1,1,,
exp-2b33b808a0f8,run-a191e82fe0552ab5,claim-3b4aaeecd5494143,sig-f62b5b63ae5e0fbe,delivered,1,1,1,,
exp-2b33b808a0f8,run-a34dc91443138554,claim-3b4aaeecd5494143,sig-f62b5b63ae5e0fbe,delivered,1,1,1,,
exp-2b33b808a0f8,run-a5cfa0e1e29cea11,claim-3b4aaeecd5494143,sig-f62b5b63ae5e0fbe,delivered,1,1,1,,
exp-2b33b808a0f8,run-a684c987a3ec5dee,claim-3b4aaeecd5494143,sig-f62b5b63ae5e0fbe,delivered,1,1,1,,
exp-2b33b808a0f8,run-b13893f95aaaa626,claim-3b4aaeecd5494143,sig-f62b5b63ae5e0fbe,delivered,1,1,1,,
exp-2b33b808a0f8,run-b9c91e3ca797b757,claim-3b4aaeecd5494143,sig-f62b5b63ae5e0fbe,delivered,1,1,1,,
exp-2b33b808a0f8,run-bc9a7105af8438b3,claim-3b4aaeecd5494143,sig-f62b5b63ae5e0fbe,delivered,1,1,1,,
exp-2b33b808a0f8,run-c12d31a0c14e4ea4,claim-3b4aaeecd5494143,sig-f62b5b63ae5e0fbe,delivered,1,1,1,,
exp-2b33b808a0f8,run-cb26f0bc1de44dfe,claim-3b4aaeecd5494143,sig-f62b5b63ae5e0fbe,delivered,1,1,1,,
exp-2b33b808a0f8,run-cb9e6b2ad617099c,claim-3b4aaeecd5494143,sig-f62b5b63ae5e0fbe,delivered,1,1,1,,
exp-2b33b808a0f8,run-cca66c90ef3b41c8,claim-3b4aaeecd5494143,sig-f62b5b63ae5e0fbe,delivered,1,1,1,,
exp-2b33b808a0f8,run-ced95cf1de255212,claim-3b4aaeecd5494143,sig-f62b5b63ae5e0fbe,delivered,1,1,1,,
exp-2b33b808a0f8,run-d1062de1551992e2,claim-3b4aaeecd5494143,sig-f62b5b63ae5e0fbe,delivered,1,1,1,,
exp-2b33b808a0f8,run-d7b85c1dbc2e2b84,claim-3b4aaeecd5494143,sig-f62b5b63ae5e0fbe,delivered,1,1,1,,
exp-2b33b808a0f8,run-da80cb0756bb72c1,claim-3b4aaeecd5494143,sig-f62b5b63ae5e0fbe,delivered,1,1,1,,
exp-2b33b808a0f8,run-dc695ad65d795df3,claim-3b4aaeecd5494143,sig-f62b5b63ae5e0fbe,delivered,1,1,1,,
exp-2b33b808a0f8,run-dcd3f088d2742101,claim-3b4aaeecd5494143,sig-f62b5b63ae5e0fbe,delivered,1,1,1,,
exp-2b33b808a0f8,run-df736f776a055b72,claim-3b4aaeecd5494143,sig-f62b5b63ae5e0fbe,delivered,1,1,1,,
exp-2b33b808a0f8,run-ecc7ecbcc7f2b4d6,claim-3b4aaeecd5494143,sig-f62b5b63ae5e0fbe,delivered,1,1,1,,
exp-2b33b808a0f8,run-ed9ded3530a007da,claim-3b4aaeecd5494143,sig-f62b5b63ae5e0fbe,delivered,1,1,1,,
exp-2b33b808a0f8,run-f1c7a1720441050f,claim-3b4aaeecd5494143,sig-f62b5b63ae5e0fbe,delivered,1,1,1,,
exp-2b33b808a0f8,run-f1da5d7783f85774,claim-3b4aaeecd5494143,sig-f62b5b63ae5e0fbe,delivered,1,1,1,,
exp-2b33b808a0f8,run-f6d8a6bffd539b01,claim-3b4aaeecd5494143,sig-f62b5b63ae5e0fbe,delivered,1,1,1,,
exp-2b33b808a0f8,run-fd7c4293eec328ed,claim-3b4aaeecd5494143,sig-f62b5b63ae5e0fbe,delivered,1,1,1,,
exp-2b33b808a0f8,run-fe5d76e33ccd3a62,claim-3b4aaeecd5494143,sig-f62b5b63ae5e0fbe,delivered,1,1,1,,
exp-2b33b808a0f8,run-2b6895cdd016ae4c,claim-e3e9f90c19f13dfc,sig-f670848b2f644df4,delivered,1,1,1,,
exp-2b33b808a0f8,run-47b9d87d8c408db1,claim-e3e9f90c19f13dfc,sig-f670848b2f644df4,delivered,1,1,1,,
exp-2b33b808a0f8,run-97bca49872a1b9c7,claim-e3e9f90c19f13dfc,sig-f670848b2f644df4,delivered,1,1,1,,
exp-2b33b808a0f8,run-54dfa16175253c38,claim-503288cd1b04ceeb,sig-f7207671ea41c6fe,delivered,1,1,1,,
exp-2b33b808a0f8,run-6d394564f18187f9,claim-503288cd1b04ceeb,sig-f7207671ea41c6fe,delivered,1,1,1,,
exp-2b33b808a0f8,run-e08a8eb7877cb862,claim-503288cd1b04ceeb,sig-f7207671ea41c6fe,delivered,1,1,1,,
exp-2b33b808a0f8,run-080f51e2e1f6de5b,claim-a2629b870c884acf,sig-f72a5b1611c5aff0,delivered,1,1,1,,
exp-2b33b808a0f8,run-08239fa79adec9bb,claim-a2629b870c884acf,sig-f72a5b1611c5aff0,delivered,1,1,1,,
exp-2b33b808a0f8,run-169749d452c80c28,claim-a2629b870c884acf,sig-f72a5b1611c5aff0,delivered,1,1,1,,
exp-2b33b808a0f8,run-22c666cf37db328f,claim-a2629b870c884acf,sig-f72a5b1611c5aff0,delivered,1,1,1,,
exp-2b33b808a0f8,run-2883d20895417f2d,claim-a2629b870c884acf,sig-f72a5b1611c5aff0,delivered,1,1,1,,
exp-2b33b808a0f8,run-2a9c3ec6dd6e9d8f,claim-a2629b870c884acf,sig-f72a5b1611c5aff0,delivered,1,1,1,,
exp-2b33b808a0f8,run-2b6895cdd016ae4c,claim-a2629b870c884acf,sig-f72a5b1611c5aff0,delivered,1,1,1,,
exp-2b33b808a0f8,run-2e6341eef0f780f9,claim-a2629b870c884acf,sig-f72a5b1611c5aff0,delivered,1,1,1,,
exp-2b33b808a0f8,run-31ef47d02bf73873,claim-a2629b870c884acf,sig-f72a5b1611c5aff0,delivered,1,1,1,,
exp-2b33b808a0f8,run-3a63d8383c08c8ac,claim-a2629b870c884acf,sig-f72a5b1611c5aff0,delivered,1,1,1,,
exp-2b33b808a0f8,run-41743e06e2fc2011,claim-a2629b870c884acf,sig-f72a5b1611c5aff0,delivered,1,1,1,,
exp-2b33b808a0f8,run-47b9d87d8c408db1,claim-a2629b870c884acf,sig-f72a5b1611c5aff0,delivered,1,1,1,,
exp-2b33b808a0f8,run-48010f9c27336ede,claim-a2629b870c884acf,sig-f72a5b1611c5aff0,delivered,1,1,1,,
exp-2b33b808a0f8,run-48f83c5035a70d6d,claim-a2629b870c884acf,sig-f72a5b1611c5aff0,delivered,1,1,1,,
exp-2b33b808a0f8,run-548b9449d2e5ac2b,claim-a2629b870c884acf,sig-f72a5b1611c5aff0,delivered,1,1,1,,
exp-2b33b808a0f8,run-5666f4cf16ada7ef,claim-a2629b870c884acf,sig-f72a5b1611c5aff0,delivered,1,1,1,,
exp-2b33b808a0f8,run-5f615659d79c5e37,claim-a2629b870c884acf,sig-f72a5b1611c5aff0,delivered,1,1,1,,
exp-2b33b808a0f8,run-62573029114c0f29,claim-a2629b870c884acf,sig-f72a5b1611c5aff0,delivered,1,1,1,,
exp-2b33b808a0f8,run-637de2634f99fe17,claim-a2629b870c884acf,sig-f72a5b1611c5aff0,delivered,1,1,1,,
exp-2b33b808a0f8,run-64c414548a26e255,claim-a2629b870c884acf,sig-f72a5b1611c5aff0,delivered,1,1,1,,
exp-2b33b808a0f8,run-7292d545a817f7b7,claim-a2629b870c884acf,sig-f72a5b1611c5aff0,delivered,1,1,1,,
exp-2b33b808a0f8,run-7a81aa198df7a360,claim-a2629b870c884acf,sig-f72a5b1611c5aff0,delivered,1,1,1,,
exp-2b33b808a0f8,run-809856b19e987477,claim-a2629b870c884acf,sig-f72a5b1611c5aff0,delivered,1,1,1,,
exp-2b33b808a0f8,run-82121d93599b573f,claim-a2629b870c884acf,sig-f72a5b1611c5aff0,delivered,1,1,1,,
exp-2b33b808a0f8,run-8f48500d07fefa0d,claim-a2629b870c884acf,sig-f72a5b1611c5aff0,delivered,1,1,1,,
exp-2b33b808a0f8,run-97bca49872a1b9c7,claim-a2629b870c884acf,sig-f72a5b1611c5aff0,delivered,1,1,1,,
exp-2b33b808a0f8,run-9a86c7d7c5a2206a,claim-a2629b870c884acf,sig-f72a5b1611c5aff0,delivered,1,1,1,,
exp-2b33b808a0f8,run-ae142c1131d1a913,claim-a2629b870c884acf,sig-f72a5b1611c5aff0,delivered,1,1,1,,
exp-2b33b808a0f8,run-ae9c163f6630a5f8,claim-a2629b870c884acf,sig-f72a5b1611c5aff0,delivered,1,1,1,,
exp-2b33b808a0f8,run-b092f115d5e62166,claim-a2629b870c884acf,sig-f72a5b1611c5aff0,delivered,1,1,1,,
exp-2b33b808a0f8,run-b2e669dbbe4fc670,claim-a2629b870c884acf,sig-f72a5b1611c5aff0,delivered,1,1,1,,
exp-2b33b808a0f8,run-baff06b1798fd2ab,claim-a2629b870c884acf,sig-f72a5b1611c5aff0,delivered,1,1,1,,
exp-2b33b808a0f8,run-bfc1fb37d31beee3,claim-a2629b870c884acf,sig-f72a5b1611c5aff0,delivered,1,1,1,,
exp-2b33b808a0f8,run-c98546e59cb90ee4,claim-a2629b870c884acf,sig-f72a5b1611c5aff0,delivered,1,1,1,,
exp-2b33b808a0f8,run-cfbfb19332bde82e,claim-a2629b870c884acf,sig-f72a5b1611c5aff0,delivered,1,1,1,,
exp-2b33b808a0f8,run-d96c8c1fd86b590a,claim-a2629b870c884acf,sig-f72a5b1611c5aff0,delivered,1,1,1,,
exp-2b33b808a0f8,run-f2913fb769b7d837,claim-a2629b870c884acf,sig-f72a5b1611c5aff0,delivered,1,1,1,,
exp-2b33b808a0f8,run-f2b06819f6cdf5c3,claim-a2629b870c884acf,sig-f72a5b1611c5aff0,delivered,1,1,1,,
exp-2b33b808a0f8,run-f3f30df9a4b8d9a5,claim-a2629b870c884acf,sig-f72a5b1611c5aff0,delivered,1,1,1,,
exp-2b33b808a0f8,run-f463dfc540bd3689,claim-a2629b870c884acf,sig-f72a5b1611c5aff0,delivered,1,1,1,,
exp-2b33b808a0f8,run-ff551810526d18de,claim-a2629b870c884acf,sig-f72a5b1611c5aff0,delivered,1,1,1,,
exp-2b33b808a0f8,run-19ef64ede03e3f70,claim-53d67ceb915a7313,sig-f7aa61658fc70ba7,delivered,1,1,1,,
exp-2b33b808a0f8,run-e791d1ca36891afd,claim-53d67ceb915a7313,sig-f7aa61658fc70ba7,delivered,1,1,1,,
exp-2b33b808a0f8,run-156a83b4e0f32cfa,claim-02cbef99a6e5bed9,sig-f7b91cb3bbf4f560,delivered,1,1,1,,
exp-2b33b808a0f8,run-1d989b2933796a16,claim-02cbef99a6e5bed9,sig-f7b91cb3bbf4f560,delivered,1,1,1,,
exp-2b33b808a0f8,run-382a40867248c3e0,claim-02cbef99a6e5bed9,sig-f7b91cb3bbf4f560,delivered,1,1,1,,
exp-2b33b808a0f8,run-3d2d41ba2235d5fd,claim-02cbef99a6e5bed9,sig-f7b91cb3bbf4f560,delivered,1,1,1,,
exp-2b33b808a0f8,run-3ee3b3533922c3cd,claim-02cbef99a6e5bed9,sig-f7b91cb3bbf4f560,delivered,1,1,1,,
exp-2b33b808a0f8,run-598aaa80449e6816,claim-02cbef99a6e5bed9,sig-f7b91cb3bbf4f560,delivered,1,1,1,,
exp-2b33b808a0f8,run-bf37e2d5cbe4f3b9,claim-02cbef99a6e5bed9,sig-f7b91cb3bbf4f560,delivered,1,1,1,,
exp-2b33b808a0f8,run-eac9a626a1d8c14b,claim-02cbef99a6e5bed9,sig-f7b91cb3bbf4f560,delivered,1,1,1,,
exp-2b33b808a0f8,run-efdb047898d3bc26,claim-02cbef99a6e5bed9,sig-f7b91cb3bbf4f560,delivered,1,1,1,,
exp-2b33b808a0f8,run-1946c1edcbdbbdda,claim-e2c6c7d2abd20670,sig-f832934086de2396,delivered,1,1,1,,
exp-2b33b808a0f8,run-1bae4fcd56bdaa2f,claim-e2c6c7d2abd20670,sig-f832934086de2396,delivered,1,1,1,,
exp-2b33b808a0f8,run-5227c4f1697e16f5,claim-e2c6c7d2abd20670,sig-f832934086de2396,delivered,1,1,1,,
exp-2b33b808a0f8,run-9c2aac4f207303c4,claim-e2c6c7d2abd20670,sig-f832934086de2396,delivered,1,1,1,,
exp-2b33b808a0f8,run-dcd3f088d2742101,claim-e2c6c7d2abd20670,sig-f832934086de2396,delivered,1,1,1,,
exp-2b33b808a0f8,run-df736f776a055b72,claim-e2c6c7d2abd20670,sig-f832934086de2396,delivered,1,1,1,,
exp-2b33b808a0f8,run-0d5710fb6ccbec61,claim-1c9e45d4f7d5d3e9,sig-f86d256f48d9fdc9,delivered,1,1,1,,
exp-2b33b808a0f8,run-7ea589e15513aeaf,claim-1c9e45d4f7d5d3e9,sig-f86d256f48d9fdc9,delivered,1,1,1,,
exp-2b33b808a0f8,run-b2e91be99045ef34,claim-1c9e45d4f7d5d3e9,sig-f86d256f48d9fdc9,delivered,1,1,1,,
exp-2b33b808a0f8,run-0ed59ea471f8c823,claim-2c8b41a54a0fe323,sig-f8b83b00d3e2394d,delivered,1,1,1,,
exp-2b33b808a0f8,run-121bae4857799859,claim-2c8b41a54a0fe323,sig-f8b83b00d3e2394d,delivered,1,1,1,,
exp-2b33b808a0f8,run-2b6895cdd016ae4c,claim-2c8b41a54a0fe323,sig-f8b83b00d3e2394d,delivered,1,1,1,,
exp-2b33b808a0f8,run-2cd8b7888af1dfd8,claim-2c8b41a54a0fe323,sig-f8b83b00d3e2394d,delivered,1,1,1,,
exp-2b33b808a0f8,run-47b9d87d8c408db1,claim-2c8b41a54a0fe323,sig-f8b83b00d3e2394d,delivered,1,1,1,,
exp-2b33b808a0f8,run-548b9449d2e5ac2b,claim-2c8b41a54a0fe323,sig-f8b83b00d3e2394d,delivered,1,1,1,,
exp-2b33b808a0f8,run-5f8c41dc5117d3f7,claim-2c8b41a54a0fe323,sig-f8b83b00d3e2394d,delivered,1,1,1,,
exp-2b33b808a0f8,run-626495f4dbb14cf3,claim-2c8b41a54a0fe323,sig-f8b83b00d3e2394d,delivered,1,1,1,,
exp-2b33b808a0f8,run-82654eb217e99ef6,claim-2c8b41a54a0fe323,sig-f8b83b00d3e2394d,delivered,1,1,1,,
exp-2b33b808a0f8,run-8c29734783624630,claim-2c8b41a54a0fe323,sig-f8b83b00d3e2394d,delivered,1,1,1,,
exp-2b33b808a0f8,run-97bca49872a1b9c7,claim-2c8b41a54a0fe323,sig-f8b83b00d3e2394d,delivered,1,1,1,,
exp-2b33b808a0f8,run-a91e83d95f4150ea,claim-2c8b41a54a0fe323,sig-f8b83b00d3e2394d,delivered,1,1,1,,
exp-2b33b808a0f8,run-aef2c0f3501e6b9f,claim-2c8b41a54a0fe323,sig-f8b83b00d3e2394d,delivered,1,1,1,,
exp-2b33b808a0f8,run-c31fdf2665c43f45,claim-2c8b41a54a0fe323,sig-f8b83b00d3e2394d,delivered,1,1,1,,
exp-2b33b808a0f8,run-cc57ad8a8d2714d7,claim-2c8b41a54a0fe323,sig-f8b83b00d3e2394d,delivered,1,1,1,,
exp-2b33b808a0f8,run-cfbfb19332bde82e,claim-2c8b41a54a0fe323,sig-f8b83b00d3e2394d,delivered,1,1,1,,
exp-2b33b808a0f8,run-deef30be3782be8a,claim-2c8b41a54a0fe323,sig-f8b83b00d3e2394d,delivered,1,1,1,,
exp-2b33b808a0f8,run-f2913fb769b7d837,claim-2c8b41a54a0fe323,sig-f8b83b00d3e2394d,delivered,1,1,1,,
exp-2b33b808a0f8,run-0150d84e23782b10,claim-6536571af47d329f,sig-f8c8ca59224dd879,delivered,1,1,1,,
exp-2b33b808a0f8,run-03911a9fa173759b,claim-6536571af47d329f,sig-f8c8ca59224dd879,delivered,1,1,1,,
exp-2b33b808a0f8,run-08239fa79adec9bb,claim-6536571af47d329f,sig-f8c8ca59224dd879,delivered,1,1,1,,
exp-2b33b808a0f8,run-0fff7d537f846b2d,claim-6536571af47d329f,sig-f8c8ca59224dd879,delivered,1,1,1,,
exp-2b33b808a0f8,run-126bc4b511c1bdab,claim-6536571af47d329f,sig-f8c8ca59224dd879,delivered,1,1,1,,
exp-2b33b808a0f8,run-1ccf8759fdd4aeaf,claim-6536571af47d329f,sig-f8c8ca59224dd879,delivered,1,1,1,,
exp-2b33b808a0f8,run-1cfdaa86b78a0a26,claim-6536571af47d329f,sig-f8c8ca59224dd879,delivered,1,1,1,,
exp-2b33b808a0f8,run-380eeaa24d9d57c1,claim-6536571af47d329f,sig-f8c8ca59224dd879,delivered,1,1,1,,
exp-2b33b808a0f8,run-a314881a5962c263,claim-6536571af47d329f,sig-f8c8ca59224dd879,delivered,1,1,1,,
exp-2b33b808a0f8,run-c98546e59cb90ee4,claim-6536571af47d329f,sig-f8c8ca59224dd879,delivered,1,1,1,,
exp-2b33b808a0f8,run-cf376438c8a0f3d5,claim-6536571af47d329f,sig-f8c8ca59224dd879,delivered,1,1,1,,
exp-2b33b808a0f8,run-d96c8c1fd86b590a,claim-6536571af47d329f,sig-f8c8ca59224dd879,delivered,1,1,1,,
exp-2b33b808a0f8,run-0150d84e23782b10,claim-c64df616d0018657,sig-f90a6b8220c22d57,delivered,1,1,1,,
exp-2b33b808a0f8,run-0218897335c9fc07,claim-c64df616d0018657,sig-f90a6b8220c22d57,delivered,1,1,1,,
exp-2b33b808a0f8,run-024c8ebdc05e33a8,claim-c64df616d0018657,sig-f90a6b8220c22d57,delivered,1,1,1,,
exp-2b33b808a0f8,run-03911a9fa173759b,claim-c64df616d0018657,sig-f90a6b8220c22d57,delivered,1,1,1,,
exp-2b33b808a0f8,run-05bc48ddb286d994,claim-c64df616d0018657,sig-f90a6b8220c22d57,delivered,1,1,1,,
exp-2b33b808a0f8,run-080f51e2e1f6de5b,claim-c64df616d0018657,sig-f90a6b8220c22d57,delivered,1,1,1,,
exp-2b33b808a0f8,run-08239fa79adec9bb,claim-c64df616d0018657,sig-f90a6b8220c22d57,delivered,1,1,1,,
exp-2b33b808a0f8,run-0d5710fb6ccbec61,claim-c64df616d0018657,sig-f90a6b8220c22d57,delivered,1,1,1,,
exp-2b33b808a0f8,run-0ed59ea471f8c823,claim-c64df616d0018657,sig-f90a6b8220c22d57,delivered,1,1,1,,
exp-2b33b808a0f8,run-0fff7d537f846b2d,claim-c64df616d0018657,sig-f90a6b8220c22d57,delivered,1,1,1,,
exp-2b33b808a0f8,run-121bae4857799859,claim-c64df616d0018657,sig-f90a6b8220c22d57,delivered,1,1,1,,
exp-2b33b808a0f8,run-126bc4b511c1bdab,claim-c64df616d0018657,sig-f90a6b8220c22d57,delivered,1,1,1,,
exp-2b33b808a0f8,run-156a83b4e0f32cfa,claim-c64df616d0018657,sig-f90a6b8220c22d57,delivered,1,1,1,,
exp-2b33b808a0f8,run-169749d452c80c28,claim-c64df616d0018657,sig-f90a6b8220c22d57,delivered,1,1,1,,
exp-2b33b808a0f8,run-1b3af856ea0d78ba,claim-c64df616d0018657,sig-f90a6b8220c22d57,delivered,1,1,1,,
exp-2b33b808a0f8,run-1ccf8759fdd4aeaf,claim-c64df616d0018657,sig-f90a6b8220c22d57,delivered,1,1,1,,
exp-2b33b808a0f8,run-1cfdaa86b78a0a26,claim-c64df616d0018657,sig-f90a6b8220c22d57,delivered,1,1,1,,
exp-2b33b808a0f8,run-1d989b2933796a16,claim-c64df616d0018657,sig-f90a6b8220c22d57,delivered,1,1,1,,
exp-2b33b808a0f8,run-25eaa2510fbfbaff,claim-c64df616d0018657,sig-f90a6b8220c22d57,delivered,1,1,1,,
exp-2b33b808a0f8,run-2883d20895417f2d,claim-c64df616d0018657,sig-f90a6b8220c22d57,delivered,1,1,1,,
exp-2b33b808a0f8,run-2913a8bf3b14dd18,claim-c64df616d0018657,sig-f90a6b8220c22d57,delivered,1,1,1,,
exp-2b33b808a0f8,run-2c5ed9ccf72ab3ff,claim-c64df616d0018657,sig-f90a6b8220c22d57,delivered,1,1,1,,
exp-2b33b808a0f8,run-2cd8b7888af1dfd8,claim-c64df616d0018657,sig-f90a6b8220c22d57,delivered,1,1,1,,
exp-2b33b808a0f8,run-2e5d894151df8e29,claim-c64df616d0018657,sig-f90a6b8220c22d57,delivered,1,1,1,,
exp-2b33b808a0f8,run-2e6341eef0f780f9,claim-c64df616d0018657,sig-f90a6b8220c22d57,delivered,1,1,1,,
exp-2b33b808a0f8,run-301d12a0643a19b5,claim-c64df616d0018657,sig-f90a6b8220c22d57,delivered,1,1,1,,
exp-2b33b808a0f8,run-31ef47d02bf73873,claim-c64df616d0018657,sig-f90a6b8220c22d57,delivered,1,1,1,,
exp-2b33b808a0f8,run-374dc2e21f594ec4,claim-c64df616d0018657,sig-f90a6b8220c22d57,delivered,1,1,1,,
exp-2b33b808a0f8,run-380eeaa24d9d57c1,claim-c64df616d0018657,sig-f90a6b8220c22d57,delivered,1,1,1,,
exp-2b33b808a0f8,run-382a40867248c3e0,claim-c64df616d0018657,sig-f90a6b8220c22d57,delivered,1,1,1,,
exp-2b33b808a0f8,run-3a63d8383c08c8ac,claim-c64df616d0018657,sig-f90a6b8220c22d57,delivered,1,1,1,,
exp-2b33b808a0f8,run-3e6218c854422e8d,claim-c64df616d0018657,sig-f90a6b8220c22d57,delivered,1,1,1,,
exp-2b33b808a0f8,run-3ee3b3533922c3cd,claim-c64df616d0018657,sig-f90a6b8220c22d57,delivered,1,1,1,,
exp-2b33b808a0f8,run-4135fc9f33a52631,claim-c64df616d0018657,sig-f90a6b8220c22d57,delivered,1,1,1,,
exp-2b33b808a0f8,run-421a9e310b9451d9,claim-c64df616d0018657,sig-f90a6b8220c22d57,delivered,1,1,1,,
exp-2b33b808a0f8,run-47f6297369f81ccd,claim-c64df616d0018657,sig-f90a6b8220c22d57,delivered,1,1,1,,
exp-2b33b808a0f8,run-48f83c5035a70d6d,claim-c64df616d0018657,sig-f90a6b8220c22d57,delivered,1,1,1,,
exp-2b33b808a0f8,run-4a9abd6b049cfa48,claim-c64df616d0018657,sig-f90a6b8220c22d57,delivered,1,1,1,,
exp-2b33b808a0f8,run-4bc70e3c7d09ccca,claim-c64df616d0018657,sig-f90a6b8220c22d57,delivered,1,1,1,,
exp-2b33b808a0f8,run-4be88edbdd58b0b7,claim-c64df616d0018657,sig-f90a6b8220c22d57,delivered,1,1,1,,
exp-2b33b808a0f8,run-533b1ebf9907abc5,claim-c64df616d0018657,sig-f90a6b8220c22d57,delivered,1,1,1,,
exp-2b33b808a0f8,run-548b9449d2e5ac2b,claim-c64df616d0018657,sig-f90a6b8220c22d57,delivered,1,1,1,,
exp-2b33b808a0f8,run-5666f4cf16ada7ef,claim-c64df616d0018657,sig-f90a6b8220c22d57,delivered,1,1,1,,
exp-2b33b808a0f8,run-5ab8996c310b76bc,claim-c64df616d0018657,sig-f90a6b8220c22d57,delivered,1,1,1,,
exp-2b33b808a0f8,run-5f615659d79c5e37,claim-c64df616d0018657,sig-f90a6b8220c22d57,delivered,1,1,1,,
exp-2b33b808a0f8,run-5f8c41dc5117d3f7,claim-c64df616d0018657,sig-f90a6b8220c22d57,delivered,1,1,1,,
exp-2b33b808a0f8,run-5f9908a782b1c6e3,claim-c64df616d0018657,sig-f90a6b8220c22d57,delivered,1,1,1,,
exp-2b33b808a0f8,run-602d62632c3acac1,claim-c64df616d0018657,sig-f90a6b8220c22d57,delivered,1,1,1,,
exp-2b33b808a0f8,run-626495f4dbb14cf3,claim-c64df616d0018657,sig-f90a6b8220c22d57,delivered,1,1,1,,
exp-2b33b808a0f8,run-66a8f123be374114,claim-c64df616d0018657,sig-f90a6b8220c22d57,delivered,1,1,1,,
exp-2b33b808a0f8,run-7a81aa198df7a360,claim-c64df616d0018657,sig-f90a6b8220c22d57,delivered,1,1,1,,
exp-2b33b808a0f8,run-7ea589e15513aeaf,claim-c64df616d0018657,sig-f90a6b8220c22d57,delivered,1,1,1,,
exp-2b33b808a0f8,run-7fbcf6b9cab7e077,claim-c64df616d0018657,sig-f90a6b8220c22d57,delivered,1,1,1,,
exp-2b33b808a0f8,run-809856b19e987477,claim-c64df616d0018657,sig-f90a6b8220c22d57,delivered,1,1,1,,
exp-2b33b808a0f8,run-82121d93599b573f,claim-c64df616d0018657,sig-f90a6b8220c22d57,delivered,1,1,1,,
exp-2b33b808a0f8,run-82654eb217e99ef6,claim-c64df616d0018657,sig-f90a6b8220c22d57,delivered,1,1,1,,
exp-2b33b808a0f8,run-82a20b31b2b8e7ef,claim-c64df616d0018657,sig-f90a6b8220c22d57,delivered,1,1,1,,
exp-2b33b808a0f8,run-8628fb2f21bdfa9a,claim-c64df616d0018657,sig-f90a6b8220c22d57,delivered,1,1,1,,
exp-2b33b808a0f8,run-8b6a0be310d169fd,claim-c64df616d0018657,sig-f90a6b8220c22d57,delivered,1,1,1,,
exp-2b33b808a0f8,run-8c29734783624630,claim-c64df616d0018657,sig-f90a6b8220c22d57,delivered,1,1,1,,
exp-2b33b808a0f8,run-8d7056559f3f4415,claim-c64df616d0018657,sig-f90a6b8220c22d57,delivered,1,1,1,,
exp-2b33b808a0f8,run-8f48500d07fefa0d,claim-c64df616d0018657,sig-f90a6b8220c22d57,delivered,1,1,1,,
exp-2b33b808a0f8,run-98bc95649ddb8f4c,claim-c64df616d0018657,sig-f90a6b8220c22d57,delivered,1,1,1,,
exp-2b33b808a0f8,run-9f21a8e6490902ba,claim-c64df616d0018657,sig-f90a6b8220c22d57,delivered,1,1,1,,
exp-2b33b808a0f8,run-a214e052b5c1b167,claim-c64df616d0018657,sig-f90a6b8220c22d57,delivered,1,1,1,,
exp-2b33b808a0f8,run-a2a07f1fba72c484,claim-c64df616d0018657,sig-f90a6b8220c22d57,delivered,1,1,1,,
exp-2b33b808a0f8,run-a314881a5962c263,claim-c64df616d0018657,sig-f90a6b8220c22d57,delivered,1,1,1,,
exp-2b33b808a0f8,run-a91e83d95f4150ea,claim-c64df616d0018657,sig-f90a6b8220c22d57,delivered,1,1,1,,
exp-2b33b808a0f8,run-ae142c1131d1a913,claim-c64df616d0018657,sig-f90a6b8220c22d57,delivered,1,1,1,,
exp-2b33b808a0f8,run-ae9c163f6630a5f8,claim-c64df616d0018657,sig-f90a6b8220c22d57,delivered,1,1,1,,
exp-2b33b808a0f8,run-aef2c0f3501e6b9f,claim-c64df616d0018657,sig-f90a6b8220c22d57,delivered,1,1,1,,
exp-2b33b808a0f8,run-b092f115d5e62166,claim-c64df616d0018657,sig-f90a6b8220c22d57,delivered,1,1,1,,
exp-2b33b808a0f8,run-b2e669dbbe4fc670,claim-c64df616d0018657,sig-f90a6b8220c22d57,delivered,1,1,1,,
exp-2b33b808a0f8,run-b2e91be99045ef34,claim-c64df616d0018657,sig-f90a6b8220c22d57,delivered,1,1,1,,
exp-2b33b808a0f8,run-bba43343a3c8f7a7,claim-c64df616d0018657,sig-f90a6b8220c22d57,delivered,1,1,1,,
exp-2b33b808a0f8,run-bf37e2d5cbe4f3b9,claim-c64df616d0018657,sig-f90a6b8220c22d57,delivered,1,1,1,,
exp-2b33b808a0f8,run-bfc1fb37d31beee3,claim-c64df616d0018657,sig-f90a6b8220c22d57,delivered,1,1,1,,
exp-2b33b808a0f8,run-c31fdf2665c43f45,claim-c64df616d0018657,sig-f90a6b8220c22d57,delivered,1,1,1,,
exp-2b33b808a0f8,run-c6b4be2a2bcc1f45,claim-c64df616d0018657,sig-f90a6b8220c22d57,delivered,1,1,1,,
exp-2b33b808a0f8,run-c70b83220468c5cb,claim-c64df616d0018657,sig-f90a6b8220c22d57,delivered,1,1,1,,
exp-2b33b808a0f8,run-c98546e59cb90ee4,claim-c64df616d0018657,sig-f90a6b8220c22d57,delivered,1,1,1,,
exp-2b33b808a0f8,run-cc57ad8a8d2714d7,claim-c64df616d0018657,sig-f90a6b8220c22d57,delivered,1,1,1,,
exp-2b33b808a0f8,run-cf376438c8a0f3d5,claim-c64df616d0018657,sig-f90a6b8220c22d57,delivered,1,1,1,,
exp-2b33b808a0f8,run-cfbfb19332bde82e,claim-c64df616d0018657,sig-f90a6b8220c22d57,delivered,1,1,1,,
exp-2b33b808a0f8,run-d96c8c1fd86b590a,claim-c64df616d0018657,sig-f90a6b8220c22d57,delivered,1,1,1,,
exp-2b33b808a0f8,run-da80cb0756bb72c1,claim-c64df616d0018657,sig-f90a6b8220c22d57,delivered,1,1,1,,
exp-2b33b808a0f8,run-dab4f8912ef30e26,claim-c64df616d0018657,sig-f90a6b8220c22d57,delivered,1,1,1,,
exp-2b33b808a0f8,run-dda79e04e10eeb3f,claim-c64df616d0018657,sig-f90a6b8220c22d57,delivered,1,1,1,,
exp-2b33b808a0f8,run-deef30be3782be8a,claim-c64df616d0018657,sig-f90a6b8220c22d57,delivered,1,1,1,,
exp-2b33b808a0f8,run-efdb047898d3bc26,claim-c64df616d0018657,sig-f90a6b8220c22d57,delivered,1,1,1,,
exp-2b33b808a0f8,run-f2913fb769b7d837,claim-c64df616d0018657,sig-f90a6b8220c22d57,delivered,1,1,1,,
exp-2b33b808a0f8,run-f31bacd7825a158b,claim-c64df616d0018657,sig-f90a6b8220c22d57,delivered,1,1,1,,
exp-2b33b808a0f8,run-f3f30df9a4b8d9a5,claim-c64df616d0018657,sig-f90a6b8220c22d57,delivered,1,1,1,,
exp-2b33b808a0f8,run-f463dfc540bd3689,claim-c64df616d0018657,sig-f90a6b8220c22d57,delivered,1,1,1,,
exp-2b33b808a0f8,run-f8641a2b2b522c65,claim-c64df616d0018657,sig-f90a6b8220c22d57,delivered,1,1,1,,
exp-2b33b808a0f8,run-fd7c4293eec328ed,claim-c64df616d0018657,sig-f90a6b8220c22d57,delivered,1,1,1,,
exp-2b33b808a0f8,run-2b6895cdd016ae4c,claim-12312eb11920bc66,sig-fa5c8deb606d0b0c,delivered,1,1,1,,
exp-2b33b808a0f8,run-7292d545a817f7b7,claim-12312eb11920bc66,sig-fa5c8deb606d0b0c,delivered,1,1,1,,
exp-2b33b808a0f8,run-baff06b1798fd2ab,claim-12312eb11920bc66,sig-fa5c8deb606d0b0c,delivered,1,1,1,,
exp-2b33b808a0f8,run-374dc2e21f594ec4,claim-1f7e656a190b080f,sig-faaf3f424292657a,delivered,1,1,1,,
exp-2b33b808a0f8,run-e791d1ca36891afd,claim-1f7e656a190b080f,sig-faaf3f424292657a,delivered,1,1,1,,
exp-2b33b808a0f8,run-1b3af856ea0d78ba,claim-6536571af47d329f,sig-fac16136dee187e1,delivered,1,1,1,,
exp-2b33b808a0f8,run-25eaa2510fbfbaff,claim-6536571af47d329f,sig-fac16136dee187e1,delivered,1,1,1,,
exp-2b33b808a0f8,run-2e6341eef0f780f9,claim-6536571af47d329f,sig-fac16136dee187e1,delivered,1,1,1,,
exp-2b33b808a0f8,run-303c21611e8d6d35,claim-6536571af47d329f,sig-fac16136dee187e1,delivered,1,1,1,,
exp-2b33b808a0f8,run-314cd6efe084d5fe,claim-6536571af47d329f,sig-fac16136dee187e1,delivered,1,1,1,,
exp-2b33b808a0f8,run-3620dcf5bb5744a2,claim-6536571af47d329f,sig-fac16136dee187e1,delivered,1,1,1,,
exp-2b33b808a0f8,run-3e6218c854422e8d,claim-6536571af47d329f,sig-fac16136dee187e1,delivered,1,1,1,,
exp-2b33b808a0f8,run-3f6da378062ee821,claim-6536571af47d329f,sig-fac16136dee187e1,delivered,1,1,1,,
exp-2b33b808a0f8,run-5f615659d79c5e37,claim-6536571af47d329f,sig-fac16136dee187e1,delivered,1,1,1,,
exp-2b33b808a0f8,run-602d62632c3acac1,claim-6536571af47d329f,sig-fac16136dee187e1,delivered,1,1,1,,
exp-2b33b808a0f8,run-7b8861c80024d738,claim-6536571af47d329f,sig-fac16136dee187e1,delivered,1,1,1,,
exp-2b33b808a0f8,run-cacf78bafbbad965,claim-6536571af47d329f,sig-fac16136dee187e1,delivered,1,1,1,,
exp-2b33b808a0f8,run-cec16e049668dcae,claim-6536571af47d329f,sig-fac16136dee187e1,delivered,1,1,1,,
exp-2b33b808a0f8,run-d0fd6be062307c7b,claim-6536571af47d329f,sig-fac16136dee187e1,delivered,1,1,1,,
exp-2b33b808a0f8,run-ebcbbda81e609372,claim-6536571af47d329f,sig-fac16136dee187e1,delivered,1,1,1,,
exp-2b33b808a0f8,run-07debd3836121a4c,claim-9de88dbb4929131a,sig-fb26e0249756c378,delivered,1,1,1,,
exp-2b33b808a0f8,run-156a83b4e0f32cfa,claim-9de88dbb4929131a,sig-fb26e0249756c378,delivered,1,1,1,,
exp-2b33b808a0f8,run-19ef64ede03e3f70,claim-9de88dbb4929131a,sig-fb26e0249756c378,delivered,1,1,1,,
exp-2b33b808a0f8,run-1d989b2933796a16,claim-9de88dbb4929131a,sig-fb26e0249756c378,delivered,1,1,1,,
exp-2b33b808a0f8,run-374dc2e21f594ec4,claim-9de88dbb4929131a,sig-fb26e0249756c378,delivered,1,1,1,,
exp-2b33b808a0f8,run-382a40867248c3e0,claim-9de88dbb4929131a,sig-fb26e0249756c378,delivered,1,1,1,,
exp-2b33b808a0f8,run-3d2d41ba2235d5fd,claim-9de88dbb4929131a,sig-fb26e0249756c378,delivered,1,1,1,,
exp-2b33b808a0f8,run-3ee3b3533922c3cd,claim-9de88dbb4929131a,sig-fb26e0249756c378,delivered,1,1,1,,
exp-2b33b808a0f8,run-598aaa80449e6816,claim-9de88dbb4929131a,sig-fb26e0249756c378,delivered,1,1,1,,
exp-2b33b808a0f8,run-5f9908a782b1c6e3,claim-9de88dbb4929131a,sig-fb26e0249756c378,delivered,1,1,1,,
exp-2b33b808a0f8,run-82a20b31b2b8e7ef,claim-9de88dbb4929131a,sig-fb26e0249756c378,delivered,1,1,1,,
exp-2b33b808a0f8,run-bf37e2d5cbe4f3b9,claim-9de88dbb4929131a,sig-fb26e0249756c378,delivered,1,1,1,,
exp-2b33b808a0f8,run-e791d1ca36891afd,claim-9de88dbb4929131a,sig-fb26e0249756c378,delivered,1,1,1,,
exp-2b33b808a0f8,run-eac9a626a1d8c14b,claim-9de88dbb4929131a,sig-fb26e0249756c378,delivered,1,1,1,,
exp-2b33b808a0f8,run-efdb047898d3bc26,claim-9de88dbb4929131a,sig-fb26e0249756c378,delivered,1,1,1,,
exp-2b33b808a0f8,run-00852482d4b4c234,claim-e2f4cbaaf343e64f,sig-fbd99f8b89996487,delivered,1,1,1,,
exp-2b33b808a0f8,run-0b43fa2950981ced,claim-e2f4cbaaf343e64f,sig-fbd99f8b89996487,delivered,1,1,1,,
exp-2b33b808a0f8,run-232de825d4745424,claim-e2f4cbaaf343e64f,sig-fbd99f8b89996487,delivered,1,1,1,,
exp-2b33b808a0f8,run-4e1f40a2ad2c8126,claim-e2f4cbaaf343e64f,sig-fbd99f8b89996487,delivered,1,1,1,,
exp-2b33b808a0f8,run-978c7a8b98891c5e,claim-e2f4cbaaf343e64f,sig-fbd99f8b89996487,delivered,1,1,1,,
exp-2b33b808a0f8,run-ad742266be315739,claim-e2f4cbaaf343e64f,sig-fbd99f8b89996487,delivered,1,1,1,,
exp-2b33b808a0f8,run-0f9dd47be805d0d2,claim-0d5063463dee2e22,sig-fbe8d5b0d8809136,delivered,1,1,1,,
exp-2b33b808a0f8,run-38e71c05cfcffb71,claim-0d5063463dee2e22,sig-fbe8d5b0d8809136,delivered,1,1,1,,
exp-2b33b808a0f8,run-3ca09ee4663ee36e,claim-0d5063463dee2e22,sig-fbe8d5b0d8809136,delivered,1,1,1,,
exp-2b33b808a0f8,run-6906bd9b7990509a,claim-0d5063463dee2e22,sig-fbe8d5b0d8809136,delivered,1,1,1,,
exp-2b33b808a0f8,run-8f35f254ebb2acd3,claim-0d5063463dee2e22,sig-fbe8d5b0d8809136,delivered,1,1,1,,
exp-2b33b808a0f8,run-1827ab6678b4100e,claim-637fdb0be7f799d7,sig-fc9ed85df516336d,delivered,1,1,1,,
exp-2b33b808a0f8,run-36f70902baf2605c,claim-637fdb0be7f799d7,sig-fc9ed85df516336d,delivered,1,1,1,,
exp-2b33b808a0f8,run-40302b8b799e3bf1,claim-637fdb0be7f799d7,sig-fc9ed85df516336d,delivered,1,1,1,,
exp-2b33b808a0f8,run-68434cd370855dde,claim-637fdb0be7f799d7,sig-fc9ed85df516336d,delivered,1,1,1,,
exp-2b33b808a0f8,run-a43e1603dbdaba0d,claim-637fdb0be7f799d7,sig-fc9ed85df516336d,delivered,1,1,1,,
exp-2b33b808a0f8,run-ebcbbda81e609372,claim-637fdb0be7f799d7,sig-fc9ed85df516336d,delivered,1,1,1,,
exp-2b33b808a0f8,run-f1776cca757489d5,claim-637fdb0be7f799d7,sig-fc9ed85df516336d,delivered,1,1,1,,
exp-2b33b808a0f8,run-024c8ebdc05e33a8,claim-df8d48ae841bd6c9,sig-fcae6b9a29afd881,delivered,1,1,1,,
exp-2b33b808a0f8,run-08eb0ce23ff8c058,claim-df8d48ae841bd6c9,sig-fcae6b9a29afd881,delivered,1,1,1,,
exp-2b33b808a0f8,run-13a88125b47c3116,claim-df8d48ae841bd6c9,sig-fcae6b9a29afd881,delivered,1,1,1,,
exp-2b33b808a0f8,run-a5cfa0e1e29cea11,claim-df8d48ae841bd6c9,sig-fcae6b9a29afd881,delivered,1,1,1,,
exp-2b33b808a0f8,run-d1062de1551992e2,claim-df8d48ae841bd6c9,sig-fcae6b9a29afd881,delivered,1,1,1,,
exp-2b33b808a0f8,run-d2b9a396554a407b,claim-df8d48ae841bd6c9,sig-fcae6b9a29afd881,delivered,1,1,1,,
exp-2b33b808a0f8,run-da80cb0756bb72c1,claim-df8d48ae841bd6c9,sig-fcae6b9a29afd881,delivered,1,1,1,,
exp-2b33b808a0f8,run-fd7c4293eec328ed,claim-df8d48ae841bd6c9,sig-fcae6b9a29afd881,delivered,1,1,1,,
exp-2b33b808a0f8,run-fe2c6fd3e3730afe,claim-df8d48ae841bd6c9,sig-fcae6b9a29afd881,delivered,1,1,1,,
exp-2b33b808a0f8,run-0d5710fb6ccbec61,claim-9a9d0ed25132a9f0,sig-fd80c6db888fd52a,delivered,1,1,1,,
exp-2b33b808a0f8,run-7ea589e15513aeaf,claim-9a9d0ed25132a9f0,sig-fd80c6db888fd52a,delivered,1,1,1,,
exp-2b33b808a0f8,run-b2e91be99045ef34,claim-9a9d0ed25132a9f0,sig-fd80c6db888fd52a,delivered,1,1,1,,
exp-2b33b808a0f8,run-175d816b8367baac,claim-3ae82f5b59a482b8,sig-fe16a4997b18a69f,delivered,1,1,1,,
exp-2b33b808a0f8,run-21bdbb0a764f6a52,claim-3ae82f5b59a482b8,sig-fe16a4997b18a69f,delivered,1,1,1,,
exp-2b33b808a0f8,run-30e0ad5088f869ef,claim-3ae82f5b59a482b8,sig-fe16a4997b18a69f,delivered,1,1,1,,
exp-2b33b808a0f8,run-5d1d938973316806,claim-3ae82f5b59a482b8,sig-fe16a4997b18a69f,delivered,1,1,1,,
exp-2b33b808a0f8,run-9e13e54cda7d586a,claim-3ae82f5b59a482b8,sig-fe16a4997b18a69f,delivered,1,1,1,,
exp-2b33b808a0f8,run-a684c987a3ec5dee,claim-3ae82f5b59a482b8,sig-fe16a4997b18a69f,delivered,1,1,1,,
exp-2b33b808a0f8,run-b6164e0a3c9ee1c7,claim-3ae82f5b59a482b8,sig-fe16a4997b18a69f,delivered,1,1,1,,
exp-2b33b808a0f8,run-bc9a7105af8438b3,claim-3ae82f5b59a482b8,sig-fe16a4997b18a69f,delivered,1,1,1,,
exp-2b33b808a0f8,run-bdbb3ee62a506ea8,claim-3ae82f5b59a482b8,sig-fe16a4997b18a69f,delivered,1,1,1,,
exp-2b33b808a0f8,run-ced95cf1de255212,claim-3ae82f5b59a482b8,sig-fe16a4997b18a69f,delivered,1,1,1,,
exp-2b33b808a0f8,run-d7b85c1dbc2e2b84,claim-3ae82f5b59a482b8,sig-fe16a4997b18a69f,delivered,1,1,1,,
exp-2b33b808a0f8,run-dc695ad65d795df3,claim-3ae82f5b59a482b8,sig-fe16a4997b18a69f,delivered,1,1,1,,
exp-2b33b808a0f8,run-12fb92d02cac28d4,claim-ffea572f1dec63c9,sig-fe4b0d6bcba587a7,delivered,0,0,1,,
exp-2b33b808a0f8,run-151b3dd024910f90,claim-ffea572f1dec63c9,sig-fe4b0d6bcba587a7,delivered,0,0,1,,
exp-2b33b808a0f8,run-3c31f70eb83b2a7b,claim-ffea572f1dec63c9,sig-fe4b0d6bcba587a7,delivered,0,0,1,,
exp-2b33b808a0f8,run-687c36eb4319093b,claim-ffea572f1dec63c9,sig-fe4b0d6bcba587a7,delivered,0,0,1,,
exp-2b33b808a0f8,run-842fb0083a059689,claim-ffea572f1dec63c9,sig-fe4b0d6bcba587a7,delivered,0,0,1,,
exp-2b33b808a0f8,run-941a417fbfa17bc2,claim-ffea572f1dec63c9,sig-fe4b0d6bcba587a7,delivered,0,0,1,,
exp-2b33b808a0f8,run-26c66a98702e0a01,claim-6ed3d5af534656c4,sig-fe53444ed2cb8790,delivered,1,1,1,,
exp-2b33b808a0f8,run-2913a8bf3b14dd18,claim-6ed3d5af534656c4,sig-fe53444ed2cb8790,delivered,1,1,1,,
exp-2b33b808a0f8,run-2b307fc83ae74fb5,claim-6ed3d5af534656c4,sig-fe53444ed2cb8790,delivered,1,1,1,,
exp-2b33b808a0f8,run-2c5ed9ccf72ab3ff,claim-6ed3d5af534656c4,sig-fe53444ed2cb8790,delivered,1,1,1,,
exp-2b33b808a0f8,run-421a9e310b9451d9,claim-6ed3d5af534656c4,sig-fe53444ed2cb8790,delivered,1,1,1,,
exp-2b33b808a0f8,run-4be88edbdd58b0b7,claim-6ed3d5af534656c4,sig-fe53444ed2cb8790,delivered,1,1,1,,
exp-2b33b808a0f8,run-54c829c9332d7705,claim-6ed3d5af534656c4,sig-fe53444ed2cb8790,delivered,1,1,1,,
exp-2b33b808a0f8,run-98bc95649ddb8f4c,claim-6ed3d5af534656c4,sig-fe53444ed2cb8790,delivered,1,1,1,,
exp-2b33b808a0f8,run-f31bacd7825a158b,claim-6ed3d5af534656c4,sig-fe53444ed2cb8790,delivered,1,1,1,,
exp-2b33b808a0f8,run-188a8d0550ccc9f1,claim-51bd5670404b3990,sig-ff12e543a263e2c7,delivered,1,1,1,,
exp-2b33b808a0f8,run-217b27c32888985d,claim-51bd5670404b3990,sig-ff12e543a263e2c7,delivered,1,1,1,,
exp-2b33b808a0f8,run-3ceaa0e4676003ac,claim-51bd5670404b3990,sig-ff12e543a263e2c7,delivered,1,1,1,,
exp-2b33b808a0f8,run-3dcf417f7bfa03b2,claim-51bd5670404b3990,sig-ff12e543a263e2c7,delivered,1,1,1,,
exp-2b33b808a0f8,run-85fcaf049510f0ee,claim-51bd5670404b3990,sig-ff12e543a263e2c7,delivered,1,1,1,,
exp-2b33b808a0f8,run-95f0926102c7f977,claim-51bd5670404b3990,sig-ff12e543a263e2c7,delivered,1,1,1,,
exp-2b33b808a0f8,run-9e50adaa1bc80ca9,claim-51bd5670404b3990,sig-ff12e543a263e2c7,delivered,1,1,1,,
exp-2b33b808a0f8,run-b59197931236a821,claim-51bd5670404b3990,sig-ff12e543a263e2c7,delivered,1,1,1,,
exp-2b33b808a0f8,run-f4b4966e3d0cf978,claim-51bd5670404b3990,sig-ff12e543a263e2c7,delivered,1,1,1,,
exp-2b33b808a0f8,run-36f70902baf2605c,claim-b92cc2c1bd353b8a,sig-ff4d19c208b5e16d,delivered,1,1,1,,
exp-2b33b808a0f8,run-bad7bc9b35ba648e,claim-b92cc2c1bd353b8a,sig-ff4d19c208b5e16d,delivered,1,1,1,,
exp-2b33b808a0f8,run-cc4aa8875144e42e,claim-b92cc2c1bd353b8a,sig-ff4d19c208b5e16d,delivered,1,1,1,,
exp-2b33b808a0f8,run-db0288cd0d7d2c01,claim-b92cc2c1bd353b8a,sig-ff4d19c208b5e16d,delivered,1,1,1,,
exp-2b33b808a0f8,run-ebcbbda81e609372,claim-b92cc2c1bd353b8a,sig-ff4d19c208b5e16d,delivered,1,1,1,,
exp-2b33b808a0f8,run-ee78a1a347e718c6,claim-b92cc2c1bd353b8a,sig-ff4d19c208b5e16d,delivered,1,1,1,,
exp-2b33b808a0f8,run-326bfbb0f8ea7d96,claim-91a37b7e4fdf513e,sig-ff70ceffe35ec372,delivered,1,1,1,,
exp-2b33b808a0f8,run-745eb0d732d3c8be,claim-91a37b7e4fdf513e,sig-ff70ceffe35ec372,delivered,1,1,1,,
exp-2b33b808a0f8,run-85eabeb58e5c97e7,claim-91a37b7e4fdf513e,sig-ff70ceffe35ec372,delivered,1,1,1,,
exp-2b33b808a0f8,run-ad7e5cf3555f7cf1,claim-91a37b7e4fdf513e,sig-ff70ceffe35ec372,delivered,1,1,1,,
exp-2b33b808a0f8,run-12fb92d02cac28d4,claim-dc6d3c983f8f710c,sig-ffefb441fb9367b6,delivered,0,0,1,,
exp-2b33b808a0f8,run-151b3dd024910f90,claim-dc6d3c983f8f710c,sig-ffefb441fb9367b6,delivered,0,0,1,,
exp-2b33b808a0f8,run-3c31f70eb83b2a7b,claim-dc6d3c983f8f710c,sig-ffefb441fb9367b6,delivered,0,0,1,,
exp-2b33b808a0f8,run-687c36eb4319093b,claim-dc6d3c983f8f710c,sig-ffefb441fb9367b6,delivered,0,0,1,,
exp-2b33b808a0f8,run-842fb0083a059689,claim-dc6d3c983f8f710c,sig-ffefb441fb9367b6,delivered,0,0,1,,
exp-2b33b808a0f8,run-941a417fbfa17bc2,claim-dc6d3c983f8f710c,sig-ffefb441fb9367b6,delivered,0,0,1,,
